9.569643750000000000e+04
2.461697968750000000e+05
1.791908750000000000e+05
4.864855859375000000e+04
1.276560234375000000e+05
1.518159375000000000e+05
1.076583906250000000e+05
3.642732421875000000e+04
6.951574218750000000e+04
9.929647656250000000e+04
8.567388281250000000e+04
4.399801953125000000e+04
3.051037109375000000e+04
6.018648437500000000e+04
6.296923828125000000e+04
4.130916015625000000e+04
2.082964843750000000e+04
3.751185937500000000e+04
4.633426171875000000e+04
3.516335937500000000e+04
1.816146289062500000e+04
2.670969335937500000e+04
3.475450000000000000e+04
2.684785546875000000e+04
1.484795898437500000e+04
2.265225390625000000e+04
2.715649804687500000e+04
1.853850781250000000e+04
1.365232617187500000e+04
2.100670312500000000e+04
1.910637890625000000e+04
1.126078417968750000e+04
1.613614160156250000e+04
1.754417578125000000e+04
1.052650195312500000e+04
1.320443750000000000e+04
1.487848925781250000e+04
9.039265625000000000e+03
1.244012890625000000e+04
1.233130957031250000e+04
8.065233886718750000e+03
1.169285058593750000e+04
8.904309570312500000e+03
8.945679687500000000e+03
9.960140625000000000e+03
6.956947753906250000e+03
9.318072265625000000e+03
6.557813476562500000e+03
8.357589843750000000e+03
6.786153808593750000e+03
7.525540527343750000e+03
6.552167480468750000e+03
7.074604492187500000e+03
6.105486816406250000e+03
6.838032714843750000e+03
5.486052734375000000e+03
6.917294433593750000e+03
4.968319824218750000e+03
6.945881347656250000e+03
4.530601074218750000e+03
6.344123046875000000e+03
4.662657714843750000e+03
4.924459960937500000e+03
5.500824707031250000e+03
4.031640869140625000e+03
4.892440429687500000e+03
4.933638183593750000e+03
3.784375244140625000e+03
4.226833496093750000e+03
4.999010742187500000e+03
4.019961914062500000e+03
3.449016601562500000e+03
3.943386718750000000e+03
4.655953613281250000e+03
4.260671875000000000e+03
3.463280517578125000e+03
3.112610351562500000e+03
3.203328369140625000e+03
3.655375732421875000e+03
4.806767089843750000e+03
4.962855468750000000e+03
3.828586914062500000e+03
3.167956054687500000e+03
3.103028076171875000e+03
3.545972656250000000e+03
5.105444824218750000e+03
5.382229980468750000e+03
3.755188720703125000e+03
2.864746337890625000e+03
2.717671386718750000e+03
2.660842041015625000e+03
2.756302978515625000e+03
3.730822509765625000e+03
6.854801269531250000e+03
4.053517333984375000e+03
2.719514892578125000e+03
2.525517089843750000e+03
2.906094726562500000e+03
5.405173828125000000e+03
6.732589843750000000e+03
3.333488281250000000e+03
3.329797363281250000e+03
8.462429687500000000e+03
3.733846679687500000e+03
6.361800781250000000e+03
7.981652343750000000e+03
4.382507812500000000e+03
8.564313476562500000e+03
3.432328857421875000e+03
5.290622558593750000e+03
8.152733886718750000e+03
3.997640380859375000e+03
8.592927734375000000e+03
3.936660400390625000e+03
5.718468750000000000e+03
7.969676757812500000e+03
4.265825195312500000e+03
9.037903320312500000e+03
3.796080322265625000e+03
9.347912109375000000e+03
3.620073730468750000e+03
6.429650390625000000e+03
6.790828613281250000e+03
4.377305175781250000e+03
7.336635742187500000e+03
4.115357421875000000e+03
5.320610839843750000e+03
7.118937988281250000e+03
4.333766113281250000e+03
6.938231445312500000e+03
4.564866210937500000e+03
4.428014648437500000e+03
6.645125488281250000e+03
4.342754882812500000e+03
5.644631835937500000e+03
5.707102539062500000e+03
4.114426269531250000e+03
4.524474121093750000e+03
5.220003417968750000e+03
4.293996582031250000e+03
4.014894531250000000e+03
4.890297851562500000e+03
4.172150390625000000e+03
3.777994628906250000e+03
4.054640625000000000e+03
3.997385009765625000e+03
3.963276855468750000e+03
3.407207519531250000e+03
3.188788574218750000e+03
3.330767333984375000e+03
3.787024902343750000e+03
4.199958496093750000e+03
3.642291748046875000e+03
3.346388183593750000e+03
3.167292236328125000e+03
3.077735351562500000e+03
3.492490234375000000e+03
4.582921386718750000e+03
4.611229003906250000e+03
3.354799560546875000e+03
3.007257080078125000e+03
3.167435546875000000e+03
3.574843994140625000e+03
4.471730468750000000e+03
4.521565429687500000e+03
3.498653076171875000e+03
3.144224853515625000e+03
3.121050048828125000e+03
3.252220947265625000e+03
4.060345214843750000e+03
5.158526855468750000e+03
4.110555175781250000e+03
3.036645019531250000e+03
3.172147216796875000e+03
4.244125000000000000e+03
4.928637207031250000e+03
3.863121337890625000e+03
3.323180664062500000e+03
2.996142089843750000e+03
2.942324951171875000e+03
3.502706298828125000e+03
4.061101074218750000e+03
5.326138671875000000e+03
4.551977050781250000e+03
3.145041992187500000e+03
3.538840332031250000e+03
4.702750000000000000e+03
4.528791503906250000e+03
3.562079345703125000e+03
3.113270996093750000e+03
3.061618652343750000e+03
3.262963623046875000e+03
3.786365722656250000e+03
4.722261718750000000e+03
4.618809082031250000e+03
3.584309082031250000e+03
3.037177734375000000e+03
3.089827880859375000e+03
3.149182617187500000e+03
2.968766357421875000e+03
4.279426757812500000e+03
5.495440917968750000e+03
3.965932617187500000e+03
3.144615234375000000e+03
3.098406738281250000e+03
4.402075195312500000e+03
5.697464843750000000e+03
3.958957519531250000e+03
3.436364013671875000e+03
5.702170410156250000e+03
5.757629394531250000e+03
3.935370361328125000e+03
4.469691406250000000e+03
5.890333984375000000e+03
4.746495605468750000e+03
3.877508056640625000e+03
5.644941406250000000e+03
5.361850097656250000e+03
4.423307128906250000e+03
4.588862792968750000e+03
4.489251464843750000e+03
4.354560058593750000e+03
3.980564697265625000e+03
3.470987548828125000e+03
3.469037841796875000e+03
3.563306396484375000e+03
3.382726318359375000e+03
3.827149414062500000e+03
4.126129394531250000e+03
4.006848876953125000e+03
3.892832275390625000e+03
3.558790527343750000e+03
3.698146240234375000e+03
4.091666503906250000e+03
4.262326171875000000e+03
4.530992675781250000e+03
4.172282226562500000e+03
3.684836669921875000e+03
3.616316650390625000e+03
4.035009521484375000e+03
4.182394531250000000e+03
3.914383300781250000e+03
4.110750976562500000e+03
3.902519531250000000e+03
3.923191406250000000e+03
4.323705078125000000e+03
4.039572265625000000e+03
4.182656738281250000e+03
4.192367187500000000e+03
3.758250244140625000e+03
4.193976074218750000e+03
4.343385253906250000e+03
3.900369873046875000e+03
4.328453613281250000e+03
4.137023925781250000e+03
3.634005859375000000e+03
3.842532226562500000e+03
3.723180175781250000e+03
3.796770507812500000e+03
3.932776367187500000e+03
3.797095703125000000e+03
3.961782714843750000e+03
3.676010009765625000e+03
3.724494628906250000e+03
4.105768554687500000e+03
4.008113525390625000e+03
4.305957519531250000e+03
4.282785644531250000e+03
3.943873291015625000e+03
4.182859375000000000e+03
4.170787109375000000e+03
4.190747558593750000e+03
4.402355468750000000e+03
4.207743164062500000e+03
4.327955078125000000e+03
4.209094238281250000e+03
4.064197265625000000e+03
4.252228027343750000e+03
4.237636718750000000e+03
4.183505371093750000e+03
4.280603515625000000e+03
4.301190429687500000e+03
4.216317382812500000e+03
4.685095214843750000e+03
4.603126953125000000e+03
4.009553222656250000e+03
4.095064697265625000e+03
4.281898437500000000e+03
4.261485351562500000e+03
4.669246582031250000e+03
4.271295410156250000e+03
3.944214843750000000e+03
4.223831542968750000e+03
3.937723388671875000e+03
4.030720947265625000e+03
4.576488769531250000e+03
3.961913330078125000e+03
3.821097412109375000e+03
4.091497070312500000e+03
4.113182617187500000e+03
4.337098632812500000e+03
4.689868164062500000e+03
4.427029296875000000e+03
3.806941894531250000e+03
3.924008544921875000e+03
4.338019042968750000e+03
4.017375244140625000e+03
4.160785644531250000e+03
4.233373535156250000e+03
3.948442382812500000e+03
4.394244140625000000e+03
4.572428710937500000e+03
4.138726562500000000e+03
3.844549316406250000e+03
3.870733398437500000e+03
4.319353515625000000e+03
4.939530761718750000e+03
4.471798339843750000e+03
3.621952880859375000e+03
3.548389892578125000e+03
3.837991943359375000e+03
3.995701171875000000e+03
4.631076171875000000e+03
4.769084472656250000e+03
3.847408203125000000e+03
3.123343750000000000e+03
3.289140380859375000e+03
3.715540283203125000e+03
5.400985839843750000e+03
5.501684082031250000e+03
3.702643554687500000e+03
3.721920410156250000e+03
6.256937988281250000e+03
5.835613281250000000e+03
4.721715820312500000e+03
6.544759277343750000e+03
4.856023925781250000e+03
4.808840820312500000e+03
4.980489257812500000e+03
4.383643066406250000e+03
4.298869140625000000e+03
3.866446044921875000e+03
3.518420654296875000e+03
3.495047363281250000e+03
3.464858886718750000e+03
3.423721191406250000e+03
3.623056640625000000e+03
4.569493164062500000e+03
5.624780761718750000e+03
3.989062744140625000e+03
2.852719970703125000e+03
3.935466064453125000e+03
6.585213378906250000e+03
4.885767578125000000e+03
3.553410400390625000e+03
6.643558105468750000e+03
5.986979492187500000e+03
4.551277832031250000e+03
4.886110839843750000e+03
5.350027832031250000e+03
5.256990722656250000e+03
4.158458496093750000e+03
3.826466308593750000e+03
5.306856445312500000e+03
5.473429199218750000e+03
4.679780761718750000e+03
4.501100585937500000e+03
4.990292480468750000e+03
4.924353515625000000e+03
4.391864746093750000e+03
3.811656250000000000e+03
3.893035644531250000e+03
4.451790527343750000e+03
4.161739746093750000e+03
3.423219726562500000e+03
3.259386718750000000e+03
3.234040039062500000e+03
3.204958007812500000e+03
3.474064941406250000e+03
4.576484863281250000e+03
5.541962402343750000e+03
3.857869384765625000e+03
2.830764404296875000e+03
3.923270507812500000e+03
7.313271972656250000e+03
4.627670898437500000e+03
4.744640625000000000e+03
7.417594726562500000e+03
4.328660644531250000e+03
4.400831542968750000e+03
6.725173339843750000e+03
4.473851562500000000e+03
4.690076171875000000e+03
6.346461914062500000e+03
4.614182617187500000e+03
4.399817871093750000e+03
5.386586425781250000e+03
4.825305175781250000e+03
4.059867675781250000e+03
4.005628906250000000e+03
4.163896484375000000e+03
3.960457275390625000e+03
3.630265869140625000e+03
3.646635986328125000e+03
3.325205322265625000e+03
2.979821533203125000e+03
3.307244628906250000e+03
4.181404785156250000e+03
4.870982421875000000e+03
4.427998046875000000e+03
3.385113525390625000e+03
2.983038574218750000e+03
3.978837402343750000e+03
5.580805664062500000e+03
4.333265136718750000e+03
3.022029052734375000e+03
3.814418212890625000e+03
6.711024414062500000e+03
4.634169921875000000e+03
4.264104003906250000e+03
7.127968750000000000e+03
4.839467773437500000e+03
5.068392089843750000e+03
6.678540527343750000e+03
4.630771484375000000e+03
5.764704589843750000e+03
5.460920410156250000e+03
3.990592285156250000e+03
4.463438476562500000e+03
4.436464843750000000e+03
4.173836425781250000e+03
3.696092529296875000e+03
3.144332031250000000e+03
3.287607177734375000e+03
3.232524658203125000e+03
3.111168212890625000e+03
3.680041748046875000e+03
4.697267089843750000e+03
4.447213867187500000e+03
3.187811523437500000e+03
2.842253662109375000e+03
2.773087890625000000e+03
3.110303955078125000e+03
5.855855957031250000e+03
4.825420898437500000e+03
3.173854736328125000e+03
5.006961425781250000e+03
6.679733886718750000e+03
4.529652343750000000e+03
5.003993652343750000e+03
4.633910644531250000e+03
4.328868164062500000e+03
3.429025634765625000e+03
3.210049072265625000e+03
3.800793212890625000e+03
4.077420898437500000e+03
3.787889648437500000e+03
3.460964843750000000e+03
3.236306396484375000e+03
3.285126220703125000e+03
3.787193603515625000e+03
4.628068847656250000e+03
3.934181396484375000e+03
3.155350585937500000e+03
3.108164550781250000e+03
3.599537353515625000e+03
5.487165039062500000e+03
4.541811523437500000e+03
2.911167236328125000e+03
4.525901855468750000e+03
6.397308593750000000e+03
4.482881347656250000e+03
4.422228515625000000e+03
5.785728515625000000e+03
4.948176269531250000e+03
4.217353027343750000e+03
4.911145507812500000e+03
5.050917968750000000e+03
4.448401855468750000e+03
3.965037841796875000e+03
3.896790283203125000e+03
3.940544189453125000e+03
3.767026611328125000e+03
3.548621582031250000e+03
3.213739013671875000e+03
3.241263671875000000e+03
3.244336669921875000e+03
3.017443603515625000e+03
3.314773925781250000e+03
4.202423828125000000e+03
4.380360839843750000e+03
3.772531005859375000e+03
3.417479003906250000e+03
3.352695312500000000e+03
4.340991699218750000e+03
5.339745605468750000e+03
3.712308593750000000e+03
2.855778564453125000e+03
5.518449707031250000e+03
5.198603515625000000e+03
3.832222412109375000e+03
5.900732421875000000e+03
4.986853027343750000e+03
4.378959472656250000e+03
4.538019042968750000e+03
4.702997070312500000e+03
4.585285644531250000e+03
3.783382080078125000e+03
3.391590576171875000e+03
3.573925537109375000e+03
3.360325683593750000e+03
3.148595214843750000e+03
2.910469238281250000e+03
2.994738037109375000e+03
2.767155273437500000e+03
2.884539062500000000e+03
3.187169921875000000e+03
4.703200683593750000e+03
5.329898437500000000e+03
3.578478515625000000e+03
3.792524658203125000e+03
6.599269042968750000e+03
5.088308105468750000e+03
4.902326171875000000e+03
5.926034667968750000e+03
4.810070312500000000e+03
4.701592773437500000e+03
4.975989257812500000e+03
4.493250000000000000e+03
4.285867675781250000e+03
3.804699951171875000e+03
3.883740966796875000e+03
3.835224609375000000e+03
3.437310546875000000e+03
3.411467285156250000e+03
3.117290283203125000e+03
3.290072021484375000e+03
3.752919677734375000e+03
3.982758056640625000e+03
3.911201660156250000e+03
3.619516845703125000e+03
3.457559570312500000e+03
3.705386230468750000e+03
3.882427001953125000e+03
3.851760253906250000e+03
3.749064697265625000e+03
3.636248291015625000e+03
3.626686279296875000e+03
3.883012939453125000e+03
4.085723632812500000e+03
3.662820068359375000e+03
3.427579345703125000e+03
3.668666259765625000e+03
3.796130859375000000e+03
4.192017089843750000e+03
4.092181884765625000e+03
3.088244628906250000e+03
3.134488037109375000e+03
3.694229248046875000e+03
3.856019287109375000e+03
4.049192871093750000e+03
3.649131347656250000e+03
3.030044921875000000e+03
3.390341064453125000e+03
3.698286376953125000e+03
4.029577392578125000e+03
4.412165527343750000e+03
3.615185058593750000e+03
2.853019531250000000e+03
3.210400634765625000e+03
3.128863037109375000e+03
3.268781738281250000e+03
4.796679687500000000e+03
4.097148925781250000e+03
2.929138671875000000e+03
3.411169677734375000e+03
4.015644531250000000e+03
4.047628173828125000e+03
3.712030029296875000e+03
3.034930908203125000e+03
2.911259521484375000e+03
3.028522949218750000e+03
3.373409179687500000e+03
4.037457275390625000e+03
4.511075195312500000e+03
3.622066650390625000e+03
2.729220458984375000e+03
2.422519042968750000e+03
2.732276367187500000e+03
2.844579589843750000e+03
4.986920410156250000e+03
5.486074707031250000e+03
3.492647949218750000e+03
4.427124023437500000e+03
5.888085937500000000e+03
4.697042968750000000e+03
3.997174560546875000e+03
5.336080078125000000e+03
5.396077636718750000e+03
4.896186035156250000e+03
4.287169433593750000e+03
4.406660156250000000e+03
4.372856445312500000e+03
3.789479980468750000e+03
3.436997558593750000e+03
3.257886962890625000e+03
3.146788330078125000e+03
2.935072998046875000e+03
2.694675048828125000e+03
2.881172607421875000e+03
2.992602539062500000e+03
4.454589843750000000e+03
5.234629394531250000e+03
3.411513916015625000e+03
3.465628662109375000e+03
6.062892578125000000e+03
4.855954589843750000e+03
4.380957031250000000e+03
6.142297851562500000e+03
4.562909179687500000e+03
5.101848144531250000e+03
5.047150390625000000e+03
3.911414550781250000e+03
4.098580078125000000e+03
3.811363037109375000e+03
3.678523193359375000e+03
3.706126708984375000e+03
3.510737304687500000e+03
3.285143066406250000e+03
3.334245605468750000e+03
3.178991943359375000e+03
3.253184082031250000e+03
3.650110595703125000e+03
3.829339843750000000e+03
3.905728271484375000e+03
3.456593750000000000e+03
2.958747558593750000e+03
3.375361083984375000e+03
4.497752929687500000e+03
4.191494140625000000e+03
2.845620361328125000e+03
2.425754638671875000e+03
3.259875976562500000e+03
4.613115722656250000e+03
4.070281982421875000e+03
2.787708251953125000e+03
2.382302490234375000e+03
2.278187988281250000e+03
2.159351074218750000e+03
2.399123535156250000e+03
3.546014892578125000e+03
6.549825195312500000e+03
3.624696533203125000e+03
3.404940185546875000e+03
7.327985839843750000e+03
3.491557861328125000e+03
6.163579101562500000e+03
6.406173339843750000e+03
3.622843994140625000e+03
8.060470703125000000e+03
3.473212890625000000e+03
8.906726562500000000e+03
3.472187744140625000e+03
6.933145996093750000e+03
3.798545898437500000e+03
2.977202636718750000e+03
4.860620605468750000e+03
5.269406738281250000e+03
3.861629394531250000e+03
3.411290039062500000e+03
4.768569824218750000e+03
4.752925781250000000e+03
3.664871582031250000e+03
4.138783203125000000e+03
4.451511718750000000e+03
3.875042968750000000e+03
3.224446533203125000e+03
3.267788330078125000e+03
3.553477050781250000e+03
3.356046386718750000e+03
3.061453613281250000e+03
2.941471679687500000e+03
2.920484375000000000e+03
2.840426025390625000e+03
3.238062255859375000e+03
4.023935302734375000e+03
3.643548583984375000e+03
2.857128417968750000e+03
2.450340576171875000e+03
2.782675048828125000e+03
4.333688476562500000e+03
4.202163085937500000e+03
2.787167968750000000e+03
2.421011962890625000e+03
3.443552978515625000e+03
4.874960937500000000e+03
3.710133544921875000e+03
2.631896240234375000e+03
3.632221923828125000e+03
5.745974121093750000e+03
3.974706298828125000e+03
3.910188232421875000e+03
5.663057128906250000e+03
4.402306152343750000e+03
4.652755859375000000e+03
5.110117187500000000e+03
4.097356445312500000e+03
4.174541015625000000e+03
4.041048339843750000e+03
3.718226318359375000e+03
3.611584960937500000e+03
3.209708251953125000e+03
2.974311523437500000e+03
2.969322265625000000e+03
2.799792236328125000e+03
2.467682861328125000e+03
2.591515625000000000e+03
2.366966064453125000e+03
2.293805908203125000e+03
2.407341064453125000e+03
2.954119873046875000e+03
4.895865234375000000e+03
4.057451660156250000e+03
2.644876708984375000e+03
3.897260742187500000e+03
5.929455078125000000e+03
4.113844238281250000e+03
4.345020996093750000e+03
4.761541015625000000e+03
4.360859863281250000e+03
3.676041259765625000e+03
3.706242919921875000e+03
4.566509277343750000e+03
4.173386718750000000e+03
3.655382324218750000e+03
3.378233398437500000e+03
3.349101318359375000e+03
3.247505371093750000e+03
2.814708007812500000e+03
2.797470214843750000e+03
2.974942626953125000e+03
2.553681640625000000e+03
3.020672363281250000e+03
3.530813964843750000e+03
3.116583007812500000e+03
3.203110351562500000e+03
3.429086669921875000e+03
3.658720947265625000e+03
3.649751708984375000e+03
3.131078613281250000e+03
2.884791748046875000e+03
3.454812744140625000e+03
3.938387939453125000e+03
3.570985839843750000e+03
2.903207031250000000e+03
2.719656982421875000e+03
3.301784667968750000e+03
4.219625000000000000e+03
3.675079345703125000e+03
2.644819580078125000e+03
2.544174316406250000e+03
2.681626464843750000e+03
2.387938232421875000e+03
3.187851562500000000e+03
3.771547363281250000e+03
3.508260253906250000e+03
3.441357177734375000e+03
3.042115722656250000e+03
3.300887207031250000e+03
4.268708984375000000e+03
3.540266601562500000e+03
2.334313476562500000e+03
2.749206542968750000e+03
3.592354980468750000e+03
4.118509765625000000e+03
3.671013671875000000e+03
2.695354980468750000e+03
2.420760742187500000e+03
3.313323974609375000e+03
4.149412109375000000e+03
3.538801269531250000e+03
2.767558105468750000e+03
2.223178710937500000e+03
2.264952880859375000e+03
2.830435546875000000e+03
4.061413330078125000e+03
4.377302246093750000e+03
2.987417724609375000e+03
2.306274902343750000e+03
4.526212402343750000e+03
5.189121093750000000e+03
3.480542236328125000e+03
3.856150390625000000e+03
4.581191406250000000e+03
4.071848388671875000e+03
3.285746582031250000e+03
3.819854248046875000e+03
4.660391113281250000e+03
3.893791503906250000e+03
3.374455078125000000e+03
3.638567871093750000e+03
4.045713623046875000e+03
3.486460693359375000e+03
2.900824707031250000e+03
2.895508544921875000e+03
2.990322998046875000e+03
3.057711669921875000e+03
3.124476562500000000e+03
2.872759521484375000e+03
2.625978759765625000e+03
3.029711669921875000e+03
3.370114990234375000e+03
3.610577880859375000e+03
3.588842529296875000e+03
2.890106933593750000e+03
2.559635742187500000e+03
3.179311279296875000e+03
4.104574218750000000e+03
3.482569335937500000e+03
2.432053466796875000e+03
2.287692626953125000e+03
2.375108886718750000e+03
2.669289306640625000e+03
4.204088378906250000e+03
4.412951171875000000e+03
2.643614990234375000e+03
3.228740722656250000e+03
6.249077148437500000e+03
3.938854248046875000e+03
4.832151367187500000e+03
4.558155273437500000e+03
3.415052246093750000e+03
3.433688720703125000e+03
4.750969726562500000e+03
4.048659179687500000e+03
3.406762695312500000e+03
3.647139404296875000e+03
3.957495361328125000e+03
3.579718994140625000e+03
3.110254882812500000e+03
3.032475341796875000e+03
3.343335205078125000e+03
3.324883300781250000e+03
3.031230957031250000e+03
2.572960937500000000e+03
2.509322021484375000e+03
2.556657714843750000e+03
2.277634521484375000e+03
2.330325439453125000e+03
2.304606689453125000e+03
2.838470214843750000e+03
4.756457519531250000e+03
3.625398193359375000e+03
2.451869628906250000e+03
4.423147460937500000e+03
5.003306640625000000e+03
3.588068359375000000e+03
3.753805664062500000e+03
4.048687011718750000e+03
3.900498291015625000e+03
3.044674316406250000e+03
2.826103515625000000e+03
3.350043701171875000e+03
3.226076904296875000e+03
2.902456054687500000e+03
2.703888671875000000e+03
2.678332275390625000e+03
2.744421630859375000e+03
2.679170898437500000e+03
2.536934082031250000e+03
2.905562255859375000e+03
3.441428710937500000e+03
3.292020263671875000e+03
2.871450195312500000e+03
3.077076904296875000e+03
3.341323974609375000e+03
3.569572021484375000e+03
3.402473876953125000e+03
2.739634033203125000e+03
2.541458251953125000e+03
2.578836425781250000e+03
2.706008056640625000e+03
3.517924560546875000e+03
3.698576171875000000e+03
2.789658691406250000e+03
2.481097412109375000e+03
2.253179199218750000e+03
2.164396728515625000e+03
2.201632324218750000e+03
2.009844604492187500e+03
3.062157958984375000e+03
5.265259277343750000e+03
3.423398925781250000e+03
2.752950927734375000e+03
6.533995117187500000e+03
3.640289062500000000e+03
5.800582031250000000e+03
4.596448242187500000e+03
3.137762695312500000e+03
4.844707519531250000e+03
4.042747558593750000e+03
3.507500732421875000e+03
3.677949951171875000e+03
3.861510986328125000e+03
3.887327392578125000e+03
3.172662597656250000e+03
2.836515380859375000e+03
3.448680908203125000e+03
3.680197998046875000e+03
2.952926513671875000e+03
2.594053222656250000e+03
2.620312255859375000e+03
2.998845214843750000e+03
3.253812011718750000e+03
3.324519531250000000e+03
3.021712890625000000e+03
2.541383056640625000e+03
2.574861572265625000e+03
3.233648193359375000e+03
3.481773193359375000e+03
3.314443359375000000e+03
2.917733398437500000e+03
2.603336914062500000e+03
3.223857910156250000e+03
4.406874511718750000e+03
3.273731201171875000e+03
2.162349365234375000e+03
2.593277099609375000e+03
4.986605957031250000e+03
4.114625000000000000e+03
3.197665527343750000e+03
4.557555664062500000e+03
3.872039306640625000e+03
3.324650390625000000e+03
2.914568603515625000e+03
3.284935302734375000e+03
4.539377441406250000e+03
3.606470214843750000e+03
3.330938720703125000e+03
4.319536132812500000e+03
4.039851318359375000e+03
3.428480712890625000e+03
3.304136718750000000e+03
3.400217285156250000e+03
3.532071289062500000e+03
3.315436279296875000e+03
2.751754394531250000e+03
2.585343261718750000e+03
3.120392333984375000e+03
3.212771728515625000e+03
2.841133544921875000e+03
2.653540771484375000e+03
2.426542236328125000e+03
2.341705322265625000e+03
2.621874267578125000e+03
3.173129882812500000e+03
3.657907714843750000e+03
3.093272949218750000e+03
2.341073486328125000e+03
2.219207031250000000e+03
2.238863525390625000e+03
3.196618652343750000e+03
4.269540039062500000e+03
3.015184326171875000e+03
2.161995361328125000e+03
2.709032470703125000e+03
4.461847656250000000e+03
3.913214599609375000e+03
2.655138916015625000e+03
3.679239013671875000e+03
4.968333007812500000e+03
3.590920654296875000e+03
3.416727050781250000e+03
4.375347167968750000e+03
3.816241210937500000e+03
3.193712646484375000e+03
3.626372314453125000e+03
3.640918945312500000e+03
3.053681396484375000e+03
2.859202392578125000e+03
2.783424804687500000e+03
2.801782714843750000e+03
2.909503662109375000e+03
2.902778076171875000e+03
2.673466796875000000e+03
2.737998779296875000e+03
3.223940917968750000e+03
3.488015869140625000e+03
3.061747070312500000e+03
2.557968994140625000e+03
2.440349609375000000e+03
2.712975097656250000e+03
3.145587402343750000e+03
3.757671875000000000e+03
3.161386718750000000e+03
2.396501953125000000e+03
2.390407226562500000e+03
2.742560546875000000e+03
2.982878662109375000e+03
3.113678955078125000e+03
3.197759277343750000e+03
3.159859863281250000e+03
2.769183593750000000e+03
2.643489990234375000e+03
3.505089599609375000e+03
3.866432617187500000e+03
2.632739746093750000e+03
2.120689208984375000e+03
2.367122802734375000e+03
3.815214355468750000e+03
4.489630859375000000e+03
2.855941406250000000e+03
3.134114746093750000e+03
5.524488769531250000e+03
3.895976074218750000e+03
4.307216796875000000e+03
4.621487792968750000e+03
3.457135253906250000e+03
3.671124267578125000e+03
4.308330566406250000e+03
3.609830566406250000e+03
3.243635986328125000e+03
3.096141845703125000e+03
3.106255859375000000e+03
3.115686035156250000e+03
2.751216796875000000e+03
2.584187255859375000e+03
2.431309082031250000e+03
2.454544677734375000e+03
2.414564453125000000e+03
2.392209716796875000e+03
2.886708251953125000e+03
3.346290039062500000e+03
2.998793945312500000e+03
2.582728759765625000e+03
2.658424560546875000e+03
2.764735351562500000e+03
3.417197265625000000e+03
3.478749023437500000e+03
2.520487548828125000e+03
2.357469970703125000e+03
2.263341308593750000e+03
2.189798339843750000e+03
2.331650390625000000e+03
2.803375732421875000e+03
3.843979248046875000e+03
3.448138671875000000e+03
2.372130859375000000e+03
2.198768554687500000e+03
3.044873535156250000e+03
4.063295898437500000e+03
3.213594970703125000e+03
2.228009521484375000e+03
2.785510253906250000e+03
4.748314453125000000e+03
3.550986572265625000e+03
2.940723632812500000e+03
4.904341308593750000e+03
3.479382568359375000e+03
3.207427001953125000e+03
4.310559082031250000e+03
3.540039062500000000e+03
3.040609375000000000e+03
2.970385009765625000e+03
3.461106689453125000e+03
3.573866943359375000e+03
3.010249023437500000e+03
2.658250976562500000e+03
2.862980712890625000e+03
3.142503662109375000e+03
3.013510986328125000e+03
2.711594482421875000e+03
2.520114501953125000e+03
2.305214843750000000e+03
2.384858154296875000e+03
2.571175048828125000e+03
2.842855224609375000e+03
3.458275390625000000e+03
3.360736572265625000e+03
2.592875732421875000e+03
2.322312500000000000e+03
2.465558837890625000e+03
2.719121093750000000e+03
3.795709960937500000e+03
3.475868652343750000e+03
2.238306152343750000e+03
2.824407958984375000e+03
4.400421386718750000e+03
3.199438232421875000e+03
2.539359375000000000e+03
4.691940429687500000e+03
4.022052978515625000e+03
3.262792236328125000e+03
4.150055175781250000e+03
3.593505615234375000e+03
3.454667724609375000e+03
3.164828613281250000e+03
2.928662353515625000e+03
3.009221923828125000e+03
2.667765869140625000e+03
2.461690185546875000e+03
2.405023437500000000e+03
2.328455810546875000e+03
2.208857910156250000e+03
2.378776855468750000e+03
3.028573974609375000e+03
3.648965332031250000e+03
3.083730224609375000e+03
2.248672363281250000e+03
1.831461181640625000e+03
1.953638793945312500e+03
1.925320190429687500e+03
2.341812744140625000e+03
4.621804687500000000e+03
3.528190673828125000e+03
2.336146484375000000e+03
4.408488769531250000e+03
4.589230957031250000e+03
3.339335937500000000e+03
3.525767333984375000e+03
4.109134765625000000e+03
3.768220703125000000e+03
3.076717041015625000e+03
3.313572265625000000e+03
3.929669189453125000e+03
3.533797851562500000e+03
3.102740234375000000e+03
2.944509277343750000e+03
3.149819335937500000e+03
3.247979980468750000e+03
2.792893066406250000e+03
2.596883056640625000e+03
2.686154052734375000e+03
2.568472167968750000e+03
2.766590576171875000e+03
3.048461914062500000e+03
2.936540283203125000e+03
2.759717041015625000e+03
2.497693359375000000e+03
2.801815673828125000e+03
3.499206542968750000e+03
3.177278320312500000e+03
2.468001220703125000e+03
2.195994384765625000e+03
2.199409423828125000e+03
2.244773681640625000e+03
2.532101562500000000e+03
3.278335205078125000e+03
3.515261230468750000e+03
3.067178222656250000e+03
2.226699218750000000e+03
2.146985595703125000e+03
2.134580810546875000e+03
2.072078125000000000e+03
2.821778076171875000e+03
3.844246582031250000e+03
3.557614257812500000e+03
2.387525390625000000e+03
2.130423583984375000e+03
4.529160156250000000e+03
4.230352539062500000e+03
3.284500244140625000e+03
4.465570800781250000e+03
3.343791015625000000e+03
3.297564208984375000e+03
3.950083740234375000e+03
3.339093261718750000e+03
3.141561035156250000e+03
2.861119628906250000e+03
3.086567382812500000e+03
2.895547363281250000e+03
2.597757324218750000e+03
2.539871093750000000e+03
2.344575683593750000e+03
2.304336425781250000e+03
2.405601318359375000e+03
2.847803955078125000e+03
3.230353271484375000e+03
3.000027343750000000e+03
2.642976074218750000e+03
2.651261230468750000e+03
3.066804931640625000e+03
3.550351562500000000e+03
2.878655029296875000e+03
2.072316894531250000e+03
2.002786254882812500e+03
2.003678344726562500e+03
1.781911132812500000e+03
1.798217285156250000e+03
1.623072875976562500e+03
1.760447753906250000e+03
2.274094970703125000e+03
5.523443359375000000e+03
2.926743652343750000e+03
2.929732910156250000e+03
6.668036132812500000e+03
3.043773925781250000e+03
7.449894042968750000e+03
2.402156738281250000e+03
8.877028320312500000e+03
4.391888183593750000e+03
1.163474414062500000e+04
1.201015625000000000e+04
3.944625976562500000e+03
1.067220312500000000e+04
5.471521972656250000e+03
1.210748242187500000e+04
1.429640625000000000e+04
4.997314453125000000e+03
1.313626562500000000e+04
1.377681835937500000e+04
3.044613281250000000e+03
1.325510351562500000e+04
1.258520898437500000e+04
4.187709960937500000e+03
1.069278613281250000e+04
6.002616699218750000e+03
1.022661914062500000e+04
1.168989941406250000e+04
4.998465332031250000e+03
1.026391210937500000e+04
6.797461914062500000e+03
8.496094726562500000e+03
9.685627929687500000e+03
4.899401367187500000e+03
8.595790039062500000e+03
3.327788330078125000e+03
9.528453125000000000e+03
8.196253906250000000e+03
6.036041992187500000e+03
8.950201171875000000e+03
3.558998046875000000e+03
6.962789062500000000e+03
4.057812988281250000e+03
7.207343261718750000e+03
4.948546875000000000e+03
6.516660644531250000e+03
5.336795898437500000e+03
5.996464843750000000e+03
5.833640136718750000e+03
5.114599121093750000e+03
5.231978515625000000e+03
4.885066406250000000e+03
4.455592285156250000e+03
4.910437500000000000e+03
3.918732177734375000e+03
4.943445800781250000e+03
3.484004638671875000e+03
4.755670410156250000e+03
3.163614013671875000e+03
4.336799316406250000e+03
3.105924316406250000e+03
3.364156005859375000e+03
3.222875732421875000e+03
2.816157226562500000e+03
2.829972900390625000e+03
2.616631835937500000e+03
2.433167236328125000e+03
2.321423583984375000e+03
2.239763427734375000e+03
2.109372802734375000e+03
1.947251953125000000e+03
1.982965087890625000e+03
2.035116821289062500e+03
2.133813476562500000e+03
2.556426513671875000e+03
2.683118896484375000e+03
2.294190917968750000e+03
2.054080322265625000e+03
1.946007690429687500e+03
2.175229248046875000e+03
2.773013916015625000e+03
2.758467773437500000e+03
2.259017333984375000e+03
1.913065673828125000e+03
1.982716918945312500e+03
1.961559936523437500e+03
2.363817138671875000e+03
2.742412841796875000e+03
2.470718261718750000e+03
2.338921875000000000e+03
1.997565185546875000e+03
1.862635498046875000e+03
2.013853271484375000e+03
1.927931152343750000e+03
2.333980957031250000e+03
3.036264892578125000e+03
2.506705566406250000e+03
1.963053955078125000e+03
1.896030517578125000e+03
1.911769653320312500e+03
2.032991821289062500e+03
2.549690185546875000e+03
3.047696289062500000e+03
2.390230957031250000e+03
1.808904174804687500e+03
1.710522827148437500e+03
1.827473266601562500e+03
2.134248291015625000e+03
3.151430908203125000e+03
3.119416748046875000e+03
2.167158691406250000e+03
2.025143920898437500e+03
3.339830078125000000e+03
3.309469726562500000e+03
2.432382080078125000e+03
3.348531250000000000e+03
3.095859619140625000e+03
2.697419921875000000e+03
2.553463867187500000e+03
2.776677734375000000e+03
2.630315917968750000e+03
2.313579101562500000e+03
2.179001953125000000e+03
2.087593261718750000e+03
2.119765869140625000e+03
2.120414306640625000e+03
2.163401855468750000e+03
2.340258789062500000e+03
2.530714111328125000e+03
2.614956054687500000e+03
2.393404296875000000e+03
2.075618896484375000e+03
2.003211791992187500e+03
2.328795410156250000e+03
2.622165771484375000e+03
2.571382324218750000e+03
2.402599121093750000e+03
2.107597656250000000e+03
2.060449462890625000e+03
2.299986572265625000e+03
2.497257568359375000e+03
2.633608398437500000e+03
2.484094238281250000e+03
2.225767578125000000e+03
2.013725463867187500e+03
2.210925048828125000e+03
2.469198486328125000e+03
2.644729003906250000e+03
2.569700927734375000e+03
2.248129882812500000e+03
2.112960693359375000e+03
2.088158935546875000e+03
2.260320068359375000e+03
2.453392089843750000e+03
2.395105712890625000e+03
2.486373291015625000e+03
2.345916992187500000e+03
2.179293212890625000e+03
2.247118408203125000e+03
2.277532714843750000e+03
2.245496093750000000e+03
2.263783203125000000e+03
2.265623046875000000e+03
2.222784667968750000e+03
2.207312011718750000e+03
2.328887207031250000e+03
2.376334472656250000e+03
2.376260986328125000e+03
2.629585205078125000e+03
2.498239013671875000e+03
2.414604248046875000e+03
2.572577392578125000e+03
2.311882324218750000e+03
2.241565917968750000e+03
2.364255859375000000e+03
2.078364746093750000e+03
2.342509277343750000e+03
2.468464355468750000e+03
2.368141601562500000e+03
2.298400878906250000e+03
2.275738037109375000e+03
2.194083251953125000e+03
2.242335937500000000e+03
2.502958251953125000e+03
2.492485107421875000e+03
2.573591064453125000e+03
2.415728759765625000e+03
2.224838623046875000e+03
2.599342773437500000e+03
2.608927490234375000e+03
2.370651855468750000e+03
2.583965087890625000e+03
2.561781982421875000e+03
2.360983398437500000e+03
2.279005859375000000e+03
2.224716064453125000e+03
2.221585693359375000e+03
2.074144287109375000e+03
2.249432373046875000e+03
2.239415771484375000e+03
2.380815429687500000e+03
2.414555175781250000e+03
2.224968994140625000e+03
2.232917724609375000e+03
2.305894042968750000e+03
2.253369384765625000e+03
2.183718017578125000e+03
2.247557861328125000e+03
2.093866210937500000e+03
2.084431396484375000e+03
1.943863647460937500e+03
2.140819824218750000e+03
2.332962890625000000e+03
2.432227050781250000e+03
2.747380859375000000e+03
2.402700683593750000e+03
2.209619384765625000e+03
2.263726074218750000e+03
2.305161132812500000e+03
2.551720458984375000e+03
2.493682861328125000e+03
2.482128906250000000e+03
2.381809082031250000e+03
2.330490234375000000e+03
2.505123046875000000e+03
2.381877197265625000e+03
2.407409667968750000e+03
2.359338867187500000e+03
2.091781738281250000e+03
2.391640869140625000e+03
2.372949218750000000e+03
2.385616455078125000e+03
2.651138183593750000e+03
2.517844726562500000e+03
2.292276123046875000e+03
2.327606689453125000e+03
2.337482421875000000e+03
2.432044189453125000e+03
2.626409912109375000e+03
2.457758300781250000e+03
2.301099365234375000e+03
2.248331054687500000e+03
2.112124267578125000e+03
2.332422851562500000e+03
2.467572753906250000e+03
2.365956542968750000e+03
2.502082031250000000e+03
2.462097412109375000e+03
2.375840820312500000e+03
2.650213623046875000e+03
2.662089355468750000e+03
2.342165527343750000e+03
2.369496582031250000e+03
2.370703369140625000e+03
2.201856689453125000e+03
2.449313232421875000e+03
2.552673339843750000e+03
2.438697753906250000e+03
2.378727050781250000e+03
2.329459960937500000e+03
2.448659667968750000e+03
2.763108886718750000e+03
2.469107910156250000e+03
2.391485107421875000e+03
2.549349121093750000e+03
2.292205810546875000e+03
2.382680908203125000e+03
2.914853027343750000e+03
2.312050537109375000e+03
2.192996093750000000e+03
2.480199951171875000e+03
2.232027587890625000e+03
2.800168212890625000e+03
3.151451416015625000e+03
2.412109130859375000e+03
2.195287353515625000e+03
2.205854980468750000e+03
2.208215820312500000e+03
1.961777099609375000e+03
1.951334594726562500e+03
1.989819946289062500e+03
2.095796630859375000e+03
2.772523681640625000e+03
2.929065917968750000e+03
2.380119140625000000e+03
2.104755126953125000e+03
1.996428466796875000e+03
2.432140869140625000e+03
2.892883544921875000e+03
2.556728027343750000e+03
2.306803466796875000e+03
2.033831298828125000e+03
2.103176757812500000e+03
2.346847167968750000e+03
2.786666992187500000e+03
3.007892333984375000e+03
2.473256591796875000e+03
1.957387329101562500e+03
1.908642700195312500e+03
1.943338989257812500e+03
1.836590454101562500e+03
2.196634033203125000e+03
3.541761718750000000e+03
2.925710693359375000e+03
2.008453369140625000e+03
2.840418212890625000e+03
3.591031005859375000e+03
2.795519042968750000e+03
2.279332031250000000e+03
3.101721923828125000e+03
3.330177734375000000e+03
2.703922363281250000e+03
2.500727050781250000e+03
2.721342041015625000e+03
2.953739013671875000e+03
2.623776123046875000e+03
2.143450195312500000e+03
2.181921142578125000e+03
2.195281982421875000e+03
2.133289062500000000e+03
2.149885986328125000e+03
2.321162353515625000e+03
2.714473632812500000e+03
2.631038085937500000e+03
2.085130859375000000e+03
2.025847290039062500e+03
2.144567382812500000e+03
2.593986328125000000e+03
3.045957031250000000e+03
2.520216552734375000e+03
1.912957519531250000e+03
1.849375122070312500e+03
1.930549682617187500e+03
1.763599487304687500e+03
2.505104492187500000e+03
3.847000244140625000e+03
2.465969726562500000e+03
2.179011230468750000e+03
4.594583007812500000e+03
3.152782958984375000e+03
3.334501708984375000e+03
4.604326660156250000e+03
2.809988281250000000e+03
4.456898437500000000e+03
3.171315917968750000e+03
2.649082275390625000e+03
3.750318603515625000e+03
2.957239257812500000e+03
2.838259277343750000e+03
3.175124023437500000e+03
2.833325927734375000e+03
2.513695068359375000e+03
2.350656738281250000e+03
2.308283203125000000e+03
2.357440429687500000e+03
2.507293701171875000e+03
2.320804199218750000e+03
2.073879150390625000e+03
2.203889404296875000e+03
2.429819580078125000e+03
2.552958740234375000e+03
2.463640380859375000e+03
2.440298828125000000e+03
2.417407958984375000e+03
2.430400878906250000e+03
2.440006103515625000e+03
2.551923095703125000e+03
2.675784423828125000e+03
2.479807373046875000e+03
2.353540527343750000e+03
2.422273925781250000e+03
2.383682128906250000e+03
2.647685058593750000e+03
2.665996582031250000e+03
2.193851074218750000e+03
2.075232910156250000e+03
2.046202636718750000e+03
2.062309570312500000e+03
2.234404785156250000e+03
2.896823730468750000e+03
2.949211669921875000e+03
2.066763671875000000e+03
2.015630615234375000e+03
2.214107421875000000e+03
2.050446533203125000e+03
2.355705078125000000e+03
2.484855224609375000e+03
2.288147705078125000e+03
2.496299804687500000e+03
2.379499755859375000e+03
2.440129394531250000e+03
2.606312255859375000e+03
2.283594238281250000e+03
2.295975585937500000e+03
2.444641357421875000e+03
2.362063232421875000e+03
2.450982177734375000e+03
2.615165527343750000e+03
2.436593261718750000e+03
2.310174560546875000e+03
2.407817138671875000e+03
2.463261230468750000e+03
2.470738525390625000e+03
2.436576660156250000e+03
2.342013916015625000e+03
2.432074218750000000e+03
2.550243652343750000e+03
2.493828857421875000e+03
2.559035400390625000e+03
2.256541259765625000e+03
2.356283203125000000e+03
2.482691406250000000e+03
2.308488281250000000e+03
2.703925048828125000e+03
2.644671630859375000e+03
2.231135742187500000e+03
2.212257324218750000e+03
2.130789794921875000e+03
2.484087890625000000e+03
2.668893554687500000e+03
2.364870849609375000e+03
2.518984619140625000e+03
2.324897705078125000e+03
2.324419921875000000e+03
2.679642822265625000e+03
2.393074218750000000e+03
2.483954589843750000e+03
2.381607910156250000e+03
2.161915039062500000e+03
2.429065185546875000e+03
2.186647705078125000e+03
2.361127929687500000e+03
2.396463867187500000e+03
2.259239013671875000e+03
2.690792724609375000e+03
2.734424316406250000e+03
2.443653076171875000e+03
2.490316650390625000e+03
2.486221191406250000e+03
2.602534912109375000e+03
2.603487060546875000e+03
2.449246826171875000e+03
2.539829833984375000e+03
2.464458251953125000e+03
2.499352050781250000e+03
2.460466796875000000e+03
2.388821533203125000e+03
2.467595703125000000e+03
2.532289062500000000e+03
2.434589843750000000e+03
2.427363281250000000e+03
2.525769042968750000e+03
2.303414794921875000e+03
2.391147216796875000e+03
2.767166015625000000e+03
2.483784423828125000e+03
2.267861083984375000e+03
2.290853759765625000e+03
2.278844238281250000e+03
2.735115234375000000e+03
2.727749511718750000e+03
2.325513183593750000e+03
2.172506103515625000e+03
2.141351806640625000e+03
2.176939453125000000e+03
2.500601806640625000e+03
2.764404052734375000e+03
2.397335205078125000e+03
2.206865234375000000e+03
2.272223632812500000e+03
2.287698730468750000e+03
2.598557373046875000e+03
2.924017578125000000e+03
2.440320068359375000e+03
2.173487304687500000e+03
2.132841308593750000e+03
2.175564941406250000e+03
2.582072509765625000e+03
2.889791992187500000e+03
2.477444824218750000e+03
2.197633544921875000e+03
2.107999267578125000e+03
2.398286621093750000e+03
3.031945556640625000e+03
2.650021728515625000e+03
2.066844726562500000e+03
1.979430297851562500e+03
1.903170288085937500e+03
1.773359375000000000e+03
2.149661376953125000e+03
2.890422851562500000e+03
3.322118652343750000e+03
2.438015380859375000e+03
1.781435302734375000e+03
2.531948486328125000e+03
3.559893066406250000e+03
2.676286376953125000e+03
2.069286865234375000e+03
3.280609619140625000e+03
3.481842285156250000e+03
2.634282958984375000e+03
2.745482421875000000e+03
3.365410888671875000e+03
3.168452392578125000e+03
2.606506591796875000e+03
2.804859863281250000e+03
3.449304199218750000e+03
2.994304687500000000e+03
2.711517578125000000e+03
2.768438720703125000e+03
2.850853515625000000e+03
2.613596191406250000e+03
2.354459228515625000e+03
2.166929443359375000e+03
2.132376708984375000e+03
1.994908325195312500e+03
1.862772338867187500e+03
1.874409301757812500e+03
1.812794433593750000e+03
1.911987304687500000e+03
2.784997070312500000e+03
3.472187744140625000e+03
2.481595214843750000e+03
2.014840698242187500e+03
3.818286376953125000e+03
3.563793701171875000e+03
2.827079345703125000e+03
3.568861328125000000e+03
2.901968994140625000e+03
2.844218017578125000e+03
3.021764892578125000e+03
2.863302734375000000e+03
2.688348144531250000e+03
2.343554687500000000e+03
2.256518066406250000e+03
2.545766845703125000e+03
2.580913085937500000e+03
2.227673095703125000e+03
2.029290161132812500e+03
2.051820068359375000e+03
2.027313110351562500e+03
2.234949951171875000e+03
2.891798339843750000e+03
2.837999755859375000e+03
2.172409423828125000e+03
1.772298339843750000e+03
1.723945678710937500e+03
1.631042480468750000e+03
1.600754638671875000e+03
1.644117675781250000e+03
2.124701904296875000e+03
4.281981445312500000e+03
2.776225830078125000e+03
2.371522949218750000e+03
4.818354003906250000e+03
2.624449707031250000e+03
3.611867187500000000e+03
4.592471679687500000e+03
2.625941162109375000e+03
4.857282714843750000e+03
2.567264648437500000e+03
3.357687988281250000e+03
4.946535644531250000e+03
2.976773681640625000e+03
4.884349121093750000e+03
2.542423095703125000e+03
3.946999023437500000e+03
3.848482666015625000e+03
2.919757324218750000e+03
3.535268310546875000e+03
2.667334960937500000e+03
2.577401367187500000e+03
2.739466552734375000e+03
2.535787353515625000e+03
2.399371337890625000e+03
2.140850097656250000e+03
1.859179809570312500e+03
1.976195800781250000e+03
2.120498291015625000e+03
2.188203613281250000e+03
2.807692382812500000e+03
2.929442871093750000e+03
2.045950317382812500e+03
1.761047363281250000e+03
2.504654296875000000e+03
3.568178222656250000e+03
2.577354736328125000e+03
2.126644042968750000e+03
3.676052978515625000e+03
3.321421386718750000e+03
2.659447021484375000e+03
3.303045410156250000e+03
3.055890625000000000e+03
2.616900878906250000e+03
2.426819580078125000e+03
2.429539306640625000e+03
2.559121582031250000e+03
2.509611816406250000e+03
2.110793945312500000e+03
1.837922851562500000e+03
1.950665771484375000e+03
1.911269653320312500e+03
1.952656127929687500e+03
2.450405761718750000e+03
2.976811523437500000e+03
2.284858642578125000e+03
1.741056152343750000e+03
1.647756835937500000e+03
1.664518798828125000e+03
1.566266845703125000e+03
1.518042968750000000e+03
2.196911621093750000e+03
3.928550537109375000e+03
2.545108886718750000e+03
1.988390991210937500e+03
4.700888183593750000e+03
2.728732910156250000e+03
3.561607666015625000e+03
4.605876464843750000e+03
2.720928466796875000e+03
5.009121093750000000e+03
2.353295898437500000e+03
4.205357910156250000e+03
3.539653076171875000e+03
2.904718261718750000e+03
3.621925537109375000e+03
2.591836914062500000e+03
2.593853027343750000e+03
2.710050537109375000e+03
2.543684326171875000e+03
2.380110107421875000e+03
2.201495849609375000e+03
2.068852050781250000e+03
1.945194946289062500e+03
1.983984497070312500e+03
2.052161865234375000e+03
2.074136230468750000e+03
2.619640625000000000e+03
2.743151855468750000e+03
2.171720703125000000e+03
1.898130981445312500e+03
1.858018798828125000e+03
2.378040039062500000e+03
3.118278320312500000e+03
2.366552246093750000e+03
1.839856445312500000e+03
2.063087890625000000e+03
2.950364990234375000e+03
3.191802001953125000e+03
2.215979980468750000e+03
2.219211914062500000e+03
3.450577392578125000e+03
3.050005859375000000e+03
2.452793212890625000e+03
3.394230712890625000e+03
2.980528564453125000e+03
2.772576904296875000e+03
2.966545654296875000e+03
2.742429199218750000e+03
2.513069091796875000e+03
2.313605712890625000e+03
2.231571044921875000e+03
2.203314941406250000e+03
2.178732910156250000e+03
1.988358642578125000e+03
2.002993286132812500e+03
2.130110595703125000e+03
2.159311035156250000e+03
2.504705566406250000e+03
2.494278808593750000e+03
2.066835937500000000e+03
1.937984130859375000e+03
1.737891357421875000e+03
1.816511840820312500e+03
1.956580810546875000e+03
2.439936523437500000e+03
3.400279296875000000e+03
2.540869873046875000e+03
1.849753295898437500e+03
3.033969238281250000e+03
3.768665039062500000e+03
2.678351806640625000e+03
2.702456298828125000e+03
2.967748535156250000e+03
2.818019042968750000e+03
2.404591064453125000e+03
2.298924072265625000e+03
2.196039062500000000e+03
2.209891357421875000e+03
2.101215087890625000e+03
1.890284423828125000e+03
1.863811157226562500e+03
1.733435180664062500e+03
1.797171142578125000e+03
1.888044799804687500e+03
2.225017822265625000e+03
3.354197265625000000e+03
2.828159423828125000e+03
2.089031738281250000e+03
3.455561279296875000e+03
3.434556396484375000e+03
2.903717041015625000e+03
2.843768310546875000e+03
2.659315185546875000e+03
2.606534912109375000e+03
2.395104736328125000e+03
2.050959716796875000e+03
1.934673339843750000e+03
2.041952636718750000e+03
1.978574096679687500e+03
1.755104492187500000e+03
2.034501464843750000e+03
2.434544189453125000e+03
2.651313720703125000e+03
2.420997070312500000e+03
1.991858154296875000e+03
1.838630004882812500e+03
1.905452026367187500e+03
2.381085693359375000e+03
2.922741699218750000e+03
2.445674072265625000e+03
1.818757690429687500e+03
1.771640258789062500e+03
1.801321533203125000e+03
1.748047607421875000e+03
2.492446044921875000e+03
3.295849853515625000e+03
2.192636718750000000e+03
1.722607177734375000e+03
3.124060546875000000e+03
3.607165283203125000e+03
2.393693359375000000e+03
2.442715820312500000e+03
3.418623046875000000e+03
2.957338623046875000e+03
2.391965332031250000e+03
2.762877685546875000e+03
2.829141601562500000e+03
2.560789794921875000e+03
2.265232910156250000e+03
1.996723266601562500e+03
2.096636230468750000e+03
2.064072265625000000e+03
1.787320678710937500e+03
1.776182983398437500e+03
1.833702148437500000e+03
2.027746826171875000e+03
2.590143066406250000e+03
3.104237548828125000e+03
2.474579101562500000e+03
1.676322998046875000e+03
2.107543457031250000e+03
3.844864013671875000e+03
2.876028564453125000e+03
2.522281005859375000e+03
3.764998535156250000e+03
2.856681396484375000e+03
2.727024414062500000e+03
3.436309570312500000e+03
2.680994384765625000e+03
2.513443359375000000e+03
2.687057128906250000e+03
2.584674072265625000e+03
2.328087890625000000e+03
2.091297851562500000e+03
2.052709716796875000e+03
2.066240234375000000e+03
1.982792846679687500e+03
2.006456787109375000e+03
2.208892822265625000e+03
2.390030761718750000e+03
2.580904052734375000e+03
2.156310546875000000e+03
1.850750854492187500e+03
1.880427856445312500e+03
1.980869262695312500e+03
2.518052001953125000e+03
2.754363037109375000e+03
2.213545410156250000e+03
1.848269165039062500e+03
1.953060424804687500e+03
2.398581298828125000e+03
2.779241210937500000e+03
2.457239501953125000e+03
1.886413940429687500e+03
1.780361938476562500e+03
1.814922607421875000e+03
1.828861206054687500e+03
2.524178710937500000e+03
3.182816650390625000e+03
2.218428466796875000e+03
1.781808593750000000e+03
2.899075683593750000e+03
3.183732177734375000e+03
2.152234375000000000e+03
2.158682373046875000e+03
3.147742675781250000e+03
2.889902343750000000e+03
2.140491210937500000e+03
2.313533447265625000e+03
2.990308349609375000e+03
2.788760253906250000e+03
2.246214355468750000e+03
2.281008544921875000e+03
2.715128417968750000e+03
2.599976562500000000e+03
2.211520507812500000e+03
2.024590332031250000e+03
2.036312255859375000e+03
2.295718750000000000e+03
2.392509033203125000e+03
2.146235107421875000e+03
2.044835815429687500e+03
2.127110107421875000e+03
2.235858886718750000e+03
2.314976318359375000e+03
2.506983398437500000e+03
2.235068603515625000e+03
1.888998535156250000e+03
1.922177124023437500e+03
2.241944580078125000e+03
2.806617675781250000e+03
2.681506591796875000e+03
1.884099609375000000e+03
1.750119995117187500e+03
1.859421752929687500e+03
2.113030029296875000e+03
2.710487548828125000e+03
2.744389648437500000e+03
2.082475585937500000e+03
1.627792602539062500e+03
1.669779296875000000e+03
2.000646484375000000e+03
2.692716064453125000e+03
2.944766357421875000e+03
2.073256835937500000e+03
1.670890014648437500e+03
2.266601562500000000e+03
3.712501953125000000e+03
2.664190917968750000e+03
2.387384765625000000e+03
3.890885009765625000e+03
2.684918701171875000e+03
2.650189941406250000e+03
3.607967285156250000e+03
2.559035888671875000e+03
2.628746582031250000e+03
3.135190673828125000e+03
2.577294189453125000e+03
2.316101562500000000e+03
2.185420898437500000e+03
2.414967529296875000e+03
2.406463623046875000e+03
2.128345947265625000e+03
1.942268798828125000e+03
1.769862426757812500e+03
1.877153686523437500e+03
1.900569335937500000e+03
2.233178222656250000e+03
2.899188964843750000e+03
2.445580078125000000e+03
1.721645629882812500e+03
1.505060302734375000e+03
2.229273681640625000e+03
3.287004638671875000e+03
2.419668212890625000e+03
1.715542358398437500e+03
2.262351074218750000e+03
3.955693847656250000e+03
2.595280761718750000e+03
2.622938476562500000e+03
4.056028076171875000e+03
2.500453369140625000e+03
2.862000000000000000e+03
4.090330078125000000e+03
2.732375244140625000e+03
3.458147216796875000e+03
2.782120361328125000e+03
2.247406494140625000e+03
2.233608886718750000e+03
2.430171875000000000e+03
2.663104492187500000e+03
2.383325927734375000e+03
2.075921875000000000e+03
1.950745117187500000e+03
2.202869873046875000e+03
2.533475097656250000e+03
2.291532226562500000e+03
1.951209350585937500e+03
1.701620117187500000e+03
1.742060302734375000e+03
2.045927001953125000e+03
2.468554687500000000e+03
2.656580078125000000e+03
2.020636352539062500e+03
1.638614624023437500e+03
1.581675659179687500e+03
1.614022705078125000e+03
2.149906738281250000e+03
3.207280517578125000e+03
2.497313720703125000e+03
1.655328491210937500e+03
2.219415527343750000e+03
3.677110839843750000e+03
2.610758544921875000e+03
2.433741699218750000e+03
3.912405029296875000e+03
2.593378906250000000e+03
2.979282714843750000e+03
4.003353515625000000e+03
2.670045166015625000e+03
3.486668701171875000e+03
3.012010986328125000e+03
2.395112060546875000e+03
2.480731201171875000e+03
2.778208740234375000e+03
2.591251953125000000e+03
2.147623535156250000e+03
2.101448486328125000e+03
2.228647949218750000e+03
2.105042724609375000e+03
1.986239257812500000e+03
1.827218872070312500e+03
1.688708618164062500e+03
1.804741821289062500e+03
2.037954956054687500e+03
2.454511474609375000e+03
2.662805175781250000e+03
2.162799560546875000e+03
1.708295532226562500e+03
1.655538452148437500e+03
1.716250122070312500e+03
2.090092041015625000e+03
3.189176025390625000e+03
2.476841796875000000e+03
1.689604980468750000e+03
2.791152587890625000e+03
3.524221679687500000e+03
2.415954345703125000e+03
2.462809082031250000e+03
3.136962646484375000e+03
2.782734375000000000e+03
2.370742675781250000e+03
2.782363525390625000e+03
2.743194580078125000e+03
2.451588623046875000e+03
2.272947021484375000e+03
2.191719970703125000e+03
2.148739501953125000e+03
2.095121582031250000e+03
1.945208862304687500e+03
1.802391357421875000e+03
1.970472778320312500e+03
2.037048461914062500e+03
2.401375244140625000e+03
2.502392578125000000e+03
1.938207519531250000e+03
1.815804321289062500e+03
1.878837158203125000e+03
2.287260498046875000e+03
2.884751220703125000e+03
2.219720458984375000e+03
1.767773681640625000e+03
2.087912109375000000e+03
2.480357910156250000e+03
2.378802001953125000e+03
2.026518798828125000e+03
1.708894165039062500e+03
1.726217163085937500e+03
1.616300170898437500e+03
1.578143676757812500e+03
2.026019165039062500e+03
3.164244384765625000e+03
2.626311035156250000e+03
1.790109863281250000e+03
2.540788330078125000e+03
3.708750976562500000e+03
2.648983642578125000e+03
2.648632568359375000e+03
3.012597412109375000e+03
2.845387695312500000e+03
2.354092285156250000e+03
2.483305908203125000e+03
2.672932617187500000e+03
2.424122314453125000e+03
2.077706054687500000e+03
2.172283203125000000e+03
2.059709960937500000e+03
1.994260986328125000e+03
2.021389160156250000e+03
1.675040771484375000e+03
1.920671264648437500e+03
2.113101562500000000e+03
2.295654541015625000e+03
2.610708251953125000e+03
2.171002441406250000e+03
1.722119140625000000e+03
1.680813842773437500e+03
1.679418701171875000e+03
1.760512207031250000e+03
2.306545410156250000e+03
2.779279052734375000e+03
2.212596679687500000e+03
1.651705322265625000e+03
1.614274291992187500e+03
1.519364013671875000e+03
1.626775024414062500e+03
2.018910766601562500e+03
2.976350585937500000e+03
2.698064208984375000e+03
1.737454956054687500e+03
1.851111816406250000e+03
3.318533203125000000e+03
2.837807617187500000e+03
2.135690185546875000e+03
3.105122070312500000e+03
3.054007568359375000e+03
2.442528076171875000e+03
2.330172363281250000e+03
2.539124023437500000e+03
2.557577392578125000e+03
2.328077636718750000e+03
2.098990722656250000e+03
1.898456665039062500e+03
2.184697998046875000e+03
2.172975585937500000e+03
1.928773315429687500e+03
1.917496704101562500e+03
1.775246093750000000e+03
1.970892089843750000e+03
2.336273193359375000e+03
2.419883544921875000e+03
2.345676513671875000e+03
1.965567260742187500e+03
1.691670166015625000e+03
1.783297973632812500e+03
2.269118896484375000e+03
2.650954833984375000e+03
2.231888916015625000e+03
1.856355590820312500e+03
1.637669921875000000e+03
1.672861694335937500e+03
1.860400268554687500e+03
2.392299072265625000e+03
2.864132080078125000e+03
2.216275390625000000e+03
1.639463500976562500e+03
1.731541503906250000e+03
2.344977294921875000e+03
2.854686279296875000e+03
2.154920410156250000e+03
1.578689941406250000e+03
1.933584960937500000e+03
2.677776855468750000e+03
2.652620117187500000e+03
1.960539184570312500e+03
1.640953369140625000e+03
1.767266357421875000e+03
2.441697509765625000e+03
3.073083007812500000e+03
2.115674560546875000e+03
1.824731811523437500e+03
3.113006347656250000e+03
3.095611083984375000e+03
2.181407470703125000e+03
2.853752929687500000e+03
2.901477539062500000e+03
2.273626953125000000e+03
2.194577636718750000e+03
2.504704345703125000e+03
2.261408203125000000e+03
2.060636474609375000e+03
1.961072998046875000e+03
1.752969116210937500e+03
1.793188110351562500e+03
1.793756958007812500e+03
1.821279174804687500e+03
1.941010864257812500e+03
2.394634277343750000e+03
2.709217773437500000e+03
2.162989257812500000e+03
1.707406127929687500e+03
1.722010009765625000e+03
2.232178955078125000e+03
2.588249755859375000e+03
2.280029541015625000e+03
1.831948120117187500e+03
1.555106323242187500e+03
1.699855590820312500e+03
1.791946777343750000e+03
2.412197021484375000e+03
2.863624755859375000e+03
2.051220214843750000e+03
1.623023925781250000e+03
2.338867675781250000e+03
3.253457275390625000e+03
2.288206054687500000e+03
1.946497802734375000e+03
3.064479736328125000e+03
2.941062011718750000e+03
2.268284667968750000e+03
2.331289550781250000e+03
2.721550292968750000e+03
2.626467773437500000e+03
2.170533691406250000e+03
2.115611328125000000e+03
2.393319580078125000e+03
2.456453857421875000e+03
2.163175292968750000e+03
1.812297485351562500e+03
1.877485595703125000e+03
1.907027954101562500e+03
1.725867431640625000e+03
1.776158447265625000e+03
1.938999267578125000e+03
2.115780761718750000e+03
2.512353027343750000e+03
2.348041992187500000e+03
1.787044189453125000e+03
1.576295654296875000e+03
1.571103759765625000e+03
1.868849853515625000e+03
2.586918212890625000e+03
2.775468261718750000e+03
2.086821533203125000e+03
1.499669189453125000e+03
1.737462036132812500e+03
2.757458740234375000e+03
2.851163574218750000e+03
1.815127441406250000e+03
1.713174194335937500e+03
3.175655517578125000e+03
2.876141601562500000e+03
2.072115722656250000e+03
2.717290527343750000e+03
2.894634277343750000e+03
2.239406494140625000e+03
2.019686645507812500e+03
2.315924072265625000e+03
2.565097412109375000e+03
2.179899902343750000e+03
1.882482177734375000e+03
1.890020263671875000e+03
2.137714355468750000e+03
2.419248291015625000e+03
2.138852539062500000e+03
1.709403808593750000e+03
1.617595703125000000e+03
1.703480468750000000e+03
1.902071166992187500e+03
2.552700439453125000e+03
2.525839355468750000e+03
1.843022460937500000e+03
1.541140136718750000e+03
1.533702758789062500e+03
1.599006469726562500e+03
1.969424316406250000e+03
2.930207031250000000e+03
2.556386718750000000e+03
1.761276123046875000e+03
1.931080932617187500e+03
3.391223632812500000e+03
2.922365722656250000e+03
2.603545166015625000e+03
3.376941894531250000e+03
2.336222167968750000e+03
2.408834716796875000e+03
2.773666748046875000e+03
2.522775878906250000e+03
2.256638916015625000e+03
2.079600097656250000e+03
2.163149414062500000e+03
2.310854980468750000e+03
2.115110351562500000e+03
1.837385620117187500e+03
1.672344116210937500e+03
1.695203491210937500e+03
1.655362182617187500e+03
1.541522949218750000e+03
1.662947143554687500e+03
2.132826904296875000e+03
2.959390869140625000e+03
2.345646240234375000e+03
1.563023681640625000e+03
1.867080810546875000e+03
3.176032958984375000e+03
2.676099121093750000e+03
1.972792968750000000e+03
2.636582519531250000e+03
3.216539550781250000e+03
2.513843505859375000e+03
2.230569824218750000e+03
2.585771972656250000e+03
2.705075683593750000e+03
2.247563720703125000e+03
2.017500976562500000e+03
2.045548461914062500e+03
2.275521728515625000e+03
2.409510253906250000e+03
1.984889160156250000e+03
1.755991943359375000e+03
1.789852172851562500e+03
1.732564208984375000e+03
1.815064086914062500e+03
2.043840454101562500e+03
2.498078369140625000e+03
2.425239501953125000e+03
1.845350585937500000e+03
1.481618041992187500e+03
1.576187500000000000e+03
1.583637817382812500e+03
1.797331787109375000e+03
2.793377197265625000e+03
2.770928955078125000e+03
1.820374755859375000e+03
1.828782104492187500e+03
3.675871582031250000e+03
2.733957519531250000e+03
2.644070556640625000e+03
3.548009521484375000e+03
2.211473388671875000e+03
2.522600341796875000e+03
3.559611572265625000e+03
2.417127929687500000e+03
2.799372558593750000e+03
3.200950927734375000e+03
2.454514404296875000e+03
2.472639404296875000e+03
2.822783691406250000e+03
2.501677246093750000e+03
2.177531982421875000e+03
2.107908447265625000e+03
2.233212646484375000e+03
2.181550781250000000e+03
1.982472778320312500e+03
1.818269653320312500e+03
1.645704956054687500e+03
1.733791137695312500e+03
1.990067504882812500e+03
2.174749755859375000e+03
2.265622558593750000e+03
2.128165283203125000e+03
1.764302001953125000e+03
1.723093994140625000e+03
2.006602172851562500e+03
2.667340576171875000e+03
2.363916748046875000e+03
1.621041870117187500e+03
1.538412597656250000e+03
1.948987304687500000e+03
2.817616699218750000e+03
2.421139160156250000e+03
1.731926147460937500e+03
1.827543090820312500e+03
2.997367187500000000e+03
2.736763183593750000e+03
2.058244628906250000e+03
2.810707031250000000e+03
2.781686767578125000e+03
2.291460693359375000e+03
1.990500366210937500e+03
2.253000244140625000e+03
2.317755615234375000e+03
2.108529541015625000e+03
1.951464477539062500e+03
1.673368774414062500e+03
1.696574096679687500e+03
1.625304931640625000e+03
1.604895141601562500e+03
1.588509277343750000e+03
1.877840942382812500e+03
2.482484863281250000e+03
2.559366699218750000e+03
1.955730346679687500e+03
1.504186523437500000e+03
1.406359130859375000e+03
1.472567504882812500e+03
1.750828613281250000e+03
3.180766357421875000e+03
2.689488037109375000e+03
1.846762329101562500e+03
2.961717285156250000e+03
3.119536376953125000e+03
2.425494384765625000e+03
2.329002929687500000e+03
2.494475585937500000e+03
2.446635009765625000e+03
2.093579833984375000e+03
1.973022460937500000e+03
1.917423950195312500e+03
2.035766845703125000e+03
1.910384521484375000e+03
1.722727294921875000e+03
1.880901367187500000e+03
2.061291259765625000e+03
2.062313476562500000e+03
2.226128906250000000e+03
2.184015869140625000e+03
1.785262329101562500e+03
1.848026489257812500e+03
2.162433349609375000e+03
2.347162353515625000e+03
2.255388916015625000e+03
1.848976196289062500e+03
1.695908325195312500e+03
1.768043945312500000e+03
2.058783935546875000e+03
2.765426025390625000e+03
2.274815917968750000e+03
1.619295288085937500e+03
1.944709350585937500e+03
2.316451904296875000e+03
2.118167724609375000e+03
1.838445678710937500e+03
1.768950927734375000e+03
1.621172363281250000e+03
1.619788208007812500e+03
1.819073120117187500e+03
2.369680419921875000e+03
2.565104980468750000e+03
1.862947509765625000e+03
1.658650512695312500e+03
1.510333862304687500e+03
1.499776367187500000e+03
1.491523803710937500e+03
1.967862670898437500e+03
3.049612304687500000e+03
2.327546386718750000e+03
1.630155639648437500e+03
2.161166503906250000e+03
3.601301269531250000e+03
2.532485595703125000e+03
2.631260742187500000e+03
3.362132324218750000e+03
2.497625732421875000e+03
2.570563476562500000e+03
3.195165527343750000e+03
2.517349365234375000e+03
2.623913574218750000e+03
2.462739501953125000e+03
2.295947753906250000e+03
2.163040527343750000e+03
1.866621826171875000e+03
1.851738281250000000e+03
1.807600097656250000e+03
1.720248657226562500e+03
1.553665527343750000e+03
1.586575317382812500e+03
1.552042968750000000e+03
1.853466674804687500e+03
2.854782714843750000e+03
2.318789062500000000e+03
1.583422851562500000e+03
2.116038085937500000e+03
3.366696289062500000e+03
2.414433105468750000e+03
2.223348388671875000e+03
3.246999267578125000e+03
2.572441894531250000e+03
2.290628906250000000e+03
2.965794921875000000e+03
2.548131347656250000e+03
2.431682373046875000e+03
2.642970214843750000e+03
2.353203369140625000e+03
2.174270019531250000e+03
1.983141967773437500e+03
1.990697631835937500e+03
1.917024658203125000e+03
1.766661132812500000e+03
1.681218994140625000e+03
1.549322509765625000e+03
1.551390625000000000e+03
1.527846801757812500e+03
1.468002807617187500e+03
1.850985473632812500e+03
2.653173583984375000e+03
2.565851074218750000e+03
1.705874511718750000e+03
1.548108032226562500e+03
2.748965332031250000e+03
3.169518554687500000e+03
2.161182373046875000e+03
2.401739501953125000e+03
2.949569335937500000e+03
2.478113525390625000e+03
2.094532714843750000e+03
2.516400878906250000e+03
2.492478759765625000e+03
2.136350097656250000e+03
1.969323608398437500e+03
1.953410034179687500e+03
2.127738037109375000e+03
2.146507812500000000e+03
1.801059204101562500e+03
1.705038330078125000e+03
1.618782470703125000e+03
1.576640869140625000e+03
1.771934936523437500e+03
2.212922119140625000e+03
2.769717041015625000e+03
2.151488769531250000e+03
1.576069458007812500e+03
2.009170654296875000e+03
2.791538574218750000e+03
2.295468750000000000e+03
1.717185791015625000e+03
1.858289672851562500e+03
2.862279296875000000e+03
2.532728271484375000e+03
2.065442871093750000e+03
2.329511230468750000e+03
2.707309082031250000e+03
2.382404052734375000e+03
2.086190917968750000e+03
2.150513427734375000e+03
2.405700927734375000e+03
2.360965820312500000e+03
1.947744995117187500e+03
1.854394775390625000e+03
2.200357177734375000e+03
2.168243896484375000e+03
1.860254028320312500e+03
1.736115966796875000e+03
1.707449829101562500e+03
2.018776123046875000e+03
2.350813720703125000e+03
2.016703002929687500e+03
1.641683471679687500e+03
1.544530761718750000e+03
1.650673706054687500e+03
2.059857177734375000e+03
2.632191162109375000e+03
2.335927001953125000e+03
1.604219604492187500e+03
1.367841430664062500e+03
1.616178344726562500e+03
2.664512695312500000e+03
2.872694335937500000e+03
1.808014038085937500e+03
1.887449462890625000e+03
3.664281005859375000e+03
2.474990478515625000e+03
2.664023925781250000e+03
3.648518310546875000e+03
2.334760009765625000e+03
2.840766601562500000e+03
3.160141601562500000e+03
2.530658691406250000e+03
2.454534912109375000e+03
2.611830810546875000e+03
2.494047363281250000e+03
2.147765869140625000e+03
2.080906738281250000e+03
2.084239990234375000e+03
1.993066162109375000e+03
1.940557861328125000e+03
1.713210693359375000e+03
1.695519287109375000e+03
1.780075683593750000e+03
1.877262817382812500e+03
2.076656494140625000e+03
2.120609130859375000e+03
2.130521484375000000e+03
1.949887084960937500e+03
1.793300781250000000e+03
1.823434936523437500e+03
2.070558105468750000e+03
2.258357421875000000e+03
2.001457153320312500e+03
1.931401489257812500e+03
1.778756835937500000e+03
1.844701171875000000e+03
2.231535644531250000e+03
2.275261474609375000e+03
2.035259033203125000e+03
1.721836669921875000e+03
1.622479492187500000e+03
1.618259521484375000e+03
1.456921508789062500e+03
1.488868286132812500e+03
1.384444458007812500e+03
1.436002929687500000e+03
2.084831054687500000e+03
3.100866943359375000e+03
2.169597656250000000e+03
1.647549804687500000e+03
3.300539306640625000e+03
2.774831298828125000e+03
2.362279541015625000e+03
3.239791015625000000e+03
2.282842041015625000e+03
2.613050292968750000e+03
2.859568847656250000e+03
2.196429199218750000e+03
2.162218261718750000e+03
2.326244873046875000e+03
2.188550537109375000e+03
1.936494262695312500e+03
1.766144531250000000e+03
1.613287109375000000e+03
1.612342285156250000e+03
1.594874511718750000e+03
1.521225952148437500e+03
1.896582641601562500e+03
2.479335693359375000e+03
2.183769042968750000e+03
1.676279785156250000e+03
1.453734985351562500e+03
1.399376831054687500e+03
1.495557983398437500e+03
2.165514404296875000e+03
2.960927001953125000e+03
2.096986816406250000e+03
1.554706298828125000e+03
2.581041992187500000e+03
3.194290039062500000e+03
2.252630859375000000e+03
2.362050537109375000e+03
2.845651611328125000e+03
2.491129638671875000e+03
2.018479003906250000e+03
2.299045898437500000e+03
2.426747314453125000e+03
2.070028320312500000e+03
1.920206298828125000e+03
1.847349121093750000e+03
1.761027587890625000e+03
1.788277343750000000e+03
1.576546264648437500e+03
1.582738769531250000e+03
1.739970458984375000e+03
1.896210693359375000e+03
2.283376953125000000e+03
2.210195068359375000e+03
1.706722778320312500e+03
1.584974121093750000e+03
1.468548828125000000e+03
1.658314697265625000e+03
2.218013427734375000e+03
2.381091552734375000e+03
2.008392944335937500e+03
1.628592041015625000e+03
1.591322998046875000e+03
1.823247192382812500e+03
2.165556152343750000e+03
2.378190673828125000e+03
2.107498046875000000e+03
1.571641357421875000e+03
1.591583129882812500e+03
1.532646972656250000e+03
1.397098876953125000e+03
1.510551757812500000e+03
1.719171508789062500e+03
2.391291259765625000e+03
2.603094482421875000e+03
1.950921630859375000e+03
1.448439941406250000e+03
1.946182128906250000e+03
2.474767333984375000e+03
2.101027832031250000e+03
1.640864868164062500e+03
1.457356933593750000e+03
1.531938842773437500e+03
2.006340332031250000e+03
2.708787353515625000e+03
2.111215087890625000e+03
1.494624267578125000e+03
1.674662963867187500e+03
2.842098388671875000e+03
2.693551757812500000e+03
1.832023925781250000e+03
2.586900146484375000e+03
2.991320068359375000e+03
2.235771728515625000e+03
2.085946533203125000e+03
2.812074218750000000e+03
2.496510498046875000e+03
2.074005371093750000e+03
2.579046386718750000e+03
2.464153808593750000e+03
2.122929931640625000e+03
2.071804199218750000e+03
1.972955932617187500e+03
1.917485107421875000e+03
1.824986206054687500e+03
1.666404296875000000e+03
1.515695678710937500e+03
1.591260498046875000e+03
1.509097656250000000e+03
1.455143676757812500e+03
2.006941772460937500e+03
2.825420410156250000e+03
2.069696044921875000e+03
1.407677124023437500e+03
1.864879760742187500e+03
3.268980712890625000e+03
2.346058837890625000e+03
2.057592041015625000e+03
3.512234375000000000e+03
2.415560302734375000e+03
2.461390625000000000e+03
3.445691406250000000e+03
2.259239501953125000e+03
2.807264892578125000e+03
3.022235595703125000e+03
2.312955078125000000e+03
2.332090576171875000e+03
2.479890869140625000e+03
2.361949707031250000e+03
2.123316650390625000e+03
1.901561645507812500e+03
1.855519653320312500e+03
2.003225341796875000e+03
1.833596801757812500e+03
1.727380004882812500e+03
1.693329467773437500e+03
1.711038452148437500e+03
1.856253662109375000e+03
1.984577026367187500e+03
2.045639038085937500e+03
2.020527465820312500e+03
1.911298095703125000e+03
1.879092773437500000e+03
2.277860595703125000e+03
2.190227539062500000e+03
1.707288208007812500e+03
1.687663696289062500e+03
1.944984008789062500e+03
2.144965576171875000e+03
2.152776855468750000e+03
1.956937011718750000e+03
1.685999633789062500e+03
1.743680664062500000e+03
1.878381469726562500e+03
1.916470458984375000e+03
2.180441162109375000e+03
2.061151367187500000e+03
1.783496459960937500e+03
1.736309448242187500e+03
1.662800781250000000e+03
1.790720825195312500e+03
1.875673828125000000e+03
2.006011108398437500e+03
2.126014892578125000e+03
1.874884277343750000e+03
1.808105468750000000e+03
1.920503784179687500e+03
1.928509765625000000e+03
1.931949584960937500e+03
2.041363647460937500e+03
1.968848510742187500e+03
1.776143310546875000e+03
1.804104370117187500e+03
1.867558959960937500e+03
1.844404541015625000e+03
2.073458251953125000e+03
2.117933837890625000e+03
1.887106201171875000e+03
1.792656372070312500e+03
1.871034423828125000e+03
1.892182861328125000e+03
2.032994750976562500e+03
1.933803100585937500e+03
1.653902099609375000e+03
1.677459472656250000e+03
1.727434936523437500e+03
1.890219482421875000e+03
2.175929931640625000e+03
2.231091308593750000e+03
1.937487182617187500e+03
1.579099853515625000e+03
1.617448486328125000e+03
1.597786499023437500e+03
1.554341430664062500e+03
1.904057128906250000e+03
2.373586425781250000e+03
2.218404052734375000e+03
1.777007202148437500e+03
1.484719848632812500e+03
1.567233032226562500e+03
1.443259643554687500e+03
1.425674316406250000e+03
1.403577514648437500e+03
1.356872192382812500e+03
1.648498535156250000e+03
2.929059326171875000e+03
2.472438720703125000e+03
1.544605590820312500e+03
2.477773925781250000e+03
3.032872314453125000e+03
2.013400512695312500e+03
2.007131103515625000e+03
2.812900878906250000e+03
2.271497314453125000e+03
1.878588989257812500e+03
2.391991699218750000e+03
2.284867187500000000e+03
1.853224853515625000e+03
1.917803466796875000e+03
1.890468139648437500e+03
1.896156982421875000e+03
1.948389282226562500e+03
1.748698364257812500e+03
1.660541625976562500e+03
1.726409667968750000e+03
1.855275146484375000e+03
2.136071777343750000e+03
2.092288085937500000e+03
1.852905761718750000e+03
1.739687622070312500e+03
1.680083129882812500e+03
2.021916259765625000e+03
2.320783691406250000e+03
1.973515625000000000e+03
1.608893188476562500e+03
1.535430297851562500e+03
1.510024780273437500e+03
1.390958618164062500e+03
1.728941284179687500e+03
2.457867675781250000e+03
2.440739257812500000e+03
1.727964477539062500e+03
1.381420532226562500e+03
1.429991699218750000e+03
1.930439331054687500e+03
2.804890380859375000e+03
2.260352050781250000e+03
1.599218261718750000e+03
2.307436035156250000e+03
3.192099853515625000e+03
2.390181396484375000e+03
2.332700927734375000e+03
2.848583740234375000e+03
2.549756835937500000e+03
2.235192871093750000e+03
2.177664062500000000e+03
2.351193359375000000e+03
2.342213867187500000e+03
1.936883300781250000e+03
1.776683349609375000e+03
1.846401977539062500e+03
1.805119628906250000e+03
1.797441650390625000e+03
1.776379272460937500e+03
1.805981323242187500e+03
1.979531860351562500e+03
1.985437622070312500e+03
2.114867675781250000e+03
1.959301269531250000e+03
1.686439697265625000e+03
1.830842041015625000e+03
2.032500000000000000e+03
2.179227539062500000e+03
1.925197509765625000e+03
1.707474609375000000e+03
1.773095092773437500e+03
1.906702636718750000e+03
2.407132568359375000e+03
2.158097900390625000e+03
1.655952270507812500e+03
1.567901123046875000e+03
1.520245361328125000e+03
1.537382446289062500e+03
1.462358764648437500e+03
2.046911621093750000e+03
2.825435546875000000e+03
2.088657714843750000e+03
1.586055786132812500e+03
2.196042724609375000e+03
2.711360351562500000e+03
2.127198730468750000e+03
1.814452636718750000e+03
2.175351562500000000e+03
2.444600097656250000e+03
2.122713378906250000e+03
1.834718994140625000e+03
1.834455810546875000e+03
2.232363281250000000e+03
2.141164062500000000e+03
1.744369018554687500e+03
1.605052978515625000e+03
1.948589965820312500e+03
2.453492187500000000e+03
2.009694091796875000e+03
1.522735595703125000e+03
1.526454956054687500e+03
1.892195190429687500e+03
2.222489257812500000e+03
2.170794189453125000e+03
1.747098022460937500e+03
1.457924194335937500e+03
1.377071533203125000e+03
1.404050537109375000e+03
1.534347534179687500e+03
2.342327148437500000e+03
2.884456298828125000e+03
1.854873168945312500e+03
1.728628540039062500e+03
3.502437744140625000e+03
2.471617187500000000e+03
2.672395263671875000e+03
3.651442626953125000e+03
2.146529541015625000e+03
3.636609863281250000e+03
2.254806884765625000e+03
2.130086914062500000e+03
3.479186523437500000e+03
2.227426025390625000e+03
2.993051513671875000e+03
3.010009521484375000e+03
2.128446044921875000e+03
2.624855224609375000e+03
2.578386230468750000e+03
2.136537109375000000e+03
1.927395996093750000e+03
1.935879150390625000e+03
1.929876953125000000e+03
1.920761352539062500e+03
1.835417114257812500e+03
1.608288818359375000e+03
1.557720458984375000e+03
1.691667846679687500e+03
1.895311035156250000e+03
2.101833251953125000e+03
1.977999145507812500e+03
1.843525268554687500e+03
1.713429687500000000e+03
1.807440795898437500e+03
2.129604248046875000e+03
2.094528076171875000e+03
1.680564819335937500e+03
1.654101928710937500e+03
1.628338500976562500e+03
1.702001342773437500e+03
2.096546875000000000e+03
2.045694946289062500e+03
1.907667114257812500e+03
1.822229614257812500e+03
1.536752319335937500e+03
1.748591430664062500e+03
1.901934448242187500e+03
1.934841918945312500e+03
1.985854858398437500e+03
1.767156860351562500e+03
1.674205200195312500e+03
1.804502197265625000e+03
1.711495361328125000e+03
2.019913818359375000e+03
2.216787597656250000e+03
1.867286621093750000e+03
1.578714843750000000e+03
1.576204467773437500e+03
1.538696533203125000e+03
1.515572265625000000e+03
1.782333618164062500e+03
2.401597900390625000e+03
2.326441406250000000e+03
1.625985473632812500e+03
1.586496337890625000e+03
2.080487304687500000e+03
2.293140869140625000e+03
2.021355957031250000e+03
1.686661132812500000e+03
1.440351196289062500e+03
1.476254150390625000e+03
1.435345703125000000e+03
1.542106201171875000e+03
1.997586669921875000e+03
2.454805908203125000e+03
2.067555908203125000e+03
1.504263671875000000e+03
1.513700927734375000e+03
2.498115722656250000e+03
2.557772705078125000e+03
1.769210937500000000e+03
1.998400146484375000e+03
2.915979003906250000e+03
2.299899169921875000e+03
2.071807128906250000e+03
2.771374023437500000e+03
2.357704345703125000e+03
2.015908813476562500e+03
2.303772216796875000e+03
2.349049316406250000e+03
2.045084350585937500e+03
1.808596313476562500e+03
1.763037841796875000e+03
1.790386962890625000e+03
1.859543701171875000e+03
1.665466186523437500e+03
1.531734497070312500e+03
1.714160644531250000e+03
1.824265625000000000e+03
2.062103515625000000e+03
2.140827636718750000e+03
1.817724853515625000e+03
1.599807983398437500e+03
1.650150024414062500e+03
1.904680664062500000e+03
2.369109863281250000e+03
2.129777099609375000e+03
1.502670288085937500e+03
1.480862182617187500e+03
1.940090332031250000e+03
2.346740234375000000e+03
2.135344726562500000e+03
1.705480102539062500e+03
1.501964355468750000e+03
1.629464843750000000e+03
2.531591064453125000e+03
2.295698974609375000e+03
1.664218139648437500e+03
1.911239990234375000e+03
2.673027832031250000e+03
2.263858886718750000e+03
1.764053466796875000e+03
2.318126953125000000e+03
2.776200927734375000e+03
2.105990234375000000e+03
2.002455444335937500e+03
2.583059082031250000e+03
2.424020751953125000e+03
2.023721191406250000e+03
2.118486083984375000e+03
2.239135742187500000e+03
2.028911987304687500e+03
1.821874755859375000e+03
1.719351928710937500e+03
1.666671997070312500e+03
1.683064697265625000e+03
1.638134033203125000e+03
1.691301269531250000e+03
1.890447265625000000e+03
2.129175781250000000e+03
1.992570922851562500e+03
1.711466430664062500e+03
1.478545288085937500e+03
1.600441162109375000e+03
1.971233032226562500e+03
2.266702392578125000e+03
1.975271606445312500e+03
1.503280273437500000e+03
1.262754028320312500e+03
1.444086181640625000e+03
1.858740112304687500e+03
2.661734375000000000e+03
2.173197509765625000e+03
1.492141845703125000e+03
1.933355468750000000e+03
3.237361328125000000e+03
2.278202636718750000e+03
2.262940917968750000e+03
3.111122314453125000e+03
2.185685302734375000e+03
2.230054199218750000e+03
2.878300292968750000e+03
2.047237182617187500e+03
1.965142456054687500e+03
2.407628662109375000e+03
2.322920166015625000e+03
1.927318969726562500e+03
1.692326171875000000e+03
1.688913940429687500e+03
1.807036132812500000e+03
1.835835449218750000e+03
1.697593505859375000e+03
1.569818115234375000e+03
1.554490356445312500e+03
1.603897827148437500e+03
2.031768676757812500e+03
2.276529052734375000e+03
1.924929687500000000e+03
1.483598632812500000e+03
1.310597778320312500e+03
1.405820312500000000e+03
1.463840209960937500e+03
1.999539428710937500e+03
2.568537353515625000e+03
1.969285278320312500e+03
1.393424682617187500e+03
1.494370117187500000e+03
2.730505371093750000e+03
2.513556152343750000e+03
1.806132690429687500e+03
2.298866210937500000e+03
2.759783935546875000e+03
2.222692382812500000e+03
1.946532592773437500e+03
2.554752197265625000e+03
2.377135742187500000e+03
1.941000000000000000e+03
2.019186767578125000e+03
2.172066406250000000e+03
2.104034667968750000e+03
1.949589355468750000e+03
1.633519287109375000e+03
1.586364257812500000e+03
1.658441162109375000e+03
1.587932861328125000e+03
1.759559814453125000e+03
1.907176147460937500e+03
1.880921142578125000e+03
1.953477661132812500e+03
1.878186767578125000e+03
1.681635864257812500e+03
1.803370117187500000e+03
1.945027954101562500e+03
1.981895751953125000e+03
1.890798950195312500e+03
1.631974975585937500e+03
1.568495605468750000e+03
1.684223022460937500e+03
1.794692016601562500e+03
2.172684082031250000e+03
2.003194946289062500e+03
1.704322021484375000e+03
1.520072021484375000e+03
1.526338134765625000e+03
1.452152709960937500e+03
1.541436279296875000e+03
1.805888183593750000e+03
2.035399169921875000e+03
2.187394042968750000e+03
1.807497436523437500e+03
1.475385620117187500e+03
1.569249755859375000e+03
1.440140869140625000e+03
1.526582641601562500e+03
1.974576293945312500e+03
2.206803955078125000e+03
1.851925537109375000e+03
1.530245971679687500e+03
1.497017944335937500e+03
1.586539184570312500e+03
2.355319335937500000e+03
2.445962890625000000e+03
1.631026367187500000e+03
1.563388671875000000e+03
2.360116943359375000e+03
2.373214111328125000e+03
1.625746459960937500e+03
1.579088989257812500e+03
2.499979248046875000e+03
2.494660644531250000e+03
1.776235839843750000e+03
1.868126098632812500e+03
2.503556884765625000e+03
2.274836914062500000e+03
1.855391479492187500e+03
1.994891967773437500e+03
2.321097900390625000e+03
2.126989746093750000e+03
1.873352661132812500e+03
1.785925659179687500e+03
1.968041137695312500e+03
2.150007324218750000e+03
1.877840698242187500e+03
1.617747924804687500e+03
1.599156860351562500e+03
1.780784667968750000e+03
1.900177490234375000e+03
1.640603637695312500e+03
1.517985473632812500e+03
1.664950317382812500e+03
1.821689941406250000e+03
2.062629882812500000e+03
1.995073364257812500e+03
1.658330932617187500e+03
1.489751098632812500e+03
1.455362426757812500e+03
1.410286987304687500e+03
1.533988159179687500e+03
1.842444335937500000e+03
2.431604248046875000e+03
2.241414550781250000e+03
1.477061279296875000e+03
1.529770996093750000e+03
2.601562011718750000e+03
2.492203857421875000e+03
1.699453369140625000e+03
2.089092285156250000e+03
2.775221191406250000e+03
2.211932861328125000e+03
1.935028198242187500e+03
2.421863281250000000e+03
2.309771240234375000e+03
1.885908935546875000e+03
1.712398925781250000e+03
1.750796020507812500e+03
1.814569702148437500e+03
1.956669677734375000e+03
1.897453979492187500e+03
1.685146972656250000e+03
1.615707641601562500e+03
1.534145629882812500e+03
1.681958007812500000e+03
1.821963623046875000e+03
1.900532348632812500e+03
2.046876342773437500e+03
1.782285034179687500e+03
1.466274291992187500e+03
1.530500976562500000e+03
1.653783325195312500e+03
2.011060791015625000e+03
2.327324218750000000e+03
1.838053466796875000e+03
1.385116210937500000e+03
1.560987792968750000e+03
1.922468261718750000e+03
2.159082519531250000e+03
1.926857788085937500e+03
1.587120483398437500e+03
1.364167236328125000e+03
1.365922241210937500e+03
1.414794677734375000e+03
1.596828369140625000e+03
2.451448730468750000e+03
2.323748535156250000e+03
1.562757690429687500e+03
1.481941284179687500e+03
2.569812988281250000e+03
2.724254150390625000e+03
1.947065795898437500e+03
2.405110595703125000e+03
2.467165283203125000e+03
2.190314941406250000e+03
1.871231323242187500e+03
1.818019653320312500e+03
2.014748535156250000e+03
1.984327514648437500e+03
1.794625854492187500e+03
1.599872436523437500e+03
1.500599487304687500e+03
1.560757202148437500e+03
1.610323364257812500e+03
1.831147338867187500e+03
2.070918457031250000e+03
1.979009155273437500e+03
1.699618286132812500e+03
1.459029663085937500e+03
1.415429687500000000e+03
1.654025024414062500e+03
2.137733398437500000e+03
2.331812255859375000e+03
1.727097778320312500e+03
1.304041992187500000e+03
1.372213378906250000e+03
1.568822021484375000e+03
2.335553222656250000e+03
2.500670410156250000e+03
1.601983032226562500e+03
1.480085327148437500e+03
2.340386718750000000e+03
2.664207031250000000e+03
1.828967529296875000e+03
1.771525268554687500e+03
2.537948974609375000e+03
2.347963867187500000e+03
1.973534301757812500e+03
2.093843505859375000e+03
2.314654296875000000e+03
2.151641845703125000e+03
1.888703491210937500e+03
1.646236694335937500e+03
1.732032348632812500e+03
1.919915283203125000e+03
1.879953369140625000e+03
1.576370849609375000e+03
1.426029174804687500e+03
1.514079101562500000e+03
1.392239868164062500e+03
1.295773193359375000e+03
1.553975341796875000e+03
2.165788574218750000e+03
2.375156250000000000e+03
1.768687500000000000e+03
1.326828613281250000e+03
1.297458496093750000e+03
1.821657348632812500e+03
2.786811767578125000e+03
1.937681152343750000e+03
1.438156616210937500e+03
2.177604248046875000e+03
3.107927246093750000e+03
2.018348266601562500e+03
2.158752929687500000e+03
3.060474853515625000e+03
2.145851562500000000e+03
2.097489257812500000e+03
3.049866210937500000e+03
2.306879394531250000e+03
2.401066406250000000e+03
2.637322265625000000e+03
2.116892578125000000e+03
2.210513427734375000e+03
2.283884277343750000e+03
2.041828979492187500e+03
1.926485107421875000e+03
1.774608642578125000e+03
1.650708984375000000e+03
1.694999145507812500e+03
1.581595947265625000e+03
1.532668945312500000e+03
1.678664428710937500e+03
1.648037597656250000e+03
1.835379638671875000e+03
2.074156250000000000e+03
1.812606323242187500e+03
1.602480834960937500e+03
1.361908203125000000e+03
1.435932373046875000e+03
1.426105957031250000e+03
1.766267456054687500e+03
2.422500244140625000e+03
2.056020019531250000e+03
1.472098266601562500e+03
1.575900512695312500e+03
2.419979736328125000e+03
2.395071533203125000e+03
1.647439453125000000e+03
1.939962646484375000e+03
2.846308349609375000e+03
2.151274658203125000e+03
1.950240600585937500e+03
2.527630859375000000e+03
2.407625244140625000e+03
2.032645141601562500e+03
2.027357666015625000e+03
1.979917358398437500e+03
1.868402587890625000e+03
1.721535644531250000e+03
1.602760375976562500e+03
1.535267944335937500e+03
1.438019775390625000e+03
1.493584594726562500e+03
1.636564819335937500e+03
2.179800292968750000e+03
2.096931640625000000e+03
1.607005004882812500e+03
1.465931274414062500e+03
1.263141723632812500e+03
1.375020996093750000e+03
1.498170532226562500e+03
1.880437500000000000e+03
2.590779052734375000e+03
1.988827148437500000e+03
1.479070678710937500e+03
2.528577880859375000e+03
2.700874267578125000e+03
1.963114135742187500e+03
2.168561035156250000e+03
2.410725830078125000e+03
2.046228637695312500e+03
1.722056274414062500e+03
1.744452270507812500e+03
1.865830932617187500e+03
1.823290527343750000e+03
1.747882202148437500e+03
1.550905639648437500e+03
1.498587280273437500e+03
1.516683349609375000e+03
1.627336669921875000e+03
2.120939453125000000e+03
2.100157958984375000e+03
1.569852539062500000e+03
1.356238769531250000e+03
1.351697631835937500e+03
1.543906372070312500e+03
2.009053955078125000e+03
2.460251220703125000e+03
1.847304687500000000e+03
1.292450073242187500e+03
1.965922485351562500e+03
2.709835205078125000e+03
1.828746826171875000e+03
1.545198120117187500e+03
2.433871337890625000e+03
2.433430175781250000e+03
1.891246093750000000e+03
1.908516601562500000e+03
2.212345214843750000e+03
2.152055664062500000e+03
1.764296264648437500e+03
1.710847534179687500e+03
1.947396850585937500e+03
1.943695800781250000e+03
1.727295532226562500e+03
1.484536987304687500e+03
1.414830932617187500e+03
1.401974853515625000e+03
1.375721923828125000e+03
1.348927856445312500e+03
1.590495605468750000e+03
2.240542236328125000e+03
2.194090820312500000e+03
1.544811767578125000e+03
1.274869873046875000e+03
1.509223266601562500e+03
2.264182861328125000e+03
2.416230712890625000e+03
1.653273681640625000e+03
1.541442871093750000e+03
2.778389404296875000e+03
2.531663818359375000e+03
2.105686767578125000e+03
2.611861083984375000e+03
2.094491455078125000e+03
1.840009765625000000e+03
1.944799804687500000e+03
2.037972778320312500e+03
1.744105834960937500e+03
1.683375366210937500e+03
1.540115966796875000e+03
1.432852172851562500e+03
1.393205078125000000e+03
1.408022827148437500e+03
1.549160522460937500e+03
2.136426757812500000e+03
2.283258789062500000e+03
1.561148803710937500e+03
1.368444702148437500e+03
2.005830322265625000e+03
2.788517578125000000e+03
1.914469970703125000e+03
1.872749511718750000e+03
2.934317382812500000e+03
2.243277832031250000e+03
2.012315795898437500e+03
2.750348388671875000e+03
2.065860595703125000e+03
1.960507934570312500e+03
2.512754150390625000e+03
2.141060546875000000e+03
1.886281127929687500e+03
1.984860473632812500e+03
2.166701904296875000e+03
2.009461181640625000e+03
1.714607666015625000e+03
1.589290527343750000e+03
1.812117919921875000e+03
1.935178466796875000e+03
1.746980468750000000e+03
1.582998168945312500e+03
1.409532104492187500e+03
1.378427124023437500e+03
1.466547119140625000e+03
1.603562011718750000e+03
2.070399169921875000e+03
2.134927734375000000e+03
1.622116088867187500e+03
1.332444091796875000e+03
1.482762207031250000e+03
1.950729492187500000e+03
2.191977539062500000e+03
1.759881103515625000e+03
1.339314331054687500e+03
1.126097534179687500e+03
1.267795898437500000e+03
1.978577148437500000e+03
2.733167724609375000e+03
1.774224853515625000e+03
1.506475097656250000e+03
2.986293945312500000e+03
2.297702148437500000e+03
1.823351684570312500e+03
2.518387695312500000e+03
2.316828857421875000e+03
1.843863159179687500e+03
1.789763671875000000e+03
2.139437255859375000e+03
2.085415039062500000e+03
1.655855102539062500e+03
1.697278686523437500e+03
1.999610107421875000e+03
1.992874633789062500e+03
1.701728271484375000e+03
1.484771606445312500e+03
1.350068481445312500e+03
1.390647705078125000e+03
1.435194824218750000e+03
1.554640136718750000e+03
2.097173339843750000e+03
2.137875244140625000e+03
1.555270629882812500e+03
1.293185302734375000e+03
1.384654907226562500e+03
1.805970703125000000e+03
2.426565185546875000e+03
1.931528686523437500e+03
1.355216674804687500e+03
1.644203125000000000e+03
2.778282226562500000e+03
2.082994628906250000e+03
1.776210937500000000e+03
2.859090576171875000e+03
2.165046630859375000e+03
1.882625000000000000e+03
2.424102539062500000e+03
2.183558593750000000e+03
1.946440307617187500e+03
1.674104858398437500e+03
1.569915039062500000e+03
1.800538208007812500e+03
1.804307617187500000e+03
1.653831542968750000e+03
1.566987304687500000e+03
1.335413940429687500e+03
1.373064941406250000e+03
1.482678710937500000e+03
1.750017822265625000e+03
2.273372070312500000e+03
1.915677612304687500e+03
1.416071777343750000e+03
1.426063354492187500e+03
2.055608886718750000e+03
2.386070068359375000e+03
1.707601928710937500e+03
1.537009521484375000e+03
2.564854980468750000e+03
2.388568847656250000e+03
1.845087768554687500e+03
2.401841308593750000e+03
2.279239746093750000e+03
1.938825927734375000e+03
1.874967285156250000e+03
1.942470458984375000e+03
1.867527343750000000e+03
1.635448974609375000e+03
1.548079956054687500e+03
1.499812377929687500e+03
1.383510742187500000e+03
1.357771240234375000e+03
1.275054931640625000e+03
1.254334594726562500e+03
1.308548339843750000e+03
1.708637329101562500e+03
2.651537597656250000e+03
1.913889160156250000e+03
1.425046142578125000e+03
2.543586425781250000e+03
2.615089355468750000e+03
1.978358520507812500e+03
2.140714355468750000e+03
2.258557861328125000e+03
1.965228759765625000e+03
1.687708374023437500e+03
1.580555175781250000e+03
1.688569946289062500e+03
1.692005981445312500e+03
1.617755859375000000e+03
1.593213500976562500e+03
1.584837768554687500e+03
1.595356933593750000e+03
1.737538330078125000e+03
1.868659667968750000e+03
1.731602661132812500e+03
1.578945312500000000e+03
1.657660278320312500e+03
1.673209106445312500e+03
1.793585327148437500e+03
1.893609008789062500e+03
1.745970825195312500e+03
1.552394775390625000e+03
1.400706787109375000e+03
1.560317138671875000e+03
1.911498535156250000e+03
2.126895263671875000e+03
1.882692260742187500e+03
1.360990234375000000e+03
1.392068847656250000e+03
1.320822631835937500e+03
1.349191772460937500e+03
1.943190185546875000e+03
2.185892578125000000e+03
1.754465087890625000e+03
1.362746215820312500e+03
1.247106933593750000e+03
1.382789916992187500e+03
1.474782958984375000e+03
2.424542236328125000e+03
2.226075927734375000e+03
1.434046997070312500e+03
2.090792724609375000e+03
2.736519775390625000e+03
1.980555175781250000e+03
1.791989257812500000e+03
2.382513427734375000e+03
2.181225097656250000e+03
1.835367919921875000e+03
1.986498657226562500e+03
2.059226318359375000e+03
1.788574096679687500e+03
1.680313598632812500e+03
1.585427001953125000e+03
1.496917358398437500e+03
1.613898193359375000e+03
1.680558349609375000e+03
1.627784301757812500e+03
1.733497924804687500e+03
1.846896362304687500e+03
1.804739257812500000e+03
1.624890136718750000e+03
1.500672973632812500e+03
1.727872314453125000e+03
1.848074462890625000e+03
1.672270996093750000e+03
1.722611328125000000e+03
1.655964355468750000e+03
1.746373779296875000e+03
1.775149658203125000e+03
1.640747680664062500e+03
1.717580810546875000e+03
1.653527709960937500e+03
1.658585449218750000e+03
1.695405639648437500e+03
1.594271362304687500e+03
1.581957641601562500e+03
1.498034179687500000e+03
1.585252929687500000e+03
1.764305664062500000e+03
1.847978271484375000e+03
1.861608520507812500e+03
1.779487182617187500e+03
1.718633789062500000e+03
1.708517944335937500e+03
1.674122924804687500e+03
1.669597290039062500e+03
1.698412475585937500e+03
1.672528320312500000e+03
1.648967651367187500e+03
1.532463012695312500e+03
1.592304321289062500e+03
1.727546020507812500e+03
1.605855468750000000e+03
1.674635620117187500e+03
1.800198364257812500e+03
1.629663452148437500e+03
1.685112426757812500e+03
1.724546264648437500e+03
1.660086669921875000e+03
1.841203125000000000e+03
1.722439819335937500e+03
1.746275268554687500e+03
1.649197509765625000e+03
1.545012207031250000e+03
1.706189331054687500e+03
1.624162597656250000e+03
1.738943603515625000e+03
1.767129028320312500e+03
1.645644775390625000e+03
1.697362670898437500e+03
1.614442260742187500e+03
1.749458374023437500e+03
1.889438354492187500e+03
1.788419189453125000e+03
1.683781494140625000e+03
1.589655761718750000e+03
1.672731323242187500e+03
2.098084228515625000e+03
1.917310668945312500e+03
1.542608520507812500e+03
1.484274780273437500e+03
1.413199096679687500e+03
1.453078613281250000e+03
1.528887451171875000e+03
1.734392700195312500e+03
1.993319458007812500e+03
1.875524536132812500e+03
1.585022094726562500e+03
1.526491333007812500e+03
1.418807983398437500e+03
1.553483032226562500e+03
1.632083618164062500e+03
1.799710937500000000e+03
2.148889404296875000e+03
1.821203125000000000e+03
1.438856689453125000e+03
1.387021850585937500e+03
1.374225585937500000e+03
1.296324707031250000e+03
1.262325683593750000e+03
1.557725952148437500e+03
2.435114990234375000e+03
2.174600830078125000e+03
1.388848266601562500e+03
1.645776611328125000e+03
2.660834716796875000e+03
2.211607910156250000e+03
1.716770996093750000e+03
2.608783447265625000e+03
2.461648193359375000e+03
2.012477172851562500e+03
2.038465332031250000e+03
2.107048095703125000e+03
1.996445190429687500e+03
1.723181274414062500e+03
1.563996459960937500e+03
1.674804687500000000e+03
1.848449951171875000e+03
1.809126586914062500e+03
1.558049804687500000e+03
1.419497192382812500e+03
1.503821655273437500e+03
1.645312011718750000e+03
1.911870117187500000e+03
2.084821777343750000e+03
1.713759643554687500e+03
1.352813476562500000e+03
1.292699829101562500e+03
1.186930541992187500e+03
1.222508544921875000e+03
1.449659423828125000e+03
2.438830566406250000e+03
2.306618896484375000e+03
1.484490966796875000e+03
1.767804321289062500e+03
2.921043945312500000e+03
2.097732910156250000e+03
2.109750000000000000e+03
2.902830322265625000e+03
2.072881591796875000e+03
1.967154785156250000e+03
2.502881103515625000e+03
2.138783935546875000e+03
1.866167846679687500e+03
2.155902099609375000e+03
2.052194091796875000e+03
1.800295166015625000e+03
1.636007202148437500e+03
1.732618530273437500e+03
1.840862304687500000e+03
1.678993286132812500e+03
1.517682983398437500e+03
1.376411132812500000e+03
1.324191040039062500e+03
1.315741699218750000e+03
1.229208496093750000e+03
1.260269531250000000e+03
1.704224975585937500e+03
2.488408447265625000e+03
1.825496948242187500e+03
1.315990600585937500e+03
1.769707763671875000e+03
3.093239257812500000e+03
1.991407104492187500e+03
2.195485107421875000e+03
3.044867187500000000e+03
1.921265258789062500e+03
2.064329101562500000e+03
3.093781005859375000e+03
2.011495849609375000e+03
2.484691894531250000e+03
2.648958251953125000e+03
1.851233520507812500e+03
2.006054199218750000e+03
2.468362304687500000e+03
2.042954833984375000e+03
1.728981445312500000e+03
2.175665527343750000e+03
2.259632568359375000e+03
1.788646850585937500e+03
1.742360961914062500e+03
1.954803588867187500e+03
2.018532104492187500e+03
1.782280273437500000e+03
1.581070190429687500e+03
1.460548339843750000e+03
1.678825439453125000e+03
1.849338012695312500e+03
1.689719848632812500e+03
1.491354003906250000e+03
1.393058959960937500e+03
1.421844848632812500e+03
1.706141845703125000e+03
2.002783813476562500e+03
1.889906616210937500e+03
1.493981201171875000e+03
1.258726684570312500e+03
1.320592773437500000e+03
1.594864501953125000e+03
2.253672363281250000e+03
2.073730224609375000e+03
1.310249633789062500e+03
1.428207763671875000e+03
2.239519287109375000e+03
2.396134521484375000e+03
1.613325317382812500e+03
1.526688964843750000e+03
3.038957031250000000e+03
2.211082031250000000e+03
2.375123046875000000e+03
2.957965087890625000e+03
1.819464355468750000e+03
2.426505371093750000e+03
2.604836425781250000e+03
1.932979614257812500e+03
2.069495605468750000e+03
2.361467041015625000e+03
2.091821533203125000e+03
1.841481689453125000e+03
1.966032836914062500e+03
2.040026855468750000e+03
1.752539306640625000e+03
1.577430664062500000e+03
1.512759521484375000e+03
1.596682617187500000e+03
1.729686157226562500e+03
1.687937133789062500e+03
1.568867675781250000e+03
1.452348144531250000e+03
1.531776367187500000e+03
1.791673828125000000e+03
2.021070312500000000e+03
1.701245361328125000e+03
1.281027709960937500e+03
1.269338867187500000e+03
1.381454711914062500e+03
1.778919799804687500e+03
2.414151367187500000e+03
1.817959472656250000e+03
1.349656616210937500e+03
2.052399414062500000e+03
2.708049316406250000e+03
1.915571166992187500e+03
1.998418823242187500e+03
2.483452392578125000e+03
2.144476074218750000e+03
1.802886840820312500e+03
2.073328857421875000e+03
2.220891845703125000e+03
1.951608520507812500e+03
1.727920288085937500e+03
1.658203857421875000e+03
1.720959350585937500e+03
1.592363525390625000e+03
1.439832153320312500e+03
1.359741455078125000e+03
1.283229370117187500e+03
1.288819458007812500e+03
1.158733764648437500e+03
1.183850830078125000e+03
1.421051147460937500e+03
2.249183837890625000e+03
2.233016845703125000e+03
1.442151123046875000e+03
1.394791137695312500e+03
2.379759765625000000e+03
2.339583740234375000e+03
1.612235351562500000e+03
1.852945678710937500e+03
2.753231201171875000e+03
2.061485595703125000e+03
2.011772338867187500e+03
2.481863037109375000e+03
2.016871337890625000e+03
1.825334350585937500e+03
2.025661499023437500e+03
1.847846923828125000e+03
1.678205810546875000e+03
1.636855834960937500e+03
1.474652465820312500e+03
1.319316284179687500e+03
1.336846435546875000e+03
1.307553833007812500e+03
1.187058105468750000e+03
1.235833007812500000e+03
1.696645019531250000e+03
2.398483886718750000e+03
1.934139038085937500e+03
1.334639160156250000e+03
1.975347656250000000e+03
2.867923583984375000e+03
2.009796508789062500e+03
2.179794921875000000e+03
2.457861083984375000e+03
2.018491088867187500e+03
1.771154174804687500e+03
2.083203369140625000e+03
2.013252685546875000e+03
1.669835937500000000e+03
1.690783203125000000e+03
1.700433349609375000e+03
1.549261840820312500e+03
1.526665649414062500e+03
1.464253173828125000e+03
1.333737670898437500e+03
1.341413940429687500e+03
1.279638549804687500e+03
1.305161865234375000e+03
1.578057006835937500e+03
2.129810058593750000e+03
2.019874511718750000e+03
1.476292602539062500e+03
1.259304931640625000e+03
1.667281982421875000e+03
2.409001220703125000e+03
1.801808105468750000e+03
1.325099487304687500e+03
2.040860473632812500e+03
2.750661865234375000e+03
1.856177001953125000e+03
2.124712402343750000e+03
2.389025878906250000e+03
1.900492187500000000e+03
1.612315307617187500e+03
1.934756347656250000e+03
2.076583740234375000e+03
1.773373535156250000e+03
