9.569643750000000000e+04
2.461697968750000000e+05
1.791908750000000000e+05
4.864855859375000000e+04
1.276560234375000000e+05
1.518159375000000000e+05
1.076583906250000000e+05
3.642732421875000000e+04
6.951574218750000000e+04
9.929647656250000000e+04
8.567388281250000000e+04
4.399801953125000000e+04
3.051037109375000000e+04
6.018648437500000000e+04
6.296923828125000000e+04
4.130916015625000000e+04
2.082964843750000000e+04
3.751185937500000000e+04
4.633426171875000000e+04
3.516335937500000000e+04
1.816146289062500000e+04
2.670969335937500000e+04
3.475450000000000000e+04
2.684785546875000000e+04
1.484795898437500000e+04
2.265225390625000000e+04
2.715649804687500000e+04
1.853850781250000000e+04
1.365232617187500000e+04
2.100670312500000000e+04
1.910637890625000000e+04
1.126078417968750000e+04
1.613614160156250000e+04
1.754417578125000000e+04
1.052650195312500000e+04
1.320443750000000000e+04
1.487848925781250000e+04
9.039265625000000000e+03
1.244012890625000000e+04
1.233130957031250000e+04
8.065233886718750000e+03
1.169285058593750000e+04
8.904309570312500000e+03
8.945679687500000000e+03
9.960140625000000000e+03
6.956947753906250000e+03
9.318072265625000000e+03
6.557813476562500000e+03
8.357589843750000000e+03
6.786153808593750000e+03
7.525540527343750000e+03
6.552167480468750000e+03
7.074604492187500000e+03
6.105486816406250000e+03
6.838032714843750000e+03
5.486052734375000000e+03
6.917294433593750000e+03
4.968319824218750000e+03
6.945881347656250000e+03
4.530601074218750000e+03
6.344123046875000000e+03
4.662657714843750000e+03
4.924459960937500000e+03
5.500824707031250000e+03
4.031640869140625000e+03
4.892440429687500000e+03
4.933638183593750000e+03
3.784375244140625000e+03
4.226833496093750000e+03
4.999010742187500000e+03
4.019961914062500000e+03
3.449016601562500000e+03
3.943386718750000000e+03
4.655953613281250000e+03
4.260671875000000000e+03
3.463280517578125000e+03
3.112610351562500000e+03
3.203328369140625000e+03
3.655375732421875000e+03
4.806767089843750000e+03
4.962855468750000000e+03
3.828586914062500000e+03
3.167956054687500000e+03
3.103028076171875000e+03
3.545972656250000000e+03
5.105444824218750000e+03
5.382229980468750000e+03
3.755188720703125000e+03
2.864746337890625000e+03
2.717671386718750000e+03
2.660842041015625000e+03
2.756302978515625000e+03
3.730822509765625000e+03
6.854801269531250000e+03
4.053517333984375000e+03
2.719514892578125000e+03
2.525517089843750000e+03
2.906094726562500000e+03
5.405173828125000000e+03
6.732589843750000000e+03
3.333488281250000000e+03
3.329797363281250000e+03
8.462429687500000000e+03
3.733846679687500000e+03
6.361800781250000000e+03
7.981652343750000000e+03
4.382507812500000000e+03
8.564313476562500000e+03
3.432328857421875000e+03
5.290622558593750000e+03
8.152733886718750000e+03
3.997640380859375000e+03
8.592927734375000000e+03
3.936660400390625000e+03
5.718468750000000000e+03
7.969676757812500000e+03
4.265825195312500000e+03
9.037903320312500000e+03
3.796080322265625000e+03
9.347912109375000000e+03
3.620073730468750000e+03
6.429650390625000000e+03
6.790828613281250000e+03
4.377305175781250000e+03
7.336635742187500000e+03
4.115357421875000000e+03
5.320610839843750000e+03
7.118937988281250000e+03
4.333766113281250000e+03
6.938231445312500000e+03
4.564866210937500000e+03
4.428014648437500000e+03
6.645125488281250000e+03
4.342754882812500000e+03
5.644631835937500000e+03
5.707102539062500000e+03
4.114426269531250000e+03
4.524474121093750000e+03
5.220003417968750000e+03
4.293996582031250000e+03
4.014894531250000000e+03
4.890297851562500000e+03
4.172150390625000000e+03
3.777994628906250000e+03
4.054640625000000000e+03
3.997385009765625000e+03
3.963276855468750000e+03
3.407207519531250000e+03
3.188788574218750000e+03
3.330767333984375000e+03
3.787024902343750000e+03
4.199958496093750000e+03
3.642291748046875000e+03
3.346388183593750000e+03
3.167292236328125000e+03
3.077735351562500000e+03
3.492490234375000000e+03
4.582921386718750000e+03
4.611229003906250000e+03
3.354799560546875000e+03
3.007257080078125000e+03
3.167435546875000000e+03
3.574843994140625000e+03
4.471730468750000000e+03
4.521565429687500000e+03
3.498653076171875000e+03
3.144224853515625000e+03
3.121050048828125000e+03
3.252220947265625000e+03
4.060345214843750000e+03
5.158526855468750000e+03
4.110555175781250000e+03
3.036645019531250000e+03
3.172147216796875000e+03
4.244125000000000000e+03
4.928637207031250000e+03
3.863121337890625000e+03
3.323180664062500000e+03
2.996142089843750000e+03
2.942324951171875000e+03
3.502706298828125000e+03
4.061101074218750000e+03
5.326138671875000000e+03
4.551977050781250000e+03
3.145041992187500000e+03
3.538840332031250000e+03
4.702750000000000000e+03
4.528791503906250000e+03
3.562079345703125000e+03
3.113270996093750000e+03
3.061618652343750000e+03
3.262963623046875000e+03
3.786365722656250000e+03
4.722261718750000000e+03
4.618809082031250000e+03
3.584309082031250000e+03
3.037177734375000000e+03
3.089827880859375000e+03
3.149182617187500000e+03
2.968766357421875000e+03
4.279426757812500000e+03
5.495440917968750000e+03
3.965932617187500000e+03
3.144615234375000000e+03
3.098406738281250000e+03
4.402075195312500000e+03
5.697464843750000000e+03
3.958957519531250000e+03
3.436364013671875000e+03
5.702170410156250000e+03
5.757629394531250000e+03
3.935370361328125000e+03
4.469691406250000000e+03
5.890333984375000000e+03
4.746495605468750000e+03
3.877508056640625000e+03
5.644941406250000000e+03
5.361850097656250000e+03
4.423307128906250000e+03
4.588862792968750000e+03
4.489251464843750000e+03
4.354560058593750000e+03
3.980564697265625000e+03
3.470987548828125000e+03
3.469037841796875000e+03
3.563306396484375000e+03
3.382726318359375000e+03
3.827149414062500000e+03
4.126129394531250000e+03
4.006848876953125000e+03
3.892832275390625000e+03
3.558790527343750000e+03
3.698146240234375000e+03
4.091666503906250000e+03
4.262326171875000000e+03
4.530992675781250000e+03
4.172282226562500000e+03
3.684836669921875000e+03
3.616316650390625000e+03
4.035009521484375000e+03
4.182394531250000000e+03
3.914383300781250000e+03
4.110750976562500000e+03
3.902519531250000000e+03
3.923191406250000000e+03
4.323705078125000000e+03
4.039572265625000000e+03
4.182656738281250000e+03
4.192367187500000000e+03
3.758250244140625000e+03
4.193976074218750000e+03
4.343385253906250000e+03
3.900369873046875000e+03
4.328453613281250000e+03
4.137023925781250000e+03
3.634005859375000000e+03
3.842532226562500000e+03
3.723180175781250000e+03
3.796770507812500000e+03
3.932776367187500000e+03
3.797095703125000000e+03
3.961782714843750000e+03
3.676010009765625000e+03
3.724494628906250000e+03
4.105768554687500000e+03
4.008113525390625000e+03
4.305957519531250000e+03
4.282785644531250000e+03
3.943873291015625000e+03
4.182859375000000000e+03
4.170787109375000000e+03
4.190747558593750000e+03
4.402355468750000000e+03
4.207743164062500000e+03
4.327955078125000000e+03
4.209094238281250000e+03
4.064197265625000000e+03
4.252228027343750000e+03
4.237636718750000000e+03
4.183505371093750000e+03
4.280603515625000000e+03
4.301190429687500000e+03
4.216317382812500000e+03
4.685095214843750000e+03
4.603126953125000000e+03
4.009553222656250000e+03
4.095064697265625000e+03
4.281898437500000000e+03
4.261485351562500000e+03
4.669246582031250000e+03
4.271295410156250000e+03
3.944214843750000000e+03
4.223831542968750000e+03
3.937723388671875000e+03
4.030720947265625000e+03
4.576488769531250000e+03
3.961913330078125000e+03
3.821097412109375000e+03
4.091497070312500000e+03
4.113182617187500000e+03
4.337098632812500000e+03
4.689868164062500000e+03
4.427029296875000000e+03
3.806941894531250000e+03
3.924008544921875000e+03
4.338019042968750000e+03
4.017375244140625000e+03
4.160785644531250000e+03
4.233373535156250000e+03
3.948442382812500000e+03
4.394244140625000000e+03
4.572428710937500000e+03
4.138726562500000000e+03
3.844549316406250000e+03
3.870733398437500000e+03
4.319353515625000000e+03
4.939530761718750000e+03
4.471798339843750000e+03
3.621952880859375000e+03
3.548389892578125000e+03
3.837991943359375000e+03
3.995701171875000000e+03
4.631076171875000000e+03
4.769084472656250000e+03
3.847408203125000000e+03
3.123343750000000000e+03
3.289140380859375000e+03
3.715540283203125000e+03
5.400985839843750000e+03
5.501684082031250000e+03
3.702643554687500000e+03
3.721920410156250000e+03
6.256937988281250000e+03
5.835613281250000000e+03
4.721715820312500000e+03
6.544759277343750000e+03
4.856023925781250000e+03
4.808840820312500000e+03
4.980489257812500000e+03
4.383643066406250000e+03
4.298869140625000000e+03
3.866446044921875000e+03
3.518420654296875000e+03
3.495047363281250000e+03
3.464858886718750000e+03
3.423721191406250000e+03
3.623056640625000000e+03
4.569493164062500000e+03
5.624780761718750000e+03
3.989062744140625000e+03
2.852719970703125000e+03
3.935466064453125000e+03
6.585213378906250000e+03
4.885767578125000000e+03
3.553410400390625000e+03
6.643558105468750000e+03
5.986979492187500000e+03
4.551277832031250000e+03
4.886110839843750000e+03
5.350027832031250000e+03
5.256990722656250000e+03
4.158458496093750000e+03
3.826466308593750000e+03
5.306856445312500000e+03
5.473429199218750000e+03
4.679780761718750000e+03
4.501100585937500000e+03
4.990292480468750000e+03
4.924353515625000000e+03
4.391864746093750000e+03
3.811656250000000000e+03
3.893035644531250000e+03
4.451790527343750000e+03
4.161739746093750000e+03
3.423219726562500000e+03
3.259386718750000000e+03
3.234040039062500000e+03
3.204958007812500000e+03
3.474064941406250000e+03
4.576484863281250000e+03
5.541962402343750000e+03
3.857869384765625000e+03
2.830764404296875000e+03
3.923270507812500000e+03
7.313271972656250000e+03
4.627670898437500000e+03
4.744640625000000000e+03
7.417594726562500000e+03
4.328660644531250000e+03
4.400831542968750000e+03
6.725173339843750000e+03
4.473851562500000000e+03
4.690076171875000000e+03
6.346461914062500000e+03
4.614182617187500000e+03
4.399817871093750000e+03
5.386586425781250000e+03
4.825305175781250000e+03
4.059867675781250000e+03
4.005628906250000000e+03
4.163896484375000000e+03
3.960457275390625000e+03
3.630265869140625000e+03
3.646635986328125000e+03
3.325205322265625000e+03
2.979821533203125000e+03
3.307244628906250000e+03
4.181404785156250000e+03
4.870982421875000000e+03
4.427998046875000000e+03
3.385113525390625000e+03
2.983038574218750000e+03
3.978837402343750000e+03
5.580805664062500000e+03
4.333265136718750000e+03
3.022029052734375000e+03
3.814418212890625000e+03
6.711024414062500000e+03
4.634169921875000000e+03
4.264104003906250000e+03
7.127968750000000000e+03
4.839467773437500000e+03
5.068392089843750000e+03
6.678540527343750000e+03
4.630771484375000000e+03
5.764704589843750000e+03
5.460920410156250000e+03
3.990592285156250000e+03
4.463438476562500000e+03
4.436464843750000000e+03
4.173836425781250000e+03
3.696092529296875000e+03
3.144332031250000000e+03
3.287607177734375000e+03
3.232524658203125000e+03
3.111168212890625000e+03
3.680041748046875000e+03
4.697267089843750000e+03
4.447213867187500000e+03
3.187811523437500000e+03
2.842253662109375000e+03
2.773087890625000000e+03
3.110303955078125000e+03
5.855855957031250000e+03
4.825420898437500000e+03
3.173854736328125000e+03
5.006961425781250000e+03
6.679733886718750000e+03
4.529652343750000000e+03
5.003993652343750000e+03
4.633910644531250000e+03
4.328868164062500000e+03
3.429025634765625000e+03
3.210049072265625000e+03
3.800793212890625000e+03
4.077420898437500000e+03
3.787889648437500000e+03
3.460964843750000000e+03
3.236306396484375000e+03
3.285126220703125000e+03
3.787193603515625000e+03
4.628068847656250000e+03
3.934181396484375000e+03
3.155350585937500000e+03
3.108164550781250000e+03
3.599537353515625000e+03
5.487165039062500000e+03
4.541811523437500000e+03
2.911167236328125000e+03
4.525901855468750000e+03
6.397308593750000000e+03
4.482881347656250000e+03
4.422228515625000000e+03
5.785728515625000000e+03
4.948176269531250000e+03
4.217353027343750000e+03
4.911145507812500000e+03
5.050917968750000000e+03
4.448401855468750000e+03
3.965037841796875000e+03
3.896790283203125000e+03
3.940544189453125000e+03
3.767026611328125000e+03
3.548621582031250000e+03
3.213739013671875000e+03
3.241263671875000000e+03
3.244336669921875000e+03
3.017443603515625000e+03
3.314773925781250000e+03
4.202423828125000000e+03
4.380360839843750000e+03
3.772531005859375000e+03
3.417479003906250000e+03
3.352695312500000000e+03
4.340991699218750000e+03
5.339745605468750000e+03
3.712308593750000000e+03
2.855778564453125000e+03
5.518449707031250000e+03
5.198603515625000000e+03
3.832222412109375000e+03
5.900732421875000000e+03
4.986853027343750000e+03
4.378959472656250000e+03
4.538019042968750000e+03
4.702997070312500000e+03
4.585285644531250000e+03
3.783382080078125000e+03
3.391590576171875000e+03
3.573925537109375000e+03
3.360325683593750000e+03
3.148595214843750000e+03
2.910469238281250000e+03
2.994738037109375000e+03
2.767155273437500000e+03
2.884539062500000000e+03
3.187169921875000000e+03
4.703200683593750000e+03
5.329898437500000000e+03
3.578478515625000000e+03
3.792524658203125000e+03
6.599269042968750000e+03
5.088308105468750000e+03
4.902326171875000000e+03
5.926034667968750000e+03
4.810070312500000000e+03
4.701592773437500000e+03
4.975989257812500000e+03
4.493250000000000000e+03
4.285867675781250000e+03
3.804699951171875000e+03
3.883740966796875000e+03
3.835224609375000000e+03
3.437310546875000000e+03
3.411467285156250000e+03
3.117290283203125000e+03
3.290072021484375000e+03
3.752919677734375000e+03
3.982758056640625000e+03
3.911201660156250000e+03
3.619516845703125000e+03
3.457559570312500000e+03
3.705386230468750000e+03
3.882427001953125000e+03
3.851760253906250000e+03
3.749064697265625000e+03
3.636248291015625000e+03
3.626686279296875000e+03
3.883012939453125000e+03
4.085723632812500000e+03
3.662820068359375000e+03
3.427579345703125000e+03
3.668666259765625000e+03
3.796130859375000000e+03
4.192017089843750000e+03
4.092181884765625000e+03
3.088244628906250000e+03
3.134488037109375000e+03
3.694229248046875000e+03
3.856019287109375000e+03
4.049192871093750000e+03
3.649131347656250000e+03
3.030044921875000000e+03
3.390341064453125000e+03
3.698286376953125000e+03
4.029577392578125000e+03
4.412165527343750000e+03
3.615185058593750000e+03
2.853019531250000000e+03
3.210400634765625000e+03
3.128863037109375000e+03
3.268781738281250000e+03
4.796679687500000000e+03
4.097148925781250000e+03
2.929138671875000000e+03
3.411169677734375000e+03
4.015644531250000000e+03
4.047628173828125000e+03
3.712030029296875000e+03
3.034930908203125000e+03
2.911259521484375000e+03
3.028522949218750000e+03
3.373409179687500000e+03
4.037457275390625000e+03
4.511075195312500000e+03
3.622066650390625000e+03
2.729220458984375000e+03
2.422519042968750000e+03
2.732276367187500000e+03
2.844579589843750000e+03
4.986920410156250000e+03
5.486074707031250000e+03
3.492647949218750000e+03
4.427124023437500000e+03
5.888085937500000000e+03
4.697042968750000000e+03
3.997174560546875000e+03
5.336080078125000000e+03
5.396077636718750000e+03
4.896186035156250000e+03
4.287169433593750000e+03
4.406660156250000000e+03
4.372856445312500000e+03
3.789479980468750000e+03
3.436997558593750000e+03
3.257886962890625000e+03
3.146788330078125000e+03
2.935072998046875000e+03
2.694675048828125000e+03
2.881172607421875000e+03
2.992602539062500000e+03
4.454589843750000000e+03
5.234629394531250000e+03
3.411513916015625000e+03
3.465628662109375000e+03
6.062892578125000000e+03
4.855954589843750000e+03
4.380957031250000000e+03
6.142297851562500000e+03
4.562909179687500000e+03
5.101848144531250000e+03
5.047150390625000000e+03
3.911414550781250000e+03
4.098580078125000000e+03
3.811363037109375000e+03
3.678523193359375000e+03
3.706126708984375000e+03
3.510737304687500000e+03
3.285143066406250000e+03
3.334245605468750000e+03
3.178991943359375000e+03
3.253184082031250000e+03
3.650110595703125000e+03
3.829339843750000000e+03
3.905728271484375000e+03
3.456593750000000000e+03
2.958747558593750000e+03
3.375361083984375000e+03
4.497752929687500000e+03
4.191494140625000000e+03
2.845620361328125000e+03
2.425754638671875000e+03
3.259875976562500000e+03
4.613115722656250000e+03
4.070281982421875000e+03
2.787708251953125000e+03
2.382302490234375000e+03
2.278187988281250000e+03
2.159351074218750000e+03
2.399123535156250000e+03
3.546014892578125000e+03
6.549825195312500000e+03
3.624696533203125000e+03
3.404940185546875000e+03
7.327985839843750000e+03
3.491557861328125000e+03
6.163579101562500000e+03
6.406173339843750000e+03
3.622843994140625000e+03
8.060470703125000000e+03
3.473212890625000000e+03
8.906726562500000000e+03
3.472187744140625000e+03
6.933145996093750000e+03
3.798545898437500000e+03
2.977202636718750000e+03
4.860620605468750000e+03
5.269406738281250000e+03
3.861629394531250000e+03
3.411290039062500000e+03
4.768569824218750000e+03
4.752925781250000000e+03
3.664871582031250000e+03
4.138783203125000000e+03
4.451511718750000000e+03
3.875042968750000000e+03
3.224446533203125000e+03
3.267788330078125000e+03
3.553477050781250000e+03
3.356046386718750000e+03
3.061453613281250000e+03
2.941471679687500000e+03
2.920484375000000000e+03
2.840426025390625000e+03
3.238062255859375000e+03
4.023935302734375000e+03
3.643548583984375000e+03
2.857128417968750000e+03
2.450340576171875000e+03
2.782675048828125000e+03
4.333688476562500000e+03
4.202163085937500000e+03
2.787167968750000000e+03
2.421011962890625000e+03
3.443552978515625000e+03
4.874960937500000000e+03
3.710133544921875000e+03
2.631896240234375000e+03
3.632221923828125000e+03
5.745974121093750000e+03
3.974706298828125000e+03
3.910188232421875000e+03
5.663057128906250000e+03
4.402306152343750000e+03
4.652755859375000000e+03
5.110117187500000000e+03
4.097356445312500000e+03
4.174541015625000000e+03
4.041048339843750000e+03
3.718226318359375000e+03
3.611584960937500000e+03
3.209708251953125000e+03
2.974311523437500000e+03
2.969322265625000000e+03
2.799792236328125000e+03
2.467682861328125000e+03
2.591515625000000000e+03
2.366966064453125000e+03
2.293805908203125000e+03
2.407341064453125000e+03
2.954119873046875000e+03
4.895865234375000000e+03
4.057451660156250000e+03
2.644876708984375000e+03
3.897260742187500000e+03
5.929455078125000000e+03
4.113844238281250000e+03
4.345020996093750000e+03
4.761541015625000000e+03
4.360859863281250000e+03
3.676041259765625000e+03
3.706242919921875000e+03
4.566509277343750000e+03
4.173386718750000000e+03
3.655382324218750000e+03
3.378233398437500000e+03
3.349101318359375000e+03
3.247505371093750000e+03
2.814708007812500000e+03
2.797470214843750000e+03
2.974942626953125000e+03
2.553681640625000000e+03
3.020672363281250000e+03
3.530813964843750000e+03
3.116583007812500000e+03
3.203110351562500000e+03
3.429086669921875000e+03
3.658720947265625000e+03
3.649751708984375000e+03
3.131078613281250000e+03
2.884791748046875000e+03
3.454812744140625000e+03
3.938387939453125000e+03
3.570985839843750000e+03
2.903207031250000000e+03
2.719656982421875000e+03
3.301784667968750000e+03
4.219625000000000000e+03
3.675079345703125000e+03
2.644819580078125000e+03
2.544174316406250000e+03
2.681626464843750000e+03
2.387938232421875000e+03
3.187851562500000000e+03
3.771547363281250000e+03
3.508260253906250000e+03
3.441357177734375000e+03
3.042115722656250000e+03
3.300887207031250000e+03
4.268708984375000000e+03
3.540266601562500000e+03
2.334313476562500000e+03
2.749206542968750000e+03
3.592354980468750000e+03
4.118509765625000000e+03
3.671013671875000000e+03
2.695354980468750000e+03
2.420760742187500000e+03
3.313323974609375000e+03
4.149412109375000000e+03
3.538801269531250000e+03
2.767558105468750000e+03
2.223178710937500000e+03
2.264952880859375000e+03
2.830435546875000000e+03
4.061413330078125000e+03
4.377302246093750000e+03
2.987417724609375000e+03
2.306274902343750000e+03
4.526212402343750000e+03
5.189121093750000000e+03
3.480542236328125000e+03
3.856150390625000000e+03
4.581191406250000000e+03
4.071848388671875000e+03
3.285746582031250000e+03
3.819854248046875000e+03
4.660391113281250000e+03
3.893791503906250000e+03
3.374455078125000000e+03
3.638567871093750000e+03
4.045713623046875000e+03
3.486460693359375000e+03
2.900824707031250000e+03
2.895508544921875000e+03
2.990322998046875000e+03
3.057711669921875000e+03
3.124476562500000000e+03
2.872759521484375000e+03
2.625978759765625000e+03
3.029711669921875000e+03
3.370114990234375000e+03
3.610577880859375000e+03
3.588842529296875000e+03
2.890106933593750000e+03
2.559635742187500000e+03
3.179311279296875000e+03
4.104574218750000000e+03
3.482569335937500000e+03
2.432053466796875000e+03
2.287692626953125000e+03
2.375108886718750000e+03
2.669289306640625000e+03
4.204088378906250000e+03
4.412951171875000000e+03
2.643614990234375000e+03
3.228740722656250000e+03
6.249077148437500000e+03
3.938854248046875000e+03
4.832151367187500000e+03
4.558155273437500000e+03
3.415052246093750000e+03
3.433688720703125000e+03
4.750969726562500000e+03
4.048659179687500000e+03
3.406762695312500000e+03
3.647139404296875000e+03
3.957495361328125000e+03
3.579718994140625000e+03
3.110254882812500000e+03
3.032475341796875000e+03
3.343335205078125000e+03
3.324883300781250000e+03
3.031230957031250000e+03
2.572960937500000000e+03
2.509322021484375000e+03
2.556657714843750000e+03
2.277634521484375000e+03
2.330325439453125000e+03
2.304606689453125000e+03
2.838470214843750000e+03
4.756457519531250000e+03
3.625398193359375000e+03
2.451869628906250000e+03
4.423147460937500000e+03
5.003306640625000000e+03
3.588068359375000000e+03
3.753805664062500000e+03
4.048687011718750000e+03
3.900498291015625000e+03
3.044674316406250000e+03
2.826103515625000000e+03
3.350043701171875000e+03
3.226076904296875000e+03
2.902456054687500000e+03
2.703888671875000000e+03
2.678332275390625000e+03
2.744421630859375000e+03
2.679170898437500000e+03
2.536934082031250000e+03
2.905562255859375000e+03
3.441428710937500000e+03
3.292020263671875000e+03
2.871450195312500000e+03
3.077076904296875000e+03
3.341323974609375000e+03
3.569572021484375000e+03
3.402473876953125000e+03
2.739634033203125000e+03
2.541458251953125000e+03
2.578836425781250000e+03
2.706008056640625000e+03
3.517924560546875000e+03
3.698576171875000000e+03
2.789658691406250000e+03
2.481097412109375000e+03
2.253179199218750000e+03
2.164396728515625000e+03
2.201632324218750000e+03
2.009844604492187500e+03
3.062157958984375000e+03
5.265259277343750000e+03
3.423398925781250000e+03
2.752950927734375000e+03
6.533995117187500000e+03
3.640289062500000000e+03
5.800582031250000000e+03
4.596448242187500000e+03
3.137762695312500000e+03
4.844707519531250000e+03
4.042747558593750000e+03
3.507500732421875000e+03
3.677949951171875000e+03
3.861510986328125000e+03
3.887327392578125000e+03
3.172662597656250000e+03
2.836515380859375000e+03
3.448680908203125000e+03
3.680197998046875000e+03
2.952926513671875000e+03
2.594053222656250000e+03
2.620312255859375000e+03
2.998845214843750000e+03
3.253812011718750000e+03
3.324519531250000000e+03
3.021712890625000000e+03
2.541383056640625000e+03
2.574861572265625000e+03
3.233648193359375000e+03
3.481773193359375000e+03
3.314443359375000000e+03
2.917733398437500000e+03
2.603336914062500000e+03
3.223857910156250000e+03
4.406874511718750000e+03
3.273731201171875000e+03
2.162349365234375000e+03
2.593277099609375000e+03
4.986605957031250000e+03
4.114625000000000000e+03
3.197665527343750000e+03
4.557555664062500000e+03
3.872039306640625000e+03
3.324650390625000000e+03
2.914568603515625000e+03
3.284935302734375000e+03
4.539377441406250000e+03
3.606470214843750000e+03
3.330938720703125000e+03
4.319536132812500000e+03
4.039851318359375000e+03
3.428480712890625000e+03
3.304136718750000000e+03
3.400217285156250000e+03
3.532071289062500000e+03
3.315436279296875000e+03
2.751754394531250000e+03
2.585343261718750000e+03
3.120392333984375000e+03
3.212771728515625000e+03
2.841133544921875000e+03
2.653540771484375000e+03
2.426542236328125000e+03
2.341705322265625000e+03
2.621874267578125000e+03
3.173129882812500000e+03
3.657907714843750000e+03
3.093272949218750000e+03
2.341073486328125000e+03
2.219207031250000000e+03
2.238863525390625000e+03
3.196618652343750000e+03
4.269540039062500000e+03
3.015184326171875000e+03
2.161995361328125000e+03
2.709032470703125000e+03
4.461847656250000000e+03
3.913214599609375000e+03
2.655138916015625000e+03
3.679239013671875000e+03
4.968333007812500000e+03
3.590920654296875000e+03
3.416727050781250000e+03
4.375347167968750000e+03
3.816241210937500000e+03
3.193712646484375000e+03
3.626372314453125000e+03
3.640918945312500000e+03
3.053681396484375000e+03
2.859202392578125000e+03
2.783424804687500000e+03
2.801782714843750000e+03
2.909503662109375000e+03
2.902778076171875000e+03
2.673466796875000000e+03
2.737998779296875000e+03
3.223940917968750000e+03
3.488015869140625000e+03
3.061747070312500000e+03
2.557968994140625000e+03
2.440349609375000000e+03
2.712975097656250000e+03
3.145587402343750000e+03
3.757671875000000000e+03
3.161386718750000000e+03
2.396501953125000000e+03
2.390407226562500000e+03
2.742560546875000000e+03
2.982878662109375000e+03
3.113678955078125000e+03
3.197759277343750000e+03
3.159859863281250000e+03
2.769183593750000000e+03
2.643489990234375000e+03
3.505089599609375000e+03
3.866432617187500000e+03
2.632739746093750000e+03
2.120689208984375000e+03
2.367122802734375000e+03
3.815214355468750000e+03
4.489630859375000000e+03
2.855941406250000000e+03
3.134114746093750000e+03
5.524488769531250000e+03
3.895976074218750000e+03
4.307216796875000000e+03
4.621487792968750000e+03
3.457135253906250000e+03
3.671124267578125000e+03
4.308330566406250000e+03
3.609830566406250000e+03
3.243635986328125000e+03
3.096141845703125000e+03
3.106255859375000000e+03
3.115686035156250000e+03
2.751216796875000000e+03
2.584187255859375000e+03
2.431309082031250000e+03
2.454544677734375000e+03
2.414564453125000000e+03
2.392209716796875000e+03
2.886708251953125000e+03
3.346290039062500000e+03
2.998793945312500000e+03
2.582728759765625000e+03
2.658424560546875000e+03
2.764735351562500000e+03
3.417197265625000000e+03
3.478749023437500000e+03
2.520487548828125000e+03
2.357469970703125000e+03
2.263341308593750000e+03
2.189798339843750000e+03
2.331650390625000000e+03
2.803375732421875000e+03
3.843979248046875000e+03
3.448138671875000000e+03
2.372130859375000000e+03
2.198768554687500000e+03
3.044873535156250000e+03
4.063295898437500000e+03
3.213594970703125000e+03
2.228009521484375000e+03
2.785510253906250000e+03
4.748314453125000000e+03
3.550986572265625000e+03
2.940723632812500000e+03
4.904341308593750000e+03
3.479382568359375000e+03
3.207427001953125000e+03
4.310559082031250000e+03
3.540039062500000000e+03
3.040609375000000000e+03
2.970385009765625000e+03
3.461106689453125000e+03
3.573866943359375000e+03
3.010249023437500000e+03
2.658250976562500000e+03
2.862980712890625000e+03
3.142503662109375000e+03
3.013510986328125000e+03
2.711594482421875000e+03
2.520114501953125000e+03
2.305214843750000000e+03
2.384858154296875000e+03
2.571175048828125000e+03
2.842855224609375000e+03
3.458275390625000000e+03
3.360736572265625000e+03
2.592875732421875000e+03
2.322312500000000000e+03
2.465558837890625000e+03
2.719121093750000000e+03
3.795709960937500000e+03
3.475868652343750000e+03
2.238306152343750000e+03
2.824407958984375000e+03
4.400421386718750000e+03
3.199438232421875000e+03
2.539359375000000000e+03
4.691940429687500000e+03
4.022052978515625000e+03
3.262792236328125000e+03
4.150055175781250000e+03
3.593505615234375000e+03
3.454667724609375000e+03
3.164828613281250000e+03
2.928662353515625000e+03
3.009221923828125000e+03
2.667765869140625000e+03
2.461690185546875000e+03
2.405023437500000000e+03
2.328455810546875000e+03
2.208857910156250000e+03
2.378776855468750000e+03
3.028573974609375000e+03
3.648965332031250000e+03
3.083730224609375000e+03
2.248672363281250000e+03
1.831461181640625000e+03
1.953638793945312500e+03
1.925320190429687500e+03
2.341812744140625000e+03
4.621804687500000000e+03
3.528190673828125000e+03
2.336146484375000000e+03
4.408488769531250000e+03
4.589230957031250000e+03
3.339335937500000000e+03
3.525767333984375000e+03
4.109134765625000000e+03
3.768220703125000000e+03
3.076717041015625000e+03
3.313572265625000000e+03
3.929669189453125000e+03
3.533797851562500000e+03
3.102740234375000000e+03
2.944509277343750000e+03
3.149819335937500000e+03
3.247979980468750000e+03
2.792893066406250000e+03
2.596883056640625000e+03
2.686154052734375000e+03
2.568472167968750000e+03
2.766590576171875000e+03
3.048461914062500000e+03
2.936540283203125000e+03
2.759717041015625000e+03
2.497693359375000000e+03
2.801815673828125000e+03
3.499206542968750000e+03
3.177278320312500000e+03
2.468001220703125000e+03
2.195994384765625000e+03
2.199409423828125000e+03
2.244773681640625000e+03
2.532101562500000000e+03
3.278335205078125000e+03
3.515261230468750000e+03
3.067178222656250000e+03
2.226699218750000000e+03
2.146985595703125000e+03
2.134580810546875000e+03
2.072078125000000000e+03
2.821778076171875000e+03
3.844246582031250000e+03
3.557614257812500000e+03
2.387525390625000000e+03
2.130423583984375000e+03
4.529160156250000000e+03
4.230352539062500000e+03
3.284500244140625000e+03
4.465570800781250000e+03
3.343791015625000000e+03
3.297564208984375000e+03
3.950083740234375000e+03
3.339093261718750000e+03
3.141561035156250000e+03
2.861119628906250000e+03
3.086567382812500000e+03
2.895547363281250000e+03
2.597757324218750000e+03
2.539871093750000000e+03
2.344575683593750000e+03
2.304336425781250000e+03
2.405601318359375000e+03
2.847803955078125000e+03
3.230353271484375000e+03
3.000027343750000000e+03
2.642976074218750000e+03
2.651261230468750000e+03
3.066804931640625000e+03
3.550351562500000000e+03
2.878655029296875000e+03
2.072316894531250000e+03
2.002786254882812500e+03
2.003678344726562500e+03
1.781911132812500000e+03
1.798217285156250000e+03
1.623072875976562500e+03
1.760447753906250000e+03
2.274094970703125000e+03
5.523443359375000000e+03
2.926743652343750000e+03
2.929732910156250000e+03
6.668036132812500000e+03
3.043773925781250000e+03
7.449894042968750000e+03
2.402156738281250000e+03
8.877028320312500000e+03
4.391888183593750000e+03
1.163474414062500000e+04
1.201015625000000000e+04
3.944625976562500000e+03
1.067220312500000000e+04
5.471521972656250000e+03
1.210748242187500000e+04
1.429640625000000000e+04
4.997314453125000000e+03
1.313626562500000000e+04
1.377681835937500000e+04
3.044613281250000000e+03
1.325510351562500000e+04
1.258520898437500000e+04
4.187709960937500000e+03
1.069278613281250000e+04
6.002616699218750000e+03
1.022661914062500000e+04
1.168989941406250000e+04
4.998465332031250000e+03
1.026391210937500000e+04
6.797461914062500000e+03
8.496094726562500000e+03
9.685627929687500000e+03
4.899401367187500000e+03
8.595790039062500000e+03
3.327788330078125000e+03
9.528453125000000000e+03
8.196253906250000000e+03
6.036041992187500000e+03
8.950201171875000000e+03
3.558998046875000000e+03
6.962789062500000000e+03
4.057812988281250000e+03
7.207343261718750000e+03
4.948546875000000000e+03
6.516660644531250000e+03
5.336795898437500000e+03
5.996464843750000000e+03
5.833640136718750000e+03
5.114599121093750000e+03
5.231978515625000000e+03
4.885066406250000000e+03
4.455592285156250000e+03
4.910437500000000000e+03
3.918732177734375000e+03
4.943445800781250000e+03
3.484004638671875000e+03
4.755670410156250000e+03
3.163614013671875000e+03
4.336799316406250000e+03
3.105924316406250000e+03
3.364156005859375000e+03
3.222875732421875000e+03
2.816157226562500000e+03
2.829972900390625000e+03
2.616631835937500000e+03
2.433167236328125000e+03
2.321423583984375000e+03
2.239763427734375000e+03
2.109372802734375000e+03
1.947251953125000000e+03
1.982965087890625000e+03
2.035116821289062500e+03
2.133813476562500000e+03
2.556426513671875000e+03
2.683118896484375000e+03
2.294190917968750000e+03
2.054080322265625000e+03
1.946007690429687500e+03
2.175229248046875000e+03
2.773013916015625000e+03
2.758467773437500000e+03
2.259017333984375000e+03
1.913065673828125000e+03
1.982716918945312500e+03
1.961559936523437500e+03
2.363817138671875000e+03
2.742412841796875000e+03
2.470718261718750000e+03
2.338921875000000000e+03
1.997565185546875000e+03
1.862635498046875000e+03
2.013853271484375000e+03
1.927931152343750000e+03
2.333980957031250000e+03
3.036264892578125000e+03
2.506705566406250000e+03
1.963053955078125000e+03
1.896030517578125000e+03
1.911769653320312500e+03
2.032991821289062500e+03
2.549690185546875000e+03
3.047696289062500000e+03
2.390230957031250000e+03
1.808904174804687500e+03
1.710522827148437500e+03
1.827473266601562500e+03
2.134248291015625000e+03
3.151430908203125000e+03
3.119416748046875000e+03
2.167158691406250000e+03
2.025143920898437500e+03
3.339830078125000000e+03
3.309469726562500000e+03
2.432382080078125000e+03
3.348531250000000000e+03
3.095859619140625000e+03
2.697419921875000000e+03
2.553463867187500000e+03
2.776677734375000000e+03
2.630315917968750000e+03
2.313579101562500000e+03
2.179001953125000000e+03
2.087593261718750000e+03
2.119765869140625000e+03
2.120414306640625000e+03
2.163401855468750000e+03
2.340258789062500000e+03
2.530714111328125000e+03
2.614956054687500000e+03
2.393404296875000000e+03
2.075618896484375000e+03
2.003211791992187500e+03
2.328795410156250000e+03
2.622165771484375000e+03
2.571382324218750000e+03
2.402599121093750000e+03
2.107597656250000000e+03
2.060449462890625000e+03
2.299986572265625000e+03
2.497257568359375000e+03
2.633608398437500000e+03
2.484094238281250000e+03
2.225767578125000000e+03
2.013725463867187500e+03
2.210925048828125000e+03
2.469198486328125000e+03
2.644729003906250000e+03
2.569700927734375000e+03
2.248129882812500000e+03
2.112960693359375000e+03
2.088158935546875000e+03
2.260320068359375000e+03
2.453392089843750000e+03
2.395105712890625000e+03
2.486373291015625000e+03
2.345916992187500000e+03
2.179293212890625000e+03
2.247118408203125000e+03
2.277532714843750000e+03
2.245496093750000000e+03
2.263783203125000000e+03
2.265623046875000000e+03
2.222784667968750000e+03
2.207312011718750000e+03
2.328887207031250000e+03
2.376334472656250000e+03
2.376260986328125000e+03
2.629585205078125000e+03
2.498239013671875000e+03
2.414604248046875000e+03
2.572577392578125000e+03
2.311882324218750000e+03
2.241565917968750000e+03
2.364255859375000000e+03
2.078364746093750000e+03
2.342509277343750000e+03
2.468464355468750000e+03
2.368141601562500000e+03
2.298400878906250000e+03
2.275738037109375000e+03
2.194083251953125000e+03
2.242335937500000000e+03
2.502958251953125000e+03
2.492485107421875000e+03
2.573591064453125000e+03
2.415728759765625000e+03
2.224838623046875000e+03
2.599342773437500000e+03
2.608927490234375000e+03
2.370651855468750000e+03
2.583965087890625000e+03
2.561781982421875000e+03
2.360983398437500000e+03
2.279005859375000000e+03
2.224716064453125000e+03
2.221585693359375000e+03
2.074144287109375000e+03
2.249432373046875000e+03
2.239415771484375000e+03
2.380815429687500000e+03
2.414555175781250000e+03
2.224968994140625000e+03
2.232917724609375000e+03
2.305894042968750000e+03
2.253369384765625000e+03
2.183718017578125000e+03
2.247557861328125000e+03
2.093866210937500000e+03
2.084431396484375000e+03
1.943863647460937500e+03
2.140819824218750000e+03
2.332962890625000000e+03
2.432227050781250000e+03
2.747380859375000000e+03
2.402700683593750000e+03
2.209619384765625000e+03
2.263726074218750000e+03
2.305161132812500000e+03
2.551720458984375000e+03
2.493682861328125000e+03
2.482128906250000000e+03
2.381809082031250000e+03
2.330490234375000000e+03
2.505123046875000000e+03
2.381877197265625000e+03
2.407409667968750000e+03
2.359338867187500000e+03
2.091781738281250000e+03
2.391640869140625000e+03
2.372949218750000000e+03
2.385616455078125000e+03
2.651138183593750000e+03
2.517844726562500000e+03
2.292276123046875000e+03
2.327606689453125000e+03
2.337482421875000000e+03
2.432044189453125000e+03
2.626409912109375000e+03
2.457758300781250000e+03
2.301099365234375000e+03
2.248331054687500000e+03
2.112124267578125000e+03
2.332422851562500000e+03
2.467572753906250000e+03
2.365956542968750000e+03
2.502082031250000000e+03
2.462097412109375000e+03
2.375840820312500000e+03
2.650213623046875000e+03
2.662089355468750000e+03
2.342165527343750000e+03
2.369496582031250000e+03
2.370703369140625000e+03
2.201856689453125000e+03
2.449313232421875000e+03
2.552673339843750000e+03
2.438697753906250000e+03
2.378727050781250000e+03
2.329459960937500000e+03
2.448659667968750000e+03
2.763108886718750000e+03
2.469107910156250000e+03
2.391485107421875000e+03
2.549349121093750000e+03
2.292205810546875000e+03
2.382680908203125000e+03
2.914853027343750000e+03
2.312050537109375000e+03
2.192996093750000000e+03
2.480199951171875000e+03
2.232027587890625000e+03
2.800168212890625000e+03
3.151451416015625000e+03
2.412109130859375000e+03
2.195287353515625000e+03
2.205854980468750000e+03
2.208215820312500000e+03
1.961777099609375000e+03
1.951334594726562500e+03
1.989819946289062500e+03
2.095796630859375000e+03
2.772523681640625000e+03
2.929065917968750000e+03
2.380119140625000000e+03
2.104755126953125000e+03
1.996428466796875000e+03
2.432140869140625000e+03
2.892883544921875000e+03
2.556728027343750000e+03
2.306803466796875000e+03
2.033831298828125000e+03
2.103176757812500000e+03
2.346847167968750000e+03
2.786666992187500000e+03
3.007892333984375000e+03
2.473256591796875000e+03
1.957387329101562500e+03
1.908642700195312500e+03
1.943338989257812500e+03
1.836590454101562500e+03
2.196634033203125000e+03
3.541761718750000000e+03
2.925710693359375000e+03
2.008453369140625000e+03
2.840418212890625000e+03
3.591031005859375000e+03
2.795519042968750000e+03
2.279332031250000000e+03
3.101721923828125000e+03
3.330177734375000000e+03
2.703922363281250000e+03
2.500727050781250000e+03
2.721342041015625000e+03
2.953739013671875000e+03
2.623776123046875000e+03
2.143450195312500000e+03
2.181921142578125000e+03
2.195281982421875000e+03
2.133289062500000000e+03
2.149885986328125000e+03
2.321162353515625000e+03
2.714473632812500000e+03
2.631038085937500000e+03
2.085130859375000000e+03
2.025847290039062500e+03
2.144567382812500000e+03
2.593986328125000000e+03
3.045957031250000000e+03
2.520216552734375000e+03
1.912957519531250000e+03
1.849375122070312500e+03
1.930549682617187500e+03
1.763599487304687500e+03
2.505104492187500000e+03
3.847000244140625000e+03
2.465969726562500000e+03
2.179011230468750000e+03
4.594583007812500000e+03
3.152782958984375000e+03
3.334501708984375000e+03
4.604326660156250000e+03
2.809988281250000000e+03
4.456898437500000000e+03
3.171315917968750000e+03
2.649082275390625000e+03
3.750318603515625000e+03
2.957239257812500000e+03
2.838259277343750000e+03
3.175124023437500000e+03
2.833325927734375000e+03
2.513695068359375000e+03
2.350656738281250000e+03
2.308283203125000000e+03
2.357440429687500000e+03
2.507293701171875000e+03
2.320804199218750000e+03
2.073879150390625000e+03
2.203889404296875000e+03
2.429819580078125000e+03
2.552958740234375000e+03
2.463640380859375000e+03
2.440298828125000000e+03
2.417407958984375000e+03
2.430400878906250000e+03
2.440006103515625000e+03
2.551923095703125000e+03
2.675784423828125000e+03
2.479807373046875000e+03
2.353540527343750000e+03
2.422273925781250000e+03
2.383682128906250000e+03
2.647685058593750000e+03
2.665996582031250000e+03
2.193851074218750000e+03
2.075232910156250000e+03
2.046202636718750000e+03
2.062309570312500000e+03
2.234404785156250000e+03
2.896823730468750000e+03
2.949211669921875000e+03
2.066763671875000000e+03
2.015630615234375000e+03
2.214107421875000000e+03
2.050446533203125000e+03
2.355705078125000000e+03
2.484855224609375000e+03
2.288147705078125000e+03
2.496299804687500000e+03
2.379499755859375000e+03
2.440129394531250000e+03
2.606312255859375000e+03
2.283594238281250000e+03
2.295975585937500000e+03
2.444641357421875000e+03
2.362063232421875000e+03
2.450982177734375000e+03
2.615165527343750000e+03
2.436593261718750000e+03
2.310174560546875000e+03
2.407817138671875000e+03
2.463261230468750000e+03
2.470738525390625000e+03
2.436576660156250000e+03
2.342013916015625000e+03
2.432074218750000000e+03
2.550243652343750000e+03
2.493828857421875000e+03
2.559035400390625000e+03
2.256541259765625000e+03
2.356283203125000000e+03
2.482691406250000000e+03
2.308488281250000000e+03
2.703925048828125000e+03
2.644671630859375000e+03
2.231135742187500000e+03
2.212257324218750000e+03
2.130789794921875000e+03
2.484087890625000000e+03
2.668893554687500000e+03
2.364870849609375000e+03
2.518984619140625000e+03
2.324897705078125000e+03
2.324419921875000000e+03
2.679642822265625000e+03
2.393074218750000000e+03
2.483954589843750000e+03
2.381607910156250000e+03
2.161915039062500000e+03
2.429065185546875000e+03
2.186647705078125000e+03
2.361127929687500000e+03
2.396463867187500000e+03
2.259239013671875000e+03
2.690792724609375000e+03
2.734424316406250000e+03
2.443653076171875000e+03
2.490316650390625000e+03
2.486221191406250000e+03
2.602534912109375000e+03
2.603487060546875000e+03
2.449246826171875000e+03
2.539829833984375000e+03
2.464458251953125000e+03
2.499352050781250000e+03
2.460466796875000000e+03
2.388821533203125000e+03
2.467595703125000000e+03
2.532289062500000000e+03
2.434589843750000000e+03
2.427363281250000000e+03
2.525769042968750000e+03
2.303414794921875000e+03
2.391147216796875000e+03
2.767166015625000000e+03
2.483784423828125000e+03
2.267861083984375000e+03
2.290853759765625000e+03
2.278844238281250000e+03
2.735115234375000000e+03
2.727749511718750000e+03
2.325513183593750000e+03
2.172506103515625000e+03
2.141351806640625000e+03
2.176939453125000000e+03
2.500601806640625000e+03
2.764404052734375000e+03
2.397335205078125000e+03
2.206865234375000000e+03
2.272223632812500000e+03
2.287698730468750000e+03
2.598557373046875000e+03
2.924017578125000000e+03
2.440320068359375000e+03
2.173487304687500000e+03
2.132841308593750000e+03
2.175564941406250000e+03
2.582072509765625000e+03
2.889791992187500000e+03
2.477444824218750000e+03
2.197633544921875000e+03
2.107999267578125000e+03
2.398286621093750000e+03
3.031945556640625000e+03
2.650021728515625000e+03
2.066844726562500000e+03
1.979430297851562500e+03
1.903170288085937500e+03
1.773359375000000000e+03
2.149661376953125000e+03
2.890422851562500000e+03
3.322118652343750000e+03
2.438015380859375000e+03
1.781435302734375000e+03
2.531948486328125000e+03
3.559893066406250000e+03
2.676286376953125000e+03
2.069286865234375000e+03
3.280609619140625000e+03
3.481842285156250000e+03
2.634282958984375000e+03
2.745482421875000000e+03
3.365410888671875000e+03
3.168452392578125000e+03
2.606506591796875000e+03
2.804859863281250000e+03
3.449304199218750000e+03
2.994304687500000000e+03
2.711517578125000000e+03
2.768438720703125000e+03
2.850853515625000000e+03
2.613596191406250000e+03
2.354459228515625000e+03
2.166929443359375000e+03
2.132376708984375000e+03
1.994908325195312500e+03
1.862772338867187500e+03
1.874409301757812500e+03
1.812794433593750000e+03
1.911987304687500000e+03
2.784997070312500000e+03
3.472187744140625000e+03
2.481595214843750000e+03
2.014840698242187500e+03
3.818286376953125000e+03
3.563793701171875000e+03
2.827079345703125000e+03
3.568861328125000000e+03
2.901968994140625000e+03
2.844218017578125000e+03
3.021764892578125000e+03
2.863302734375000000e+03
2.688348144531250000e+03
2.343554687500000000e+03
2.256518066406250000e+03
2.545766845703125000e+03
2.580913085937500000e+03
2.227673095703125000e+03
2.029290161132812500e+03
2.051820068359375000e+03
2.027313110351562500e+03
2.234949951171875000e+03
2.891798339843750000e+03
2.837999755859375000e+03
2.172409423828125000e+03
1.772298339843750000e+03
1.723945678710937500e+03
1.631042480468750000e+03
1.600754638671875000e+03
1.644117675781250000e+03
2.124701904296875000e+03
4.281981445312500000e+03
2.776225830078125000e+03
2.371522949218750000e+03
4.818354003906250000e+03
2.624449707031250000e+03
3.611867187500000000e+03
4.592471679687500000e+03
2.625941162109375000e+03
4.857282714843750000e+03
2.567264648437500000e+03
3.357687988281250000e+03
4.946535644531250000e+03
2.976773681640625000e+03
4.884349121093750000e+03
2.542423095703125000e+03
3.946999023437500000e+03
3.848482666015625000e+03
2.919757324218750000e+03
3.535268310546875000e+03
2.667334960937500000e+03
2.577401367187500000e+03
2.739466552734375000e+03
2.535787353515625000e+03
2.399371337890625000e+03
2.140850097656250000e+03
1.859179809570312500e+03
1.976195800781250000e+03
2.120498291015625000e+03
2.188203613281250000e+03
2.807692382812500000e+03
2.929442871093750000e+03
2.045950317382812500e+03
1.761047363281250000e+03
2.504654296875000000e+03
3.568178222656250000e+03
2.577354736328125000e+03
2.126644042968750000e+03
3.676052978515625000e+03
3.321421386718750000e+03
2.659447021484375000e+03
3.303045410156250000e+03
3.055890625000000000e+03
2.616900878906250000e+03
2.426819580078125000e+03
2.429539306640625000e+03
2.559121582031250000e+03
2.509611816406250000e+03
2.110793945312500000e+03
1.837922851562500000e+03
1.950665771484375000e+03
1.911269653320312500e+03
1.952656127929687500e+03
2.450405761718750000e+03
2.976811523437500000e+03
2.284858642578125000e+03
1.741056152343750000e+03
1.647756835937500000e+03
1.664518798828125000e+03
1.566266845703125000e+03
1.518042968750000000e+03
2.196911621093750000e+03
3.928550537109375000e+03
2.545108886718750000e+03
1.988390991210937500e+03
4.700888183593750000e+03
2.728732910156250000e+03
3.561607666015625000e+03
4.605876464843750000e+03
2.720928466796875000e+03
5.009121093750000000e+03
2.353295898437500000e+03
4.205357910156250000e+03
3.539653076171875000e+03
2.904718261718750000e+03
3.621925537109375000e+03
2.591836914062500000e+03
2.593853027343750000e+03
2.710050537109375000e+03
2.543684326171875000e+03
2.380110107421875000e+03
2.201495849609375000e+03
2.068852050781250000e+03
1.945194946289062500e+03
1.983984497070312500e+03
2.052161865234375000e+03
2.074136230468750000e+03
2.619640625000000000e+03
2.743151855468750000e+03
2.171720703125000000e+03
1.898130981445312500e+03
1.858018798828125000e+03
2.378040039062500000e+03
3.118278320312500000e+03
2.366552246093750000e+03
1.839856445312500000e+03
2.063087890625000000e+03
2.950364990234375000e+03
3.191802001953125000e+03
2.215979980468750000e+03
2.219211914062500000e+03
3.450577392578125000e+03
3.050005859375000000e+03
2.452793212890625000e+03
3.394230712890625000e+03
2.980528564453125000e+03
2.772576904296875000e+03
2.966545654296875000e+03
2.742429199218750000e+03
2.513069091796875000e+03
2.313605712890625000e+03
2.231571044921875000e+03
2.203314941406250000e+03
2.178732910156250000e+03
1.988358642578125000e+03
2.002993286132812500e+03
2.130110595703125000e+03
2.159311035156250000e+03
2.504705566406250000e+03
2.494278808593750000e+03
2.066835937500000000e+03
1.937984130859375000e+03
1.737891357421875000e+03
1.816511840820312500e+03
1.956580810546875000e+03
2.439936523437500000e+03
3.400279296875000000e+03
2.540869873046875000e+03
1.849753295898437500e+03
3.033969238281250000e+03
3.768665039062500000e+03
2.678351806640625000e+03
2.702456298828125000e+03
2.967748535156250000e+03
2.818019042968750000e+03
2.404591064453125000e+03
2.298924072265625000e+03
2.196039062500000000e+03
2.209891357421875000e+03
2.101215087890625000e+03
1.890284423828125000e+03
1.863811157226562500e+03
1.733435180664062500e+03
1.797171142578125000e+03
1.888044799804687500e+03
2.225017822265625000e+03
3.354197265625000000e+03
2.828159423828125000e+03
2.089031738281250000e+03
3.455561279296875000e+03
3.434556396484375000e+03
2.903717041015625000e+03
2.843768310546875000e+03
2.659315185546875000e+03
2.606534912109375000e+03
2.395104736328125000e+03
2.050959716796875000e+03
1.934673339843750000e+03
2.041952636718750000e+03
1.978574096679687500e+03
1.755104492187500000e+03
2.034501464843750000e+03
2.434544189453125000e+03
2.651313720703125000e+03
2.420997070312500000e+03
1.991858154296875000e+03
1.838630004882812500e+03
1.905452026367187500e+03
2.381085693359375000e+03
2.922741699218750000e+03
2.445674072265625000e+03
1.818757690429687500e+03
1.771640258789062500e+03
1.801321533203125000e+03
1.748047607421875000e+03
2.492446044921875000e+03
3.295849853515625000e+03
2.192636718750000000e+03
1.722607177734375000e+03
3.124060546875000000e+03
3.607165283203125000e+03
2.393693359375000000e+03
2.442715820312500000e+03
3.418623046875000000e+03
2.957338623046875000e+03
2.391965332031250000e+03
2.762877685546875000e+03
2.829141601562500000e+03
2.560789794921875000e+03
2.265232910156250000e+03
1.996723266601562500e+03
2.096636230468750000e+03
2.064072265625000000e+03
1.787320678710937500e+03
1.776182983398437500e+03
1.833702148437500000e+03
2.027746826171875000e+03
2.590143066406250000e+03
3.104237548828125000e+03
2.474579101562500000e+03
1.676322998046875000e+03
2.107543457031250000e+03
3.844864013671875000e+03
2.876028564453125000e+03
2.522281005859375000e+03
3.764998535156250000e+03
2.856681396484375000e+03
2.727024414062500000e+03
3.436309570312500000e+03
2.680994384765625000e+03
2.513443359375000000e+03
2.687057128906250000e+03
2.584674072265625000e+03
2.328087890625000000e+03
2.091297851562500000e+03
2.052709716796875000e+03
2.066240234375000000e+03
1.982792846679687500e+03
2.006456787109375000e+03
2.208892822265625000e+03
2.390030761718750000e+03
2.580904052734375000e+03
2.156310546875000000e+03
1.850750854492187500e+03
1.880427856445312500e+03
1.980869262695312500e+03
2.518052001953125000e+03
2.754363037109375000e+03
2.213545410156250000e+03
1.848269165039062500e+03
1.953060424804687500e+03
2.398581298828125000e+03
2.779241210937500000e+03
2.457239501953125000e+03
1.886413940429687500e+03
1.780361938476562500e+03
1.814922607421875000e+03
1.828861206054687500e+03
2.524178710937500000e+03
3.182816650390625000e+03
2.218428466796875000e+03
1.781808593750000000e+03
2.899075683593750000e+03
3.183732177734375000e+03
2.152234375000000000e+03
2.158682373046875000e+03
3.147742675781250000e+03
2.889902343750000000e+03
2.140491210937500000e+03
2.313533447265625000e+03
2.990308349609375000e+03
2.788760253906250000e+03
2.246214355468750000e+03
2.281008544921875000e+03
2.715128417968750000e+03
2.599976562500000000e+03
2.211520507812500000e+03
2.024590332031250000e+03
2.036312255859375000e+03
2.295718750000000000e+03
2.392509033203125000e+03
2.146235107421875000e+03
2.044835815429687500e+03
2.127110107421875000e+03
2.235858886718750000e+03
2.314976318359375000e+03
2.506983398437500000e+03
2.235068603515625000e+03
1.888998535156250000e+03
1.922177124023437500e+03
2.241944580078125000e+03
2.806617675781250000e+03
2.681506591796875000e+03
1.884099609375000000e+03
1.750119995117187500e+03
1.859421752929687500e+03
2.113030029296875000e+03
2.710487548828125000e+03
2.744389648437500000e+03
2.082475585937500000e+03
1.627792602539062500e+03
1.669779296875000000e+03
2.000646484375000000e+03
2.692716064453125000e+03
2.944766357421875000e+03
2.073256835937500000e+03
1.670890014648437500e+03
2.266601562500000000e+03
3.712501953125000000e+03
2.664190917968750000e+03
2.387384765625000000e+03
3.890885009765625000e+03
2.684918701171875000e+03
2.650189941406250000e+03
3.607967285156250000e+03
2.559035888671875000e+03
2.628746582031250000e+03
3.135190673828125000e+03
2.577294189453125000e+03
2.316101562500000000e+03
2.185420898437500000e+03
2.414967529296875000e+03
2.406463623046875000e+03
2.128345947265625000e+03
1.942268798828125000e+03
1.769862426757812500e+03
1.877153686523437500e+03
1.900569335937500000e+03
2.233178222656250000e+03
2.899188964843750000e+03
2.445580078125000000e+03
1.721645629882812500e+03
1.505060302734375000e+03
2.229273681640625000e+03
3.287004638671875000e+03
2.419668212890625000e+03
1.715542358398437500e+03
2.262351074218750000e+03
3.955693847656250000e+03
2.595280761718750000e+03
2.622938476562500000e+03
4.056028076171875000e+03
2.500453369140625000e+03
2.862000000000000000e+03
4.090330078125000000e+03
2.732375244140625000e+03
3.458147216796875000e+03
2.782120361328125000e+03
2.247406494140625000e+03
2.233608886718750000e+03
2.430171875000000000e+03
2.663104492187500000e+03
2.383325927734375000e+03
2.075921875000000000e+03
1.950745117187500000e+03
2.202869873046875000e+03
2.533475097656250000e+03
2.291532226562500000e+03
1.951209350585937500e+03
1.701620117187500000e+03
1.742060302734375000e+03
2.045927001953125000e+03
2.468554687500000000e+03
2.656580078125000000e+03
2.020636352539062500e+03
1.638614624023437500e+03
1.581675659179687500e+03
1.614022705078125000e+03
2.149906738281250000e+03
3.207280517578125000e+03
2.497313720703125000e+03
1.655328491210937500e+03
2.219415527343750000e+03
3.677110839843750000e+03
2.610758544921875000e+03
2.433741699218750000e+03
3.912405029296875000e+03
2.593378906250000000e+03
2.979282714843750000e+03
4.003353515625000000e+03
2.670045166015625000e+03
3.486668701171875000e+03
3.012010986328125000e+03
2.395112060546875000e+03
2.480731201171875000e+03
2.778208740234375000e+03
2.591251953125000000e+03
2.147623535156250000e+03
2.101448486328125000e+03
2.228647949218750000e+03
2.105042724609375000e+03
1.986239257812500000e+03
1.827218872070312500e+03
1.688708618164062500e+03
1.804741821289062500e+03
2.037954956054687500e+03
2.454511474609375000e+03
2.662805175781250000e+03
2.162799560546875000e+03
1.708295532226562500e+03
1.655538452148437500e+03
1.716250122070312500e+03
2.090092041015625000e+03
3.189176025390625000e+03
2.476841796875000000e+03
1.689604980468750000e+03
2.791152587890625000e+03
3.524221679687500000e+03
2.415954345703125000e+03
2.462809082031250000e+03
3.136962646484375000e+03
2.782734375000000000e+03
2.370742675781250000e+03
2.782363525390625000e+03
2.743194580078125000e+03
2.451588623046875000e+03
2.272947021484375000e+03
2.191719970703125000e+03
2.148739501953125000e+03
2.095121582031250000e+03
1.945208862304687500e+03
1.802391357421875000e+03
1.970472778320312500e+03
2.037048461914062500e+03
2.401375244140625000e+03
2.502392578125000000e+03
1.938207519531250000e+03
1.815804321289062500e+03
1.878837158203125000e+03
2.287260498046875000e+03
2.884751220703125000e+03
2.219720458984375000e+03
1.767773681640625000e+03
2.087912109375000000e+03
2.480357910156250000e+03
2.378802001953125000e+03
2.026518798828125000e+03
1.708894165039062500e+03
1.726217163085937500e+03
1.616300170898437500e+03
1.578143676757812500e+03
2.026019165039062500e+03
3.164244384765625000e+03
2.626311035156250000e+03
1.790109863281250000e+03
2.540788330078125000e+03
3.708750976562500000e+03
2.648983642578125000e+03
2.648632568359375000e+03
3.012597412109375000e+03
2.845387695312500000e+03
2.354092285156250000e+03
2.483305908203125000e+03
2.672932617187500000e+03
2.424122314453125000e+03
2.077706054687500000e+03
2.172283203125000000e+03
2.059709960937500000e+03
1.994260986328125000e+03
2.021389160156250000e+03
1.675040771484375000e+03
1.920671264648437500e+03
2.113101562500000000e+03
2.295654541015625000e+03
2.610708251953125000e+03
2.171002441406250000e+03
1.722119140625000000e+03
1.680813842773437500e+03
1.679418701171875000e+03
1.760512207031250000e+03
2.306545410156250000e+03
2.779279052734375000e+03
2.212596679687500000e+03
1.651705322265625000e+03
1.614274291992187500e+03
1.519364013671875000e+03
1.626775024414062500e+03
2.018910766601562500e+03
2.976350585937500000e+03
2.698064208984375000e+03
1.737454956054687500e+03
1.851111816406250000e+03
3.318533203125000000e+03
2.837807617187500000e+03
2.135690185546875000e+03
3.105122070312500000e+03
3.054007568359375000e+03
2.442528076171875000e+03
2.330172363281250000e+03
2.539124023437500000e+03
2.557577392578125000e+03
2.328077636718750000e+03
2.098990722656250000e+03
1.898456665039062500e+03
2.184697998046875000e+03
2.172975585937500000e+03
1.928773315429687500e+03
1.917496704101562500e+03
1.775246093750000000e+03
1.970892089843750000e+03
2.336273193359375000e+03
2.419883544921875000e+03
2.345676513671875000e+03
1.965567260742187500e+03
1.691670166015625000e+03
1.783297973632812500e+03
2.269118896484375000e+03
2.650954833984375000e+03
2.231888916015625000e+03
1.856355590820312500e+03
1.637669921875000000e+03
1.672861694335937500e+03
1.860400268554687500e+03
2.392299072265625000e+03
2.864132080078125000e+03
2.216275390625000000e+03
1.639463500976562500e+03
1.731541503906250000e+03
2.344977294921875000e+03
2.854686279296875000e+03
2.154920410156250000e+03
1.578689941406250000e+03
1.933584960937500000e+03
2.677776855468750000e+03
2.652620117187500000e+03
1.960539184570312500e+03
1.640953369140625000e+03
1.767266357421875000e+03
2.441697509765625000e+03
3.073083007812500000e+03
2.115674560546875000e+03
1.824731811523437500e+03
3.113006347656250000e+03
3.095611083984375000e+03
2.181407470703125000e+03
2.853752929687500000e+03
2.901477539062500000e+03
2.273626953125000000e+03
2.194577636718750000e+03
2.504704345703125000e+03
2.261408203125000000e+03
2.060636474609375000e+03
1.961072998046875000e+03
1.752969116210937500e+03
1.793188110351562500e+03
1.793756958007812500e+03
1.821279174804687500e+03
1.941010864257812500e+03
2.394634277343750000e+03
2.709217773437500000e+03
2.162989257812500000e+03
1.707406127929687500e+03
1.722010009765625000e+03
2.232178955078125000e+03
2.588249755859375000e+03
2.280029541015625000e+03
1.831948120117187500e+03
1.555106323242187500e+03
1.699855590820312500e+03
1.791946777343750000e+03
2.412197021484375000e+03
2.863624755859375000e+03
2.051220214843750000e+03
1.623023925781250000e+03
2.338867675781250000e+03
3.253457275390625000e+03
2.288206054687500000e+03
1.946497802734375000e+03
3.064479736328125000e+03
2.941062011718750000e+03
2.268284667968750000e+03
2.331289550781250000e+03
2.721550292968750000e+03
2.626467773437500000e+03
2.170533691406250000e+03
2.115611328125000000e+03
2.393319580078125000e+03
2.456453857421875000e+03
2.163175292968750000e+03
1.812297485351562500e+03
1.877485595703125000e+03
1.907027954101562500e+03
1.725867431640625000e+03
1.776158447265625000e+03
1.938999267578125000e+03
2.115780761718750000e+03
2.512353027343750000e+03
2.348041992187500000e+03
1.787044189453125000e+03
1.576295654296875000e+03
1.571103759765625000e+03
1.868849853515625000e+03
2.586918212890625000e+03
2.775468261718750000e+03
2.086821533203125000e+03
1.499669189453125000e+03
1.737462036132812500e+03
2.757458740234375000e+03
2.851163574218750000e+03
1.815127441406250000e+03
1.713174194335937500e+03
3.175655517578125000e+03
2.876141601562500000e+03
2.072115722656250000e+03
2.717290527343750000e+03
2.894634277343750000e+03
2.239406494140625000e+03
2.019686645507812500e+03
2.315924072265625000e+03
2.565097412109375000e+03
2.179899902343750000e+03
1.882482177734375000e+03
1.890020263671875000e+03
2.137714355468750000e+03
2.419248291015625000e+03
2.138852539062500000e+03
1.709403808593750000e+03
1.617595703125000000e+03
1.703480468750000000e+03
1.902071166992187500e+03
2.552700439453125000e+03
2.525839355468750000e+03
1.843022460937500000e+03
1.541140136718750000e+03
1.533702758789062500e+03
1.599006469726562500e+03
1.969424316406250000e+03
2.930207031250000000e+03
2.556386718750000000e+03
1.761276123046875000e+03
1.931080932617187500e+03
3.391223632812500000e+03
2.922365722656250000e+03
2.603545166015625000e+03
3.376941894531250000e+03
2.336222167968750000e+03
2.408834716796875000e+03
2.773666748046875000e+03
2.522775878906250000e+03
2.256638916015625000e+03
2.079600097656250000e+03
2.163149414062500000e+03
2.310854980468750000e+03
2.115110351562500000e+03
1.837385620117187500e+03
1.672344116210937500e+03
1.695203491210937500e+03
1.655362182617187500e+03
1.541522949218750000e+03
1.662947143554687500e+03
2.132826904296875000e+03
2.959390869140625000e+03
2.345646240234375000e+03
1.563023681640625000e+03
1.867080810546875000e+03
3.176032958984375000e+03
2.676099121093750000e+03
1.972792968750000000e+03
2.636582519531250000e+03
3.216539550781250000e+03
2.513843505859375000e+03
2.230569824218750000e+03
2.585771972656250000e+03
2.705075683593750000e+03
2.247563720703125000e+03
2.017500976562500000e+03
2.045548461914062500e+03
2.275521728515625000e+03
2.409510253906250000e+03
1.984889160156250000e+03
1.755991943359375000e+03
1.789852172851562500e+03
1.732564208984375000e+03
1.815064086914062500e+03
2.043840454101562500e+03
2.498078369140625000e+03
2.425239501953125000e+03
1.845350585937500000e+03
1.481618041992187500e+03
1.576187500000000000e+03
1.583637817382812500e+03
1.797331787109375000e+03
2.793377197265625000e+03
2.770928955078125000e+03
1.820374755859375000e+03
1.828782104492187500e+03
3.675871582031250000e+03
2.733957519531250000e+03
2.644070556640625000e+03
3.548009521484375000e+03
2.211473388671875000e+03
2.522600341796875000e+03
3.559611572265625000e+03
2.417127929687500000e+03
2.799372558593750000e+03
3.200950927734375000e+03
2.454514404296875000e+03
2.472639404296875000e+03
2.822783691406250000e+03
2.501677246093750000e+03
2.177531982421875000e+03
2.107908447265625000e+03
2.233212646484375000e+03
2.181550781250000000e+03
1.982472778320312500e+03
1.818269653320312500e+03
1.645704956054687500e+03
1.733791137695312500e+03
1.990067504882812500e+03
2.174749755859375000e+03
2.265622558593750000e+03
2.128165283203125000e+03
1.764302001953125000e+03
1.723093994140625000e+03
2.006602172851562500e+03
2.667340576171875000e+03
2.363916748046875000e+03
1.621041870117187500e+03
1.538412597656250000e+03
1.948987304687500000e+03
2.817616699218750000e+03
2.421139160156250000e+03
1.731926147460937500e+03
1.827543090820312500e+03
2.997367187500000000e+03
2.736763183593750000e+03
2.058244628906250000e+03
2.810707031250000000e+03
2.781686767578125000e+03
2.291460693359375000e+03
1.990500366210937500e+03
2.253000244140625000e+03
2.317755615234375000e+03
2.108529541015625000e+03
1.951464477539062500e+03
1.673368774414062500e+03
1.696574096679687500e+03
1.625304931640625000e+03
1.604895141601562500e+03
1.588509277343750000e+03
1.877840942382812500e+03
2.482484863281250000e+03
2.559366699218750000e+03
1.955730346679687500e+03
1.504186523437500000e+03
1.406359130859375000e+03
1.472567504882812500e+03
1.750828613281250000e+03
3.180766357421875000e+03
2.689488037109375000e+03
1.846762329101562500e+03
2.961717285156250000e+03
3.119536376953125000e+03
2.425494384765625000e+03
2.329002929687500000e+03
2.494475585937500000e+03
2.446635009765625000e+03
2.093579833984375000e+03
1.973022460937500000e+03
1.917423950195312500e+03
2.035766845703125000e+03
1.910384521484375000e+03
1.722727294921875000e+03
1.880901367187500000e+03
2.061291259765625000e+03
2.062313476562500000e+03
2.226128906250000000e+03
2.184015869140625000e+03
1.785262329101562500e+03
1.848026489257812500e+03
2.162433349609375000e+03
2.347162353515625000e+03
2.255388916015625000e+03
1.848976196289062500e+03
1.695908325195312500e+03
1.768043945312500000e+03
2.058783935546875000e+03
2.765426025390625000e+03
2.274815917968750000e+03
1.619295288085937500e+03
1.944709350585937500e+03
2.316451904296875000e+03
2.118167724609375000e+03
1.838445678710937500e+03
1.768950927734375000e+03
1.621172363281250000e+03
1.619788208007812500e+03
1.819073120117187500e+03
2.369680419921875000e+03
2.565104980468750000e+03
1.862947509765625000e+03
1.658650512695312500e+03
1.510333862304687500e+03
1.499776367187500000e+03
1.491523803710937500e+03
1.967862670898437500e+03
3.049612304687500000e+03
2.327546386718750000e+03
1.630155639648437500e+03
2.161166503906250000e+03
3.601301269531250000e+03
2.532485595703125000e+03
2.631260742187500000e+03
3.362132324218750000e+03
2.497625732421875000e+03
2.570563476562500000e+03
3.195165527343750000e+03
2.517349365234375000e+03
2.623913574218750000e+03
2.462739501953125000e+03
2.295947753906250000e+03
2.163040527343750000e+03
1.866621826171875000e+03
1.851738281250000000e+03
1.807600097656250000e+03
1.720248657226562500e+03
1.553665527343750000e+03
1.586575317382812500e+03
1.552042968750000000e+03
1.853466674804687500e+03
2.854782714843750000e+03
2.318789062500000000e+03
1.583422851562500000e+03
2.116038085937500000e+03
3.366696289062500000e+03
2.414433105468750000e+03
2.223348388671875000e+03
3.246999267578125000e+03
2.572441894531250000e+03
2.290628906250000000e+03
2.965794921875000000e+03
2.548131347656250000e+03
2.431682373046875000e+03
2.642970214843750000e+03
2.353203369140625000e+03
2.174270019531250000e+03
1.983141967773437500e+03
1.990697631835937500e+03
1.917024658203125000e+03
1.766661132812500000e+03
1.681218994140625000e+03
1.549322509765625000e+03
1.551390625000000000e+03
1.527846801757812500e+03
1.468002807617187500e+03
1.850985473632812500e+03
2.653173583984375000e+03
2.565851074218750000e+03
1.705874511718750000e+03
1.548108032226562500e+03
2.748965332031250000e+03
3.169518554687500000e+03
2.161182373046875000e+03
2.401739501953125000e+03
2.949569335937500000e+03
2.478113525390625000e+03
2.094532714843750000e+03
2.516400878906250000e+03
2.492478759765625000e+03
2.136350097656250000e+03
1.969323608398437500e+03
1.953410034179687500e+03
2.127738037109375000e+03
2.146507812500000000e+03
1.801059204101562500e+03
1.705038330078125000e+03
1.618782470703125000e+03
1.576640869140625000e+03
1.771934936523437500e+03
2.212922119140625000e+03
2.769717041015625000e+03
2.151488769531250000e+03
1.576069458007812500e+03
2.009170654296875000e+03
2.791538574218750000e+03
2.295468750000000000e+03
1.717185791015625000e+03
1.858289672851562500e+03
2.862279296875000000e+03
2.532728271484375000e+03
2.065442871093750000e+03
2.329511230468750000e+03
2.707309082031250000e+03
2.382404052734375000e+03
2.086190917968750000e+03
2.150513427734375000e+03
2.405700927734375000e+03
2.360965820312500000e+03
1.947744995117187500e+03
1.854394775390625000e+03
2.200357177734375000e+03
2.168243896484375000e+03
1.860254028320312500e+03
1.736115966796875000e+03
1.707449829101562500e+03
2.018776123046875000e+03
2.350813720703125000e+03
2.016703002929687500e+03
1.641683471679687500e+03
1.544530761718750000e+03
1.650673706054687500e+03
2.059857177734375000e+03
2.632191162109375000e+03
2.335927001953125000e+03
1.604219604492187500e+03
1.367841430664062500e+03
1.616178344726562500e+03
2.664512695312500000e+03
2.872694335937500000e+03
1.808014038085937500e+03
1.887449462890625000e+03
3.664281005859375000e+03
2.474990478515625000e+03
2.664023925781250000e+03
3.648518310546875000e+03
2.334760009765625000e+03
2.840766601562500000e+03
3.160141601562500000e+03
2.530658691406250000e+03
2.454534912109375000e+03
2.611830810546875000e+03
2.494047363281250000e+03
2.147765869140625000e+03
2.080906738281250000e+03
2.084239990234375000e+03
1.993066162109375000e+03
1.940557861328125000e+03
1.713210693359375000e+03
1.695519287109375000e+03
1.780075683593750000e+03
1.877262817382812500e+03
2.076656494140625000e+03
2.120609130859375000e+03
2.130521484375000000e+03
1.949887084960937500e+03
1.793300781250000000e+03
1.823434936523437500e+03
2.070558105468750000e+03
2.258357421875000000e+03
2.001457153320312500e+03
1.931401489257812500e+03
1.778756835937500000e+03
1.844701171875000000e+03
2.231535644531250000e+03
2.275261474609375000e+03
2.035259033203125000e+03
1.721836669921875000e+03
1.622479492187500000e+03
1.618259521484375000e+03
1.456921508789062500e+03
1.488868286132812500e+03
1.384444458007812500e+03
1.436002929687500000e+03
2.084831054687500000e+03
3.100866943359375000e+03
2.169597656250000000e+03
1.647549804687500000e+03
3.300539306640625000e+03
2.774831298828125000e+03
2.362279541015625000e+03
3.239791015625000000e+03
2.282842041015625000e+03
2.613050292968750000e+03
2.859568847656250000e+03
2.196429199218750000e+03
2.162218261718750000e+03
2.326244873046875000e+03
2.188550537109375000e+03
1.936494262695312500e+03
1.766144531250000000e+03
1.613287109375000000e+03
1.612342285156250000e+03
1.594874511718750000e+03
1.521225952148437500e+03
1.896582641601562500e+03
2.479335693359375000e+03
2.183769042968750000e+03
1.676279785156250000e+03
1.453734985351562500e+03
1.399376831054687500e+03
1.495557983398437500e+03
2.165514404296875000e+03
2.960927001953125000e+03
2.096986816406250000e+03
1.554706298828125000e+03
2.581041992187500000e+03
3.194290039062500000e+03
2.252630859375000000e+03
2.362050537109375000e+03
2.845651611328125000e+03
2.491129638671875000e+03
2.018479003906250000e+03
2.299045898437500000e+03
2.426747314453125000e+03
2.070028320312500000e+03
1.920206298828125000e+03
1.847349121093750000e+03
1.761027587890625000e+03
1.788277343750000000e+03
1.576546264648437500e+03
1.582738769531250000e+03
1.739970458984375000e+03
1.896210693359375000e+03
2.283376953125000000e+03
2.210195068359375000e+03
1.706722778320312500e+03
1.584974121093750000e+03
1.468548828125000000e+03
1.658314697265625000e+03
2.218013427734375000e+03
2.381091552734375000e+03
2.008392944335937500e+03
1.628592041015625000e+03
1.591322998046875000e+03
1.823247192382812500e+03
2.165556152343750000e+03
2.378190673828125000e+03
2.107498046875000000e+03
1.571641357421875000e+03
1.591583129882812500e+03
1.532646972656250000e+03
1.397098876953125000e+03
1.510551757812500000e+03
1.719171508789062500e+03
2.391291259765625000e+03
2.603094482421875000e+03
1.950921630859375000e+03
1.448439941406250000e+03
1.946182128906250000e+03
2.474767333984375000e+03
2.101027832031250000e+03
1.640864868164062500e+03
1.457356933593750000e+03
1.531938842773437500e+03
2.006340332031250000e+03
2.708787353515625000e+03
2.111215087890625000e+03
1.494624267578125000e+03
1.674662963867187500e+03
2.842098388671875000e+03
2.693551757812500000e+03
1.832023925781250000e+03
2.586900146484375000e+03
2.991320068359375000e+03
2.235771728515625000e+03
2.085946533203125000e+03
2.812074218750000000e+03
2.496510498046875000e+03
2.074005371093750000e+03
2.579046386718750000e+03
2.464153808593750000e+03
2.122929931640625000e+03
2.071804199218750000e+03
1.972955932617187500e+03
1.917485107421875000e+03
1.824986206054687500e+03
1.666404296875000000e+03
1.515695678710937500e+03
1.591260498046875000e+03
1.509097656250000000e+03
1.455143676757812500e+03
2.006941772460937500e+03
2.825420410156250000e+03
2.069696044921875000e+03
1.407677124023437500e+03
1.864879760742187500e+03
3.268980712890625000e+03
2.346058837890625000e+03
2.057592041015625000e+03
3.512234375000000000e+03
2.415560302734375000e+03
2.461390625000000000e+03
3.445691406250000000e+03
2.259239501953125000e+03
2.807264892578125000e+03
3.022235595703125000e+03
2.312955078125000000e+03
2.332090576171875000e+03
2.479890869140625000e+03
2.361949707031250000e+03
2.123316650390625000e+03
1.901561645507812500e+03
1.855519653320312500e+03
2.003225341796875000e+03
1.833596801757812500e+03
1.727380004882812500e+03
1.693329467773437500e+03
1.711038452148437500e+03
1.856253662109375000e+03
1.984577026367187500e+03
2.045639038085937500e+03
2.020527465820312500e+03
1.911298095703125000e+03
1.879092773437500000e+03
2.277860595703125000e+03
2.190227539062500000e+03
1.707288208007812500e+03
1.687663696289062500e+03
1.944984008789062500e+03
2.144965576171875000e+03
2.152776855468750000e+03
1.956937011718750000e+03
1.685999633789062500e+03
1.743680664062500000e+03
1.878381469726562500e+03
1.916470458984375000e+03
2.180441162109375000e+03
2.061151367187500000e+03
1.783496459960937500e+03
1.736309448242187500e+03
1.662800781250000000e+03
1.790720825195312500e+03
1.875673828125000000e+03
2.006011108398437500e+03
2.126014892578125000e+03
1.874884277343750000e+03
1.808105468750000000e+03
1.920503784179687500e+03
1.928509765625000000e+03
1.931949584960937500e+03
2.041363647460937500e+03
1.968848510742187500e+03
1.776143310546875000e+03
1.804104370117187500e+03
1.867558959960937500e+03
1.844404541015625000e+03
2.073458251953125000e+03
2.117933837890625000e+03
1.887106201171875000e+03
1.792656372070312500e+03
1.871034423828125000e+03
1.892182861328125000e+03
2.032994750976562500e+03
1.933803100585937500e+03
1.653902099609375000e+03
1.677459472656250000e+03
1.727434936523437500e+03
1.890219482421875000e+03
2.175929931640625000e+03
2.231091308593750000e+03
1.937487182617187500e+03
1.579099853515625000e+03
1.617448486328125000e+03
1.597786499023437500e+03
1.554341430664062500e+03
1.904057128906250000e+03
2.373586425781250000e+03
2.218404052734375000e+03
1.777007202148437500e+03
1.484719848632812500e+03
1.567233032226562500e+03
1.443259643554687500e+03
1.425674316406250000e+03
1.403577514648437500e+03
1.356872192382812500e+03
1.648498535156250000e+03
2.929059326171875000e+03
2.472438720703125000e+03
1.544605590820312500e+03
2.477773925781250000e+03
3.032872314453125000e+03
2.013400512695312500e+03
2.007131103515625000e+03
2.812900878906250000e+03
2.271497314453125000e+03
1.878588989257812500e+03
2.391991699218750000e+03
2.284867187500000000e+03
1.853224853515625000e+03
1.917803466796875000e+03
1.890468139648437500e+03
1.896156982421875000e+03
1.948389282226562500e+03
1.748698364257812500e+03
1.660541625976562500e+03
1.726409667968750000e+03
1.855275146484375000e+03
2.136071777343750000e+03
2.092288085937500000e+03
1.852905761718750000e+03
1.739687622070312500e+03
1.680083129882812500e+03
2.021916259765625000e+03
2.320783691406250000e+03
1.973515625000000000e+03
1.608893188476562500e+03
1.535430297851562500e+03
1.510024780273437500e+03
1.390958618164062500e+03
1.728941284179687500e+03
2.457867675781250000e+03
2.440739257812500000e+03
1.727964477539062500e+03
1.381420532226562500e+03
1.429991699218750000e+03
1.930439331054687500e+03
2.804890380859375000e+03
2.260352050781250000e+03
1.599218261718750000e+03
2.307436035156250000e+03
3.192099853515625000e+03
2.390181396484375000e+03
2.332700927734375000e+03
2.848583740234375000e+03
2.549756835937500000e+03
2.235192871093750000e+03
2.177664062500000000e+03
2.351193359375000000e+03
2.342213867187500000e+03
1.936883300781250000e+03
1.776683349609375000e+03
1.846401977539062500e+03
1.805119628906250000e+03
1.797441650390625000e+03
1.776379272460937500e+03
1.805981323242187500e+03
1.979531860351562500e+03
1.985437622070312500e+03
2.114867675781250000e+03
1.959301269531250000e+03
1.686439697265625000e+03
1.830842041015625000e+03
2.032500000000000000e+03
2.179227539062500000e+03
1.925197509765625000e+03
1.707474609375000000e+03
1.773095092773437500e+03
1.906702636718750000e+03
2.407132568359375000e+03
2.158097900390625000e+03
1.655952270507812500e+03
1.567901123046875000e+03
1.520245361328125000e+03
1.537382446289062500e+03
1.462358764648437500e+03
2.046911621093750000e+03
2.825435546875000000e+03
2.088657714843750000e+03
1.586055786132812500e+03
2.196042724609375000e+03
2.711360351562500000e+03
2.127198730468750000e+03
1.814452636718750000e+03
2.175351562500000000e+03
2.444600097656250000e+03
2.122713378906250000e+03
1.834718994140625000e+03
1.834455810546875000e+03
2.232363281250000000e+03
2.141164062500000000e+03
1.744369018554687500e+03
1.605052978515625000e+03
1.948589965820312500e+03
2.453492187500000000e+03
2.009694091796875000e+03
1.522735595703125000e+03
1.526454956054687500e+03
1.892195190429687500e+03
2.222489257812500000e+03
2.170794189453125000e+03
1.747098022460937500e+03
1.457924194335937500e+03
1.377071533203125000e+03
1.404050537109375000e+03
1.534347534179687500e+03
2.342327148437500000e+03
2.884456298828125000e+03
1.854873168945312500e+03
1.728628540039062500e+03
3.502437744140625000e+03
2.471617187500000000e+03
2.672395263671875000e+03
3.651442626953125000e+03
2.146529541015625000e+03
3.636609863281250000e+03
2.254806884765625000e+03
2.130086914062500000e+03
3.479186523437500000e+03
2.227426025390625000e+03
2.993051513671875000e+03
3.010009521484375000e+03
2.128446044921875000e+03
2.624855224609375000e+03
2.578386230468750000e+03
2.136537109375000000e+03
1.927395996093750000e+03
1.935879150390625000e+03
1.929876953125000000e+03
1.920761352539062500e+03
1.835417114257812500e+03
1.608288818359375000e+03
1.557720458984375000e+03
1.691667846679687500e+03
1.895311035156250000e+03
2.101833251953125000e+03
1.977999145507812500e+03
1.843525268554687500e+03
1.713429687500000000e+03
1.807440795898437500e+03
2.129604248046875000e+03
2.094528076171875000e+03
1.680564819335937500e+03
1.654101928710937500e+03
1.628338500976562500e+03
1.702001342773437500e+03
2.096546875000000000e+03
2.045694946289062500e+03
1.907667114257812500e+03
1.822229614257812500e+03
1.536752319335937500e+03
1.748591430664062500e+03
1.901934448242187500e+03
1.934841918945312500e+03
1.985854858398437500e+03
1.767156860351562500e+03
1.674205200195312500e+03
1.804502197265625000e+03
1.711495361328125000e+03
2.019913818359375000e+03
2.216787597656250000e+03
1.867286621093750000e+03
1.578714843750000000e+03
1.576204467773437500e+03
1.538696533203125000e+03
1.515572265625000000e+03
1.782333618164062500e+03
2.401597900390625000e+03
2.326441406250000000e+03
1.625985473632812500e+03
1.586496337890625000e+03
2.080487304687500000e+03
2.293140869140625000e+03
2.021355957031250000e+03
1.686661132812500000e+03
1.440351196289062500e+03
1.476254150390625000e+03
1.435345703125000000e+03
1.542106201171875000e+03
1.997586669921875000e+03
2.454805908203125000e+03
2.067555908203125000e+03
1.504263671875000000e+03
1.513700927734375000e+03
2.498115722656250000e+03
2.557772705078125000e+03
1.769210937500000000e+03
1.998400146484375000e+03
2.915979003906250000e+03
2.299899169921875000e+03
2.071807128906250000e+03
2.771374023437500000e+03
2.357704345703125000e+03
2.015908813476562500e+03
2.303772216796875000e+03
2.349049316406250000e+03
2.045084350585937500e+03
1.808596313476562500e+03
1.763037841796875000e+03
1.790386962890625000e+03
1.859543701171875000e+03
1.665466186523437500e+03
1.531734497070312500e+03
1.714160644531250000e+03
1.824265625000000000e+03
2.062103515625000000e+03
2.140827636718750000e+03
1.817724853515625000e+03
1.599807983398437500e+03
1.650150024414062500e+03
1.904680664062500000e+03
2.369109863281250000e+03
2.129777099609375000e+03
1.502670288085937500e+03
1.480862182617187500e+03
1.940090332031250000e+03
2.346740234375000000e+03
2.135344726562500000e+03
1.705480102539062500e+03
1.501964355468750000e+03
1.629464843750000000e+03
2.531591064453125000e+03
2.295698974609375000e+03
1.664218139648437500e+03
1.911239990234375000e+03
2.673027832031250000e+03
2.263858886718750000e+03
1.764053466796875000e+03
2.318126953125000000e+03
2.776200927734375000e+03
2.105990234375000000e+03
2.002455444335937500e+03
2.583059082031250000e+03
2.424020751953125000e+03
2.023721191406250000e+03
2.118486083984375000e+03
2.239135742187500000e+03
2.028911987304687500e+03
1.821874755859375000e+03
1.719351928710937500e+03
1.666671997070312500e+03
1.683064697265625000e+03
1.638134033203125000e+03
1.691301269531250000e+03
1.890447265625000000e+03
2.129175781250000000e+03
1.992570922851562500e+03
1.711466430664062500e+03
1.478545288085937500e+03
1.600441162109375000e+03
1.971233032226562500e+03
2.266702392578125000e+03
1.975271606445312500e+03
1.503280273437500000e+03
1.262754028320312500e+03
1.444086181640625000e+03
1.858740112304687500e+03
2.661734375000000000e+03
2.173197509765625000e+03
1.492141845703125000e+03
1.933355468750000000e+03
3.237361328125000000e+03
2.278202636718750000e+03
2.262940917968750000e+03
3.111122314453125000e+03
2.185685302734375000e+03
2.230054199218750000e+03
2.878300292968750000e+03
2.047237182617187500e+03
1.965142456054687500e+03
2.407628662109375000e+03
2.322920166015625000e+03
1.927318969726562500e+03
1.692326171875000000e+03
1.688913940429687500e+03
1.807036132812500000e+03
1.835835449218750000e+03
1.697593505859375000e+03
1.569818115234375000e+03
1.554490356445312500e+03
1.603897827148437500e+03
2.031768676757812500e+03
2.276529052734375000e+03
1.924929687500000000e+03
1.483598632812500000e+03
1.310597778320312500e+03
1.405820312500000000e+03
1.463840209960937500e+03
1.999539428710937500e+03
2.568537353515625000e+03
1.969285278320312500e+03
1.393424682617187500e+03
1.494370117187500000e+03
2.730505371093750000e+03
2.513556152343750000e+03
1.806132690429687500e+03
2.298866210937500000e+03
2.759783935546875000e+03
2.222692382812500000e+03
1.946532592773437500e+03
2.554752197265625000e+03
2.377135742187500000e+03
1.941000000000000000e+03
2.019186767578125000e+03
2.172066406250000000e+03
2.104034667968750000e+03
1.949589355468750000e+03
1.633519287109375000e+03
1.586364257812500000e+03
1.658441162109375000e+03
1.587932861328125000e+03
1.759559814453125000e+03
1.907176147460937500e+03
1.880921142578125000e+03
1.953477661132812500e+03
1.878186767578125000e+03
1.681635864257812500e+03
1.803370117187500000e+03
1.945027954101562500e+03
1.981895751953125000e+03
1.890798950195312500e+03
1.631974975585937500e+03
1.568495605468750000e+03
1.684223022460937500e+03
1.794692016601562500e+03
2.172684082031250000e+03
2.003194946289062500e+03
1.704322021484375000e+03
1.520072021484375000e+03
1.526338134765625000e+03
1.452152709960937500e+03
1.541436279296875000e+03
1.805888183593750000e+03
2.035399169921875000e+03
2.187394042968750000e+03
1.807497436523437500e+03
1.475385620117187500e+03
1.569249755859375000e+03
1.440140869140625000e+03
1.526582641601562500e+03
1.974576293945312500e+03
2.206803955078125000e+03
1.851925537109375000e+03
1.530245971679687500e+03
1.497017944335937500e+03
1.586539184570312500e+03
2.355319335937500000e+03
2.445962890625000000e+03
1.631026367187500000e+03
1.563388671875000000e+03
2.360116943359375000e+03
2.373214111328125000e+03
1.625746459960937500e+03
1.579088989257812500e+03
2.499979248046875000e+03
2.494660644531250000e+03
1.776235839843750000e+03
1.868126098632812500e+03
2.503556884765625000e+03
2.274836914062500000e+03
1.855391479492187500e+03
1.994891967773437500e+03
2.321097900390625000e+03
2.126989746093750000e+03
1.873352661132812500e+03
1.785925659179687500e+03
1.968041137695312500e+03
2.150007324218750000e+03
1.877840698242187500e+03
1.617747924804687500e+03
1.599156860351562500e+03
1.780784667968750000e+03
1.900177490234375000e+03
1.640603637695312500e+03
1.517985473632812500e+03
1.664950317382812500e+03
1.821689941406250000e+03
2.062629882812500000e+03
1.995073364257812500e+03
1.658330932617187500e+03
1.489751098632812500e+03
1.455362426757812500e+03
1.410286987304687500e+03
1.533988159179687500e+03
1.842444335937500000e+03
2.431604248046875000e+03
2.241414550781250000e+03
1.477061279296875000e+03
1.529770996093750000e+03
2.601562011718750000e+03
2.492203857421875000e+03
1.699453369140625000e+03
2.089092285156250000e+03
2.775221191406250000e+03
2.211932861328125000e+03
1.935028198242187500e+03
2.421863281250000000e+03
2.309771240234375000e+03
1.885908935546875000e+03
1.712398925781250000e+03
1.750796020507812500e+03
1.814569702148437500e+03
1.956669677734375000e+03
1.897453979492187500e+03
1.685146972656250000e+03
1.615707641601562500e+03
1.534145629882812500e+03
1.681958007812500000e+03
1.821963623046875000e+03
1.900532348632812500e+03
2.046876342773437500e+03
1.782285034179687500e+03
1.466274291992187500e+03
1.530500976562500000e+03
1.653783325195312500e+03
2.011060791015625000e+03
2.327324218750000000e+03
1.838053466796875000e+03
1.385116210937500000e+03
1.560987792968750000e+03
1.922468261718750000e+03
2.159082519531250000e+03
1.926857788085937500e+03
1.587120483398437500e+03
1.364167236328125000e+03
1.365922241210937500e+03
1.414794677734375000e+03
1.596828369140625000e+03
2.451448730468750000e+03
2.323748535156250000e+03
1.562757690429687500e+03
1.481941284179687500e+03
2.569812988281250000e+03
2.724254150390625000e+03
1.947065795898437500e+03
2.405110595703125000e+03
2.467165283203125000e+03
2.190314941406250000e+03
1.871231323242187500e+03
1.818019653320312500e+03
2.014748535156250000e+03
1.984327514648437500e+03
1.794625854492187500e+03
1.599872436523437500e+03
1.500599487304687500e+03
1.560757202148437500e+03
1.610323364257812500e+03
1.831147338867187500e+03
2.070918457031250000e+03
1.979009155273437500e+03
1.699618286132812500e+03
1.459029663085937500e+03
1.415429687500000000e+03
1.654025024414062500e+03
2.137733398437500000e+03
2.331812255859375000e+03
1.727097778320312500e+03
1.304041992187500000e+03
1.372213378906250000e+03
1.568822021484375000e+03
2.335553222656250000e+03
2.500670410156250000e+03
1.601983032226562500e+03
1.480085327148437500e+03
2.340386718750000000e+03
2.664207031250000000e+03
1.828967529296875000e+03
1.771525268554687500e+03
2.537948974609375000e+03
2.347963867187500000e+03
1.973534301757812500e+03
2.093843505859375000e+03
2.314654296875000000e+03
2.151641845703125000e+03
1.888703491210937500e+03
1.646236694335937500e+03
1.732032348632812500e+03
1.919915283203125000e+03
1.879953369140625000e+03
1.576370849609375000e+03
1.426029174804687500e+03
1.514079101562500000e+03
1.392239868164062500e+03
1.295773193359375000e+03
1.553975341796875000e+03
2.165788574218750000e+03
2.375156250000000000e+03
1.768687500000000000e+03
1.326828613281250000e+03
1.297458496093750000e+03
1.821657348632812500e+03
2.786811767578125000e+03
1.937681152343750000e+03
1.438156616210937500e+03
2.177604248046875000e+03
3.107927246093750000e+03
2.018348266601562500e+03
2.158752929687500000e+03
3.060474853515625000e+03
2.145851562500000000e+03
2.097489257812500000e+03
3.049866210937500000e+03
2.306879394531250000e+03
2.401066406250000000e+03
2.637322265625000000e+03
2.116892578125000000e+03
2.210513427734375000e+03
2.283884277343750000e+03
2.041828979492187500e+03
1.926485107421875000e+03
1.774608642578125000e+03
1.650708984375000000e+03
1.694999145507812500e+03
1.581595947265625000e+03
1.532668945312500000e+03
1.678664428710937500e+03
1.648037597656250000e+03
1.835379638671875000e+03
2.074156250000000000e+03
1.812606323242187500e+03
1.602480834960937500e+03
1.361908203125000000e+03
1.435932373046875000e+03
1.426105957031250000e+03
1.766267456054687500e+03
2.422500244140625000e+03
2.056020019531250000e+03
1.472098266601562500e+03
1.575900512695312500e+03
2.419979736328125000e+03
2.395071533203125000e+03
1.647439453125000000e+03
1.939962646484375000e+03
2.846308349609375000e+03
2.151274658203125000e+03
1.950240600585937500e+03
2.527630859375000000e+03
2.407625244140625000e+03
2.032645141601562500e+03
2.027357666015625000e+03
1.979917358398437500e+03
1.868402587890625000e+03
1.721535644531250000e+03
1.602760375976562500e+03
1.535267944335937500e+03
1.438019775390625000e+03
1.493584594726562500e+03
1.636564819335937500e+03
2.179800292968750000e+03
2.096931640625000000e+03
1.607005004882812500e+03
1.465931274414062500e+03
1.263141723632812500e+03
1.375020996093750000e+03
1.498170532226562500e+03
1.880437500000000000e+03
2.590779052734375000e+03
1.988827148437500000e+03
1.479070678710937500e+03
2.528577880859375000e+03
2.700874267578125000e+03
1.963114135742187500e+03
2.168561035156250000e+03
2.410725830078125000e+03
2.046228637695312500e+03
1.722056274414062500e+03
1.744452270507812500e+03
1.865830932617187500e+03
1.823290527343750000e+03
1.747882202148437500e+03
1.550905639648437500e+03
1.498587280273437500e+03
1.516683349609375000e+03
1.627336669921875000e+03
2.120939453125000000e+03
2.100157958984375000e+03
1.569852539062500000e+03
1.356238769531250000e+03
1.351697631835937500e+03
1.543906372070312500e+03
2.009053955078125000e+03
2.460251220703125000e+03
1.847304687500000000e+03
1.292450073242187500e+03
1.965922485351562500e+03
2.709835205078125000e+03
1.828746826171875000e+03
1.545198120117187500e+03
2.433871337890625000e+03
2.433430175781250000e+03
1.891246093750000000e+03
1.908516601562500000e+03
2.212345214843750000e+03
2.152055664062500000e+03
1.764296264648437500e+03
1.710847534179687500e+03
1.947396850585937500e+03
1.943695800781250000e+03
1.727295532226562500e+03
1.484536987304687500e+03
1.414830932617187500e+03
1.401974853515625000e+03
1.375721923828125000e+03
1.348927856445312500e+03
1.590495605468750000e+03
2.240542236328125000e+03
2.194090820312500000e+03
1.544811767578125000e+03
1.274869873046875000e+03
1.509223266601562500e+03
2.264182861328125000e+03
2.416230712890625000e+03
1.653273681640625000e+03
1.541442871093750000e+03
2.778389404296875000e+03
2.531663818359375000e+03
2.105686767578125000e+03
2.611861083984375000e+03
2.094491455078125000e+03
1.840009765625000000e+03
1.944799804687500000e+03
2.037972778320312500e+03
1.744105834960937500e+03
1.683375366210937500e+03
1.540115966796875000e+03
1.432852172851562500e+03
1.393205078125000000e+03
1.408022827148437500e+03
1.549160522460937500e+03
2.136426757812500000e+03
2.283258789062500000e+03
1.561148803710937500e+03
1.368444702148437500e+03
2.005830322265625000e+03
2.788517578125000000e+03
1.914469970703125000e+03
1.872749511718750000e+03
2.934317382812500000e+03
2.243277832031250000e+03
2.012315795898437500e+03
2.750348388671875000e+03
2.065860595703125000e+03
1.960507934570312500e+03
2.512754150390625000e+03
2.141060546875000000e+03
1.886281127929687500e+03
1.984860473632812500e+03
2.166701904296875000e+03
2.009461181640625000e+03
1.714607666015625000e+03
1.589290527343750000e+03
1.812117919921875000e+03
1.935178466796875000e+03
1.746980468750000000e+03
1.582998168945312500e+03
1.409532104492187500e+03
1.378427124023437500e+03
1.466547119140625000e+03
1.603562011718750000e+03
2.070399169921875000e+03
2.134927734375000000e+03
1.622116088867187500e+03
1.332444091796875000e+03
1.482762207031250000e+03
1.950729492187500000e+03
2.191977539062500000e+03
1.759881103515625000e+03
1.339314331054687500e+03
1.126097534179687500e+03
1.267795898437500000e+03
1.978577148437500000e+03
2.733167724609375000e+03
1.774224853515625000e+03
1.506475097656250000e+03
2.986293945312500000e+03
2.297702148437500000e+03
1.823351684570312500e+03
2.518387695312500000e+03
2.316828857421875000e+03
1.843863159179687500e+03
1.789763671875000000e+03
2.139437255859375000e+03
2.085415039062500000e+03
1.655855102539062500e+03
1.697278686523437500e+03
1.999610107421875000e+03
1.992874633789062500e+03
1.701728271484375000e+03
1.484771606445312500e+03
1.350068481445312500e+03
1.390647705078125000e+03
1.435194824218750000e+03
1.554640136718750000e+03
2.097173339843750000e+03
2.137875244140625000e+03
1.555270629882812500e+03
1.293185302734375000e+03
1.384654907226562500e+03
1.805970703125000000e+03
2.426565185546875000e+03
1.931528686523437500e+03
1.355216674804687500e+03
1.644203125000000000e+03
2.778282226562500000e+03
2.082994628906250000e+03
1.776210937500000000e+03
2.859090576171875000e+03
2.165046630859375000e+03
1.882625000000000000e+03
2.424102539062500000e+03
2.183558593750000000e+03
1.946440307617187500e+03
1.674104858398437500e+03
1.569915039062500000e+03
1.800538208007812500e+03
1.804307617187500000e+03
1.653831542968750000e+03
1.566987304687500000e+03
1.335413940429687500e+03
1.373064941406250000e+03
1.482678710937500000e+03
1.750017822265625000e+03
2.273372070312500000e+03
1.915677612304687500e+03
1.416071777343750000e+03
1.426063354492187500e+03
2.055608886718750000e+03
2.386070068359375000e+03
1.707601928710937500e+03
1.537009521484375000e+03
2.564854980468750000e+03
2.388568847656250000e+03
1.845087768554687500e+03
2.401841308593750000e+03
2.279239746093750000e+03
1.938825927734375000e+03
1.874967285156250000e+03
1.942470458984375000e+03
1.867527343750000000e+03
1.635448974609375000e+03
1.548079956054687500e+03
1.499812377929687500e+03
1.383510742187500000e+03
1.357771240234375000e+03
1.275054931640625000e+03
1.254334594726562500e+03
1.308548339843750000e+03
1.708637329101562500e+03
2.651537597656250000e+03
1.913889160156250000e+03
1.425046142578125000e+03
2.543586425781250000e+03
2.615089355468750000e+03
1.978358520507812500e+03
2.140714355468750000e+03
2.258557861328125000e+03
1.965228759765625000e+03
1.687708374023437500e+03
1.580555175781250000e+03
1.688569946289062500e+03
1.692005981445312500e+03
1.617755859375000000e+03
1.593213500976562500e+03
1.584837768554687500e+03
1.595356933593750000e+03
1.737538330078125000e+03
1.868659667968750000e+03
1.731602661132812500e+03
1.578945312500000000e+03
1.657660278320312500e+03
1.673209106445312500e+03
1.793585327148437500e+03
1.893609008789062500e+03
1.745970825195312500e+03
1.552394775390625000e+03
1.400706787109375000e+03
1.560317138671875000e+03
1.911498535156250000e+03
2.126895263671875000e+03
1.882692260742187500e+03
1.360990234375000000e+03
1.392068847656250000e+03
1.320822631835937500e+03
1.349191772460937500e+03
1.943190185546875000e+03
2.185892578125000000e+03
1.754465087890625000e+03
1.362746215820312500e+03
1.247106933593750000e+03
1.382789916992187500e+03
1.474782958984375000e+03
2.424542236328125000e+03
2.226075927734375000e+03
1.434046997070312500e+03
2.090792724609375000e+03
2.736519775390625000e+03
1.980555175781250000e+03
1.791989257812500000e+03
2.382513427734375000e+03
2.181225097656250000e+03
1.835367919921875000e+03
1.986498657226562500e+03
2.059226318359375000e+03
1.788574096679687500e+03
1.680313598632812500e+03
1.585427001953125000e+03
1.496917358398437500e+03
1.613898193359375000e+03
1.680558349609375000e+03
1.627784301757812500e+03
1.733497924804687500e+03
1.846896362304687500e+03
1.804739257812500000e+03
1.624890136718750000e+03
1.500672973632812500e+03
1.727872314453125000e+03
1.848074462890625000e+03
1.672270996093750000e+03
1.722611328125000000e+03
1.655964355468750000e+03
1.746373779296875000e+03
1.775149658203125000e+03
1.640747680664062500e+03
1.717580810546875000e+03
1.653527709960937500e+03
1.658585449218750000e+03
1.695405639648437500e+03
1.594271362304687500e+03
1.581957641601562500e+03
1.498034179687500000e+03
1.585252929687500000e+03
1.764305664062500000e+03
1.847978271484375000e+03
1.861608520507812500e+03
1.779487182617187500e+03
1.718633789062500000e+03
1.708517944335937500e+03
1.674122924804687500e+03
1.669597290039062500e+03
1.698412475585937500e+03
1.672528320312500000e+03
1.648967651367187500e+03
1.532463012695312500e+03
1.592304321289062500e+03
1.727546020507812500e+03
1.605855468750000000e+03
1.674635620117187500e+03
1.800198364257812500e+03
1.629663452148437500e+03
1.685112426757812500e+03
1.724546264648437500e+03
1.660086669921875000e+03
1.841203125000000000e+03
1.722439819335937500e+03
1.746275268554687500e+03
1.649197509765625000e+03
1.545012207031250000e+03
1.706189331054687500e+03
1.624162597656250000e+03
1.738943603515625000e+03
1.767129028320312500e+03
1.645644775390625000e+03
1.697362670898437500e+03
1.614442260742187500e+03
1.749458374023437500e+03
1.889438354492187500e+03
1.788419189453125000e+03
1.683781494140625000e+03
1.589655761718750000e+03
1.672731323242187500e+03
2.098084228515625000e+03
1.917310668945312500e+03
1.542608520507812500e+03
1.484274780273437500e+03
1.413199096679687500e+03
1.453078613281250000e+03
1.528887451171875000e+03
1.734392700195312500e+03
1.993319458007812500e+03
1.875524536132812500e+03
1.585022094726562500e+03
1.526491333007812500e+03
1.418807983398437500e+03
1.553483032226562500e+03
1.632083618164062500e+03
1.799710937500000000e+03
2.148889404296875000e+03
1.821203125000000000e+03
1.438856689453125000e+03
1.387021850585937500e+03
1.374225585937500000e+03
1.296324707031250000e+03
1.262325683593750000e+03
1.557725952148437500e+03
2.435114990234375000e+03
2.174600830078125000e+03
1.388848266601562500e+03
1.645776611328125000e+03
2.660834716796875000e+03
2.211607910156250000e+03
1.716770996093750000e+03
2.608783447265625000e+03
2.461648193359375000e+03
2.012477172851562500e+03
2.038465332031250000e+03
2.107048095703125000e+03
1.996445190429687500e+03
1.723181274414062500e+03
1.563996459960937500e+03
1.674804687500000000e+03
1.848449951171875000e+03
1.809126586914062500e+03
1.558049804687500000e+03
1.419497192382812500e+03
1.503821655273437500e+03
1.645312011718750000e+03
1.911870117187500000e+03
2.084821777343750000e+03
1.713759643554687500e+03
1.352813476562500000e+03
1.292699829101562500e+03
1.186930541992187500e+03
1.222508544921875000e+03
1.449659423828125000e+03
2.438830566406250000e+03
2.306618896484375000e+03
1.484490966796875000e+03
1.767804321289062500e+03
2.921043945312500000e+03
2.097732910156250000e+03
2.109750000000000000e+03
2.902830322265625000e+03
2.072881591796875000e+03
1.967154785156250000e+03
2.502881103515625000e+03
2.138783935546875000e+03
1.866167846679687500e+03
2.155902099609375000e+03
2.052194091796875000e+03
1.800295166015625000e+03
1.636007202148437500e+03
1.732618530273437500e+03
1.840862304687500000e+03
1.678993286132812500e+03
1.517682983398437500e+03
1.376411132812500000e+03
1.324191040039062500e+03
1.315741699218750000e+03
1.229208496093750000e+03
1.260269531250000000e+03
1.704224975585937500e+03
2.488408447265625000e+03
1.825496948242187500e+03
1.315990600585937500e+03
1.769707763671875000e+03
3.093239257812500000e+03
1.991407104492187500e+03
2.195485107421875000e+03
3.044867187500000000e+03
1.921265258789062500e+03
2.064329101562500000e+03
3.093781005859375000e+03
2.011495849609375000e+03
2.484691894531250000e+03
2.648958251953125000e+03
1.851233520507812500e+03
2.006054199218750000e+03
2.468362304687500000e+03
2.042954833984375000e+03
1.728981445312500000e+03
2.175665527343750000e+03
2.259632568359375000e+03
1.788646850585937500e+03
1.742360961914062500e+03
1.954803588867187500e+03
2.018532104492187500e+03
1.782280273437500000e+03
1.581070190429687500e+03
1.460548339843750000e+03
1.678825439453125000e+03
1.849338012695312500e+03
1.689719848632812500e+03
1.491354003906250000e+03
1.393058959960937500e+03
1.421844848632812500e+03
1.706141845703125000e+03
2.002783813476562500e+03
1.889906616210937500e+03
1.493981201171875000e+03
1.258726684570312500e+03
1.320592773437500000e+03
1.594864501953125000e+03
2.253672363281250000e+03
2.073730224609375000e+03
1.310249633789062500e+03
1.428207763671875000e+03
2.239519287109375000e+03
2.396134521484375000e+03
1.613325317382812500e+03
1.526688964843750000e+03
3.038957031250000000e+03
2.211082031250000000e+03
2.375123046875000000e+03
2.957965087890625000e+03
1.819464355468750000e+03
2.426505371093750000e+03
2.604836425781250000e+03
1.932979614257812500e+03
2.069495605468750000e+03
2.361467041015625000e+03
2.091821533203125000e+03
1.841481689453125000e+03
1.966032836914062500e+03
2.040026855468750000e+03
1.752539306640625000e+03
1.577430664062500000e+03
1.512759521484375000e+03
1.596682617187500000e+03
1.729686157226562500e+03
1.687937133789062500e+03
1.568867675781250000e+03
1.452348144531250000e+03
1.531776367187500000e+03
1.791673828125000000e+03
2.021070312500000000e+03
1.701245361328125000e+03
1.281027709960937500e+03
1.269338867187500000e+03
1.381454711914062500e+03
1.778919799804687500e+03
2.414151367187500000e+03
1.817959472656250000e+03
1.349656616210937500e+03
2.052399414062500000e+03
2.708049316406250000e+03
1.915571166992187500e+03
1.998418823242187500e+03
2.483452392578125000e+03
2.144476074218750000e+03
1.802886840820312500e+03
2.073328857421875000e+03
2.220891845703125000e+03
1.951608520507812500e+03
1.727920288085937500e+03
1.658203857421875000e+03
1.720959350585937500e+03
1.592363525390625000e+03
1.439832153320312500e+03
1.359741455078125000e+03
1.283229370117187500e+03
1.288819458007812500e+03
1.158733764648437500e+03
1.183850830078125000e+03
1.421051147460937500e+03
2.249183837890625000e+03
2.233016845703125000e+03
1.442151123046875000e+03
1.394791137695312500e+03
2.379759765625000000e+03
2.339583740234375000e+03
1.612235351562500000e+03
1.852945678710937500e+03
2.753231201171875000e+03
2.061485595703125000e+03
2.011772338867187500e+03
2.481863037109375000e+03
2.016871337890625000e+03
1.825334350585937500e+03
2.025661499023437500e+03
1.847846923828125000e+03
1.678205810546875000e+03
1.636855834960937500e+03
1.474652465820312500e+03
1.319316284179687500e+03
1.336846435546875000e+03
1.307553833007812500e+03
1.187058105468750000e+03
1.235833007812500000e+03
1.696645019531250000e+03
2.398483886718750000e+03
1.934139038085937500e+03
1.334639160156250000e+03
1.975347656250000000e+03
2.867923583984375000e+03
2.009796508789062500e+03
2.179794921875000000e+03
2.457861083984375000e+03
2.018491088867187500e+03
1.771154174804687500e+03
2.083203369140625000e+03
2.013252685546875000e+03
1.669835937500000000e+03
1.690783203125000000e+03
1.700433349609375000e+03
1.549261840820312500e+03
1.526665649414062500e+03
1.464253173828125000e+03
1.333737670898437500e+03
1.341413940429687500e+03
1.279638549804687500e+03
1.305161865234375000e+03
1.578057006835937500e+03
2.129810058593750000e+03
2.019874511718750000e+03
1.476292602539062500e+03
1.259304931640625000e+03
1.667281982421875000e+03
2.409001220703125000e+03
1.801808105468750000e+03
1.325099487304687500e+03
2.040860473632812500e+03
2.750661865234375000e+03
1.856177001953125000e+03
2.124712402343750000e+03
2.389025878906250000e+03
1.900492187500000000e+03
1.612315307617187500e+03
1.934756347656250000e+03
2.076583740234375000e+03
1.773373535156250000e+03
1.560377807617187500e+03
1.549758789062500000e+03
1.772979614257812500e+03
1.853459838867187500e+03
1.637988769531250000e+03
1.416014648437500000e+03
1.305434448242187500e+03
1.423300170898437500e+03
1.358102050781250000e+03
1.424458374023437500e+03
1.887376953125000000e+03
2.090690917968750000e+03
1.622010864257812500e+03
1.234715087890625000e+03
1.253859863281250000e+03
1.848456420898437500e+03
2.338973388671875000e+03
1.569203369140625000e+03
1.283795776367187500e+03
1.979037109375000000e+03
2.741882568359375000e+03
1.798333862304687500e+03
1.876944458007812500e+03
2.757022949218750000e+03
1.999668823242187500e+03
1.865574951171875000e+03
2.703468017578125000e+03
2.146500488281250000e+03
2.038466186523437500e+03
2.501980712890625000e+03
2.075993408203125000e+03
1.987373291015625000e+03
2.024146484375000000e+03
1.915072143554687500e+03
1.651918823242187500e+03
1.636683959960937500e+03
1.536628295898437500e+03
1.349357543945312500e+03
1.430705810546875000e+03
1.452317993164062500e+03
1.395209228515625000e+03
1.779085205078125000e+03
2.141220703125000000e+03
1.551013671875000000e+03
1.248135498046875000e+03
1.434037963867187500e+03
2.213405029296875000e+03
2.128987792968750000e+03
1.470153442382812500e+03
1.538127929687500000e+03
2.427821289062500000e+03
2.066227294921875000e+03
1.640402709960937500e+03
2.031224609375000000e+03
2.244001953125000000e+03
1.837241943359375000e+03
1.604750366210937500e+03
1.710705444335937500e+03
1.795047485351562500e+03
1.644392456054687500e+03
1.549671264648437500e+03
1.439604614257812500e+03
1.328700439453125000e+03
1.311827270507812500e+03
1.527338623046875000e+03
1.998288085937500000e+03
1.813521118164062500e+03
1.352255615234375000e+03
1.188081420898437500e+03
1.341525390625000000e+03
2.118165283203125000e+03
2.231566894531250000e+03
1.524996459960937500e+03
1.456985473632812500e+03
2.674710449218750000e+03
2.183258789062500000e+03
1.786622680664062500e+03
2.505676269531250000e+03
1.982747192382812500e+03
1.681973999023437500e+03
1.751620483398437500e+03
1.875494506835937500e+03
1.754682006835937500e+03
1.544256347656250000e+03
1.385273193359375000e+03
1.288043212890625000e+03
1.242736694335937500e+03
1.175228271484375000e+03
1.160781616210937500e+03
1.047941528320312500e+03
1.042039794921875000e+03
1.136493652343750000e+03
1.635054199218750000e+03
2.714720703125000000e+03
1.774315795898437500e+03
1.434666503906250000e+03
2.972674316406250000e+03
1.954736938476562500e+03
1.891236938476562500e+03
3.097539550781250000e+03
1.683166625976562500e+03
2.786548339843750000e+03
2.565291503906250000e+03
1.838527343750000000e+03
2.527112304687500000e+03
2.003178344726562500e+03
1.670330810546875000e+03
1.931655151367187500e+03
1.974502441406250000e+03
1.638087158203125000e+03
1.512883178710937500e+03
1.443257934570312500e+03
1.429088500976562500e+03
1.714908325195312500e+03
1.779515991210937500e+03
1.554910278320312500e+03
1.333707031250000000e+03
1.223486328125000000e+03
1.290873779296875000e+03
1.386775268554687500e+03
1.914152099609375000e+03
2.066761230468750000e+03
1.507467529296875000e+03
1.351464233398437500e+03
1.861937255859375000e+03
2.203284912109375000e+03
1.670578857421875000e+03
1.436633666992187500e+03
1.755767944335937500e+03
2.295444580078125000e+03
1.790638793945312500e+03
1.562430664062500000e+03
2.083921142578125000e+03
2.228972412109375000e+03
1.689801269531250000e+03
1.661229003906250000e+03
1.919954345703125000e+03
1.957431640625000000e+03
1.689974365234375000e+03
1.495213134765625000e+03
1.492303710937500000e+03
1.665184814453125000e+03
1.686741943359375000e+03
1.547202514648437500e+03
1.348318603515625000e+03
1.338504516601562500e+03
1.571759765625000000e+03
1.734422485351562500e+03
1.718391845703125000e+03
1.613925292968750000e+03
1.503543701171875000e+03
1.465313110351562500e+03
1.582329101562500000e+03
1.818915283203125000e+03
1.806276123046875000e+03
1.492950805664062500e+03
1.327869262695312500e+03
1.301358154296875000e+03
1.431697143554687500e+03
1.783187500000000000e+03
1.999471435546875000e+03
1.657976318359375000e+03
1.327263427734375000e+03
1.319040527343750000e+03
1.494038940429687500e+03
1.492057373046875000e+03
1.713695922851562500e+03
1.793977294921875000e+03
1.491944946289062500e+03
1.446875122070312500e+03
1.327571289062500000e+03
1.355438598632812500e+03
1.431698608398437500e+03
1.561294433593750000e+03
1.713877319335937500e+03
1.718191040039062500e+03
1.531161621093750000e+03
1.413436035156250000e+03
1.406169677734375000e+03
1.442525512695312500e+03
1.662739990234375000e+03
1.678629150390625000e+03
1.603173706054687500e+03
1.607485107421875000e+03
1.493844848632812500e+03
1.485574340820312500e+03
1.513103637695312500e+03
1.625688354492187500e+03
1.667099487304687500e+03
1.610759155273437500e+03
1.534226196289062500e+03
1.474166870117187500e+03
1.440689453125000000e+03
1.570349609375000000e+03
1.589153930664062500e+03
1.499224609375000000e+03
1.691412597656250000e+03
1.505772094726562500e+03
1.481837768554687500e+03
1.484075683593750000e+03
1.408721313476562500e+03
1.659338500976562500e+03
1.773057495117187500e+03
1.693316040039062500e+03
1.554765502929687500e+03
1.407742309570312500e+03
1.374364746093750000e+03
1.477602783203125000e+03
1.516147949218750000e+03
1.681638183593750000e+03
1.780749633789062500e+03
1.649871826171875000e+03
1.546968872070312500e+03
1.557423828125000000e+03
1.514014038085937500e+03
1.778862182617187500e+03
1.774379516601562500e+03
1.405880126953125000e+03
1.376515502929687500e+03
1.260804199218750000e+03
1.285428833007812500e+03
1.540617431640625000e+03
1.859645629882812500e+03
2.033535156250000000e+03
1.664824829101562500e+03
1.324122924804687500e+03
1.427285522460937500e+03
1.484952636718750000e+03
1.561828857421875000e+03
1.789242675781250000e+03
1.632846923828125000e+03
1.491681030273437500e+03
1.490032958984375000e+03
1.443872802734375000e+03
1.771098999023437500e+03
1.871315795898437500e+03
1.540336303710937500e+03
1.331292358398437500e+03
1.273010131835937500e+03
1.343965698242187500e+03
1.585801757812500000e+03
1.988832031250000000e+03
1.873744140625000000e+03
1.430542846679687500e+03
1.188516357421875000e+03
1.168798217773437500e+03
1.180743896484375000e+03
1.243256347656250000e+03
1.671813964843750000e+03
2.343458251953125000e+03
1.905793334960937500e+03
1.309547851562500000e+03
1.646705322265625000e+03
2.631102539062500000e+03
1.911020507812500000e+03
1.776753662109375000e+03
2.654446533203125000e+03
2.085570556640625000e+03
1.902203002929687500e+03
2.404310791015625000e+03
1.953206787109375000e+03
1.810998291015625000e+03
2.044178344726562500e+03
1.969332763671875000e+03
1.713635864257812500e+03
1.563639648437500000e+03
1.727530761718750000e+03
1.722149780273437500e+03
1.495580810546875000e+03
1.350194946289062500e+03
1.273305541992187500e+03
1.266912109375000000e+03
1.237970703125000000e+03
1.377245971679687500e+03
1.864186279296875000e+03
2.208467285156250000e+03
1.564127319335937500e+03
1.217580688476562500e+03
1.913493164062500000e+03
2.578250488281250000e+03
1.804107788085937500e+03
1.775103637695312500e+03
2.585604736328125000e+03
2.106072509765625000e+03
1.965388793945312500e+03
2.325427490234375000e+03
1.875409179687500000e+03
1.755087768554687500e+03
1.741422363281250000e+03
1.804643676757812500e+03
1.732691528320312500e+03
1.597140258789062500e+03
1.371765014648437500e+03
1.321822387695312500e+03
1.323808105468750000e+03
1.214836791992187500e+03
1.209264038085937500e+03
1.360108276367187500e+03
1.834148925781250000e+03
2.268068359375000000e+03
1.582312622070312500e+03
1.181021850585937500e+03
1.950763427734375000e+03
2.620977294921875000e+03
1.792353271484375000e+03
1.901905639648437500e+03
2.478392822265625000e+03
1.994892822265625000e+03
1.723293823242187500e+03
2.182628417968750000e+03
2.066480712890625000e+03
1.757810791015625000e+03
1.763219482421875000e+03
1.843254760742187500e+03
1.710289672851562500e+03
1.511725952148437500e+03
1.349986694335937500e+03
1.399118041992187500e+03
1.488164672851562500e+03
1.511170654296875000e+03
1.505552368164062500e+03
1.598089477539062500e+03
1.695401000976562500e+03
1.570366333007812500e+03
1.448137817382812500e+03
1.385334472656250000e+03
1.602458496093750000e+03
1.821065185546875000e+03
1.634994262695312500e+03
1.536585815429687500e+03
1.368269165039062500e+03
1.548973632812500000e+03
1.886631347656250000e+03
1.667901489257812500e+03
1.414985107421875000e+03
1.297758666992187500e+03
1.298795532226562500e+03
1.475199951171875000e+03
1.944810668945312500e+03
1.844447265625000000e+03
1.336214721679687500e+03
1.241506591796875000e+03
1.246310668945312500e+03
1.456140502929687500e+03
1.964536499023437500e+03
1.985136474609375000e+03
1.356852783203125000e+03
1.158153686523437500e+03
1.468310791015625000e+03
2.202534179687500000e+03
1.980624511718750000e+03
1.317620605468750000e+03
1.389744628906250000e+03
2.243484130859375000e+03
2.097272216796875000e+03
1.477697631835937500e+03
1.725175781250000000e+03
2.312523193359375000e+03
1.961574951171875000e+03
1.613868774414062500e+03
2.022415771484375000e+03
2.142901123046875000e+03
1.750493652343750000e+03
1.558712524414062500e+03
1.732332763671875000e+03
1.848383300781250000e+03
1.671037597656250000e+03
1.430510498046875000e+03
1.342995483398437500e+03
1.341619262695312500e+03
1.209116088867187500e+03
1.213396728515625000e+03
1.111497680664062500e+03
1.141469726562500000e+03
1.240200195312500000e+03
1.830917114257812500e+03
2.478229492187500000e+03
1.592697998046875000e+03
1.650677368164062500e+03
2.877017089843750000e+03
1.921052001953125000e+03
2.131477783203125000e+03
3.004220703125000000e+03
2.038768798828125000e+03
2.654086914062500000e+03
1.963446533203125000e+03
1.748315429687500000e+03
1.702699707031250000e+03
1.802754150390625000e+03
1.813692260742187500e+03
1.546306762695312500e+03
1.400424682617187500e+03
1.372030639648437500e+03
1.387770507812500000e+03
1.419018432617187500e+03
1.392177856445312500e+03
1.470830322265625000e+03
1.651255371093750000e+03
1.792406860351562500e+03
1.472835937500000000e+03
1.345636840820312500e+03
1.283187133789062500e+03
1.257833129882812500e+03
1.447824707031250000e+03
1.735555786132812500e+03
2.001258300781250000e+03
1.687030517578125000e+03
1.242219116210937500e+03
1.259052734375000000e+03
1.693929321289062500e+03
1.996515502929687500e+03
1.683794433593750000e+03
1.324001708984375000e+03
1.230251708984375000e+03
1.640837280273437500e+03
2.070074707031250000e+03
1.686026489257812500e+03
1.261136352539062500e+03
1.179097290039062500e+03
1.816629638671875000e+03
2.408357421875000000e+03
1.628878173828125000e+03
1.517817138671875000e+03
2.624724853515625000e+03
1.960541015625000000e+03
1.718691284179687500e+03
2.382635498046875000e+03
1.853997680664062500e+03
1.682724975585937500e+03
1.844697998046875000e+03
1.863711181640625000e+03
1.620954956054687500e+03
1.453282348632812500e+03
1.338733276367187500e+03
1.346455932617187500e+03
1.522265869140625000e+03
1.748932495117187500e+03
1.573244262695312500e+03
1.352401489257812500e+03
1.261820312500000000e+03
1.334233642578125000e+03
1.551362182617187500e+03
1.849763183593750000e+03
1.810765502929687500e+03
1.360967529296875000e+03
1.123360473632812500e+03
1.176337402343750000e+03
1.304634277343750000e+03
2.125715576171875000e+03
2.188040039062500000e+03
1.393982666015625000e+03
1.576013793945312500e+03
2.639389160156250000e+03
1.856082763671875000e+03
1.739999023437500000e+03
2.762491699218750000e+03
1.867237304687500000e+03
2.186289794921875000e+03
2.498883544921875000e+03
1.790138793945312500e+03
2.012803344726562500e+03
2.367480712890625000e+03
1.923080688476562500e+03
1.845744018554687500e+03
1.884471679687500000e+03
1.786425170898437500e+03
1.592520263671875000e+03
1.449277343750000000e+03
1.471416870117187500e+03
1.502821777343750000e+03
1.401047363281250000e+03
1.343549682617187500e+03
1.365076660156250000e+03
1.389347534179687500e+03
1.558347290039062500e+03
1.760741699218750000e+03
1.607732666015625000e+03
1.336129882812500000e+03
1.256488037109375000e+03
1.197595581054687500e+03
1.271218994140625000e+03
1.410716308593750000e+03
1.856272827148437500e+03
1.860329956054687500e+03
1.378822265625000000e+03
1.227997436523437500e+03
1.198564453125000000e+03
1.233349121093750000e+03
1.453104125976562500e+03
1.941085205078125000e+03
1.848613525390625000e+03
1.301412475585937500e+03
1.205053222656250000e+03
1.491971435546875000e+03
2.062477294921875000e+03
1.849653808593750000e+03
1.307882202148437500e+03
1.447296630859375000e+03
1.940245849609375000e+03
1.961931030273437500e+03
1.471217163085937500e+03
1.326680541992187500e+03
1.709198974609375000e+03
2.176295898437500000e+03
1.612165527343750000e+03
1.384147094726562500e+03
1.801255981445312500e+03
2.363329589843750000e+03
1.745725463867187500e+03
1.591296142578125000e+03
2.165687255859375000e+03
2.124833740234375000e+03
1.661827026367187500e+03
1.740771362304687500e+03
1.843808593750000000e+03
1.714945678710937500e+03
1.563698486328125000e+03
1.394789184570312500e+03
1.491141113281250000e+03
1.842534667968750000e+03
1.667368652343750000e+03
1.331429809570312500e+03
1.292140258789062500e+03
1.618218994140625000e+03
1.847067871093750000e+03
1.468938842773437500e+03
1.225701904296875000e+03
1.090123291015625000e+03
1.128101440429687500e+03
1.187022949218750000e+03
1.581240478515625000e+03
2.349524902343750000e+03
1.649802490234375000e+03
1.317717773437500000e+03
2.446990234375000000e+03
2.135148681640625000e+03
1.594287841796875000e+03
2.011681274414062500e+03
2.119120361328125000e+03
1.656347656250000000e+03
1.534913208007812500e+03
1.677526977539062500e+03
1.566911987304687500e+03
1.416192871093750000e+03
1.353807861328125000e+03
1.251759643554687500e+03
1.214676025390625000e+03
1.175459472656250000e+03
1.123992797851562500e+03
1.175395874023437500e+03
1.415139526367187500e+03
2.149794189453125000e+03
1.853285766601562500e+03
1.203140625000000000e+03
1.440572143554687500e+03
2.551127197265625000e+03
2.004136352539062500e+03
1.757876586914062500e+03
2.602684570312500000e+03
1.846651000976562500e+03
1.826962524414062500e+03
2.403829345703125000e+03
1.871620971679687500e+03
1.792636840820312500e+03
1.976730590820312500e+03
1.839438964843750000e+03
1.683454589843750000e+03
1.531811523437500000e+03
1.454590820312500000e+03
1.581574951171875000e+03
1.592565795898437500e+03
1.384564819335937500e+03
1.276878417968750000e+03
1.261669677734375000e+03
1.326438842773437500e+03
1.450647705078125000e+03
1.824783325195312500e+03
1.916308593750000000e+03
1.398671997070312500e+03
1.222321044921875000e+03
1.594939208984375000e+03
2.184157470703125000e+03
1.756736694335937500e+03
1.344576416015625000e+03
1.707634765625000000e+03
2.457298828125000000e+03
1.837060424804687500e+03
1.701657470703125000e+03
2.282150634765625000e+03
1.914634643554687500e+03
1.559623779296875000e+03
1.989832763671875000e+03
1.994842651367187500e+03
1.643807495117187500e+03
1.598813354492187500e+03
1.738309692382812500e+03
1.598572143554687500e+03
1.521607788085937500e+03
1.359120117187500000e+03
1.218779052734375000e+03
1.320153198242187500e+03
1.255784667968750000e+03
1.378745971679687500e+03
1.662758300781250000e+03
1.740434204101562500e+03
1.605503784179687500e+03
1.211138427734375000e+03
1.196383422851562500e+03
1.130113769531250000e+03
1.133070068359375000e+03
1.065026855468750000e+03
1.240453369140625000e+03
2.026626464843750000e+03
2.027328613281250000e+03
1.313479736328125000e+03
1.260618652343750000e+03
2.049172851562500000e+03
2.186546142578125000e+03
1.498414794921875000e+03
1.445060668945312500e+03
2.268819580078125000e+03
2.053583740234375000e+03
1.648419799804687500e+03
2.087884277343750000e+03
1.968878784179687500e+03
1.643387939453125000e+03
1.480121704101562500e+03
1.631519165039062500e+03
1.694448364257812500e+03
1.522373657226562500e+03
1.331976684570312500e+03
1.249364624023437500e+03
1.308553222656250000e+03
1.370239868164062500e+03
1.377827392578125000e+03
1.688199096679687500e+03
1.921756347656250000e+03
1.430315429687500000e+03
1.133988037109375000e+03
1.237272827148437500e+03
1.714389160156250000e+03
2.120258300781250000e+03
1.514550781250000000e+03
1.189856079101562500e+03
1.659740112304687500e+03
2.419914062500000000e+03
1.749210693359375000e+03
1.644856445312500000e+03
2.378111328125000000e+03
1.864520507812500000e+03
1.527791992187500000e+03
1.937187011718750000e+03
1.923961669921875000e+03
1.522049438476562500e+03
1.429347656250000000e+03
1.533041503906250000e+03
1.583937255859375000e+03
1.657546142578125000e+03
1.544086791992187500e+03
1.427281494140625000e+03
1.401151489257812500e+03
1.472206176757812500e+03
1.541202636718750000e+03
1.623757202148437500e+03
1.545159423828125000e+03
1.442781616210937500e+03
1.537563476562500000e+03
1.675491088867187500e+03
1.556384155273437500e+03
1.414508789062500000e+03
1.344111450195312500e+03
1.398933105468750000e+03
1.349699707031250000e+03
1.630626953125000000e+03
1.714340087890625000e+03
1.356854125976562500e+03
1.291326293945312500e+03
1.181685791015625000e+03
1.141876098632812500e+03
1.148163696289062500e+03
1.317725463867187500e+03
1.923262817382812500e+03
1.895806518554687500e+03
1.293654296875000000e+03
1.128224121093750000e+03
1.301112426757812500e+03
1.869945678710937500e+03
2.036116699218750000e+03
1.429567504882812500e+03
1.206429321289062500e+03
1.839593139648437500e+03
2.246515869140625000e+03
1.555015869140625000e+03
1.405587646484375000e+03
2.187325927734375000e+03
1.986260009765625000e+03
1.459145629882812500e+03
1.703037841796875000e+03
1.985900268554687500e+03
1.722718872070312500e+03
1.458868286132812500e+03
1.483443359375000000e+03
1.727156616210937500e+03
1.723493530273437500e+03
1.407956542968750000e+03
1.276721313476562500e+03
1.305754272460937500e+03
1.415054199218750000e+03
1.607620971679687500e+03
1.544210815429687500e+03
1.374246459960937500e+03
1.337566528320312500e+03
1.434675781250000000e+03
1.797492309570312500e+03
1.806829101562500000e+03
1.345514282226562500e+03
1.116746093750000000e+03
1.258695190429687500e+03
1.696795532226562500e+03
2.140842529296875000e+03
1.589695800781250000e+03
1.258051269531250000e+03
2.175106689453125000e+03
2.212730712890625000e+03
1.618639770507812500e+03
1.889193359375000000e+03
2.058485595703125000e+03
1.710778442382812500e+03
1.429849365234375000e+03
1.568378173828125000e+03
1.689233764648437500e+03
1.491218139648437500e+03
1.421103027343750000e+03
1.280674194335937500e+03
1.217075683593750000e+03
1.169792480468750000e+03
1.138674072265625000e+03
1.086303710937500000e+03
1.140778808593750000e+03
1.566758300781250000e+03
2.065491455078125000e+03
1.574050659179687500e+03
1.112749511718750000e+03
1.134061279296875000e+03
1.782354370117187500e+03
2.220149902343750000e+03
1.482019287109375000e+03
1.349516845703125000e+03
2.424268066406250000e+03
1.978548706054687500e+03
1.541522094726562500e+03
2.308756835937500000e+03
1.828865112304687500e+03
1.601466308593750000e+03
1.912635253906250000e+03
1.806542968750000000e+03
1.522329345703125000e+03
1.409223144531250000e+03
1.532887451171875000e+03
1.736003784179687500e+03
1.559348999023437500e+03
1.288600830078125000e+03
1.201120361328125000e+03
1.135769042968750000e+03
1.131864990234375000e+03
1.166951660156250000e+03
1.564427124023437500e+03
2.018613281250000000e+03
1.593761596679687500e+03
1.124076782226562500e+03
1.115445190429687500e+03
1.737734497070312500e+03
2.264286621093750000e+03
1.509388183593750000e+03
1.313668457031250000e+03
2.372537841796875000e+03
2.040397094726562500e+03
1.595582519531250000e+03
2.326233886718750000e+03
1.963819335937500000e+03
1.724069946289062500e+03
1.976313354492187500e+03
1.788829956054687500e+03
1.595591430664062500e+03
1.515374023437500000e+03
1.523979614257812500e+03
1.410393676757812500e+03
1.292159790039062500e+03
1.250323974609375000e+03
1.209202880859375000e+03
1.071372680664062500e+03
1.083555175781250000e+03
1.040757446289062500e+03
9.727556762695312500e+02
9.392778320312500000e+02
9.159359741210937500e+02
8.771414794921875000e+02
9.419467163085937500e+02
1.559953369140625000e+03
2.948946044921875000e+03
1.521974609375000000e+03
2.139504882812500000e+03
2.744308349609375000e+03
1.752707031250000000e+03
2.280427490234375000e+03
2.359884277343750000e+03
1.788175170898437500e+03
1.846061157226562500e+03
2.245644042968750000e+03
1.885545166015625000e+03
1.682917602539062500e+03
2.033034301757812500e+03
1.815340454101562500e+03
1.617393676757812500e+03
1.659660156250000000e+03
1.556040527343750000e+03
1.488936767578125000e+03
1.340118530273437500e+03
1.317025512695312500e+03
1.231595825195312500e+03
1.197566162109375000e+03
1.138697631835937500e+03
1.147821411132812500e+03
1.225997192382812500e+03
1.651212768554687500e+03
2.138976562500000000e+03
1.405148681640625000e+03
1.261652587890625000e+03
1.829259033203125000e+03
1.965203002929687500e+03
1.482648803710937500e+03
1.200754516601562500e+03
1.333658203125000000e+03
1.987977783203125000e+03
1.946942138671875000e+03
1.357371093750000000e+03
1.501300659179687500e+03
2.157804931640625000e+03
1.789740478515625000e+03
1.384961303710937500e+03
1.794194458007812500e+03
2.141997558593750000e+03
1.645736694335937500e+03
1.563472656250000000e+03
1.695805786132812500e+03
1.714114501953125000e+03
1.580057861328125000e+03
1.390999267578125000e+03
1.187609252929687500e+03
1.227401733398437500e+03
1.427265502929687500e+03
1.578596923828125000e+03
1.627579589843750000e+03
1.465758544921875000e+03
1.304820922851562500e+03
1.291946289062500000e+03
1.439798706054687500e+03
1.784029296875000000e+03
1.663332763671875000e+03
1.257053466796875000e+03
1.146457275390625000e+03
1.148009155273437500e+03
1.391192993164062500e+03
1.948012451171875000e+03
1.755572143554687500e+03
1.229433959960937500e+03
1.134188476562500000e+03
1.545933959960937500e+03
2.196245361328125000e+03
1.633861816406250000e+03
1.262793823242187500e+03
1.897936645507812500e+03
2.152574951171875000e+03
1.572044677734375000e+03
1.533750976562500000e+03
1.892955810546875000e+03
1.889689331054687500e+03
1.484968017578125000e+03
1.457588500976562500e+03
1.849490844726562500e+03
1.844727172851562500e+03
1.449725463867187500e+03
1.348135253906250000e+03
1.509681762695312500e+03
1.848710449218750000e+03
1.719100341796875000e+03
1.375898071289062500e+03
1.363103759765625000e+03
1.630536987304687500e+03
1.785535522460937500e+03
1.439235351562500000e+03
1.290514160156250000e+03
1.296085205078125000e+03
1.496650024414062500e+03
1.847489135742187500e+03
1.576840942382812500e+03
1.182894409179687500e+03
1.190833496093750000e+03
1.469292846679687500e+03
1.677638305664062500e+03
1.680104858398437500e+03
1.363406005859375000e+03
1.110083129882812500e+03
1.097162841796875000e+03
1.164880737304687500e+03
1.385476928710937500e+03
2.045308349609375000e+03
1.845453125000000000e+03
1.251511596679687500e+03
1.477171997070312500e+03
2.476802490234375000e+03
1.737290283203125000e+03
1.605301147460937500e+03
2.391005371093750000e+03
1.927229858398437500e+03
1.692606811523437500e+03
2.156209716796875000e+03
1.865297119140625000e+03
1.769414428710937500e+03
1.921911254882812500e+03
1.662381958007812500e+03
1.535568359375000000e+03
1.514270263671875000e+03
1.441342163085937500e+03
1.353182983398437500e+03
1.433495971679687500e+03
1.426973632812500000e+03
1.332552001953125000e+03
1.365166137695312500e+03
1.446701293945312500e+03
1.572888671875000000e+03
1.573171264648437500e+03
1.369707763671875000e+03
1.307083740234375000e+03
1.331782958984375000e+03
1.623985961914062500e+03
1.751467041015625000e+03
1.375787353515625000e+03
1.209314819335937500e+03
1.122042846679687500e+03
1.088507202148437500e+03
1.043239990234375000e+03
1.058302856445312500e+03
1.240013305664062500e+03
1.754066040039062500e+03
2.026725952148437500e+03
1.504732299804687500e+03
1.185817626953125000e+03
1.848100097656250000e+03
2.296813232421875000e+03
1.554431030273437500e+03
1.816341186523437500e+03
1.921278442382812500e+03
1.508397949218750000e+03
1.415174804687500000e+03
1.514075927734375000e+03
1.544394042968750000e+03
1.459931152343750000e+03
1.356900878906250000e+03
1.236292846679687500e+03
1.229780273437500000e+03
1.159764892578125000e+03
1.124141601562500000e+03
1.205301147460937500e+03
1.328637451171875000e+03
1.907309326171875000e+03
1.807099365234375000e+03
1.197718627929687500e+03
1.207894042968750000e+03
1.839282836914062500e+03
2.114192871093750000e+03
1.450763671875000000e+03
1.301595092773437500e+03
1.939767333984375000e+03
2.020647338867187500e+03
1.489997314453125000e+03
1.507083007812500000e+03
2.001495361328125000e+03
1.846579467773437500e+03
1.490788330078125000e+03
1.564148803710937500e+03
1.944674316406250000e+03
1.816074707031250000e+03
1.535230590820312500e+03
1.516442504882812500e+03
1.749485107421875000e+03
1.778544433593750000e+03
1.512627441406250000e+03
1.383489013671875000e+03
1.450287963867187500e+03
1.656314208984375000e+03
1.554405029296875000e+03
1.274258056640625000e+03
1.149769042968750000e+03
1.189111450195312500e+03
1.271124877929687500e+03
1.497801147460937500e+03
1.710919433593750000e+03
1.667337280273437500e+03
1.384081542968750000e+03
1.126104492187500000e+03
1.110662475585937500e+03
1.103420288085937500e+03
1.238171020507812500e+03
1.687915039062500000e+03
2.008512451171875000e+03
1.423691040039062500e+03
1.049208618164062500e+03
1.531329833984375000e+03
2.437662353515625000e+03
1.616141845703125000e+03
1.476659179687500000e+03
2.533260253906250000e+03
1.784395263671875000e+03
1.684897338867187500e+03
2.481504638671875000e+03
1.722768432617187500e+03
1.863737792968750000e+03
2.381843505859375000e+03
1.706788330078125000e+03
1.901845825195312500e+03
2.074177246093750000e+03
1.666679199218750000e+03
1.604786621093750000e+03
1.688260375976562500e+03
1.715921264648437500e+03
1.477084838867187500e+03
1.342963378906250000e+03
1.279727783203125000e+03
1.258682373046875000e+03
1.398520629882812500e+03
1.450764770507812500e+03
1.489122192382812500e+03
1.517374633789062500e+03
1.325874267578125000e+03
1.335835449218750000e+03
1.526969970703125000e+03
1.534792602539062500e+03
1.514375366210937500e+03
1.380894531250000000e+03
1.244882934570312500e+03
1.366270874023437500e+03
1.631046508789062500e+03
1.669648437500000000e+03
1.330963867187500000e+03
1.155877929687500000e+03
1.121600952148437500e+03
1.056227783203125000e+03
1.116084594726562500e+03
1.373440429687500000e+03
2.119516845703125000e+03
1.705893310546875000e+03
1.148990600585937500e+03
1.487799194335937500e+03
2.380861328125000000e+03
1.785831420898437500e+03
1.514445800781250000e+03
2.321408203125000000e+03
1.887893798828125000e+03
1.669447998046875000e+03
2.048804687500000000e+03
1.921017456054687500e+03
1.705177124023437500e+03
1.587897338867187500e+03
1.692838012695312500e+03
1.692109985351562500e+03
1.510250488281250000e+03
1.382506835937500000e+03
1.435605102539062500e+03
1.497954956054687500e+03
1.337285156250000000e+03
1.295150512695312500e+03
1.281129516601562500e+03
1.301387451171875000e+03
1.440453857421875000e+03
1.667508422851562500e+03
1.648211791992187500e+03
1.360354492187500000e+03
1.106008544921875000e+03
1.116247070312500000e+03
1.039874511718750000e+03
1.035530761718750000e+03
9.621715698242187500e+02
1.173917846679687500e+03
1.881035766601562500e+03
2.012937011718750000e+03
1.294210205078125000e+03
1.085621948242187500e+03
1.765184692382812500e+03
2.324388427734375000e+03
1.605984985351562500e+03
1.703752441406250000e+03
2.312333740234375000e+03
1.831549194335937500e+03
1.580192260742187500e+03
2.127106933593750000e+03
1.923354614257812500e+03
1.641635498046875000e+03
1.905708984375000000e+03
1.714544677734375000e+03
1.495321166992187500e+03
1.464065429687500000e+03
1.518543334960937500e+03
1.503178344726562500e+03
1.411549804687500000e+03
1.339310668945312500e+03
1.245000366210937500e+03
1.149058349609375000e+03
1.164744262695312500e+03
1.202776123046875000e+03
1.469808959960937500e+03
1.833956298828125000e+03
1.484627685546875000e+03
1.124942260742187500e+03
1.067328369140625000e+03
1.171392700195312500e+03
1.722273437500000000e+03
2.032353515625000000e+03
1.364498657226562500e+03
1.280264892578125000e+03
2.175922119140625000e+03
2.003402343750000000e+03
1.583420532226562500e+03
2.172030029296875000e+03
1.787460449218750000e+03
1.594576782226562500e+03
1.776683471679687500e+03
1.779222656250000000e+03
1.600555541992187500e+03
1.399525024414062500e+03
1.361331420898437500e+03
1.719114624023437500e+03
1.725806274414062500e+03
1.365911376953125000e+03
1.242001586914062500e+03
1.539342041015625000e+03
1.946882812500000000e+03
1.539837768554687500e+03
1.246424072265625000e+03
1.653731933593750000e+03
2.049948486328125000e+03
1.559121826171875000e+03
1.404676757812500000e+03
1.746329467773437500e+03
1.881602294921875000e+03
1.548681640625000000e+03
1.343365356445312500e+03
1.523164184570312500e+03
2.063707519531250000e+03
1.737987792968750000e+03
1.484916870117187500e+03
1.798885864257812500e+03
1.890905273437500000e+03
1.516525634765625000e+03
1.397513061523437500e+03
1.527650756835937500e+03
1.847563964843750000e+03
1.727055786132812500e+03
1.410003662109375000e+03
1.476902343750000000e+03
1.957930175781250000e+03
1.835484619140625000e+03
1.543355957031250000e+03
1.678062133789062500e+03
1.876021118164062500e+03
1.671209106445312500e+03
1.411750122070312500e+03
1.480885009765625000e+03
1.687989501953125000e+03
1.541213867187500000e+03
1.384290283203125000e+03
1.211423461914062500e+03
1.223770874023437500e+03
1.604965332031250000e+03
1.661740112304687500e+03
1.308497192382812500e+03
1.099628906250000000e+03
1.046969604492187500e+03
1.153903808593750000e+03
1.389351196289062500e+03
1.741491088867187500e+03
1.616287353515625000e+03
1.217505737304687500e+03
1.018991577148437500e+03
9.987246704101562500e+02
9.341815795898437500e+02
9.434302978515625000e+02
1.105793579101562500e+03
1.942341430664062500e+03
2.114296386718750000e+03
1.270933959960937500e+03
1.445028930664062500e+03
2.760067626953125000e+03
1.742747924804687500e+03
2.091969726562500000e+03
2.425494384765625000e+03
1.738111328125000000e+03
1.923491333007812500e+03
2.111387451171875000e+03
1.837262939453125000e+03
1.626588989257812500e+03
1.747599975585937500e+03
1.748218017578125000e+03
1.542279663085937500e+03
1.379028076171875000e+03
1.421074707031250000e+03
1.448199096679687500e+03
1.298271118164062500e+03
1.229063842773437500e+03
1.201210815429687500e+03
1.151167358398437500e+03
1.167743774414062500e+03
1.330056030273437500e+03
1.549241699218750000e+03
1.768225708007812500e+03
1.545760009765625000e+03
1.171741210937500000e+03
1.092401123046875000e+03
1.399340698242187500e+03
1.678872192382812500e+03
1.669505126953125000e+03
1.416031127929687500e+03
1.087341552734375000e+03
1.148095458984375000e+03
1.358570190429687500e+03
1.619125854492187500e+03
1.648813598632812500e+03
1.417319824218750000e+03
1.204076660156250000e+03
1.059597290039062500e+03
1.124390747070312500e+03
1.223528930664062500e+03
1.566741943359375000e+03
1.851012451171875000e+03
1.485238769531250000e+03
1.171336181640625000e+03
9.797783813476562500e+02
1.086560424804687500e+03
1.260994628906250000e+03
1.789835205078125000e+03
1.875974487304687500e+03
1.248520019531250000e+03
1.071542724609375000e+03
1.816247314453125000e+03
2.160791259765625000e+03
1.379861572265625000e+03
1.444004150390625000e+03
2.194609375000000000e+03
1.700975830078125000e+03
1.417162963867187500e+03
2.023084350585937500e+03
1.850398315429687500e+03
1.527050292968750000e+03
1.535727661132812500e+03
1.645476196289062500e+03
1.621814697265625000e+03
1.415058471679687500e+03
1.224153198242187500e+03
1.207009765625000000e+03
1.339353759765625000e+03
1.366433593750000000e+03
1.394138061523437500e+03
1.510051269531250000e+03
1.458920776367187500e+03
1.296814453125000000e+03
1.294147949218750000e+03
1.380851440429687500e+03
1.514707153320312500e+03
1.650236450195312500e+03
1.415265869140625000e+03
1.149819458007812500e+03
1.184067138671875000e+03
1.103041625976562500e+03
1.060264038085937500e+03
1.103220336914062500e+03
1.293353759765625000e+03
1.751610595703125000e+03
1.720986450195312500e+03
1.240205200195312500e+03
1.001893066406250000e+03
1.139336181640625000e+03
1.582359375000000000e+03
1.986867309570312500e+03
1.513068603515625000e+03
1.037870117187500000e+03
1.204540283203125000e+03
1.966442260742187500e+03
1.781872192382812500e+03
1.216583007812500000e+03
1.441698974609375000e+03
2.053697509765625000e+03
1.666323852539062500e+03
1.306411376953125000e+03
1.663385986328125000e+03
2.044437988281250000e+03
1.614837524414062500e+03
1.415701782226562500e+03
1.650024169921875000e+03
1.840742919921875000e+03
1.581999267578125000e+03
1.393921142578125000e+03
1.392815673828125000e+03
1.581696289062500000e+03
1.605272705078125000e+03
1.386335449218750000e+03
1.193225463867187500e+03
1.118819824218750000e+03
1.138196533203125000e+03
1.090021972656250000e+03
1.086243652343750000e+03
1.247839599609375000e+03
1.765454467773437500e+03
1.771598632812500000e+03
1.212160278320312500e+03
1.154761352539062500e+03
1.936597167968750000e+03
1.997114135742187500e+03
1.403128540039062500e+03
1.591330322265625000e+03
2.170318847656250000e+03
1.686798828125000000e+03
1.514997192382812500e+03
2.000167114257812500e+03
1.697011596679687500e+03
1.449270263671875000e+03
1.510045532226562500e+03
1.649518188476562500e+03
1.547386352539062500e+03
1.381373413085937500e+03
1.268055786132812500e+03
1.296936523437500000e+03
1.561882202148437500e+03
1.589923339843750000e+03
1.270161621093750000e+03
1.095507202148437500e+03
1.077267456054687500e+03
1.105989501953125000e+03
1.132734375000000000e+03
1.498594970703125000e+03
1.958351196289062500e+03
1.456953369140625000e+03
1.060626464843750000e+03
1.391683349609375000e+03
2.224134765625000000e+03
1.722550781250000000e+03
1.402296875000000000e+03
2.119051025390625000e+03
1.973865844726562500e+03
1.534978515625000000e+03
1.520694824218750000e+03
1.675595703125000000e+03
1.615003173828125000e+03
1.464330200195312500e+03
1.299470581054687500e+03
1.282445068359375000e+03
1.554615966796875000e+03
1.622279785156250000e+03
1.410210815429687500e+03
1.114448608398437500e+03
1.138147705078125000e+03
1.261715454101562500e+03
1.456747192382812500e+03
1.678879760742187500e+03
1.445131835937500000e+03
1.168204833984375000e+03
1.013168823242187500e+03
1.006895996093750000e+03
9.812945556640625000e+02
1.150332519531250000e+03
1.698863525390625000e+03
2.064331054687500000e+03
1.347028808593750000e+03
1.140339843750000000e+03
1.939639770507812500e+03
2.141363281250000000e+03
1.465549804687500000e+03
1.602544799804687500e+03
2.153221679687500000e+03
1.700221679687500000e+03
1.517914306640625000e+03
1.907496093750000000e+03
1.792765502929687500e+03
1.493272949218750000e+03
1.508620117187500000e+03
1.632820678710937500e+03
1.598336181640625000e+03
1.337432373046875000e+03
1.224350341796875000e+03
1.184119262695312500e+03
1.333770629882812500e+03
1.347768310546875000e+03
1.421288452148437500e+03
1.481392700195312500e+03
1.285466186523437500e+03
1.254701293945312500e+03
1.269864501953125000e+03
1.392288940429687500e+03
1.564542114257812500e+03
1.495714843750000000e+03
1.319770019531250000e+03
1.172296875000000000e+03
1.171041381835937500e+03
1.267120483398437500e+03
1.678420776367187500e+03
1.732320678710937500e+03
1.205742797851562500e+03
1.129405029296875000e+03
1.312885498046875000e+03
1.728162597656250000e+03
1.731035278320312500e+03
1.257467163085937500e+03
1.087655273437500000e+03
1.333747192382812500e+03
1.844411132812500000e+03
1.687228027343750000e+03
1.240059448242187500e+03
1.312166137695312500e+03
1.970259765625000000e+03
1.857343994140625000e+03
1.337748291015625000e+03
1.642311279296875000e+03
2.150340332031250000e+03
1.548478271484375000e+03
1.365797241210937500e+03
1.712667358398437500e+03
1.588485961914062500e+03
1.333604614257812500e+03
1.243778930664062500e+03
1.186046997070312500e+03
1.325282348632812500e+03
1.418571533203125000e+03
1.469520141601562500e+03
1.386279663085937500e+03
1.249540161132812500e+03
1.270624633789062500e+03
1.494258544921875000e+03
1.660399169921875000e+03
1.341236206054687500e+03
1.155707763671875000e+03
1.026145019531250000e+03
1.067633544921875000e+03
1.069650268554687500e+03
1.500988037109375000e+03
2.089149902343750000e+03
1.306000732421875000e+03
1.240517578125000000e+03
2.048543945312500000e+03
1.843674438476562500e+03
1.304227294921875000e+03
1.547631347656250000e+03
1.781813476562500000e+03
1.548276611328125000e+03
1.270996459960937500e+03
1.226394042968750000e+03
1.457858642578125000e+03
1.655401367187500000e+03
1.541160034179687500e+03
1.281119262695312500e+03
1.072934692382812500e+03
1.209979125976562500e+03
1.325100708007812500e+03
1.469682861328125000e+03
1.587248657226562500e+03
1.355175292968750000e+03
1.253481445312500000e+03
1.178485595703125000e+03
1.429863159179687500e+03
1.828350463867187500e+03
1.397605468750000000e+03
1.080431274414062500e+03
1.153453857421875000e+03
1.716445312500000000e+03
1.930683349609375000e+03
1.325581176757812500e+03
1.209351684570312500e+03
1.836261108398437500e+03
1.884008789062500000e+03
1.369936035156250000e+03
1.327734741210937500e+03
1.782555419921875000e+03
1.851007202148437500e+03
1.429679687500000000e+03
1.352935791015625000e+03
1.701322998046875000e+03
1.787059692382812500e+03
1.445163208007812500e+03
1.351725463867187500e+03
1.576289306640625000e+03
1.722046020507812500e+03
1.482098022460937500e+03
1.294499511718750000e+03
1.250240112304687500e+03
1.635563964843750000e+03
1.749231445312500000e+03
1.333572021484375000e+03
1.219513427734375000e+03
1.402860107421875000e+03
1.965721801757812500e+03
1.611088867187500000e+03
1.315885742187500000e+03
1.808937133789062500e+03
2.014347778320312500e+03
1.491885986328125000e+03
1.529631103515625000e+03
1.698386840820312500e+03
1.551124755859375000e+03
1.353291870117187500e+03
1.217710449218750000e+03
1.223772094726562500e+03
1.449869995117187500e+03
1.638509155273437500e+03
1.470724365234375000e+03
1.194060913085937500e+03
1.027181396484375000e+03
1.014661315917968750e+03
1.021493408203125000e+03
9.127984619140625000e+02
8.838952636718750000e+02
9.689494628906250000e+02
1.419922851562500000e+03
2.243284423828125000e+03
1.507343505859375000e+03
1.104480346679687500e+03
2.152247558593750000e+03
2.048392578125000000e+03
1.435639526367187500e+03
1.562505493164062500e+03
1.945613769531250000e+03
1.684950317382812500e+03
1.325978271484375000e+03
1.470958496093750000e+03
1.839690673828125000e+03
1.530054931640625000e+03
1.276198364257812500e+03
1.346437866210937500e+03
1.589057373046875000e+03
1.595469116210937500e+03
1.302066040039062500e+03
1.103781250000000000e+03
1.116613769531250000e+03
1.237568359375000000e+03
1.373768432617187500e+03
1.490773193359375000e+03
1.454703857421875000e+03
1.234409179687500000e+03
1.158383544921875000e+03
1.296813964843750000e+03
1.595559326171875000e+03
1.536082763671875000e+03
1.251937255859375000e+03
1.102705688476562500e+03
1.072594604492187500e+03
1.209904663085937500e+03
1.483937988281250000e+03
1.696740112304687500e+03
1.496199829101562500e+03
1.176069213867187500e+03
1.000405639648437500e+03
9.980114746093750000e+02
1.107151489257812500e+03
1.633302612304687500e+03
1.941790649414062500e+03
1.300188354492187500e+03
1.150844116210937500e+03
1.795686767578125000e+03
2.083569091796875000e+03
1.461200683593750000e+03
1.414007202148437500e+03
2.062870361328125000e+03
1.771534301757812500e+03
1.491065185546875000e+03
1.953043701171875000e+03
1.671449707031250000e+03
1.374229125976562500e+03
1.518958129882812500e+03
1.588937133789062500e+03
1.471774780273437500e+03
1.311397827148437500e+03
1.138840698242187500e+03
1.121822143554687500e+03
1.125693969726562500e+03
1.137453002929687500e+03
1.408001342773437500e+03
1.632829833984375000e+03
1.482361450195312500e+03
1.148741699218750000e+03
9.780244140625000000e+02
9.545765991210937500e+02
9.589696655273437500e+02
9.735449218750000000e+02
1.398952636718750000e+03
2.121608398437500000e+03
1.448226928710937500e+03
1.107097290039062500e+03
2.081725585937500000e+03
1.995692138671875000e+03
1.421719360351562500e+03
1.744553833007812500e+03
1.862589111328125000e+03
1.455553344726562500e+03
1.260204833984375000e+03
1.343506958007812500e+03
1.602794189453125000e+03
1.539811279296875000e+03
1.177043579101562500e+03
1.122389404296875000e+03
1.342470581054687500e+03
1.690083862304687500e+03
1.544743652343750000e+03
1.174671142578125000e+03
1.030560180664062500e+03
1.086543334960937500e+03
1.364082519531250000e+03
1.728851928710937500e+03
1.510979614257812500e+03
1.151148071289062500e+03
9.983633422851562500e+02
1.047800781250000000e+03
1.487579101562500000e+03
1.894906982421875000e+03
1.373137451171875000e+03
1.012766967773437500e+03
1.374169433593750000e+03
2.364053222656250000e+03
1.438567016601562500e+03
1.411513183593750000e+03
2.373333251953125000e+03
1.566625610351562500e+03
1.498708129882812500e+03
2.605691406250000000e+03
1.641041992187500000e+03
2.196229492187500000e+03
2.155775390625000000e+03
1.468718994140625000e+03
1.749740966796875000e+03
2.041043090820312500e+03
1.633105957031250000e+03
1.490658447265625000e+03
1.693120361328125000e+03
1.522881958007812500e+03
1.344021850585937500e+03
1.348161132812500000e+03
1.278255371093750000e+03
1.278556396484375000e+03
1.234614257812500000e+03
1.204258178710937500e+03
1.138399047851562500e+03
1.290631103515625000e+03
1.483800292968750000e+03
1.358273681640625000e+03
1.240907348632812500e+03
1.241244873046875000e+03
1.343138549804687500e+03
1.527523193359375000e+03
1.538834472656250000e+03
1.292690795898437500e+03
1.143955932617187500e+03
1.108570190429687500e+03
1.208813842773437500e+03
1.325973510742187500e+03
1.567887451171875000e+03
1.564281616210937500e+03
1.257964721679687500e+03
1.139751953125000000e+03
1.051898559570312500e+03
1.017683166503906250e+03
9.925592651367187500e+02
9.573878784179687500e+02
1.083651000976562500e+03
1.635682861328125000e+03
1.905090820312500000e+03
1.291975097656250000e+03
9.576001586914062500e+02
1.753220825195312500e+03
2.147247558593750000e+03
1.308359008789062500e+03
1.597547119140625000e+03
2.201945556640625000e+03
1.567814453125000000e+03
1.493956665039062500e+03
2.070328857421875000e+03
1.608461303710937500e+03
1.565579589843750000e+03
1.721692993164062500e+03
1.581478515625000000e+03
1.447549682617187500e+03
1.314494018554687500e+03
1.187516113281250000e+03
1.183762451171875000e+03
1.283649536132812500e+03
1.363381103515625000e+03
1.340867675781250000e+03
1.362312866210937500e+03
1.274290527343750000e+03
1.230687866210937500e+03
1.295914184570312500e+03
1.342283447265625000e+03
1.498522705078125000e+03
1.530245971679687500e+03
1.310949951171875000e+03
1.097966796875000000e+03
1.030610107421875000e+03
1.072020874023437500e+03
1.137997558593750000e+03
1.504286987304687500e+03
1.727625122070312500e+03
1.395543334960937500e+03
1.056767944335937500e+03
9.697146606445312500e+02
1.125153198242187500e+03
1.527193847656250000e+03
1.792061035156250000e+03
1.376048461914062500e+03
1.018209655761718750e+03
1.187370849609375000e+03
1.840767333984375000e+03
1.817262817382812500e+03
1.207983398437500000e+03
1.335223266601562500e+03
2.191444335937500000e+03
1.669697998046875000e+03
1.384579711914062500e+03
2.175764892578125000e+03
1.693229614257812500e+03
1.425302490234375000e+03
1.798910766601562500e+03
1.752903320312500000e+03
1.437252197265625000e+03
1.353713012695312500e+03
1.362058105468750000e+03
1.472303100585937500e+03
1.387718505859375000e+03
1.193910522460937500e+03
1.135087890625000000e+03
1.011663146972656250e+03
1.038915893554687500e+03
1.030354125976562500e+03
1.169816406250000000e+03
1.792586425781250000e+03
1.678981445312500000e+03
1.096217529296875000e+03
1.199246826171875000e+03
1.904036254882812500e+03
1.695387329101562500e+03
1.180306762695312500e+03
1.537630004882812500e+03
2.117395263671875000e+03
1.550702514648437500e+03
1.430859008789062500e+03
1.982288330078125000e+03
1.711395996093750000e+03
1.429549926757812500e+03
1.658045776367187500e+03
1.751734497070312500e+03
1.495334838867187500e+03
1.339032104492187500e+03
1.241347045898437500e+03
1.356720458984375000e+03
1.405365112304687500e+03
1.257215209960937500e+03
1.163887695312500000e+03
1.135794921875000000e+03
1.134743408203125000e+03
1.473942016601562500e+03
1.535523315429687500e+03
1.353959960937500000e+03
1.140843261718750000e+03
1.065280761718750000e+03
1.253552978515625000e+03
1.683017456054687500e+03
1.592842773437500000e+03
1.225456665039062500e+03
1.005535644531250000e+03
1.124588623046875000e+03
1.732581787109375000e+03
1.640322509765625000e+03
1.172048461914062500e+03
1.028773193359375000e+03
1.387318847656250000e+03
2.103062255859375000e+03
1.539296264648437500e+03
1.317521606445312500e+03
2.234973876953125000e+03
1.735180175781250000e+03
1.441104858398437500e+03
2.142686035156250000e+03
1.713066650390625000e+03
1.546157104492187500e+03
1.979157348632812500e+03
1.625813354492187500e+03
1.505844482421875000e+03
1.617610595703125000e+03
1.571853637695312500e+03
1.394273437500000000e+03
1.296719482421875000e+03
1.302780883789062500e+03
1.207401123046875000e+03
1.303242065429687500e+03
1.358885375976562500e+03
1.181423095703125000e+03
1.161862182617187500e+03
1.338899291992187500e+03
1.555145141601562500e+03
1.385782592773437500e+03
1.198398681640625000e+03
1.107347290039062500e+03
1.234183349609375000e+03
1.571244995117187500e+03
1.577132324218750000e+03
1.265239501953125000e+03
1.023690490722656250e+03
1.013850097656250000e+03
1.018197631835937500e+03
1.229113281250000000e+03
1.836543701171875000e+03
1.604262939453125000e+03
1.121838623046875000e+03
1.124444213867187500e+03
2.085979003906250000e+03
1.796542114257812500e+03
1.442852661132812500e+03
2.101755615234375000e+03
1.653940673828125000e+03
1.438165283203125000e+03
1.690155273437500000e+03
1.634082275390625000e+03
1.340084350585937500e+03
1.251862182617187500e+03
1.310286376953125000e+03
1.358234863281250000e+03
1.394670288085937500e+03
1.289030273437500000e+03
1.152428344726562500e+03
1.041372192382812500e+03
1.037373779296875000e+03
1.076003662109375000e+03
1.241204101562500000e+03
1.753962158203125000e+03
1.463953979492187500e+03
1.053740600585937500e+03
9.726765136718750000e+02
1.254492431640625000e+03
2.129416748046875000e+03
1.485039428710937500e+03
1.195074096679687500e+03
2.089350097656250000e+03
1.689918945312500000e+03
1.231241821289062500e+03
1.327505859375000000e+03
1.750414306640625000e+03
1.598797485351562500e+03
1.258785156250000000e+03
1.191114501953125000e+03
1.582876831054687500e+03
1.748465454101562500e+03
1.324868896484375000e+03
1.223269531250000000e+03
1.544712036132812500e+03
1.761288818359375000e+03
1.422307128906250000e+03
1.189699096679687500e+03
1.373152343750000000e+03
1.613105590820312500e+03
1.486802368164062500e+03
1.246360595703125000e+03
1.108596801757812500e+03
1.356684448242187500e+03
1.754317016601562500e+03
1.500703125000000000e+03
1.156362426757812500e+03
1.255371582031250000e+03
1.926415161132812500e+03
1.675897705078125000e+03
1.374171386718750000e+03
1.687621704101562500e+03
1.820501098632812500e+03
1.452558349609375000e+03
1.352143432617187500e+03
1.492064453125000000e+03
1.619819824218750000e+03
1.378908325195312500e+03
1.179639770507812500e+03
1.134204101562500000e+03
1.470740356445312500e+03
1.686302124023437500e+03
1.326808105468750000e+03
1.095088012695312500e+03
1.211031005859375000e+03
1.703866943359375000e+03
1.679704833984375000e+03
1.272758300781250000e+03
1.290781127929687500e+03
1.781818115234375000e+03
1.655009765625000000e+03
1.334937011718750000e+03
1.372781616210937500e+03
1.692651123046875000e+03
1.693740478515625000e+03
1.320599609375000000e+03
1.299655273437500000e+03
1.624484375000000000e+03
1.615223144531250000e+03
1.279311889648437500e+03
1.228188354492187500e+03
1.423200683593750000e+03
1.618119018554687500e+03
1.363909301757812500e+03
1.148965209960937500e+03
1.085238159179687500e+03
1.358475830078125000e+03
1.820991821289062500e+03
1.433534790039062500e+03
1.161656372070312500e+03
1.491291015625000000e+03
1.994068847656250000e+03
1.488632812500000000e+03
1.380364868164062500e+03
1.891123779296875000e+03
1.651904174804687500e+03
1.251439697265625000e+03
1.421959350585937500e+03
1.733063598632812500e+03
1.484813354492187500e+03
1.221520263671875000e+03
1.306804565429687500e+03
1.464322143554687500e+03
1.411384277343750000e+03
1.289986938476562500e+03
1.156034790039062500e+03
1.009137573242187500e+03
1.038666015625000000e+03
1.039969482421875000e+03
1.213578857421875000e+03
1.585327514648437500e+03
1.640388793945312500e+03
1.180727539062500000e+03
9.515493164062500000e+02
1.103692504882812500e+03
1.720390014648437500e+03
1.756662841796875000e+03
1.228101440429687500e+03
1.134110595703125000e+03
1.823550659179687500e+03
1.835420532226562500e+03
1.288765014648437500e+03
1.347051513671875000e+03
1.902496704101562500e+03
1.635110351562500000e+03
1.359533691406250000e+03
1.646637451171875000e+03
1.677422607421875000e+03
1.389544677734375000e+03
1.268419677734375000e+03
1.279716796875000000e+03
1.391439331054687500e+03
1.412277832031250000e+03
1.278402587890625000e+03
1.166033447265625000e+03
1.106286254882812500e+03
1.059305175781250000e+03
1.205482910156250000e+03
1.573617431640625000e+03
1.557516845703125000e+03
1.171461059570312500e+03
9.919998168945312500e+02
9.523836669921875000e+02
9.879593505859375000e+02
1.190320678710937500e+03
1.871521850585937500e+03
1.639550537109375000e+03
1.101044189453125000e+03
1.554903320312500000e+03
2.256569335937500000e+03
1.468124511718750000e+03
1.548876342773437500e+03
2.186073974609375000e+03
1.563769531250000000e+03
1.458635498046875000e+03
2.045601928710937500e+03
1.599097656250000000e+03
1.451904785156250000e+03
1.790035156250000000e+03
1.599482666015625000e+03
1.430494018554687500e+03
1.383663085937500000e+03
1.483609619140625000e+03
1.576369873046875000e+03
1.340725830078125000e+03
1.141106567382812500e+03
1.184472167968750000e+03
1.418604003906250000e+03
1.500588500976562500e+03
1.214309936523437500e+03
1.029001953125000000e+03
9.828642578125000000e+02
9.584194946289062500e+02
9.349933471679687500e+02
8.550364379882812500e+02
8.821154785156250000e+02
9.609708251953125000e+02
1.603181274414062500e+03
2.122586669921875000e+03
1.268681884765625000e+03
1.298232543945312500e+03
2.620754394531250000e+03
1.553094360351562500e+03
1.978563354492187500e+03
2.298782958984375000e+03
1.465816040039062500e+03
1.967098632812500000e+03
2.084592529296875000e+03
1.494181274414062500e+03
1.539654174804687500e+03
1.879582275390625000e+03
1.611261352539062500e+03
1.358805541992187500e+03
1.619039794921875000e+03
1.591126708984375000e+03
1.331539794921875000e+03
1.241429687500000000e+03
1.300658569335937500e+03
1.368323120117187500e+03
1.304292114257812500e+03
1.172189208984375000e+03
1.052922607421875000e+03
9.952244262695312500e+02
1.016565734863281250e+03
1.110157714843750000e+03
1.406365600585937500e+03
1.737544311523437500e+03
1.421111938476562500e+03
9.746191406250000000e+02
1.024758300781250000e+03
1.588711181640625000e+03
1.820886474609375000e+03
1.277159179687500000e+03
1.084013061523437500e+03
1.570738769531250000e+03
2.037809204101562500e+03
1.415468505859375000e+03
1.397425781250000000e+03
1.844184814453125000e+03
1.537267944335937500e+03
1.246799804687500000e+03
1.536250854492187500e+03
1.694901855468750000e+03
1.444991699218750000e+03
1.202458984375000000e+03
1.256241210937500000e+03
1.643040527343750000e+03
1.574241088867187500e+03
1.233843261718750000e+03
1.172410522460937500e+03
1.576782836914062500e+03
1.662191284179687500e+03
1.296174926757812500e+03
1.176381225585937500e+03
1.310637451171875000e+03
1.680498535156250000e+03
1.457228149414062500e+03
1.154002441406250000e+03
1.128964111328125000e+03
1.576475952148437500e+03
1.722270263671875000e+03
1.282898681640625000e+03
1.212964965820312500e+03
1.725897949218750000e+03
1.718680297851562500e+03
1.290067871093750000e+03
1.353731201171875000e+03
1.870054199218750000e+03
1.555198120117187500e+03
1.313078979492187500e+03
1.515091674804687500e+03
1.645304809570312500e+03
1.446299682617187500e+03
1.253486450195312500e+03
1.210587158203125000e+03
1.494316528320312500e+03
1.582297485351562500e+03
1.286471313476562500e+03
1.123524291992187500e+03
1.213908203125000000e+03
1.705936645507812500e+03
1.591173828125000000e+03
1.235770507812500000e+03
1.310923706054687500e+03
1.882354125976562500e+03
1.581253662109375000e+03
1.297641357421875000e+03
1.553521118164062500e+03
1.717273437500000000e+03
1.324248535156250000e+03
1.164975708007812500e+03
1.245037109375000000e+03
1.573781616210937500e+03
1.540203002929687500e+03
1.255338867187500000e+03
1.062664428710937500e+03
1.136452880859375000e+03
1.507607299804687500e+03
1.679023803710937500e+03
1.256618652343750000e+03
1.053065429687500000e+03
1.342590576171875000e+03
1.823232666015625000e+03
1.485086303710937500e+03
1.173978637695312500e+03
1.430734863281250000e+03
1.963568115234375000e+03
1.456222778320312500e+03
1.282414306640625000e+03
1.669520019531250000e+03
1.717093994140625000e+03
1.331523925781250000e+03
1.163538208007812500e+03
1.396915161132812500e+03
1.784307617187500000e+03
1.435112792968750000e+03
1.207786376953125000e+03
1.371519531250000000e+03
1.743264648437500000e+03
1.554277465820312500e+03
1.271199340820312500e+03
1.311289062500000000e+03
1.646615600585937500e+03
1.515860961914062500e+03
1.224772827148437500e+03
1.258581542968750000e+03
1.388925659179687500e+03
1.401457641601562500e+03
1.295530395507812500e+03
1.097041015625000000e+03
9.773934326171875000e+02
1.104433715820312500e+03
1.272524780273437500e+03
1.642755615234375000e+03
1.422738769531250000e+03
1.024584716796875000e+03
9.632916259765625000e+02
1.227150268554687500e+03
2.069140869140625000e+03
1.515096923828125000e+03
1.276821289062500000e+03
2.195155029296875000e+03
1.582346679687500000e+03
1.315961059570312500e+03
2.090642578125000000e+03
1.672308837890625000e+03
1.402769531250000000e+03
1.674386108398437500e+03
1.732632324218750000e+03
1.453179443359375000e+03
1.302750854492187500e+03
1.365889282226562500e+03
1.421619506835937500e+03
1.275734130859375000e+03
1.145131958007812500e+03
1.067969970703125000e+03
1.210417236328125000e+03
1.388416625976562500e+03
1.380983520507812500e+03
1.186881958007812500e+03
1.052945556640625000e+03
1.032651245117187500e+03
1.010811340332031250e+03
1.166104858398437500e+03
1.554681762695312500e+03
1.511462280273437500e+03
1.167373779296875000e+03
9.139727172851562500e+02
9.003925781250000000e+02
1.108300170898437500e+03
1.791905029296875000e+03
1.575225463867187500e+03
1.018660583496093750e+03
1.014680908203125000e+03
1.911597167968750000e+03
1.776895263671875000e+03
1.162930786132812500e+03
1.414650634765625000e+03
2.059562744140625000e+03
1.559301269531250000e+03
1.378302612304687500e+03
1.923969604492187500e+03
1.655590942382812500e+03
1.390479125976562500e+03
1.582139038085937500e+03
1.553347534179687500e+03
1.380951171875000000e+03
1.296179809570312500e+03
1.175394653320312500e+03
1.143517700195312500e+03
1.243955932617187500e+03
1.248008544921875000e+03
1.139254516601562500e+03
1.128974365234375000e+03
1.335313476562500000e+03
1.321397094726562500e+03
1.212267700195312500e+03
1.155364868164062500e+03
1.151942138671875000e+03
1.389727050781250000e+03
1.378962890625000000e+03
1.302965942382812500e+03
1.142185791015625000e+03
1.081919677734375000e+03
1.119955444335937500e+03
1.272164306640625000e+03
1.392320556640625000e+03
1.450397827148437500e+03
1.292019897460937500e+03
1.108747192382812500e+03
1.032787597656250000e+03
1.017342346191406250e+03
1.108350952148437500e+03
1.296290283203125000e+03
1.628925781250000000e+03
1.480030029296875000e+03
1.052231689453125000e+03
1.043365356445312500e+03
1.537644042968750000e+03
1.751821533203125000e+03
1.259876708984375000e+03
1.076170532226562500e+03
1.274919433593750000e+03
1.732986816406250000e+03
1.535794799804687500e+03
1.181911132812500000e+03
1.299780517578125000e+03
1.745721313476562500e+03
1.649742309570312500e+03
1.331483032226562500e+03
1.436738769531250000e+03
1.664167480468750000e+03
1.441641479492187500e+03
1.249977050781250000e+03
1.227706176757812500e+03
1.385140502929687500e+03
1.499405639648437500e+03
1.325798583984375000e+03
1.112584960937500000e+03
1.048981933593750000e+03
1.105459350585937500e+03
1.236930541992187500e+03
1.439512207031250000e+03
1.404469482421875000e+03
1.143198608398437500e+03
1.014812500000000000e+03
9.667684326171875000e+02
1.105286987304687500e+03
1.419446655273437500e+03
1.696070800781250000e+03
1.279428100585937500e+03
9.981340942382812500e+02
9.267780151367187500e+02
1.374823852539062500e+03
2.107330566406250000e+03
1.293381713867187500e+03
1.496333984375000000e+03
2.070137207031250000e+03
1.293962402343750000e+03
1.397430541992187500e+03
1.898313110351562500e+03
1.470840209960937500e+03
1.239308349609375000e+03
1.344689208984375000e+03
1.727707763671875000e+03
1.468440673828125000e+03
1.154122436523437500e+03
1.234768554687500000e+03
1.348045288085937500e+03
1.505552978515625000e+03
1.364530761718750000e+03
1.137845458984375000e+03
1.026503540039062500e+03
9.615214843750000000e+02
1.253540527343750000e+03
1.576425170898437500e+03
1.418600341796875000e+03
1.102886352539062500e+03
9.433891601562500000e+02
1.107568847656250000e+03
1.770550537109375000e+03
1.645542968750000000e+03
1.127674926757812500e+03
1.349308837890625000e+03
2.122630371093750000e+03
1.522499633789062500e+03
1.350876953125000000e+03
2.103540527343750000e+03
1.610055541992187500e+03
1.403904663085937500e+03
1.981284301757812500e+03
1.524077270507812500e+03
1.356712646484375000e+03
1.692880981445312500e+03
1.698042968750000000e+03
1.349748901367187500e+03
1.200487426757812500e+03
1.411827636718750000e+03
1.530671508789062500e+03
1.296521972656250000e+03
1.106405029296875000e+03
1.096468505859375000e+03
1.242551513671875000e+03
1.426887695312500000e+03
1.422650268554687500e+03
1.187660034179687500e+03
1.000133544921875000e+03
8.931437988281250000e+02
9.239856567382812500e+02
9.295592651367187500e+02
1.053339477539062500e+03
2.049954101562500000e+03
1.529453979492187500e+03
1.129416870117187500e+03
2.004490478515625000e+03
1.814446533203125000e+03
1.256031616210937500e+03
1.513671875000000000e+03
1.808187011718750000e+03
1.371948608398437500e+03
1.239992553710937500e+03
1.533043945312500000e+03
1.649010375976562500e+03
1.329666503906250000e+03
1.143836791992187500e+03
1.314940185546875000e+03
1.723914672851562500e+03
1.441411499023437500e+03
1.173617309570312500e+03
1.238746093750000000e+03
1.577950683593750000e+03
1.520449462890625000e+03
1.223441894531250000e+03
1.123256347656250000e+03
1.454921508789062500e+03
1.706404663085937500e+03
1.319540649414062500e+03
1.145162841796875000e+03
1.510969482421875000e+03
1.825869995117187500e+03
1.373922729492187500e+03
1.230890136718750000e+03
1.706577270507812500e+03
1.701527343750000000e+03
1.268585693359375000e+03
1.320309204101562500e+03
1.632495849609375000e+03
1.568815795898437500e+03
1.264697753906250000e+03
1.152359375000000000e+03
1.362810058593750000e+03
1.660458984375000000e+03
1.384284545898437500e+03
1.199306762695312500e+03
1.215067871093750000e+03
1.619226684570312500e+03
1.718990356445312500e+03
1.306733032226562500e+03
1.381098022460937500e+03
1.784177490234375000e+03
1.487296142578125000e+03
1.225065063476562500e+03
1.419324707031250000e+03
1.678742431640625000e+03
1.397493408203125000e+03
1.162919677734375000e+03
1.136574951171875000e+03
1.575348876953125000e+03
1.745308593750000000e+03
1.306994262695312500e+03
1.279167968750000000e+03
1.685124511718750000e+03
1.567794433593750000e+03
1.196020751953125000e+03
1.267681274414062500e+03
1.479538452148437500e+03
1.500945678710937500e+03
1.256543823242187500e+03
1.052693847656250000e+03
9.384872436523437500e+02
1.007308654785156250e+03
1.284604492187500000e+03
1.640990844726562500e+03
1.345148193359375000e+03
9.606807250976562500e+02
9.482857666015625000e+02
1.581124023437500000e+03
1.936451293945312500e+03
1.272019165039062500e+03
1.292332153320312500e+03
2.098350585937500000e+03
1.448484008789062500e+03
1.303362426757812500e+03
2.130361572265625000e+03
1.522891479492187500e+03
1.365462524414062500e+03
1.973777343750000000e+03
1.620528198242187500e+03
1.365080810546875000e+03
1.596125000000000000e+03
1.633980102539062500e+03
1.357699340820312500e+03
1.202472045898437500e+03
1.250989624023437500e+03
1.341152343750000000e+03
1.321238525390625000e+03
1.172162353515625000e+03
1.022967407226562500e+03
9.842269897460937500e+02
9.483989868164062500e+02
9.292152099609375000e+02
9.533353881835937500e+02
1.335213012695312500e+03
1.812828613281250000e+03
1.353256713867187500e+03
9.746475830078125000e+02
1.419047607421875000e+03
2.184329345703125000e+03
1.363016113281250000e+03
1.404934692382812500e+03
2.218087158203125000e+03
1.402462646484375000e+03
1.555325805664062500e+03
2.304578125000000000e+03
1.426536865234375000e+03
1.736766357421875000e+03
2.018941772460937500e+03
1.468796020507812500e+03
1.533554931640625000e+03
1.805402832031250000e+03
1.454986328125000000e+03
1.318280395507812500e+03
1.363132690429687500e+03
1.430500488281250000e+03
1.309618286132812500e+03
1.127006469726562500e+03
1.099802368164062500e+03
1.064912963867187500e+03
1.030385375976562500e+03
1.098542236328125000e+03
1.106669799804687500e+03
1.345313232421875000e+03
1.445548706054687500e+03
1.208423339843750000e+03
1.069960693359375000e+03
1.033617919921875000e+03
1.167278442382812500e+03
1.491788330078125000e+03
1.420213012695312500e+03
1.096169067382812500e+03
9.740311279296875000e+02
1.022056579589843750e+03
1.196558227539062500e+03
1.576472778320312500e+03
1.460153930664062500e+03
1.040455444335937500e+03
1.009427001953125000e+03
1.341348144531250000e+03
1.756369506835937500e+03
1.379236938476562500e+03
1.030244506835937500e+03
1.335690795898437500e+03
1.900318481445312500e+03
1.364202026367187500e+03
1.107040527343750000e+03
1.667609375000000000e+03
1.896739501953125000e+03
1.320798706054687500e+03
1.401489624023437500e+03
1.898692871093750000e+03
1.562277832031250000e+03
1.289979614257812500e+03
1.499865112304687500e+03
1.754183593750000000e+03
1.495769165039062500e+03
1.246333374023437500e+03
1.369599243164062500e+03
1.553224365234375000e+03
1.352961181640625000e+03
1.168306640625000000e+03
1.190955932617187500e+03
1.508377319335937500e+03
1.497101318359375000e+03
1.139591674804687500e+03
1.080348388671875000e+03
1.387924682617187500e+03
1.718715454101562500e+03
1.310155029296875000e+03
1.139398681640625000e+03
1.618815307617187500e+03
1.836918090820312500e+03
1.346446655273437500e+03
1.420566772460937500e+03
1.728082031250000000e+03
1.507760131835937500e+03
1.260594238281250000e+03
1.280440795898437500e+03
1.556497680664062500e+03
1.568530273437500000e+03
1.239119262695312500e+03
1.201322265625000000e+03
1.489780761718750000e+03
1.570386596679687500e+03
1.336350219726562500e+03
1.159688110351562500e+03
1.208157592773437500e+03
1.658475708007812500e+03
1.487095825195312500e+03
1.160851196289062500e+03
1.389822875976562500e+03
1.766761962890625000e+03
1.370573486328125000e+03
1.241982177734375000e+03
1.503132934570312500e+03
1.589436645507812500e+03
1.312266845703125000e+03
1.081202026367187500e+03
1.195587280273437500e+03
1.578161621093750000e+03
1.489242431640625000e+03
1.121292846679687500e+03
1.166629150390625000e+03
1.560155273437500000e+03
1.479463989257812500e+03
1.156572387695312500e+03
1.123014892578125000e+03
1.443010864257812500e+03
1.707968139648437500e+03
1.367522094726562500e+03
1.188782470703125000e+03
1.452999633789062500e+03
1.761745605468750000e+03
1.383341918945312500e+03
1.256054809570312500e+03
1.487470092773437500e+03
1.612329467773437500e+03
1.334093261718750000e+03
1.185810302734375000e+03
1.280706176757812500e+03
1.469298706054687500e+03
1.371291137695312500e+03
1.128156616210937500e+03
9.832393188476562500e+02
9.069120483398437500e+02
1.127779296875000000e+03
1.548786865234375000e+03
1.439108154296875000e+03
1.084317260742187500e+03
8.700510864257812500e+02
8.585885620117187500e+02
1.048824096679687500e+03
1.435269775390625000e+03
1.646943115234375000e+03
1.246243530273437500e+03
8.826293945312500000e+02
8.734729003906250000e+02
1.266325805664062500e+03
1.963876098632812500e+03
1.407163208007812500e+03
1.064558593750000000e+03
1.652121704101562500e+03
1.940655517578125000e+03
1.313259277343750000e+03
1.236414672851562500e+03
1.890570922851562500e+03
1.614838256835937500e+03
1.260419799804687500e+03
1.430170043945312500e+03
1.707135620117187500e+03
1.465505004882812500e+03
1.264063232421875000e+03
1.308299438476562500e+03
1.544584106445312500e+03
1.392144531250000000e+03
1.141005249023437500e+03
1.140483642578125000e+03
1.274193481445312500e+03
1.340489624023437500e+03
1.225024780273437500e+03
1.055432495117187500e+03
9.062468872070312500e+02
9.388423461914062500e+02
9.049657592773437500e+02
8.359283447265625000e+02
7.923416748046875000e+02
8.018795776367187500e+02
8.427998046875000000e+02
1.426342773437500000e+03
2.109504882812500000e+03
1.243121704101562500e+03
1.359885620117187500e+03
2.439382568359375000e+03
1.420430786132812500e+03
1.944390258789062500e+03
2.263100830078125000e+03
1.644442626953125000e+03
1.788702148437500000e+03
1.737293457031250000e+03
1.559368774414062500e+03
1.390701416015625000e+03
1.478210205078125000e+03
1.377042358398437500e+03
1.168245483398437500e+03
1.216972534179687500e+03
1.178841430664062500e+03
1.094979370117187500e+03
1.169919189453125000e+03
1.178549682617187500e+03
1.249353759765625000e+03
1.316993164062500000e+03
1.335824218750000000e+03
1.263664916992187500e+03
1.086605712890625000e+03
1.090738769531250000e+03
1.145908203125000000e+03
1.312834594726562500e+03
1.413278686523437500e+03
1.260703979492187500e+03
1.093729370117187500e+03
1.079207153320312500e+03
1.118472656250000000e+03
1.390601684570312500e+03
1.559320800781250000e+03
1.217322875976562500e+03
9.917983398437500000e+02
1.000986816406250000e+03
1.240137329101562500e+03
1.508326171875000000e+03
1.366395263671875000e+03
1.136127563476562500e+03
9.444248046875000000e+02
9.197970581054687500e+02
9.942554321289062500e+02
1.429218261718750000e+03
1.663356445312500000e+03
1.230353271484375000e+03
9.263515014648437500e+02
1.176374023437500000e+03
1.773179199218750000e+03
1.529720947265625000e+03
1.053474121093750000e+03
1.304789794921875000e+03
2.100033203125000000e+03
1.393732055664062500e+03
1.288298095703125000e+03
1.952613525390625000e+03
1.538927001953125000e+03
1.226821533203125000e+03
1.727170532226562500e+03
1.615728759765625000e+03
1.272695678710937500e+03
1.246377929687500000e+03
1.407852783203125000e+03
1.409824340820312500e+03
1.268762695312500000e+03
1.069196411132812500e+03
1.005058471679687500e+03
1.160149047851562500e+03
1.287795043945312500e+03
1.346660766601562500e+03
1.205835449218750000e+03
9.717019653320312500e+02
9.703287963867187500e+02
9.754865112304687500e+02
1.232712158203125000e+03
1.659531494140625000e+03
1.332444824218750000e+03
9.597059326171875000e+02
1.047794311523437500e+03
1.806082153320312500e+03
1.654113159179687500e+03
1.168148193359375000e+03
1.489077514648437500e+03
1.934126098632812500e+03
1.445582031250000000e+03
1.370699462890625000e+03
1.744155151367187500e+03
1.553160278320312500e+03
1.284793090820312500e+03
1.383416259765625000e+03
1.611659301757812500e+03
1.397012939453125000e+03
1.134350952148437500e+03
1.149490600585937500e+03
1.329595947265625000e+03
1.418905639648437500e+03
1.195879150390625000e+03
1.019552734375000000e+03
9.358447265625000000e+02
9.925549316406250000e+02
1.163902099609375000e+03
1.440379028320312500e+03
1.407921020507812500e+03
1.155106201171875000e+03
1.017040832519531250e+03
9.088569335937500000e+02
1.096610839843750000e+03
1.572531005859375000e+03
1.626621459960937500e+03
1.093059814453125000e+03
9.938928833007812500e+02
1.625530273437500000e+03
1.827065673828125000e+03
1.231845092773437500e+03
1.177023559570312500e+03
1.700310424804687500e+03
1.639608154296875000e+03
1.201484497070312500e+03
1.263748291015625000e+03
1.646663330078125000e+03
1.432034790039062500e+03
1.149923339843750000e+03
1.114697998046875000e+03
1.314147094726562500e+03
1.576448974609375000e+03
1.337815307617187500e+03
1.047060546875000000e+03
1.265506469726562500e+03
1.829711669921875000e+03
1.416553833007812500e+03
1.203229492187500000e+03
1.544512329101562500e+03
1.743634521484375000e+03
1.334433349609375000e+03
1.161074096679687500e+03
1.568004272460937500e+03
1.710474975585937500e+03
1.216009399414062500e+03
1.183749389648437500e+03
1.458088500976562500e+03
1.459930541992187500e+03
1.191027954101562500e+03
1.036098266601562500e+03
1.182944458007812500e+03
1.474495361328125000e+03
1.345421020507812500e+03
1.106146728515625000e+03
1.008903381347656250e+03
1.192434082031250000e+03
1.561793701171875000e+03
1.347312622070312500e+03
1.032107788085937500e+03
1.026109863281250000e+03
1.603988647460937500e+03
1.794429809570312500e+03
1.227921264648437500e+03
1.396768432617187500e+03
1.885308105468750000e+03
1.426783203125000000e+03
1.238510009765625000e+03
1.684793945312500000e+03
1.563500366210937500e+03
1.185666503906250000e+03
1.175060791015625000e+03
1.381722778320312500e+03
1.455856445312500000e+03
1.315915893554687500e+03
1.043478027343750000e+03
9.359667968750000000e+02
1.130520874023437500e+03
1.399613525390625000e+03
1.439014160156250000e+03
1.084390747070312500e+03
8.706511840820312500e+02
8.675625610351562500e+02
9.880628051757812500e+02
1.513338256835937500e+03
1.676182006835937500e+03
1.096270263671875000e+03
9.909657592773437500e+02
1.926303955078125000e+03
1.674127197265625000e+03
1.217802124023437500e+03
1.460053100585937500e+03
1.868686645507812500e+03
1.443715820312500000e+03
1.227111450195312500e+03
1.617689941406250000e+03
1.565929443359375000e+03
1.218147705078125000e+03
1.198371948242187500e+03
1.303764038085937500e+03
1.436738281250000000e+03
1.280643920898437500e+03
1.094497436523437500e+03
9.698513793945312500e+02
1.003727294921875000e+03
1.257254028320312500e+03
1.364813964843750000e+03
1.274449096679687500e+03
1.064428955078125000e+03
9.579376831054687500e+02
9.752975463867187500e+02
1.278084106445312500e+03
1.620361328125000000e+03
1.275092041015625000e+03
9.630050659179687500e+02
9.976948242187500000e+02
1.522536621093750000e+03
1.632730834960937500e+03
1.136297729492187500e+03
9.951827392578125000e+02
1.307059448242187500e+03
1.916742187500000000e+03
1.395387207031250000e+03
1.204631958007812500e+03
1.712480590820312500e+03
1.549420532226562500e+03
1.132690185546875000e+03
1.111614868164062500e+03
1.363420776367187500e+03
1.523180297851562500e+03
1.288352905273437500e+03
1.010386474609375000e+03
9.340491333007812500e+02
1.119433959960937500e+03
1.690000000000000000e+03
1.420666992187500000e+03
1.018918090820312500e+03
1.293093017578125000e+03
2.031925781250000000e+03
1.376405639648437500e+03
1.358286987304687500e+03
1.928185791015625000e+03
1.374873535156250000e+03
1.119826904296875000e+03
1.474418334960937500e+03
1.663358154296875000e+03
1.270495849609375000e+03
1.029179443359375000e+03
1.562855834960937500e+03
1.760921630859375000e+03
1.297311523437500000e+03
1.291116577148437500e+03
1.674862426757812500e+03
1.524984375000000000e+03
1.266220947265625000e+03
1.298175415039062500e+03
1.474479614257812500e+03
1.431051635742187500e+03
1.176075927734375000e+03
1.049077514648437500e+03
1.072926879882812500e+03
1.257426513671875000e+03
1.438814697265625000e+03
1.226776855468750000e+03
9.609647216796875000e+02
8.885942993164062500e+02
1.002644836425781250e+03
1.506287963867187500e+03
1.607648437500000000e+03
1.060172973632812500e+03
9.388609619140625000e+02
1.635627685546875000e+03
1.921813476562500000e+03
1.231447631835937500e+03
1.409293334960937500e+03
1.998793701171875000e+03
1.425501831054687500e+03
1.335042724609375000e+03
2.087322265625000000e+03
1.497246093750000000e+03
1.507267456054687500e+03
2.099289062500000000e+03
1.399725097656250000e+03
1.516167480468750000e+03
1.880491699218750000e+03
1.371561279296875000e+03
1.335817871093750000e+03
1.617799316406250000e+03
1.487423461914062500e+03
1.177541625976562500e+03
1.141910522460937500e+03
1.237622070312500000e+03
1.441211425781250000e+03
1.275575683593750000e+03
1.024563964843750000e+03
9.939364624023437500e+02
1.153039428710937500e+03
1.547109497070312500e+03
1.437977539062500000e+03
1.008710815429687500e+03
9.465525512695312500e+02
1.332860961914062500e+03
1.658815795898437500e+03
1.249898925781250000e+03
9.517136840820312500e+02
1.200090332031250000e+03
1.773867675781250000e+03
1.456759643554687500e+03
1.164765991210937500e+03
1.549266479492187500e+03
1.616971191406250000e+03
1.248552246093750000e+03
1.091678466796875000e+03
1.371631469726562500e+03
1.511656616210937500e+03
1.167477294921875000e+03
1.008533630371093750e+03
1.030925537109375000e+03
1.307587890625000000e+03
1.607752807617187500e+03
1.245374145507812500e+03
1.019535583496093750e+03
1.216824951171875000e+03
1.740987182617187500e+03
1.416787963867187500e+03
1.108346557617187500e+03
1.555463623046875000e+03
1.679792114257812500e+03
1.246284790039062500e+03
1.156777465820312500e+03
1.393364257812500000e+03
1.401862670898437500e+03
1.193329345703125000e+03
1.041802124023437500e+03
9.935905761718750000e+02
1.176384155273437500e+03
1.316685302734375000e+03
1.322490356445312500e+03
1.118250854492187500e+03
9.340180664062500000e+02
8.993223876953125000e+02
9.372332153320312500e+02
9.603214721679687500e+02
1.138234375000000000e+03
1.487353149414062500e+03
1.480692871093750000e+03
1.003775512695312500e+03
8.865238037109375000e+02
1.304410034179687500e+03
1.857844970703125000e+03
1.319740844726562500e+03
1.077966308593750000e+03
1.834993530273437500e+03
1.737448974609375000e+03
1.192442016601562500e+03
1.356233398437500000e+03
1.772157592773437500e+03
1.337591674804687500e+03
1.092035156250000000e+03
1.356543457031250000e+03
1.620545166015625000e+03
1.333693359375000000e+03
1.116729370117187500e+03
1.157159179687500000e+03
1.577043457031250000e+03
1.518850341796875000e+03
1.205095947265625000e+03
1.213840454101562500e+03
1.501432495117187500e+03
1.506975097656250000e+03
1.183436279296875000e+03
1.105746459960937500e+03
1.366918334960937500e+03
1.575304199218750000e+03
1.283371948242187500e+03
1.100527709960937500e+03
1.280348266601562500e+03
1.759447998046875000e+03
1.350991943359375000e+03
1.188292480468750000e+03
1.453359619140625000e+03
1.468314331054687500e+03
1.294848510742187500e+03
1.117774291992187500e+03
1.040643188476562500e+03
1.342389404296875000e+03
1.602614013671875000e+03
1.245953369140625000e+03
1.129936157226562500e+03
1.486127319335937500e+03
1.662814819335937500e+03
1.216994140625000000e+03
1.116156372070312500e+03
1.464335449218750000e+03
1.481809448242187500e+03
1.197858276367187500e+03
1.088921020507812500e+03
1.069370605468750000e+03
1.361385009765625000e+03
1.438411621093750000e+03
1.168996948242187500e+03
9.887150878906250000e+02
9.211430664062500000e+02
1.378723632812500000e+03
1.617383422851562500e+03
1.194744628906250000e+03
1.035996704101562500e+03
1.439754516601562500e+03
1.859133178710937500e+03
1.314998168945312500e+03
1.347019042968750000e+03
1.755136108398437500e+03
1.402539428710937500e+03
1.077179687500000000e+03
1.287540893554687500e+03
1.572618286132812500e+03
1.302528930664062500e+03
1.045649902343750000e+03
1.130033691406250000e+03
1.387975952148437500e+03
1.378011352539062500e+03
1.157400146484375000e+03
9.403057250976562500e+02
9.715146484375000000e+02
1.149553833007812500e+03
1.463219970703125000e+03
1.396035278320312500e+03
9.849443359375000000e+02
9.045495605468750000e+02
1.284734863281250000e+03
1.844385498046875000e+03
1.275315551757812500e+03
1.143430419921875000e+03
1.662516479492187500e+03
1.659666503906250000e+03
1.207533203125000000e+03
1.078216796875000000e+03
1.552555297851562500e+03
1.658888793945312500e+03
1.212014282226562500e+03
1.239501220703125000e+03
1.642510131835937500e+03
1.495613281250000000e+03
1.157637451171875000e+03
1.269402832031250000e+03
1.677678588867187500e+03
1.466619018554687500e+03
1.218035278320312500e+03
1.359466674804687500e+03
1.528001953125000000e+03
1.349131591796875000e+03
1.169222290039062500e+03
1.144836791992187500e+03
1.292487182617187500e+03
1.345331787109375000e+03
1.204816894531250000e+03
1.025505004882812500e+03
9.112192382812500000e+02
9.517098999023437500e+02
1.127103271484375000e+03
1.336198486328125000e+03
1.297874267578125000e+03
1.104824951171875000e+03
9.938380737304687500e+02
1.050521728515625000e+03
1.379785034179687500e+03
1.480853637695312500e+03
1.145717163085937500e+03
9.021873168945312500e+02
8.351152954101562500e+02
1.080787353515625000e+03
1.694017822265625000e+03
1.421156372070312500e+03
9.525717163085937500e+02
1.268835449218750000e+03
2.005691162109375000e+03
1.352230346679687500e+03
1.246923461914062500e+03
2.016828369140625000e+03
1.449123779296875000e+03
1.186945678710937500e+03
1.826652587890625000e+03
1.588075195312500000e+03
1.316222900390625000e+03
1.608046630859375000e+03
1.516134277343750000e+03
1.336285644531250000e+03
1.220061523437500000e+03
1.289218261718750000e+03
1.302000488281250000e+03
1.167767822265625000e+03
1.075106445312500000e+03
9.961975708007812500e+02
9.382158203125000000e+02
1.042359863281250000e+03
1.374255615234375000e+03
1.366434570312500000e+03
1.120468994140625000e+03
8.130899658203125000e+02
8.354429931640625000e+02
1.158351928710937500e+03
1.762601928710937500e+03
1.313914794921875000e+03
9.495657348632812500e+02
1.416098999023437500e+03
2.003580200195312500e+03
1.271313720703125000e+03
1.287826049804687500e+03
1.921665283203125000e+03
1.381281860351562500e+03
1.137744628906250000e+03
1.684720825195312500e+03
1.530110351562500000e+03
1.128566528320312500e+03
1.162399414062500000e+03
1.434246704101562500e+03
1.495177490234375000e+03
1.198706665039062500e+03
1.057434692382812500e+03
1.271846923828125000e+03
1.597983154296875000e+03
1.347865600585937500e+03
1.149247314453125000e+03
1.285869873046875000e+03
1.579699462890625000e+03
1.329378295898437500e+03
1.099722534179687500e+03
1.228785034179687500e+03
1.596124755859375000e+03
1.433686767578125000e+03
1.186830932617187500e+03
1.316262939453125000e+03
1.647863769531250000e+03
1.411578979492187500e+03
1.158918945312500000e+03
1.345193359375000000e+03
1.651406616210937500e+03
1.337571899414062500e+03
1.084152099609375000e+03
1.257066528320312500e+03
1.663954467773437500e+03
1.359143554687500000e+03
1.119818481445312500e+03
1.204548583984375000e+03
1.554524658203125000e+03
1.483219848632812500e+03
1.175380004882812500e+03
1.158697631835937500e+03
1.434574951171875000e+03
1.508593505859375000e+03
1.184980712890625000e+03
1.121903930664062500e+03
1.279873779296875000e+03
1.426171875000000000e+03
1.308983398437500000e+03
1.083552856445312500e+03
9.747254638671875000e+02
1.040725463867187500e+03
1.419740600585937500e+03
1.492421997070312500e+03
1.124561645507812500e+03
1.013181640625000000e+03
1.441319335937500000e+03
1.670478637695312500e+03
1.254300292968750000e+03
1.135965209960937500e+03
1.425037353515625000e+03
1.494022949218750000e+03
1.162737060546875000e+03
1.052100585937500000e+03
1.146191284179687500e+03
1.439367431640625000e+03
1.414834594726562500e+03
1.168298461914062500e+03
9.982988891601562500e+02
1.101646850585937500e+03
1.594987426757812500e+03
1.333192382812500000e+03
1.050165649414062500e+03
1.201109863281250000e+03
1.573288940429687500e+03
1.403172485351562500e+03
1.096499389648437500e+03
1.064621459960937500e+03
1.416228637695312500e+03
1.529830932617187500e+03
1.163617797851562500e+03
1.066090576171875000e+03
1.345232177734375000e+03
1.619270874023437500e+03
1.197246948242187500e+03
1.052111694335937500e+03
1.325598144531250000e+03
1.603904663085937500e+03
1.265273193359375000e+03
1.015851257324218750e+03
1.254123291015625000e+03
1.663413696289062500e+03
1.372109619140625000e+03
1.084504516601562500e+03
1.121153930664062500e+03
1.585605834960937500e+03
1.484062133789062500e+03
1.167261108398437500e+03
1.341684448242187500e+03
1.596290649414062500e+03
1.342211547851562500e+03
1.094506347656250000e+03
1.135654785156250000e+03
1.426488525390625000e+03
1.434823852539062500e+03
1.151255859375000000e+03
1.061627929687500000e+03
1.241553466796875000e+03
1.576645263671875000e+03
1.330861694335937500e+03
1.093736328125000000e+03
1.141196533203125000e+03
1.503135498046875000e+03
1.460813842773437500e+03
1.125338256835937500e+03
1.111367187500000000e+03
1.498301635742187500e+03
1.522864501953125000e+03
1.149474365234375000e+03
1.133045288085937500e+03
1.518992187500000000e+03
1.442269775390625000e+03
1.130115112304687500e+03
1.097459472656250000e+03
1.385832885742187500e+03
1.517445800781250000e+03
1.168146850585937500e+03
1.025604492187500000e+03
1.138083374023437500e+03
1.471369506835937500e+03
1.429291503906250000e+03
1.098277221679687500e+03
1.006685913085937500e+03
1.281781738281250000e+03
1.633099487304687500e+03
1.273223754882812500e+03
1.049184326171875000e+03
1.478896118164062500e+03
1.724702636718750000e+03
1.217649902343750000e+03
1.149167114257812500e+03
1.698071166992187500e+03
1.425815795898437500e+03
1.040556030273437500e+03
1.151651611328125000e+03
1.396603759765625000e+03
1.372594970703125000e+03
1.086824584960937500e+03
9.122061767578125000e+02
9.963378906250000000e+02
1.212967895507812500e+03
1.383107055664062500e+03
1.236364257812500000e+03
1.021857727050781250e+03
8.447229003906250000e+02
8.413117675781250000e+02
7.837034912109375000e+02
7.901713256835937500e+02
7.797135009765625000e+02
1.095063476562500000e+03
1.994297607421875000e+03
1.223950195312500000e+03
9.884158325195312500e+02
2.106075927734375000e+03
1.436212646484375000e+03
1.165092163085937500e+03
1.914860107421875000e+03
1.410970703125000000e+03
1.195145141601562500e+03
1.709881835937500000e+03
1.563713500976562500e+03
1.223043823242187500e+03
1.231928710937500000e+03
1.505268188476562500e+03
1.435485107421875000e+03
1.140492431640625000e+03
1.091790527343750000e+03
1.335728515625000000e+03
1.435585815429687500e+03
1.151979614257812500e+03
9.852242431640625000e+02
1.197757690429687500e+03
1.440849121093750000e+03
1.206933715820312500e+03
1.000998229980468750e+03
8.929014892578125000e+02
1.009826293945312500e+03
1.565037475585937500e+03
1.458108764648437500e+03
1.008907043457031250e+03
1.107658569335937500e+03
1.841649291992187500e+03
1.439317260742187500e+03
1.118045410156250000e+03
1.586867797851562500e+03
1.629053466796875000e+03
1.196819946289062500e+03
1.041912963867187500e+03
1.399501464843750000e+03
1.671249511718750000e+03
1.232799438476562500e+03
1.140172973632812500e+03
1.693725097656250000e+03
1.578598999023437500e+03
1.179997924804687500e+03
1.344343505859375000e+03
1.590953979492187500e+03
1.344096191406250000e+03
1.122143676757812500e+03
1.125485351562500000e+03
1.492083618164062500e+03
1.499528808593750000e+03
1.138036376953125000e+03
1.146253173828125000e+03
1.416231323242187500e+03
1.494112670898437500e+03
1.183107177734375000e+03
1.063002685546875000e+03
1.310247436523437500e+03
1.451715698242187500e+03
1.206709350585937500e+03
1.019830139160156250e+03
9.934230957031250000e+02
1.339555786132812500e+03
1.532096191406250000e+03
1.183033203125000000e+03
1.011352722167968750e+03
1.315001953125000000e+03
1.610109863281250000e+03
1.266491821289062500e+03
1.082002929687500000e+03
1.191010620117187500e+03
1.530354003906250000e+03
1.428978759765625000e+03
1.144934814453125000e+03
1.187559814453125000e+03
1.496536621093750000e+03
1.388973022460937500e+03
1.104848632812500000e+03
1.106380371093750000e+03
1.461103637695312500e+03
1.443536132812500000e+03
1.124560180664062500e+03
1.030716186523437500e+03
1.130873168945312500e+03
1.456085327148437500e+03
1.437972656250000000e+03
1.071612182617187500e+03
1.039968017578125000e+03
1.509185302734375000e+03
1.452932128906250000e+03
1.084524780273437500e+03
1.015654602050781250e+03
1.340780029296875000e+03
1.575819824218750000e+03
1.184882324218750000e+03
1.083812622070312500e+03
1.138267333984375000e+03
1.360647338867187500e+03
1.500395141601562500e+03
1.145305541992187500e+03
1.117816894531250000e+03
1.237393676757812500e+03
1.270537963867187500e+03
1.289203613281250000e+03
1.100822021484375000e+03
9.746343383789062500e+02
1.001264099121093750e+03
1.255029052734375000e+03
1.393515625000000000e+03
1.209499511718750000e+03
9.212529907226562500e+02
9.063991699218750000e+02
1.125424438476562500e+03
1.560932128906250000e+03
1.421142700195312500e+03
9.876450805664062500e+02
1.111873168945312500e+03
1.750355957031250000e+03
1.374545043945312500e+03
1.046532714843750000e+03
1.178263427734375000e+03
1.568144775390625000e+03
1.457012695312500000e+03
1.107809570312500000e+03
1.113304565429687500e+03
1.488876831054687500e+03
1.394712158203125000e+03
1.071016113281250000e+03
1.067602172851562500e+03
1.169786010742187500e+03
1.345108032226562500e+03
1.239530517578125000e+03
1.009355834960937500e+03
9.356622314453125000e+02
9.352669677734375000e+02
1.068745849609375000e+03
1.277297607421875000e+03
1.359601806640625000e+03
1.064565063476562500e+03
9.207753295898437500e+02
8.121260986328125000e+02
8.858972167968750000e+02
1.058220947265625000e+03
1.447205200195312500e+03
1.415639282226562500e+03
9.560466308593750000e+02
8.428070678710937500e+02
1.159265136718750000e+03
2.144172119140625000e+03
1.277824096679687500e+03
1.437844482421875000e+03
2.122395751953125000e+03
1.249933837890625000e+03
1.381029785156250000e+03
2.238592773437500000e+03
1.446049316406250000e+03
1.615585693359375000e+03
2.079512695312500000e+03
1.449280639648437500e+03
1.631448852539062500e+03
2.143863525390625000e+03
1.544660156250000000e+03
1.672874145507812500e+03
1.806139648437500000e+03
1.455686523437500000e+03
1.423482666015625000e+03
1.623257202148437500e+03
1.400338012695312500e+03
1.263130859375000000e+03
1.285610107421875000e+03
1.161421875000000000e+03
1.084205810546875000e+03
1.077101196289062500e+03
9.899281616210937500e+02
9.312893066406250000e+02
9.235228881835937500e+02
9.811018066406250000e+02
1.186169799804687500e+03
1.484355957031250000e+03
1.268070800781250000e+03
9.578964233398437500e+02
9.271665649414062500e+02
1.252553100585937500e+03
1.630731811523437500e+03
1.202633789062500000e+03
9.226811523437500000e+02
1.207776245117187500e+03
1.747879150390625000e+03
1.273552246093750000e+03
1.002557739257812500e+03
1.445214843750000000e+03
1.735033813476562500e+03
1.265547607421875000e+03
1.110788696289062500e+03
1.618260009765625000e+03
1.588125976562500000e+03
1.122571044921875000e+03
1.288299682617187500e+03
1.647766967773437500e+03
1.309080810546875000e+03
1.075065917968750000e+03
1.323837036132812500e+03
1.548981689453125000e+03
1.238559326171875000e+03
1.023792846679687500e+03
1.124914794921875000e+03
1.579153198242187500e+03
1.291827392578125000e+03
1.042225952148437500e+03
1.363936523437500000e+03
1.555156616210937500e+03
1.286355712890625000e+03
1.041180297851562500e+03
1.159617797851562500e+03
1.685862426757812500e+03
1.378703002929687500e+03
1.180607788085937500e+03
1.492917114257812500e+03
1.498426269531250000e+03
1.156341308593750000e+03
1.057819702148437500e+03
1.265291137695312500e+03
1.472447143554687500e+03
1.216031372070312500e+03
9.567724609375000000e+02
9.651132202148437500e+02
1.500131591796875000e+03
1.683356811523437500e+03
1.145626708984375000e+03
1.348902343750000000e+03
1.797407348632812500e+03
1.313337524414062500e+03
1.096636352539062500e+03
1.577651123046875000e+03
1.589821166992187500e+03
1.145358276367187500e+03
1.175233276367187500e+03
1.445575195312500000e+03
1.355514892578125000e+03
1.121376464843750000e+03
9.922218017578125000e+02
1.062582885742187500e+03
1.229932617187500000e+03
1.259766601562500000e+03
1.100148681640625000e+03
9.459765625000000000e+02
8.642896728515625000e+02
9.015223999023437500e+02
1.102715820312500000e+03
1.485418334960937500e+03
1.363244506835937500e+03
9.243214111328125000e+02
8.270474853515625000e+02
1.211208618164062500e+03
1.895854492187500000e+03
1.231167358398437500e+03
1.081415893554687500e+03
1.896145629882812500e+03
1.458277465820312500e+03
1.082995849609375000e+03
1.551792602539062500e+03
1.590025024414062500e+03
1.088669189453125000e+03
1.099625000000000000e+03
1.435524658203125000e+03
1.412409301757812500e+03
1.093153686523437500e+03
9.960009765625000000e+02
1.276233276367187500e+03
1.495264160156250000e+03
1.220536621093750000e+03
9.670438842773437500e+02
9.676950683593750000e+02
1.510623657226562500e+03
1.555294799804687500e+03
1.104674682617187500e+03
1.191437866210937500e+03
1.677275268554687500e+03
1.428068359375000000e+03
1.079246948242187500e+03
1.244978515625000000e+03
1.593653686523437500e+03
1.298153930664062500e+03
1.062430297851562500e+03
1.157675537109375000e+03
1.544396972656250000e+03
1.336829956054687500e+03
1.055963745117187500e+03
1.175514160156250000e+03
1.545406982421875000e+03
1.318519531250000000e+03
1.010533264160156250e+03
1.094655273437500000e+03
1.497961181640625000e+03
1.412339599609375000e+03
1.078269287109375000e+03
1.099087036132812500e+03
1.527720092773437500e+03
1.506449829101562500e+03
1.098646606445312500e+03
1.121252685546875000e+03
1.549498779296875000e+03
1.516404541015625000e+03
1.122781616210937500e+03
1.109892944335937500e+03
1.526043457031250000e+03
1.429798339843750000e+03
1.109461669921875000e+03
1.047498046875000000e+03
1.255204589843750000e+03
1.683676147460937500e+03
1.279589721679687500e+03
1.133575195312500000e+03
1.545655273437500000e+03
1.431685180664062500e+03
1.065275878906250000e+03
1.048841796875000000e+03
1.338037841796875000e+03
1.515968627929687500e+03
1.175283569335937500e+03
9.864797973632812500e+02
1.194091796875000000e+03
1.640785034179687500e+03
1.324215820312500000e+03
1.097704833984375000e+03
1.396761718750000000e+03
1.664620605468750000e+03
1.250156860351562500e+03
1.089534179687500000e+03
1.376858764648437500e+03
1.632143798828125000e+03
1.227473266601562500e+03
1.039716186523437500e+03
1.308462890625000000e+03
1.623693115234375000e+03
1.195313598632812500e+03
1.031765869140625000e+03
1.245115844726562500e+03
1.553459960937500000e+03
1.325924072265625000e+03
1.077188476562500000e+03
1.158520263671875000e+03
1.563802490234375000e+03
1.379166259765625000e+03
1.075895507812500000e+03
1.190034912109375000e+03
1.571365966796875000e+03
1.369448120117187500e+03
1.045233520507812500e+03
1.114027221679687500e+03
1.581499023437500000e+03
1.417392700195312500e+03
1.050404663085937500e+03
1.180959472656250000e+03
1.588980346679687500e+03
1.384508544921875000e+03
1.071484619140625000e+03
1.191806152343750000e+03
1.542905273437500000e+03
1.333058349609375000e+03
1.066807617187500000e+03
1.103897216796875000e+03
1.421120605468750000e+03
1.378754516601562500e+03
1.116966430664062500e+03
9.883513183593750000e+02
1.193753540039062500e+03
1.498958984375000000e+03
1.224631347656250000e+03
1.012668579101562500e+03
1.046045288085937500e+03
1.611976318359375000e+03
1.509121826171875000e+03
1.109156616210937500e+03
1.428316528320312500e+03
1.568998168945312500e+03
1.102022827148437500e+03
9.848508300781250000e+02
1.155619018554687500e+03
1.471823486328125000e+03
1.277541503906250000e+03
1.002651000976562500e+03
1.008903259277343750e+03
1.400103149414062500e+03
1.468078857421875000e+03
1.080157958984375000e+03
1.002521240234375000e+03
1.261484375000000000e+03
1.580513305664062500e+03
1.255730957031250000e+03
1.097447875976562500e+03
1.461879760742187500e+03
1.520424316406250000e+03
1.109727539062500000e+03
1.040470947265625000e+03
1.264955444335937500e+03
1.370488037109375000e+03
1.184278930664062500e+03
9.622285766601562500e+02
8.640748291015625000e+02
1.121625732421875000e+03
1.519463134765625000e+03
1.211010620117187500e+03
9.081425170898437500e+02
1.022069519042968750e+03
1.609431030273437500e+03
1.451077514648437500e+03
1.033489501953125000e+03
1.238920532226562500e+03
1.607365478515625000e+03
1.274912109375000000e+03
9.625842285156250000e+02
1.125516967773437500e+03
1.648614624023437500e+03
1.298549804687500000e+03
9.382767944335937500e+02
1.114168701171875000e+03
1.630772705078125000e+03
1.342649414062500000e+03
9.533281860351562500e+02
1.268759033203125000e+03
1.776916259765625000e+03
1.188793945312500000e+03
1.101387573242187500e+03
1.537124023437500000e+03
1.515199096679687500e+03
1.140930908203125000e+03
1.082814208984375000e+03
1.406431518554687500e+03
1.464514648437500000e+03
1.133847778320312500e+03
1.014946228027343750e+03
1.223643432617187500e+03
1.582658447265625000e+03
1.272719604492187500e+03
1.064540405273437500e+03
1.219470703125000000e+03
1.620809814453125000e+03
1.313313964843750000e+03
1.105589233398437500e+03
1.369686279296875000e+03
1.566468139648437500e+03
1.177630371093750000e+03
1.028442626953125000e+03
1.210668090820312500e+03
1.608791015625000000e+03
1.225620849609375000e+03
1.013356506347656250e+03
1.125401977539062500e+03
1.618252685546875000e+03
1.451667358398437500e+03
1.133029541015625000e+03
1.407944824218750000e+03
1.509036132812500000e+03
1.149733886718750000e+03
1.045936889648437500e+03
1.091620239257812500e+03
1.328671875000000000e+03
1.307913208007812500e+03
1.029639282226562500e+03
9.031940917968750000e+02
9.358283081054687500e+02
1.248789184570312500e+03
1.392352539062500000e+03
1.117916015625000000e+03
8.741649780273437500e+02
8.872543945312500000e+02
1.397083740234375000e+03
1.719264282226562500e+03
1.126955932617187500e+03
1.262236572265625000e+03
1.802940429687500000e+03
1.237748535156250000e+03
1.015924560546875000e+03
1.406983642578125000e+03
1.525394531250000000e+03
1.170309936523437500e+03
9.534534301757812500e+02
1.245759155273437500e+03
1.584296875000000000e+03
1.175143188476562500e+03
9.983500976562500000e+02
1.415949951171875000e+03
1.662435668945312500e+03
1.247946044921875000e+03
1.131899536132812500e+03
1.457377441406250000e+03
1.484734985351562500e+03
1.050861450195312500e+03
1.156472534179687500e+03
1.464954345703125000e+03
1.297880981445312500e+03
1.022181579589843750e+03
9.744412231445312500e+02
1.054002685546875000e+03
1.324502685546875000e+03
1.293930541992187500e+03
9.921923828125000000e+02
8.126358032226562500e+02
8.496801757812500000e+02
1.166708862304687500e+03
1.561829589843750000e+03
1.219167724609375000e+03
8.673817138671875000e+02
1.018740661621093750e+03
1.856683593750000000e+03
1.418124267578125000e+03
1.134838378906250000e+03
1.786789794921875000e+03
1.389469604492187500e+03
1.002729553222656250e+03
1.258325195312500000e+03
1.722997436523437500e+03
1.284337768554687500e+03
1.111885375976562500e+03
1.519975341796875000e+03
1.530485961914062500e+03
1.174891601562500000e+03
1.121519287109375000e+03
1.371301879882812500e+03
1.441160766601562500e+03
1.151274047851562500e+03
1.013113586425781250e+03
1.188905151367187500e+03
1.478382934570312500e+03
1.270469970703125000e+03
9.747904052734375000e+02
1.052264648437500000e+03
1.322236816406250000e+03
1.401660522460937500e+03
1.103559936523437500e+03
8.937308959960937500e+02
1.078871337890625000e+03
1.579491333007812500e+03
1.367015380859375000e+03
1.042589111328125000e+03
1.178557373046875000e+03
1.733200195312500000e+03
1.279896118164062500e+03
1.033084472656250000e+03
1.432866455078125000e+03
1.582918457031250000e+03
1.146717773437500000e+03
1.031049926757812500e+03
1.459289428710937500e+03
1.547542358398437500e+03
1.088366210937500000e+03
1.098613769531250000e+03
1.563736206054687500e+03
1.499010009765625000e+03
1.113951171875000000e+03
1.164352416992187500e+03
1.506230346679687500e+03
1.431636108398437500e+03
1.073699096679687500e+03
1.160281494140625000e+03
1.603552490234375000e+03
1.363540771484375000e+03
1.038319091796875000e+03
1.198671020507812500e+03
1.600069091796875000e+03
1.299029907226562500e+03
1.075030761718750000e+03
1.240280639648437500e+03
1.517539794921875000e+03
1.247672119140625000e+03
9.869916381835937500e+02
1.189319702148437500e+03
1.564041015625000000e+03
1.318506469726562500e+03
1.064872436523437500e+03
1.191095214843750000e+03
1.655768432617187500e+03
1.337652954101562500e+03
1.129012573242187500e+03
1.426672607421875000e+03
1.407006591796875000e+03
1.170898437500000000e+03
1.012575012207031250e+03
1.033690429687500000e+03
1.386597534179687500e+03
1.401458374023437500e+03
1.058664550781250000e+03
1.032036865234375000e+03
1.296364379882812500e+03
1.460819458007812500e+03
1.173266357421875000e+03
9.894888305664062500e+02
1.100470703125000000e+03
1.488365966796875000e+03
1.351524536132812500e+03
1.018670471191406250e+03
1.151276245117187500e+03
1.584123168945312500e+03
1.259866577148437500e+03
9.684738769531250000e+02
1.130613525390625000e+03
1.557787109375000000e+03
1.341195190429687500e+03
9.794968261718750000e+02
1.054928100585937500e+03
1.457445434570312500e+03
1.461585205078125000e+03
1.070020874023437500e+03
1.040582153320312500e+03
1.453041503906250000e+03
1.361459594726562500e+03
1.026543212890625000e+03
1.048970825195312500e+03
1.252333129882812500e+03
1.344055297851562500e+03
1.047711303710937500e+03
9.220474853515625000e+02
9.365392456054687500e+02
1.010147460937500000e+03
1.320337158203125000e+03
1.457173339843750000e+03
1.016646850585937500e+03
9.330745849609375000e+02
1.443756103515625000e+03
1.583845703125000000e+03
1.130531616210937500e+03
1.077756958007812500e+03
1.477805541992187500e+03
1.446320190429687500e+03
1.068265747070312500e+03
1.052332763671875000e+03
1.318111206054687500e+03
1.506354980468750000e+03
1.196395019531250000e+03
1.047953857421875000e+03
1.279770629882812500e+03
1.606149536132812500e+03
1.283535522460937500e+03
1.112531982421875000e+03
1.277714843750000000e+03
1.503343139648437500e+03
1.221816162109375000e+03
1.016101928710937500e+03
1.090218383789062500e+03
1.298472900390625000e+03
1.282458618164062500e+03
1.097077392578125000e+03
8.969185180664062500e+02
8.624934692382812500e+02
1.285927856445312500e+03
1.615514526367187500e+03
1.108625366210937500e+03
9.895449218750000000e+02
1.696533691406250000e+03
1.529488769531250000e+03
1.037293334960937500e+03
1.180886596679687500e+03
1.679176147460937500e+03
1.223795654296875000e+03
9.805381469726562500e+02
1.236359252929687500e+03
1.562243164062500000e+03
1.275798706054687500e+03
9.897882690429687500e+02
1.196389526367187500e+03
1.685064941406250000e+03
1.246494262695312500e+03
1.116223876953125000e+03
1.668015258789062500e+03
1.430601928710937500e+03
1.052165405273437500e+03
1.207330444335937500e+03
1.515055664062500000e+03
1.236523437500000000e+03
1.028770996093750000e+03
1.021061218261718750e+03
1.408767822265625000e+03
1.418808349609375000e+03
1.047318969726562500e+03
1.071423828125000000e+03
1.458385986328125000e+03
1.416009033203125000e+03
1.081601440429687500e+03
1.099937255859375000e+03
1.389652709960937500e+03
1.295467407226562500e+03
1.084289062500000000e+03
9.665842285156250000e+02
1.091285034179687500e+03
1.410533813476562500e+03
1.246421875000000000e+03
1.023568969726562500e+03
9.309580078125000000e+02
1.279275512695312500e+03
1.645021850585937500e+03
1.147243286132812500e+03
1.071017456054687500e+03
1.558160644531250000e+03
1.383652221679687500e+03
1.049006958007812500e+03
9.725411376953125000e+02
1.236439697265625000e+03
1.553391479492187500e+03
1.238677246093750000e+03
9.769064941406250000e+02
1.209079345703125000e+03
1.642139282226562500e+03
1.219778442382812500e+03
1.016681884765625000e+03
1.357021362304687500e+03
1.493313110351562500e+03
1.092413574218750000e+03
9.480578002929687500e+02
1.214447509765625000e+03
1.523927124023437500e+03
1.167496093750000000e+03
9.800412597656250000e+02
1.122085449218750000e+03
1.465833374023437500e+03
1.270919677734375000e+03
9.698192138671875000e+02
1.004886230468750000e+03
1.426956176757812500e+03
1.390518920898437500e+03
1.014245971679687500e+03
9.550748291015625000e+02
1.289077514648437500e+03
1.632593017578125000e+03
1.178829711914062500e+03
1.020423095703125000e+03
1.653546508789062500e+03
1.492615356445312500e+03
1.024119262695312500e+03
1.096722534179687500e+03
1.597610839843750000e+03
1.320758789062500000e+03
9.668241577148437500e+02
1.030698608398437500e+03
1.466622802734375000e+03
1.472295166015625000e+03
1.052207275390625000e+03
1.103069458007812500e+03
1.590402954101562500e+03
1.300247192382812500e+03
1.052613159179687500e+03
1.303531860351562500e+03
1.494634033203125000e+03
1.160282836914062500e+03
1.010976074218750000e+03
1.127858764648437500e+03
1.514949462890625000e+03
1.272095947265625000e+03
1.003625549316406250e+03
1.102603881835937500e+03
1.520355468750000000e+03
1.292364379882812500e+03
9.747474365234375000e+02
9.532575073242187500e+02
1.289386474609375000e+03
1.559206542968750000e+03
1.172797607421875000e+03
1.013412048339843750e+03
1.375982177734375000e+03
1.566968627929687500e+03
1.124362670898437500e+03
9.842372436523437500e+02
1.428395507812500000e+03
1.562941528320312500e+03
1.105608276367187500e+03
1.021360046386718750e+03
1.401134277343750000e+03
1.447174804687500000e+03
1.074014160156250000e+03
9.901497192382812500e+02
1.060517456054687500e+03
1.504289184570312500e+03
1.358207519531250000e+03
1.040946289062500000e+03
1.292628906250000000e+03
1.523443847656250000e+03
1.138854003906250000e+03
9.643613891601562500e+02
1.064172485351562500e+03
1.330711914062500000e+03
1.326661132812500000e+03
1.054295410156250000e+03
8.855357666015625000e+02
9.963663330078125000e+02
1.406216430664062500e+03
1.340274291992187500e+03
9.781230468750000000e+02
9.486358032226562500e+02
1.485989257812500000e+03
1.458346801757812500e+03
1.030231933593750000e+03
1.142394409179687500e+03
1.658470092773437500e+03
1.318198364257812500e+03
1.035569335937500000e+03
1.389691772460937500e+03
1.493607543945312500e+03
1.079203369140625000e+03
9.669243774414062500e+02
1.251630004882812500e+03
1.441406372070312500e+03
1.081828002929687500e+03
9.702073974609375000e+02
1.105791870117187500e+03
1.382591674804687500e+03
1.329398193359375000e+03
9.721448974609375000e+02
9.004147338867187500e+02
1.239527709960937500e+03
1.540283813476562500e+03
1.141539672851562500e+03
9.688334350585937500e+02
1.204577514648437500e+03
1.735040649414062500e+03
1.225309570312500000e+03
1.088518066406250000e+03
1.609533813476562500e+03
1.449396362304687500e+03
9.822432250976562500e+02
1.089994873046875000e+03
1.627213867187500000e+03
1.298369873046875000e+03
9.685847167968750000e+02
1.218431152343750000e+03
1.629080932617187500e+03
1.247360107421875000e+03
1.035867187500000000e+03
1.615335937500000000e+03
1.456211669921875000e+03
1.059413696289062500e+03
1.253713623046875000e+03
1.598274291992187500e+03
1.259499023437500000e+03
1.013388427734375000e+03
1.192292846679687500e+03
1.550897949218750000e+03
1.373756469726562500e+03
1.073670654296875000e+03
1.180642578125000000e+03
1.480049926757812500e+03
1.332116333007812500e+03
1.048428955078125000e+03
1.065377075195312500e+03
1.435359497070312500e+03
1.393741943359375000e+03
1.039842041015625000e+03
1.038928955078125000e+03
1.491071289062500000e+03
1.432217285156250000e+03
9.986218872070312500e+02
1.046128784179687500e+03
1.613813476562500000e+03
1.362436035156250000e+03
9.630650634765625000e+02
1.325207275390625000e+03
1.683847290039062500e+03
1.167657714843750000e+03
1.035142211914062500e+03
1.520556030273437500e+03
1.485202148437500000e+03
1.093922119140625000e+03
1.074181762695312500e+03
1.460934448242187500e+03
1.416889160156250000e+03
1.070074951171875000e+03
1.108061889648437500e+03
1.483614501953125000e+03
1.327111938476562500e+03
1.028119262695312500e+03
9.936229248046875000e+02
1.298046386718750000e+03
1.470109130859375000e+03
1.092970214843750000e+03
1.003790893554687500e+03
1.225132202148437500e+03
1.440047485351562500e+03
1.232669189453125000e+03
9.504640502929687500e+02
9.755957641601562500e+02
1.369254882812500000e+03
1.475960327148437500e+03
1.088724853515625000e+03
1.008056579589843750e+03
1.459596801757812500e+03
1.428003295898437500e+03
1.064845947265625000e+03
1.008343994140625000e+03
1.340023071289062500e+03
1.416301025390625000e+03
1.067380126953125000e+03
9.450734252929687500e+02
1.053666992187500000e+03
1.380243774414062500e+03
1.283042114257812500e+03
9.702340087890625000e+02
9.194368896484375000e+02
1.226253540039062500e+03
1.542808837890625000e+03
1.149071777343750000e+03
9.368609619140625000e+02
1.184328247070312500e+03
1.619659301757812500e+03
1.206627685546875000e+03
9.960100708007812500e+02
1.203272827148437500e+03
1.611385375976562500e+03
1.221799438476562500e+03
1.022180297851562500e+03
1.415201782226562500e+03
1.468056640625000000e+03
1.103589843750000000e+03
1.008452331542968750e+03
1.268713623046875000e+03
1.426351928710937500e+03
1.092376831054687500e+03
9.436657104492187500e+02
1.025310546875000000e+03
1.324819946289062500e+03
1.334477172851562500e+03
9.878690795898437500e+02
8.713113403320312500e+02
1.244775024414062500e+03
1.631731689453125000e+03
1.164839599609375000e+03
1.086782958984375000e+03
1.520710937500000000e+03
1.430618530273437500e+03
9.915759887695312500e+02
1.013337097167968750e+03
1.414105834960937500e+03
1.406013427734375000e+03
1.023998962402343750e+03
9.439370117187500000e+02
1.094017456054687500e+03
1.461796630859375000e+03
1.173019531250000000e+03
9.424522094726562500e+02
8.829372558593750000e+02
1.029306152343750000e+03
1.393076782226562500e+03
1.206743286132812500e+03
9.460118408203125000e+02
8.446702270507812500e+02
9.750342407226562500e+02
1.600126708984375000e+03
1.295753173828125000e+03
9.313512573242187500e+02
1.219567382812500000e+03
1.695430541992187500e+03
1.179012207031250000e+03
9.920313110351562500e+02
1.637142700195312500e+03
1.526359619140625000e+03
1.023003906250000000e+03
1.285106689453125000e+03
1.640276000976562500e+03
1.196835693359375000e+03
9.944404296875000000e+02
1.410173828125000000e+03
1.526756103515625000e+03
1.160234130859375000e+03
1.085215942382812500e+03
1.486124145507812500e+03
1.420337280273437500e+03
1.062144042968750000e+03
1.088274291992187500e+03
1.407820678710937500e+03
1.398180664062500000e+03
1.053068847656250000e+03
9.881729125976562500e+02
1.330647094726562500e+03
1.492797851562500000e+03
1.128915527343750000e+03
1.020075683593750000e+03
1.223502929687500000e+03
1.471810668945312500e+03
1.201399780273437500e+03
1.026656860351562500e+03
1.162253295898437500e+03
1.479387939453125000e+03
1.255461059570312500e+03
1.013351379394531250e+03
1.030571411132812500e+03
1.449842163085937500e+03
1.468908813476562500e+03
1.064961303710937500e+03
1.103676391601562500e+03
1.550058959960937500e+03
1.278915039062500000e+03
1.013676391601562500e+03
9.245538940429687500e+02
1.172347290039062500e+03
1.558741943359375000e+03
1.139559326171875000e+03
1.007726501464843750e+03
1.298407470703125000e+03
1.483907470703125000e+03
1.124897460937500000e+03
9.602963256835937500e+02
9.810631713867187500e+02
1.393903198242187500e+03
1.487401855468750000e+03
1.059204345703125000e+03
1.157200561523437500e+03
1.489502319335937500e+03
1.199817749023437500e+03
9.627123413085937500e+02
9.528709716796875000e+02
1.073709228515625000e+03
1.316755371093750000e+03
1.243516113281250000e+03
9.435245971679687500e+02
8.555153198242187500e+02
1.124371093750000000e+03
1.643863037109375000e+03
1.259036376953125000e+03
1.027388793945312500e+03
1.484320434570312500e+03
1.498675170898437500e+03
1.004315246582031250e+03
8.868688354492187500e+02
1.150167114257812500e+03
1.537036010742187500e+03
1.225729248046875000e+03
9.081710815429687500e+02
1.094064819335937500e+03
1.656988525390625000e+03
1.202082275390625000e+03
9.797888183593750000e+02
1.312591064453125000e+03
1.507954467773437500e+03
1.134130615234375000e+03
9.253558349609375000e+02
1.163159301757812500e+03
1.753610595703125000e+03
1.227940551757812500e+03
1.133263427734375000e+03
1.660524291992187500e+03
1.367257934570312500e+03
9.647815551757812500e+02
1.282250854492187500e+03
1.532034667968750000e+03
1.053054443359375000e+03
9.636691284179687500e+02
1.188420043945312500e+03
1.528097290039062500e+03
1.167405517578125000e+03
9.757644653320312500e+02
1.322051879882812500e+03
1.480046020507812500e+03
1.114382446289062500e+03
9.831021728515625000e+02
1.227072998046875000e+03
1.532676269531250000e+03
1.141072509765625000e+03
1.032362548828125000e+03
1.246932128906250000e+03
1.398925659179687500e+03
1.144362426757812500e+03
9.462446289062500000e+02
1.128821289062500000e+03
1.634714355468750000e+03
1.223845336914062500e+03
1.023946899414062500e+03
1.445696655273437500e+03
1.530768676757812500e+03
1.078524291992187500e+03
1.053630615234375000e+03
1.393515625000000000e+03
1.466238769531250000e+03
1.006009338378906250e+03
1.045386718750000000e+03
1.524052856445312500e+03
1.225429687500000000e+03
9.819578857421875000e+02
9.304484863281250000e+02
1.246898559570312500e+03
1.520491455078125000e+03
1.090119628906250000e+03
1.059164794921875000e+03
1.472853271484375000e+03
1.404295654296875000e+03
1.024984619140625000e+03
9.758195800781250000e+02
1.355534423828125000e+03
1.415477294921875000e+03
1.052322387695312500e+03
9.563727416992187500e+02
1.025396850585937500e+03
1.467072265625000000e+03
1.324745117187500000e+03
1.024735595703125000e+03
1.023452575683593750e+03
1.401826782226562500e+03
1.442627319335937500e+03
1.056847900390625000e+03
1.081284790039062500e+03
1.311464843750000000e+03
1.330621459960937500e+03
1.040296264648437500e+03
8.988378906250000000e+02
9.287504272460937500e+02
1.233549194335937500e+03
1.463341796875000000e+03
1.067747192382812500e+03
9.057365112304687500e+02
1.174390136718750000e+03
1.683817626953125000e+03
1.223301513671875000e+03
1.053737304687500000e+03
1.518132446289062500e+03
1.395393310546875000e+03
9.386683349609375000e+02
9.872988891601562500e+02
1.401178344726562500e+03
1.355778320312500000e+03
9.478367309570312500e+02
9.006897583007812500e+02
1.174314575195312500e+03
1.562454101562500000e+03
1.149429931640625000e+03
9.546636352539062500e+02
1.470567871093750000e+03
1.414763671875000000e+03
1.013284729003906250e+03
9.646055908203125000e+02
1.156393310546875000e+03
1.592792480468750000e+03
1.183793701171875000e+03
9.950538330078125000e+02
1.399067260742187500e+03
1.348148071289062500e+03
1.075066040039062500e+03
9.297562255859375000e+02
9.318009033203125000e+02
1.245701538085937500e+03
1.333529296875000000e+03
1.093983398437500000e+03
8.958399047851562500e+02
1.010768066406250000e+03
1.442604003906250000e+03
1.265478515625000000e+03
9.588413085937500000e+02
1.005907958984375000e+03
1.432325195312500000e+03
1.401629272460937500e+03
9.873502197265625000e+02
1.025432617187500000e+03
1.335625610351562500e+03
1.392117675781250000e+03
1.094555175781250000e+03
8.695757446289062500e+02
9.047319946289062500e+02
1.403886108398437500e+03
1.509670654296875000e+03
1.074839111328125000e+03
1.126925903320312500e+03
1.686736206054687500e+03
1.284507446289062500e+03
9.733973999023437500e+02
1.429565429687500000e+03
1.547570190429687500e+03
1.062673095703125000e+03
1.011420959472656250e+03
1.373051269531250000e+03
1.345438842773437500e+03
1.056570800781250000e+03
9.170036010742187500e+02
9.407819213867187500e+02
1.345991088867187500e+03
1.372184692382812500e+03
1.009978576660156250e+03
1.024569091796875000e+03
1.575064453125000000e+03
1.408291992187500000e+03
1.010721069335937500e+03
1.340084960937500000e+03
1.736281616210937500e+03
1.167094604492187500e+03
1.109908691406250000e+03
1.758367431640625000e+03
1.332922607421875000e+03
1.032726440429687500e+03
1.510439941406250000e+03
1.623034301757812500e+03
1.146597412109375000e+03
1.195172607421875000e+03
1.628344116210937500e+03
1.269343017578125000e+03
1.011341979980468750e+03
1.253337524414062500e+03
1.675915283203125000e+03
1.229669433593750000e+03
1.050574462890625000e+03
1.471623779296875000e+03
1.541112792968750000e+03
1.186533203125000000e+03
1.068869873046875000e+03
1.446177001953125000e+03
1.401909667968750000e+03
9.978930664062500000e+02
1.047884643554687500e+03
1.381575927734375000e+03
1.280527709960937500e+03
9.956176757812500000e+02
8.992142333984375000e+02
1.140754272460937500e+03
1.520325683593750000e+03
1.165293701171875000e+03
1.004780090332031250e+03
1.346197875976562500e+03
1.501865112304687500e+03
1.151548706054687500e+03
9.629828491210937500e+02
1.193851318359375000e+03
1.592657470703125000e+03
1.155402465820312500e+03
9.790145874023437500e+02
1.358795776367187500e+03
1.540579101562500000e+03
1.074146240234375000e+03
1.025058227539062500e+03
1.301704101562500000e+03
1.311071533203125000e+03
1.081870849609375000e+03
9.064968872070312500e+02
8.487359008789062500e+02
1.143539794921875000e+03
1.520093261718750000e+03
1.089654663085937500e+03
9.297216796875000000e+02
1.502475341796875000e+03
1.435350463867187500e+03
1.011282958984375000e+03
1.013994262695312500e+03
1.292762939453125000e+03
1.422163818359375000e+03
1.072302856445312500e+03
8.785773925781250000e+02
1.032866088867187500e+03
1.517939208984375000e+03
1.314296020507812500e+03
9.608787231445312500e+02
1.019160339355468750e+03
1.624341674804687500e+03
1.311606201171875000e+03
9.793666381835937500e+02
1.247826904296875000e+03
1.576042602539062500e+03
1.079943725585937500e+03
9.425021362304687500e+02
1.317779907226562500e+03
1.372417114257812500e+03
1.118562500000000000e+03
8.762002563476562500e+02
9.166600952148437500e+02
1.191085327148437500e+03
1.337062255859375000e+03
1.126687377929687500e+03
8.833214721679687500e+02
7.771948852539062500e+02
1.212539184570312500e+03
1.635627319335937500e+03
1.035715454101562500e+03
1.084518554687500000e+03
1.553012817382812500e+03
1.263031616210937500e+03
9.110420532226562500e+02
9.417246704101562500e+02
1.232641357421875000e+03
1.402911987304687500e+03
1.019848388671875000e+03
8.335504150390625000e+02
1.043955566406250000e+03
1.723655273437500000e+03
1.272232299804687500e+03
1.053093017578125000e+03
1.604513305664062500e+03
1.493991210937500000e+03
9.681914672851562500e+02
1.042074584960937500e+03
1.332597290039062500e+03
1.378677612304687500e+03
1.052857177734375000e+03
8.847343139648437500e+02
1.117606445312500000e+03
1.541309326171875000e+03
1.193935913085937500e+03
9.909758300781250000e+02
1.295530517578125000e+03
1.525748779296875000e+03
1.129333007812500000e+03
9.793273925781250000e+02
1.326145751953125000e+03
1.504767700195312500e+03
1.033317016601562500e+03
9.126896362304687500e+02
1.181916259765625000e+03
1.554423828125000000e+03
1.120301269531250000e+03
8.754712524414062500e+02
1.190059936523437500e+03
1.642451538085937500e+03
1.113969360351562500e+03
1.049453735351562500e+03
1.582924438476562500e+03
1.334493041992187500e+03
9.503126831054687500e+02
1.135405029296875000e+03
1.572115844726562500e+03
1.246978271484375000e+03
9.827324218750000000e+02
1.374749877929687500e+03
1.532495117187500000e+03
1.082943725585937500e+03
9.839219360351562500e+02
1.345559326171875000e+03
1.456364013671875000e+03
1.118899780273437500e+03
9.374240112304687500e+02
1.210162963867187500e+03
1.394405029296875000e+03
1.085517333984375000e+03
9.293742675781250000e+02
1.054229492187500000e+03
1.239349731445312500e+03
1.215554687500000000e+03
9.991602172851562500e+02
8.357362670898437500e+02
7.206904296875000000e+02
7.346528320312500000e+02
8.297171020507812500e+02
1.095471923828125000e+03
1.495209350585937500e+03
9.904223022460937500e+02
7.208079223632812500e+02
1.054813964843750000e+03
1.875866088867187500e+03
1.088029418945312500e+03
1.179098266601562500e+03
2.008722290039062500e+03
1.157878540039062500e+03
1.264937133789062500e+03
2.293604492187500000e+03
1.335561157226562500e+03
1.831294433593750000e+03
2.078788818359375000e+03
1.318041748046875000e+03
1.429587768554687500e+03
2.386378173828125000e+03
1.433405517578125000e+03
1.826398193359375000e+03
2.121658447265625000e+03
1.381457763671875000e+03
1.418972656250000000e+03
2.119739257812500000e+03
1.492265625000000000e+03
1.574832641601562500e+03
1.870819824218750000e+03
1.386286987304687500e+03
1.481019287109375000e+03
1.786031494140625000e+03
1.285363037109375000e+03
1.268104370117187500e+03
1.757819458007812500e+03
1.252345336914062500e+03
1.138003295898437500e+03
1.466703979492187500e+03
1.369158935546875000e+03
1.074803466796875000e+03
1.019892761230468750e+03
1.233888427734375000e+03
1.223213134765625000e+03
9.945319213867187500e+02
8.831138305664062500e+02
8.780542602539062500e+02
1.077002929687500000e+03
1.331603759765625000e+03
1.173739379882812500e+03
8.548502197265625000e+02
8.699021606445312500e+02
1.200091918945312500e+03
1.440897460937500000e+03
1.066431030273437500e+03
8.834482421875000000e+02
1.135758056640625000e+03
1.555997436523437500e+03
1.157358398437500000e+03
9.110782470703125000e+02
1.295339721679687500e+03
1.553035522460937500e+03
1.069592773437500000e+03
9.533223266601562500e+02
1.434581787109375000e+03
1.430408813476562500e+03
9.896084594726562500e+02
9.937561645507812500e+02
1.438164184570312500e+03
1.308069458007812500e+03
9.658928833007812500e+02
9.492303466796875000e+02
1.328483764648437500e+03
1.425779541015625000e+03
1.001895812988281250e+03
9.864224243164062500e+02
1.310760375976562500e+03
1.294735961914062500e+03
1.066357910156250000e+03
8.517706298828125000e+02
8.609713134765625000e+02
1.265314575195312500e+03
1.344075927734375000e+03
9.543797607421875000e+02
8.730634155273437500e+02
1.161413940429687500e+03
1.534135986328125000e+03
1.162657226562500000e+03
9.303535156250000000e+02
1.426499511718750000e+03
1.447360351562500000e+03
9.790589599609375000e+02
9.116225585937500000e+02
1.373584228515625000e+03
1.340778930664062500e+03
9.373187255859375000e+02
8.756047973632812500e+02
1.115968994140625000e+03
1.496424804687500000e+03
1.149782104492187500e+03
9.036354370117187500e+02
1.193026977539062500e+03
1.630206665039062500e+03
1.183673217773437500e+03
1.028666381835937500e+03
1.629460449218750000e+03
1.453439697265625000e+03
1.064983154296875000e+03
1.247939941406250000e+03
1.587511596679687500e+03
1.220702270507812500e+03
1.045865356445312500e+03
1.359968994140625000e+03
1.431308837890625000e+03
1.044489746093750000e+03
1.032070434570312500e+03
1.315812988281250000e+03
1.270789184570312500e+03
9.917387695312500000e+02
8.630027465820312500e+02
1.042913940429687500e+03
1.357283325195312500e+03
1.152674682617187500e+03
9.038049926757812500e+02
8.192687988281250000e+02
1.042575805664062500e+03
1.521926025390625000e+03
1.138690795898437500e+03
9.103903808593750000e+02
1.308579101562500000e+03
1.591182861328125000e+03
1.101526245117187500e+03
9.318519897460937500e+02
1.503544433593750000e+03
1.473124023437500000e+03
9.770039672851562500e+02
1.039889038085937500e+03
1.542283203125000000e+03
1.203616210937500000e+03
8.987752685546875000e+02
1.099028442382812500e+03
1.535996093750000000e+03
1.176394775390625000e+03
9.382185058593750000e+02
1.252853759765625000e+03
1.523521362304687500e+03
1.088278198242187500e+03
9.458052368164062500e+02
1.279381835937500000e+03
1.514212524414062500e+03
1.160605957031250000e+03
9.489207153320312500e+02
1.294603027343750000e+03
1.626017700195312500e+03
1.062928833007812500e+03
1.100705444335937500e+03
1.609435424804687500e+03
1.192344848632812500e+03
8.996109619140625000e+02
1.198481201171875000e+03
1.451405517578125000e+03
1.099945434570312500e+03
9.434934692382812500e+02
1.108737182617187500e+03
1.435709472656250000e+03
1.202060791015625000e+03
9.633999633789062500e+02
1.095130004882812500e+03
1.353086547851562500e+03
1.236593139648437500e+03
9.495563964843750000e+02
9.299334106445312500e+02
1.295372924804687500e+03
1.271150268554687500e+03
9.817130126953125000e+02
9.236583251953125000e+02
1.048018066406250000e+03
1.418977294921875000e+03
1.198203735351562500e+03
9.384036865234375000e+02
1.121385864257812500e+03
1.488650634765625000e+03
1.225484130859375000e+03
9.535827636718750000e+02
1.183416015625000000e+03
1.542122192382812500e+03
1.099863281250000000e+03
9.569575805664062500e+02
1.182198852539062500e+03
1.441129760742187500e+03
1.165448242187500000e+03
8.904870605468750000e+02
1.123802856445312500e+03
1.543796020507812500e+03
1.104776367187500000e+03
9.431557617187500000e+02
1.193766845703125000e+03
1.453743652343750000e+03
1.142090698242187500e+03
9.631855468750000000e+02
1.200385253906250000e+03
1.457136108398437500e+03
1.115668457031250000e+03
9.520912475585937500e+02
1.046540283203125000e+03
1.359322021484375000e+03
1.241879638671875000e+03
9.695379638671875000e+02
9.224724121093750000e+02
1.257929687500000000e+03
1.384136840820312500e+03
1.027000976562500000e+03
1.034366210937500000e+03
1.274469970703125000e+03
1.197571289062500000e+03
1.026711425781250000e+03
8.723374023437500000e+02
7.790837402343750000e+02
7.990746459960937500e+02
1.083371826171875000e+03
1.356937500000000000e+03
1.000722229003906250e+03
7.753143310546875000e+02
9.117244262695312500e+02
1.665726318359375000e+03
1.272102294921875000e+03
9.688638305664062500e+02
1.604165039062500000e+03
1.375939086914062500e+03
8.678693847656250000e+02
1.146337646484375000e+03
1.636432983398437500e+03
1.049866455078125000e+03
9.731738281250000000e+02
1.574717651367187500e+03
1.327492675781250000e+03
9.729727172851562500e+02
1.117513671875000000e+03
1.490459106445312500e+03
1.178826782226562500e+03
9.469163818359375000e+02
1.231222045898437500e+03
1.451936523437500000e+03
1.089782104492187500e+03
9.786626586914062500e+02
1.290323852539062500e+03
1.335177124023437500e+03
1.027192260742187500e+03
9.671243896484375000e+02
1.014964721679687500e+03
1.221613891601562500e+03
1.361147216796875000e+03
1.024773925781250000e+03
9.134288940429687500e+02
1.389664428710937500e+03
1.456679931640625000e+03
1.018965209960937500e+03
1.064676025390625000e+03
1.546990966796875000e+03
1.237528686523437500e+03
9.218661499023437500e+02
1.249484741210937500e+03
1.622523437500000000e+03
1.119322631835937500e+03
1.016906555175781250e+03
1.438469482421875000e+03
1.369720703125000000e+03
9.802474365234375000e+02
9.679404907226562500e+02
1.414335205078125000e+03
1.419915161132812500e+03
1.003921569824218750e+03
1.077020263671875000e+03
1.517095947265625000e+03
1.240360839843750000e+03
9.926941528320312500e+02
1.175721313476562500e+03
1.454963500976562500e+03
1.189525268554687500e+03
9.402369995117187500e+02
1.156161132812500000e+03
1.488941650390625000e+03
1.136624389648437500e+03
9.419692993164062500e+02
1.134856201171875000e+03
1.541659667968750000e+03
1.194695312500000000e+03
9.969770507812500000e+02
1.365410156250000000e+03
1.442960449218750000e+03
1.006211975097656250e+03
9.181157226562500000e+02
1.134347656250000000e+03
1.462265258789062500e+03
1.196459472656250000e+03
8.914635620117187500e+02
1.083176879882812500e+03
1.437148681640625000e+03
1.224904052734375000e+03
9.307258911132812500e+02
9.364334106445312500e+02
1.372721801757812500e+03
1.420526611328125000e+03
9.722028198242187500e+02
1.166203857421875000e+03
1.583515869140625000e+03
1.113394531250000000e+03
8.880490722656250000e+02
1.381515502929687500e+03
1.479897827148437500e+03
9.888120727539062500e+02
9.742203979492187500e+02
1.429788940429687500e+03
1.399752807617187500e+03
9.779645996093750000e+02
1.038898193359375000e+03
1.521997192382812500e+03
1.208094360351562500e+03
8.971295166015625000e+02
9.793734130859375000e+02
1.397822265625000000e+03
1.316283691406250000e+03
8.957879638671875000e+02
1.073222167968750000e+03
1.460969970703125000e+03
1.126390991210937500e+03
9.245499877929687500e+02
9.910420532226562500e+02
1.337768432617187500e+03
1.278674926757812500e+03
9.587953491210937500e+02
8.588505859375000000e+02
1.178069580078125000e+03
1.487695800781250000e+03
1.122582031250000000e+03
9.526098022460937500e+02
1.282410400390625000e+03
1.427393188476562500e+03
1.084657592773437500e+03
9.377044677734375000e+02
1.173448852539062500e+03
1.541984863281250000e+03
1.108596191406250000e+03
9.489078369140625000e+02
1.418809692382812500e+03
1.390710693359375000e+03
9.772683105468750000e+02
1.056323974609375000e+03
1.407886596679687500e+03
1.187163818359375000e+03
9.795034179687500000e+02
9.409028320312500000e+02
1.147678100585937500e+03
1.325870361328125000e+03
1.036854248046875000e+03
8.868272705078125000e+02
1.022321228027343750e+03
1.356240112304687500e+03
1.152979614257812500e+03
8.706990966796875000e+02
1.002062377929687500e+03
1.421793945312500000e+03
1.312099853515625000e+03
9.205220947265625000e+02
1.058005981445312500e+03
1.515873657226562500e+03
1.204530395507812500e+03
8.551109008789062500e+02
1.020662475585937500e+03
1.431380981445312500e+03
1.207118041992187500e+03
8.682214965820312500e+02
8.568495483398437500e+02
1.305311523437500000e+03
1.442299682617187500e+03
9.889443359375000000e+02
9.653742675781250000e+02
1.491760498046875000e+03
1.315343994140625000e+03
9.265901489257812500e+02
9.793332519531250000e+02
1.525098144531250000e+03
1.256364868164062500e+03
9.110843505859375000e+02
1.303290161132812500e+03
1.570468139648437500e+03
9.988518066406250000e+02
1.062977905273437500e+03
1.432315185546875000e+03
1.197092285156250000e+03
9.038139648437500000e+02
9.385011596679687500e+02
1.175355834960937500e+03
1.361210449218750000e+03
1.043107666015625000e+03
8.504547119140625000e+02
9.066740112304687500e+02
1.435585327148437500e+03
1.355907348632812500e+03
9.777545166015625000e+02
1.239102539062500000e+03
1.519243774414062500e+03
1.029348876953125000e+03
9.366174926757812500e+02
1.218737548828125000e+03
1.241314941406250000e+03
9.549553222656250000e+02
8.342197265625000000e+02
8.082613525390625000e+02
1.036320800781250000e+03
1.396809692382812500e+03
1.070963012695312500e+03
8.189338989257812500e+02
9.791912231445312500e+02
1.578773803710937500e+03
1.220185180664062500e+03
9.128453369140625000e+02
1.426855346679687500e+03
1.497472778320312500e+03
9.694233398437500000e+02
9.002794799804687500e+02
1.345992431640625000e+03
1.424764526367187500e+03
9.956746826171875000e+02
8.994467163085937500e+02
1.412215332031250000e+03
1.422095825195312500e+03
9.948214111328125000e+02
1.017245666503906250e+03
1.298539794921875000e+03
1.382616943359375000e+03
1.039307128906250000e+03
9.336802978515625000e+02
1.341793457031250000e+03
1.334174072265625000e+03
9.525374145507812500e+02
8.793793334960937500e+02
1.296129882812500000e+03
1.507935302734375000e+03
1.038168945312500000e+03
1.019962463378906250e+03
1.522317626953125000e+03
1.226832519531250000e+03
9.095923461914062500e+02
9.545283203125000000e+02
1.380258178710937500e+03
1.395713745117187500e+03
9.935175781250000000e+02
1.080714355468750000e+03
1.413210205078125000e+03
1.157066040039062500e+03
9.240698852539062500e+02
9.069127197265625000e+02
1.074787109375000000e+03
1.424387329101562500e+03
1.140584228515625000e+03
8.914306640625000000e+02
1.050109130859375000e+03
1.586613769531250000e+03
1.278430297851562500e+03
9.911079101562500000e+02
1.358762084960937500e+03
1.534509521484375000e+03
9.977623291015625000e+02
8.936159667968750000e+02
1.240520874023437500e+03
1.441725097656250000e+03
1.053611328125000000e+03
8.533430175781250000e+02
9.759573364257812500e+02
1.435592529296875000e+03
1.224069824218750000e+03
8.963807373046875000e+02
1.025789794921875000e+03
1.561480590820312500e+03
1.202145141601562500e+03
9.283708496093750000e+02
1.373396728515625000e+03
1.434593139648437500e+03
1.036980346679687500e+03
8.900020751953125000e+02
1.220654296875000000e+03
1.424284667968750000e+03
1.110768798828125000e+03
9.385345458984375000e+02
1.205172363281250000e+03
1.485672485351562500e+03
1.082381469726562500e+03
9.398560791015625000e+02
1.299334472656250000e+03
1.542872192382812500e+03
1.088342651367187500e+03
9.277236328125000000e+02
1.396392333984375000e+03
1.481556274414062500e+03
1.038851440429687500e+03
9.763501586914062500e+02
1.449863769531250000e+03
1.316318481445312500e+03
9.778624267578125000e+02
1.148193725585937500e+03
1.536722656250000000e+03
1.180822265625000000e+03
9.875202636718750000e+02
1.359141113281250000e+03
1.520997314453125000e+03
1.055433715820312500e+03
9.981418457031250000e+02
1.494285278320312500e+03
1.387170776367187500e+03
9.839040527343750000e+02
9.594293823242187500e+02
1.365656860351562500e+03
1.468744140625000000e+03
1.018264343261718750e+03
1.074526245117187500e+03
1.494346923828125000e+03
1.200722534179687500e+03
9.844438476562500000e+02
1.204197387695312500e+03
1.437195312500000000e+03
1.137997924804687500e+03
9.427954711914062500e+02
1.270589111328125000e+03
1.417229614257812500e+03
1.059322631835937500e+03
9.014588012695312500e+02
1.265661865234375000e+03
1.393301269531250000e+03
1.027629150390625000e+03
9.375256347656250000e+02
1.252436767578125000e+03
1.425153686523437500e+03
9.955219726562500000e+02
9.065628051757812500e+02
1.351286987304687500e+03
1.420927490234375000e+03
9.865313110351562500e+02
9.575281372070312500e+02
1.536164428710937500e+03
1.306421264648437500e+03
9.107762451171875000e+02
9.709996337890625000e+02
1.494574829101562500e+03
1.278893432617187500e+03
8.869335937500000000e+02
1.087543457031250000e+03
1.457725463867187500e+03
1.148501953125000000e+03
8.787634277343750000e+02
1.069557373046875000e+03
1.558173828125000000e+03
1.137280273437500000e+03
9.328440551757812500e+02
1.405394165039062500e+03
1.418537963867187500e+03
9.764771728515625000e+02
9.537710571289062500e+02
1.282846679687500000e+03
1.432905639648437500e+03
9.996887207031250000e+02
9.614867553710937500e+02
1.324042358398437500e+03
1.321070556640625000e+03
9.531146850585937500e+02
8.831724243164062500e+02
1.208331787109375000e+03
1.454181274414062500e+03
1.014924743652343750e+03
8.814986572265625000e+02
1.324007080078125000e+03
1.477610595703125000e+03
1.007872558593750000e+03
9.762333374023437500e+02
1.437814208984375000e+03
1.324289428710937500e+03
9.296640014648437500e+02
1.050147827148437500e+03
1.463356689453125000e+03
1.217408569335937500e+03
9.009233398437500000e+02
1.010832153320312500e+03
1.405353149414062500e+03
1.184959106445312500e+03
9.118273315429687500e+02
9.718925170898437500e+02
1.477129028320312500e+03
1.312824096679687500e+03
9.953520507812500000e+02
1.195098022460937500e+03
1.556630493164062500e+03
1.140309082031250000e+03
9.368905639648437500e+02
1.424959472656250000e+03
1.381069091796875000e+03
9.651373901367187500e+02
8.675159912109375000e+02
1.108409057617187500e+03
1.482580932617187500e+03
1.081250122070312500e+03
8.966450195312500000e+02
1.225517211914062500e+03
1.437760498046875000e+03
1.052335571289062500e+03
9.098163452148437500e+02
1.221804321289062500e+03
1.502111694335937500e+03
1.068225463867187500e+03
9.362226562500000000e+02
1.340963012695312500e+03
1.441011474609375000e+03
9.944942626953125000e+02
9.558912353515625000e+02
1.404069335937500000e+03
1.232021362304687500e+03
8.955953979492187500e+02
8.832529296875000000e+02
1.346178955078125000e+03
1.322292114257812500e+03
9.026556396484375000e+02
9.779663085937500000e+02
1.487562500000000000e+03
1.155855834960937500e+03
8.445245971679687500e+02
1.120780029296875000e+03
1.553324340820312500e+03
1.111436523437500000e+03
9.094165039062500000e+02
1.404515869140625000e+03
1.467319702148437500e+03
1.017112731933593750e+03
1.040952880859375000e+03
1.564494140625000000e+03
1.231274291992187500e+03
9.065543212890625000e+02
1.232950073242187500e+03
1.614197143554687500e+03
1.128104125976562500e+03
1.101590698242187500e+03
1.606340209960937500e+03
1.210213012695312500e+03
9.248969116210937500e+02
1.198911621093750000e+03
1.454295288085937500e+03
1.128236450195312500e+03
9.076217651367187500e+02
1.145403442382812500e+03
1.505540283203125000e+03
1.090415893554687500e+03
9.438999023437500000e+02
1.377345947265625000e+03
1.405991333007812500e+03
9.507602539062500000e+02
9.415297241210937500e+02
1.203211181640625000e+03
1.411912353515625000e+03
1.148607788085937500e+03
8.480168457031250000e+02
1.013101501464843750e+03
1.673644775390625000e+03
1.156258178710937500e+03
9.485277099609375000e+02
1.531975830078125000e+03
1.486559692382812500e+03
1.042826171875000000e+03
9.958645629882812500e+02
1.718353515625000000e+03
1.298068847656250000e+03
1.092449096679687500e+03
1.608715942382812500e+03
1.328547851562500000e+03
9.502470092773437500e+02
1.186071289062500000e+03
1.398936767578125000e+03
1.030472900390625000e+03
9.056163940429687500e+02
1.065787597656250000e+03
1.268468139648437500e+03
1.143387573242187500e+03
8.443980102539062500e+02
7.659024047851562500e+02
1.011063720703125000e+03
1.460191650390625000e+03
1.100342895507812500e+03
8.410738525390625000e+02
1.101426025390625000e+03
1.531394775390625000e+03
1.085104614257812500e+03
9.021560058593750000e+02
1.336337402343750000e+03
1.415489135742187500e+03
9.674215087890625000e+02
7.915191650390625000e+02
1.281738281250000000e+03
1.609955932617187500e+03
9.742879638671875000e+02
1.077224975585937500e+03
1.903841674804687500e+03
1.113447875976562500e+03
1.157600585937500000e+03
2.134249023437500000e+03
1.208011108398437500e+03
1.169328857421875000e+03
2.057941894531250000e+03
1.280885375976562500e+03
1.206829345703125000e+03
1.896161987304687500e+03
1.244320434570312500e+03
1.213705200195312500e+03
1.671155273437500000e+03
1.191615966796875000e+03
1.035235351562500000e+03
1.250542602539062500e+03
1.350525024414062500e+03
1.081828857421875000e+03
9.378973999023437500e+02
1.157307006835937500e+03
1.236174438476562500e+03
9.903530883789062500e+02
8.943535156250000000e+02
8.460979003906250000e+02
1.173093627929687500e+03
1.327388671875000000e+03
9.192718505859375000e+02
8.741309204101562500e+02
1.283971679687500000e+03
1.391422851562500000e+03
9.457480468750000000e+02
8.910013427734375000e+02
1.326840576171875000e+03
1.368907592773437500e+03
9.795721435546875000e+02
8.860931396484375000e+02
1.420998168945312500e+03
1.370171875000000000e+03
9.490839843750000000e+02
1.063985961914062500e+03
1.491139648437500000e+03
1.183616455078125000e+03
8.906257324218750000e+02
1.164223510742187500e+03
1.498530761718750000e+03
1.043856933593750000e+03
8.711885986328125000e+02
1.227423095703125000e+03
1.593448486328125000e+03
1.091164916992187500e+03
1.015570922851562500e+03
1.438759765625000000e+03
1.377227539062500000e+03
9.891549072265625000e+02
8.684085083007812500e+02
1.290359741210937500e+03
1.570511962890625000e+03
1.072446289062500000e+03
9.487360839843750000e+02
1.566952270507812500e+03
1.423747436523437500e+03
9.617069702148437500e+02
1.072374511718750000e+03
1.564854370117187500e+03
1.089087280273437500e+03
8.610096435546875000e+02
1.336347045898437500e+03
1.538867309570312500e+03
1.005809143066406250e+03
1.025139282226562500e+03
1.493912963867187500e+03
1.227088867187500000e+03
8.479590454101562500e+02
8.971613769531250000e+02
1.322897949218750000e+03
1.265188476562500000e+03
9.180565795898437500e+02
8.094439697265625000e+02
1.073212524414062500e+03
1.516298950195312500e+03
1.065047485351562500e+03
8.991544189453125000e+02
1.324933349609375000e+03
1.510472656250000000e+03
9.905292358398437500e+02
9.710545043945312500e+02
1.602238281250000000e+03
1.244890502929687500e+03
8.859569091796875000e+02
9.924138183593750000e+02
1.421274291992187500e+03
1.214644531250000000e+03
9.154954833984375000e+02
1.138364013671875000e+03
1.457684204101562500e+03
1.108832641601562500e+03
9.081702270507812500e+02
1.233822387695312500e+03
1.338509399414062500e+03
9.757311401367187500e+02
8.681808471679687500e+02
1.191929687500000000e+03
1.377536743164062500e+03
1.001626464843750000e+03
8.892022705078125000e+02
1.157921630859375000e+03
1.471298095703125000e+03
1.097007690429687500e+03
9.539913940429687500e+02
1.354230834960937500e+03
1.357309692382812500e+03
9.384564819335937500e+02
9.151301269531250000e+02
1.302865112304687500e+03
1.367085693359375000e+03
9.486660766601562500e+02
8.909215087890625000e+02
1.412234130859375000e+03
1.189106567382812500e+03
8.585145874023437500e+02
8.737747192382812500e+02
1.254312011718750000e+03
1.328377441406250000e+03
9.291756591796875000e+02
9.573278808593750000e+02
1.337317504882812500e+03
1.167190185546875000e+03
9.271790161132812500e+02
8.540862426757812500e+02
1.311198120117187500e+03
1.383455078125000000e+03
9.287039184570312500e+02
1.138713623046875000e+03
1.407299926757812500e+03
1.080502807617187500e+03
8.500753173828125000e+02
8.264607543945312500e+02
1.202791137695312500e+03
1.334276611328125000e+03
9.239955444335937500e+02
8.521074218750000000e+02
1.222781250000000000e+03
1.290147094726562500e+03
9.876027221679687500e+02
8.320645141601562500e+02
9.644407348632812500e+02
1.509167114257812500e+03
1.197779418945312500e+03
9.049169311523437500e+02
1.262623901367187500e+03
1.527649780273437500e+03
9.683590087890625000e+02
8.484647216796875000e+02
1.325588134765625000e+03
1.463479003906250000e+03
9.231321411132812500e+02
8.895940551757812500e+02
1.490829345703125000e+03
1.323227539062500000e+03
8.861620483398437500e+02
9.934160156250000000e+02
1.542558471679687500e+03
1.194184082031250000e+03
8.973388061523437500e+02
1.282188842773437500e+03
1.539447509765625000e+03
1.028387695312500000e+03
9.476763916015625000e+02
1.496667968750000000e+03
1.309151123046875000e+03
8.885964965820312500e+02
1.158386596679687500e+03
1.489421630859375000e+03
1.083352905273437500e+03
8.996063232421875000e+02
1.257131469726562500e+03
1.430944824218750000e+03
1.043934570312500000e+03
9.086958007812500000e+02
1.325851562500000000e+03
1.414697509765625000e+03
9.879523315429687500e+02
8.773399658203125000e+02
1.293426879882812500e+03
1.541429687500000000e+03
9.929780883789062500e+02
8.761774291992187500e+02
1.389769775390625000e+03
1.443256469726562500e+03
9.506530761718750000e+02
9.110487670898437500e+02
1.396761108398437500e+03
1.249275634765625000e+03
8.773761596679687500e+02
9.105710449218750000e+02
1.327618041992187500e+03
1.274600097656250000e+03
9.185447998046875000e+02
8.815303955078125000e+02
1.299034545898437500e+03
1.322358154296875000e+03
9.157445068359375000e+02
9.067892456054687500e+02
1.433951293945312500e+03
1.255463378906250000e+03
9.533804321289062500e+02
1.166124755859375000e+03
1.387892700195312500e+03
1.050061157226562500e+03
8.630100097656250000e+02
1.109958374023437500e+03
1.394707031250000000e+03
1.042432006835937500e+03
8.734099121093750000e+02
1.127359863281250000e+03
1.436335205078125000e+03
1.042786987304687500e+03
8.727691650390625000e+02
1.219052978515625000e+03
1.511788818359375000e+03
1.011259155273437500e+03
8.470822143554687500e+02
1.362009277343750000e+03
1.544380981445312500e+03
1.028385864257812500e+03
1.056381713867187500e+03
1.672879150390625000e+03
1.137074096679687500e+03
9.180406494140625000e+02
1.390099853515625000e+03
1.350199951171875000e+03
9.399847412109375000e+02
8.388684082031250000e+02
1.207899169921875000e+03
1.408041625976562500e+03
9.545629882812500000e+02
9.291834716796875000e+02
1.413826538085937500e+03
1.278789916992187500e+03
9.109824218750000000e+02
8.102050781250000000e+02
1.217668212890625000e+03
1.530259155273437500e+03
9.814886474609375000e+02
1.000958435058593750e+03
1.511567016601562500e+03
1.210533203125000000e+03
9.174859008789062500e+02
9.698898315429687500e+02
1.430727294921875000e+03
1.256604736328125000e+03
9.417375488281250000e+02
1.229122192382812500e+03
1.456280761718750000e+03
1.018238891601562500e+03
9.576346435546875000e+02
1.323613769531250000e+03
1.242733154296875000e+03
9.064010009765625000e+02
8.501531372070312500e+02
1.254352661132812500e+03
1.261319946289062500e+03
8.910853881835937500e+02
8.931982421875000000e+02
1.228742797851562500e+03
1.288234375000000000e+03
9.328159179687500000e+02
8.358515014648437500e+02
1.097545043945312500e+03
1.347651855468750000e+03
1.039533203125000000e+03
8.461007690429687500e+02
1.045166625976562500e+03
1.451731689453125000e+03
1.064437988281250000e+03
8.664204711914062500e+02
1.254001098632812500e+03
1.455370605468750000e+03
1.014593322753906250e+03
9.188346557617187500e+02
1.350088134765625000e+03
1.305593872070312500e+03
8.915950927734375000e+02
9.720484008789062500e+02
1.313380371093750000e+03
1.171936035156250000e+03
8.348795776367187500e+02
8.132607421875000000e+02
1.253291015625000000e+03
1.458221679687500000e+03
9.602183837890625000e+02
9.162491455078125000e+02
1.528086425781250000e+03
1.227390747070312500e+03
8.513638916015625000e+02
9.086795043945312500e+02
1.432271972656250000e+03
1.261376464843750000e+03
8.656538085937500000e+02
9.739473266601562500e+02
1.469277465820312500e+03
1.117137084960937500e+03
8.703992309570312500e+02
1.190434204101562500e+03
1.386511718750000000e+03
1.022297485351562500e+03
8.512673339843750000e+02
1.074949096679687500e+03
1.423434448242187500e+03
1.074463378906250000e+03
8.910352172851562500e+02
1.197639038085937500e+03
1.465717163085937500e+03
1.026762695312500000e+03
9.896884155273437500e+02
1.428039794921875000e+03
1.215676025390625000e+03
8.459263305664062500e+02
8.403024902343750000e+02
1.254174560546875000e+03
1.279837036132812500e+03
9.300484619140625000e+02
8.554881591796875000e+02
1.208052490234375000e+03
1.456092529296875000e+03
1.000772644042968750e+03
9.493670043945312500e+02
1.566894165039062500e+03
1.299116699218750000e+03
8.699544067382812500e+02
1.126535766601562500e+03
1.568181152343750000e+03
1.070850097656250000e+03
8.937686767578125000e+02
1.447046875000000000e+03
1.377172363281250000e+03
9.114577636718750000e+02
1.057945190429687500e+03
1.559421997070312500e+03
1.138587768554687500e+03
8.733092651367187500e+02
1.304936645507812500e+03
1.461452636718750000e+03
1.026253173828125000e+03
9.368378906250000000e+02
1.469447021484375000e+03
1.326227172851562500e+03
1.003453979492187500e+03
1.207992797851562500e+03
1.414901489257812500e+03
1.097542480468750000e+03
9.385208129882812500e+02
1.177893920898437500e+03
1.495286865234375000e+03
1.124949951171875000e+03
9.533184814453125000e+02
1.327176513671875000e+03
1.530163330078125000e+03
1.021961914062500000e+03
9.555362548828125000e+02
1.586549194335937500e+03
1.386034790039062500e+03
9.384647216796875000e+02
1.118250366210937500e+03
1.580149169921875000e+03
1.112919433593750000e+03
9.032967529296875000e+02
1.164209350585937500e+03
1.371261474609375000e+03
1.007530639648437500e+03
8.436472167968750000e+02
1.153321166992187500e+03
1.503195678710937500e+03
1.015155212402343750e+03
9.359356689453125000e+02
1.427064697265625000e+03
1.196768432617187500e+03
8.383737182617187500e+02
9.667192382812500000e+02
1.315860595703125000e+03
1.169352661132812500e+03
8.786313476562500000e+02
7.758131713867187500e+02
1.019409301757812500e+03
1.371093261718750000e+03
1.038126098632812500e+03
8.133074951171875000e+02
9.569179077148437500e+02
1.542905761718750000e+03
1.177735595703125000e+03
9.536336669921875000e+02
1.377734863281250000e+03
1.425428100585937500e+03
9.374620971679687500e+02
9.210761718750000000e+02
1.420876831054687500e+03
1.133385131835937500e+03
8.156744995117187500e+02
7.911988525390625000e+02
1.044243041992187500e+03
1.461772705078125000e+03
1.044376708984375000e+03
9.544229125976562500e+02
1.538203857421875000e+03
1.206103759765625000e+03
8.673746337890625000e+02
1.175522338867187500e+03
1.533403686523437500e+03
1.039371948242187500e+03
8.680462646484375000e+02
1.383098999023437500e+03
1.359072509765625000e+03
9.310324096679687500e+02
1.123218994140625000e+03
1.528696166992187500e+03
1.065587524414062500e+03
9.288668823242187500e+02
1.464431640625000000e+03
1.374454101562500000e+03
9.423369140625000000e+02
9.922760620117187500e+02
1.537940429687500000e+03
1.267079833984375000e+03
9.329404296875000000e+02
1.113557250976562500e+03
1.568023803710937500e+03
1.137938232421875000e+03
1.020892211914062500e+03
1.489819702148437500e+03
1.238020141601562500e+03
9.136831665039062500e+02
1.041026367187500000e+03
1.340022094726562500e+03
1.133748901367187500e+03
8.609490966796875000e+02
9.108533935546875000e+02
1.169443115234375000e+03
1.188600830078125000e+03
9.349694213867187500e+02
7.879409790039062500e+02
9.382034912109375000e+02
1.395149780273437500e+03
1.079055541992187500e+03
8.393831787109375000e+02
1.074888183593750000e+03
1.415915649414062500e+03
1.078438232421875000e+03
8.349423217773437500e+02
1.133949462890625000e+03
1.532080444335937500e+03
1.007434326171875000e+03
8.903793334960937500e+02
1.400808593750000000e+03
1.426256103515625000e+03
9.804819946289062500e+02
9.386956787109375000e+02
1.613726196289062500e+03
1.249155029296875000e+03
9.670232543945312500e+02
1.399371459960937500e+03
1.355348510742187500e+03
9.554970092773437500e+02
9.199681396484375000e+02
1.202327880859375000e+03
1.283687377929687500e+03
9.861968994140625000e+02
8.179586791992187500e+02
1.046651000976562500e+03
1.406726806640625000e+03
1.072189208984375000e+03
8.847354736328125000e+02
1.106974365234375000e+03
1.497906982421875000e+03
1.065307495117187500e+03
9.285308227539062500e+02
1.443962524414062500e+03
1.332342529296875000e+03
8.877883300781250000e+02
9.240362548828125000e+02
1.387955932617187500e+03
1.247787963867187500e+03
8.237477416992187500e+02
8.445986328125000000e+02
1.282954956054687500e+03
1.311121337890625000e+03
8.711904907226562500e+02
8.343815917968750000e+02
1.484691772460937500e+03
1.231379272460937500e+03
8.813997192382812500e+02
1.166739135742187500e+03
1.523093261718750000e+03
1.079564453125000000e+03
8.641459960937500000e+02
1.315721191406250000e+03
1.472613281250000000e+03
9.997252197265625000e+02
9.025176391601562500e+02
1.454327026367187500e+03
1.317241088867187500e+03
9.348996582031250000e+02
1.094849853515625000e+03
1.544085205078125000e+03
1.120165893554687500e+03
8.994359130859375000e+02
1.239212036132812500e+03
1.518525146484375000e+03
1.071228515625000000e+03
9.689760131835937500e+02
1.464967285156250000e+03
1.279817871093750000e+03
9.300524902343750000e+02
1.036933105468750000e+03
1.430836303710937500e+03
1.168177124023437500e+03
9.552952270507812500e+02
1.205522094726562500e+03
1.417194702148437500e+03
1.057127929687500000e+03
8.982153320312500000e+02
1.334709716796875000e+03
1.401732543945312500e+03
9.412007446289062500e+02
1.002194885253906250e+03
1.422384643554687500e+03
1.195427368164062500e+03
8.509053955078125000e+02
9.309730834960937500e+02
1.442725463867187500e+03
1.169279296875000000e+03
8.755652465820312500e+02
1.203702514648437500e+03
1.457941040039062500e+03
1.042871459960937500e+03
9.153594970703125000e+02
1.160744506835937500e+03
1.374326416015625000e+03
1.020348571777343750e+03
8.117083129882812500e+02
1.102691528320312500e+03
1.502885131835937500e+03
1.008293884277343750e+03
9.168433227539062500e+02
1.328424072265625000e+03
1.279723510742187500e+03
8.862276611328125000e+02
8.272595214843750000e+02
1.083088134765625000e+03
1.555870605468750000e+03
1.080847534179687500e+03
8.713204345703125000e+02
1.427570678710937500e+03
1.377946411132812500e+03
8.857390747070312500e+02
8.906717529296875000e+02
1.488991333007812500e+03
1.211298583984375000e+03
8.561298828125000000e+02
1.157323364257812500e+03
1.538670776367187500e+03
1.066320678710937500e+03
9.937075805664062500e+02
1.501359130859375000e+03
1.237182495117187500e+03
8.734637451171875000e+02
1.091786621093750000e+03
1.561622680664062500e+03
1.091127197265625000e+03
9.126795654296875000e+02
1.386562500000000000e+03
1.401865356445312500e+03
9.314501342773437500e+02
9.182523803710937500e+02
1.523882202148437500e+03
1.269202514648437500e+03
8.698935546875000000e+02
1.070373657226562500e+03
1.654166137695312500e+03
1.121352172851562500e+03
9.865159912109375000e+02
1.527617675781250000e+03
1.269045776367187500e+03
9.207291870117187500e+02
9.626478271484375000e+02
1.399307495117187500e+03
1.234846557617187500e+03
8.802673339843750000e+02
9.685975952148437500e+02
1.376569091796875000e+03
1.170778564453125000e+03
8.593746337890625000e+02
8.678087158203125000e+02
1.309680175781250000e+03
1.300141113281250000e+03
8.983184204101562500e+02
9.032290039062500000e+02
1.372511962890625000e+03
1.195160156250000000e+03
8.905113525390625000e+02
8.240160522460937500e+02
1.205697265625000000e+03
1.483708618164062500e+03
9.329893188476562500e+02
9.344181518554687500e+02
1.530961425781250000e+03
1.214221679687500000e+03
8.703535766601562500e+02
7.598637695312500000e+02
1.101494262695312500e+03
1.525863037109375000e+03
1.003129638671875000e+03
9.722291259765625000e+02
1.560460205078125000e+03
1.076313964843750000e+03
8.120205688476562500e+02
1.005412658691406250e+03
1.526507202148437500e+03
1.158642089843750000e+03
8.903061523437500000e+02
1.353158569335937500e+03
1.371739990234375000e+03
9.351448364257812500e+02
9.479076538085937500e+02
1.330232299804687500e+03
1.229136352539062500e+03
9.421998901367187500e+02
8.189678344726562500e+02
1.151511230468750000e+03
1.450688354492187500e+03
9.671667480468750000e+02
9.306275634765625000e+02
1.380249267578125000e+03
1.177466430664062500e+03
8.748973388671875000e+02
8.727166748046875000e+02
1.327311035156250000e+03
1.292956665039062500e+03
8.832756347656250000e+02
1.063531372070312500e+03
1.452335449218750000e+03
1.085229614257812500e+03
8.216672363281250000e+02
1.000117797851562500e+03
1.570366943359375000e+03
1.115012939453125000e+03
9.639887695312500000e+02
1.463091186523437500e+03
1.291009155273437500e+03
8.512423095703125000e+02
9.703524780273437500e+02
1.351775146484375000e+03
1.143561401367187500e+03
8.221480712890625000e+02
1.002341491699218750e+03
1.441859497070312500e+03
1.110025024414062500e+03
8.804580688476562500e+02
1.185262451171875000e+03
1.401583862304687500e+03
1.010677429199218750e+03
8.531801757812500000e+02
1.233198486328125000e+03
1.427486816406250000e+03
9.639151611328125000e+02
9.056292114257812500e+02
1.395322875976562500e+03
1.216767333984375000e+03
8.529282226562500000e+02
8.932551269531250000e+02
1.446454711914062500e+03
1.180382446289062500e+03
8.699352416992187500e+02
9.748292236328125000e+02
1.387206787109375000e+03
1.157909790039062500e+03
8.422869873046875000e+02
1.029337402343750000e+03
1.493917358398437500e+03
1.046454101562500000e+03
8.766937255859375000e+02
1.287805908203125000e+03
1.403073852539062500e+03
9.662468261718750000e+02
9.362186279296875000e+02
1.442452636718750000e+03
1.238593017578125000e+03
8.819974365234375000e+02
1.173900024414062500e+03
1.527906982421875000e+03
1.041910278320312500e+03
9.439695434570312500e+02
1.432235839843750000e+03
1.411714477539062500e+03
9.668139648437500000e+02
1.049702270507812500e+03
1.588379638671875000e+03
1.159724365234375000e+03
9.000695800781250000e+02
1.280925292968750000e+03
1.503903198242187500e+03
9.933806762695312500e+02
8.786281738281250000e+02
1.542536010742187500e+03
1.325325683593750000e+03
9.203636474609375000e+02
1.109658203125000000e+03
1.695127929687500000e+03
1.124776245117187500e+03
1.015602478027343750e+03
1.663807617187500000e+03
1.253768310546875000e+03
8.791895751953125000e+02
1.116923095703125000e+03
1.573361938476562500e+03
1.070870361328125000e+03
8.939074707031250000e+02
1.305055419921875000e+03
1.428665649414062500e+03
9.572991333007812500e+02
9.121856689453125000e+02
1.447906616210937500e+03
1.242639038085937500e+03
8.394119873046875000e+02
1.050051147460937500e+03
1.022349914550781250e+03
8.885601196289062500e+02
7.626538696289062500e+02
6.763446044921875000e+02
5.989940185546875000e+02
5.036031799316406250e+02
4.531307373046875000e+02
4.430845642089843750e+02
4.123956909179687500e+02
3.719202880859375000e+02
3.594016113281250000e+02
3.441283569335937500e+02
3.117290649414062500e+02
2.933340148925781250e+02
2.792218322753906250e+02
2.605345153808593750e+02
2.516923370361328125e+02
2.406080322265625000e+02
2.287408599853515625e+02
2.172087402343750000e+02
2.071118469238281250e+02
1.973423767089843750e+02
1.841607666015625000e+02
1.815760650634765625e+02
1.668348388671875000e+02
1.617004699707031250e+02
1.520825653076171875e+02
1.417602691650390625e+02
1.387346343994140625e+02
1.328239746093750000e+02
1.247417602539062500e+02
1.203777618408203125e+02
1.155744705200195312e+02
1.103036499023437500e+02
1.045982284545898438e+02
9.939040374755859375e+01
9.503507995605468750e+01
9.080705261230468750e+01
8.649290466308593750e+01
8.379260253906250000e+01
8.006318664550781250e+01
7.970191955566406250e+01
7.695911407470703125e+01
7.314920043945312500e+01
7.061834716796875000e+01
6.920027923583984375e+01
6.541124725341796875e+01
6.428169250488281250e+01
6.179101943969726562e+01
5.966739273071289062e+01
5.867705917358398438e+01
5.781173324584960938e+01
5.443181610107421875e+01
5.267591094970703125e+01
5.203549194335937500e+01
5.121669769287109375e+01
4.986996078491210938e+01
4.761268615722656250e+01
4.742661285400390625e+01
4.659565734863281250e+01
4.557389450073242188e+01
4.423043060302734375e+01
4.395442581176757812e+01
4.334281921386718750e+01
4.289841079711914062e+01
4.232495117187500000e+01
4.216069030761718750e+01
4.149691772460937500e+01
3.996730804443359375e+01
3.940958404541015625e+01
3.915287017822265625e+01
3.879843139648437500e+01
3.853998184204101562e+01
3.837474060058593750e+01
3.779896926879882812e+01
3.762155151367187500e+01
3.927798461914062500e+01
3.927386856079101562e+01
3.818415832519531250e+01
3.743831253051757812e+01
3.603994750976562500e+01
3.581731796264648438e+01
3.603337860107421875e+01
3.550228500366210938e+01
3.565180206298828125e+01
3.632339477539062500e+01
3.689460754394531250e+01
3.793323898315429688e+01
3.794347000122070312e+01
3.842230606079101562e+01
3.981460189819335938e+01
3.829457092285156250e+01
3.484569549560546875e+01
3.391059112548828125e+01
3.420918655395507812e+01
3.469479751586914062e+01
3.705237197875976562e+01
4.154467773437500000e+01
4.321116638183593750e+01
4.005492019653320312e+01
3.522447204589843750e+01
3.282770538330078125e+01
3.204384231567382812e+01
3.281651687622070312e+01
3.676567077636718750e+01
4.065012741088867188e+01
4.148425674438476562e+01
3.937373733520507812e+01
3.563272857666015625e+01
3.269227981567382812e+01
3.152108001708984375e+01
3.070851707458496094e+01
3.058577919006347656e+01
3.152622985839843750e+01
3.282011413574218750e+01
3.670051956176757812e+01
4.139248657226562500e+01
4.249782180786132812e+01
3.674663543701171875e+01
3.181466865539550781e+01
3.092266845703125000e+01
3.088577651977539062e+01
3.381982421875000000e+01
4.042811584472656250e+01
4.390415954589843750e+01
3.836961364746093750e+01
3.201755523681640625e+01
3.105979347229003906e+01
3.568600845336914062e+01
4.479350662231445312e+01
4.228203201293945312e+01
3.375010299682617188e+01
3.178281784057617188e+01
3.631728363037109375e+01
4.255160140991210938e+01
4.115151596069335938e+01
3.347309112548828125e+01
3.059299850463867188e+01
3.291848754882812500e+01
3.966502761840820312e+01
4.205693435668945312e+01
3.651370620727539062e+01
3.162753486633300781e+01
2.992022132873535156e+01
3.504217529296875000e+01
4.329125976562500000e+01
3.902361297607421875e+01
3.249447631835937500e+01
3.045955276489257812e+01
3.504477691650390625e+01
4.339619445800781250e+01
4.069685363769531250e+01
3.298373794555664062e+01
3.137434768676757812e+01
3.660895156860351562e+01
4.235509490966796875e+01
3.843440246582031250e+01
3.184582901000976562e+01
3.234000396728515625e+01
3.698372650146484375e+01
3.978118896484375000e+01
3.655518341064453125e+01
3.193364715576171875e+01
3.041931343078613281e+01
3.234972000122070312e+01
3.594613647460937500e+01
3.735577392578125000e+01
3.387891006469726562e+01
3.056475830078125000e+01
2.967256736755371094e+01
3.172370719909667969e+01
3.851275634765625000e+01
4.069556045532226562e+01
3.690620803833007812e+01
3.075466156005859375e+01
3.152032661437988281e+01
3.630789566040039062e+01
3.955451965332031250e+01
3.734149932861328125e+01
3.214638137817382812e+01
3.096743202209472656e+01
3.298509979248046875e+01
4.096164703369140625e+01
3.871427154541015625e+01
3.150065422058105469e+01
3.094055175781250000e+01
3.436073684692382812e+01
3.860984802246093750e+01
3.790432739257812500e+01
3.305176544189453125e+01
3.028115463256835938e+01
3.336927795410156250e+01
3.883070373535156250e+01
3.775720977783203125e+01
3.193079376220703125e+01
3.032825660705566406e+01
3.155379486083984375e+01
3.288542175292968750e+01
3.504433441162109375e+01
3.452741622924804688e+01
3.219411849975585938e+01
3.052471923828125000e+01
2.914010238647460938e+01
2.865425872802734375e+01
2.866036987304687500e+01
2.854532623291015625e+01
2.969351005554199219e+01
3.269155883789062500e+01
3.337325286865234375e+01
3.345935440063476562e+01
3.273664855957031250e+01
3.215431976318359375e+01
2.945220947265625000e+01
2.900037002563476562e+01
2.906271362304687500e+01
3.000395011901855469e+01
3.072911643981933594e+01
3.320138931274414062e+01
3.699459838867187500e+01
3.582991409301757812e+01
3.268602752685546875e+01
2.922636795043945312e+01
2.927303314208984375e+01
2.890317535400390625e+01
3.113026428222656250e+01
3.284086227416992188e+01
3.596697235107421875e+01
3.761734771728515625e+01
3.466153335571289062e+01
3.238974380493164062e+01
2.917802047729492188e+01
2.861531448364257812e+01
2.886332702636718750e+01
2.894068145751953125e+01
3.187866973876953125e+01
3.518405914306640625e+01
3.671021652221679688e+01
3.590693283081054688e+01
3.193879508972167969e+01
2.913099479675292969e+01
2.830926895141601562e+01
2.830902481079101562e+01
2.852230453491210938e+01
2.795267486572265625e+01
2.793035507202148438e+01
2.852463150024414062e+01
2.891245460510253906e+01
3.079609298706054688e+01
3.399099349975585938e+01
3.837232589721679688e+01
3.598023986816406250e+01
3.224068450927734375e+01
2.940835952758789062e+01
2.919606971740722656e+01
2.838895034790039062e+01
2.824726676940917969e+01
2.831627273559570312e+01
2.795819091796875000e+01
2.812858200073242188e+01
2.866147613525390625e+01
2.943838691711425781e+01
3.052496719360351562e+01
3.518857574462890625e+01
3.868252563476562500e+01
3.414038848876953125e+01
2.954481887817382812e+01
2.837065124511718750e+01
2.904904937744140625e+01
2.995494651794433594e+01
3.582890701293945312e+01
4.099318695068359375e+01
3.675941085815429688e+01
3.013779067993164062e+01
2.887659072875976562e+01
3.206085205078125000e+01
3.709257888793945312e+01
4.009970092773437500e+01
3.439225006103515625e+01
2.913672447204589844e+01
2.962314987182617188e+01
3.416406631469726562e+01
3.900868988037109375e+01
3.729006195068359375e+01
3.307602691650390625e+01
3.003582382202148438e+01
3.002231979370117188e+01
3.600789260864257812e+01
4.238643646240234375e+01
3.782334136962890625e+01
3.139099502563476562e+01
3.292660522460937500e+01
4.129726791381835938e+01
4.164446640014648438e+01
3.401882934570312500e+01
3.102207756042480469e+01
3.607440948486328125e+01
4.079126739501953125e+01
3.873604583740234375e+01
3.212052154541015625e+01
3.126762390136718750e+01
3.583568191528320312e+01
3.805863571166992188e+01
3.568448257446289062e+01
3.205702972412109375e+01
2.983677482604980469e+01
3.046594619750976562e+01
3.381374359130859375e+01
3.633882141113281250e+01
3.559857559204101562e+01
3.252268981933593750e+01
2.973898124694824219e+01
2.919852828979492188e+01
3.041412544250488281e+01
3.122193145751953125e+01
3.367240905761718750e+01
3.574091720581054688e+01
3.566976165771484375e+01
3.335049438476562500e+01
3.092441368103027344e+01
2.984813880920410156e+01
2.946020507812500000e+01
2.896653175354003906e+01
2.824257278442382812e+01
2.813911628723144531e+01
2.836573600769042969e+01
2.936757659912109375e+01
3.209664916992187500e+01
3.795329284667968750e+01
4.108965301513671875e+01
3.401258850097656250e+01
2.982627105712890625e+01
2.909611892700195312e+01
3.198035812377929688e+01
4.087139511108398438e+01
4.160001373291015625e+01
3.457496643066406250e+01
3.026892280578613281e+01
3.140220069885253906e+01
3.856485748291015625e+01
4.342766571044921875e+01
3.669100570678710938e+01
3.114351272583007812e+01
3.316049194335937500e+01
4.389219284057617188e+01
4.094569396972656250e+01
3.327032852172851562e+01
3.258727645874023438e+01
3.736372756958007812e+01
4.080853652954101562e+01
3.668167114257812500e+01
3.169553947448730469e+01
3.293992996215820312e+01
3.762046051025390625e+01
3.894128417968750000e+01
3.545263290405273438e+01
3.150860214233398438e+01
3.304633331298828125e+01
3.696414947509765625e+01
3.990808486938476562e+01
3.608515167236328125e+01
3.189937210083007812e+01
3.105353546142578125e+01
3.249828338623046875e+01
3.494078063964843750e+01
3.652501678466796875e+01
3.368459320068359375e+01
3.148939704895019531e+01
3.089334106445312500e+01
3.061804008483886719e+01
3.233813858032226562e+01
3.485550308227539062e+01
3.795333480834960938e+01
3.684130477905273438e+01
3.267096710205078125e+01
3.077762603759765625e+01
2.970716857910156250e+01
2.951567840576171875e+01
2.969231986999511719e+01
3.196729850769042969e+01
3.831612777709960938e+01
4.097877502441406250e+01
3.683131027221679688e+01
3.139864158630371094e+01
2.986435508728027344e+01
3.496772003173828125e+01
4.124404144287109375e+01
4.082146453857421875e+01
3.526855850219726562e+01
3.030905723571777344e+01
3.528779220581054688e+01
4.218415069580078125e+01
4.260069274902343750e+01
3.320424270629882812e+01
3.159915924072265625e+01
3.620149993896484375e+01
4.014619445800781250e+01
3.710033798217773438e+01
3.306237030029296875e+01
3.025374603271484375e+01
3.266263198852539062e+01
3.961293792724609375e+01
4.212867736816406250e+01
3.657850265502929688e+01
3.160554695129394531e+01
3.181369972229003906e+01
3.739507293701171875e+01
4.451968002319335938e+01
3.790292358398437500e+01
3.233388519287109375e+01
3.303382110595703125e+01
3.874457931518554688e+01
4.215110397338867188e+01
3.668952560424804688e+01
3.255871200561523438e+01
3.295451736450195312e+01
4.031095123291015625e+01
4.533497619628906250e+01
3.690741729736328125e+01
3.301640319824218750e+01
3.846605300903320312e+01
4.335529327392578125e+01
3.668336868286132812e+01
3.160048294067382812e+01
3.239172744750976562e+01
3.522849655151367188e+01
3.847304153442382812e+01
3.887172698974609375e+01
3.479472732543945312e+01
3.121532821655273438e+01
3.218932342529296875e+01
3.575510787963867188e+01
4.077326965332031250e+01
3.859870147705078125e+01
3.335297393798828125e+01
3.135770225524902344e+01
3.219508743286132812e+01
3.581268692016601562e+01
4.117456436157226562e+01
4.019471740722656250e+01
3.467573165893554688e+01
3.126762390136718750e+01
3.232748031616210938e+01
3.791159820556640625e+01
4.383377838134765625e+01
3.687546539306640625e+01
3.211217880249023438e+01
3.270670700073242188e+01
3.859447860717773438e+01
4.565921783447265625e+01
3.836208343505859375e+01
3.257709121704101562e+01
3.714636230468750000e+01
4.532095336914062500e+01
3.999412536621093750e+01
3.352619934082031250e+01
3.467771148681640625e+01
4.172348403930664062e+01
4.392117309570312500e+01
3.556813812255859375e+01
3.395318222045898438e+01
4.425869750976562500e+01
4.814613342285156250e+01
3.738953781127929688e+01
3.719475936889648438e+01
4.919563674926757812e+01
4.190471649169921875e+01
3.358350372314453125e+01
3.710281372070312500e+01
4.633588790893554688e+01
4.253374862670898438e+01
3.529220581054687500e+01
3.560591888427734375e+01
4.340412521362304688e+01
4.329039001464843750e+01
3.542743682861328125e+01
3.519413375854492188e+01
3.919462203979492188e+01
4.480353164672851562e+01
4.018888092041015625e+01
3.350239181518554688e+01
3.544235229492187500e+01
4.440178680419921875e+01
4.527312850952148438e+01
3.585249328613281250e+01
3.569589233398437500e+01
4.645692062377929688e+01
4.499774169921875000e+01
3.661679077148437500e+01
3.758052062988281250e+01
4.688528060913085938e+01
4.267573928833007812e+01
3.485568237304687500e+01
3.885652542114257812e+01
4.689998626708984375e+01
4.141619491577148438e+01
3.531802368164062500e+01
3.734542846679687500e+01
4.243141937255859375e+01
4.216596984863281250e+01
3.639299774169921875e+01
3.440474319458007812e+01
3.906819534301757812e+01
4.367013549804687500e+01
4.017937088012695312e+01
3.538378524780273438e+01
3.477051162719726562e+01
3.836495971679687500e+01
4.162202453613281250e+01
3.897276687622070312e+01
3.423380279541015625e+01
3.188093757629394531e+01
3.275852966308593750e+01
3.583632659912109375e+01
4.059597778320312500e+01
4.021287155151367188e+01
3.687538146972656250e+01
3.356457519531250000e+01
3.201586151123046875e+01
3.260243225097656250e+01
3.244434356689453125e+01
3.556438827514648438e+01
3.908095932006835938e+01
4.150749588012695312e+01
3.859047698974609375e+01
3.393331527709960938e+01
3.220077514648437500e+01
3.260345840454101562e+01
3.641936492919921875e+01
4.179878616333007812e+01
4.221665573120117188e+01
3.612614822387695312e+01
3.327214813232421875e+01
3.551507949829101562e+01
3.944588470458984375e+01
4.453141403198242188e+01
3.899365234375000000e+01
3.389703369140625000e+01
3.477185058593750000e+01
4.103759002685546875e+01
4.474266815185546875e+01
3.805057525634765625e+01
3.489097976684570312e+01
3.372811508178710938e+01
3.525693893432617188e+01
3.813673400878906250e+01
3.997973251342773438e+01
3.886746978759765625e+01
3.524648666381835938e+01
3.361390686035156250e+01
3.269779586791992188e+01
3.185924148559570312e+01
3.378523254394531250e+01
3.686571502685546875e+01
4.467911911010742188e+01
4.356398773193359375e+01
3.562550354003906250e+01
3.210786437988281250e+01
3.258319854736328125e+01
3.479378128051757812e+01
4.281232452392578125e+01
4.407847213745117188e+01
3.874995422363281250e+01
3.363066101074218750e+01
3.226241302490234375e+01
3.495745086669921875e+01
4.141998291015625000e+01
4.638913726806640625e+01
3.859585571289062500e+01
3.382758331298828125e+01
3.371709823608398438e+01
3.987188339233398438e+01
4.778616714477539062e+01
4.144216537475585938e+01
3.518458938598632812e+01
3.231998443603515625e+01
3.608699035644531250e+01
4.522026443481445312e+01
4.636974334716796875e+01
3.746854400634765625e+01
3.377949142456054688e+01
3.843628311157226562e+01
4.701562118530273438e+01
4.433015060424804688e+01
3.679956054687500000e+01
3.464032745361328125e+01
4.078277587890625000e+01
4.564285278320312500e+01
3.951833724975585938e+01
3.560263442993164062e+01
3.469775772094726562e+01
4.023351287841796875e+01
4.915640640258789062e+01
4.112793731689453125e+01
3.624329376220703125e+01
4.052239990234375000e+01
4.941802597045898438e+01
4.497518920898437500e+01
3.606555938720703125e+01
4.287606811523437500e+01
4.736573028564453125e+01
4.073569488525390625e+01
3.590851593017578125e+01
3.719333648681640625e+01
3.947152328491210938e+01
4.312803268432617188e+01
4.155696868896484375e+01
3.567901611328125000e+01
3.425429916381835938e+01
3.324625396728515625e+01
3.441962432861328125e+01
3.588872528076171875e+01
3.941166687011718750e+01
4.175858306884765625e+01
3.964897537231445312e+01
3.664869308471679688e+01
3.354216766357421875e+01
3.297131347656250000e+01
3.228543853759765625e+01
3.387068939208984375e+01
3.638508987426757812e+01
4.331113815307617188e+01
4.514154815673828125e+01
3.765439224243164062e+01
3.274198913574218750e+01
3.455879974365234375e+01
3.822690582275390625e+01
4.429756164550781250e+01
4.486415481567382812e+01
3.891070938110351562e+01
3.378707122802734375e+01
3.265641784667968750e+01
3.411574554443359375e+01
3.945278167724609375e+01
4.441252899169921875e+01
4.376610946655273438e+01
3.765914154052734375e+01
3.427457427978515625e+01
3.343985366821289062e+01
3.475260925292968750e+01
4.016903305053710938e+01
4.832391738891601562e+01
4.565210723876953125e+01
3.625371551513671875e+01
3.398986816406250000e+01
3.760002136230468750e+01
4.710491943359375000e+01
4.987372970581054688e+01
3.924918365478515625e+01
3.562263107299804688e+01
4.628552627563476562e+01
5.370368957519531250e+01
4.259579086303710938e+01
3.671801757812500000e+01
4.889907455444335938e+01
5.325968551635742188e+01
4.043531799316406250e+01
3.935216522216796875e+01
5.002474594116210938e+01
4.701842498779296875e+01
3.819046783447265625e+01
3.969168853759765625e+01
4.858979797363281250e+01
4.773215866088867188e+01
3.916776657104492188e+01
4.028850555419921875e+01
4.600785064697265625e+01
4.386746597290039062e+01
3.885169601440429688e+01
3.563245010375976562e+01
3.913985061645507812e+01
4.382106018066406250e+01
4.247668457031250000e+01
3.897852325439453125e+01
3.629482269287109375e+01
3.464042663574218750e+01
3.593734359741210938e+01
3.939740371704101562e+01
4.408535003662109375e+01
4.484859466552734375e+01
4.118811798095703125e+01
3.793422698974609375e+01
3.469820404052734375e+01
3.379550933837890625e+01
3.394279098510742188e+01
3.283991241455078125e+01
3.397518920898437500e+01
3.634651184082031250e+01
4.349054718017578125e+01
4.668419647216796875e+01
4.353153991699218750e+01
3.737693786621093750e+01
3.366988372802734375e+01
3.512258148193359375e+01
4.089553070068359375e+01
5.122103118896484375e+01
4.842434310913085938e+01
3.774451828002929688e+01
3.675814819335937500e+01
4.552569580078125000e+01
5.363230133056640625e+01
4.427452850341796875e+01
3.685508346557617188e+01
4.272614288330078125e+01
5.010684967041015625e+01
4.706765365600585938e+01
3.969751739501953125e+01
3.919957733154296875e+01
4.816768646240234375e+01
4.801077270507812500e+01
4.080975723266601562e+01
3.750834274291992188e+01
3.892437362670898438e+01
4.870748138427734375e+01
4.811821746826171875e+01
3.978419876098632812e+01
3.671643829345703125e+01
3.750627899169921875e+01
4.462810516357421875e+01
4.815142440795898438e+01
4.183296203613281250e+01
3.683982086181640625e+01
3.768693923950195312e+01
4.498286437988281250e+01
4.591809463500976562e+01
4.247522354125976562e+01
3.874133300781250000e+01
3.560767364501953125e+01
3.528748321533203125e+01
3.430790710449218750e+01
3.469065475463867188e+01
3.414532089233398438e+01
3.359328079223632812e+01
3.531479263305664062e+01
3.792654418945312500e+01
4.311253356933593750e+01
4.618216323852539062e+01
4.530363082885742188e+01
4.052585220336914062e+01
3.523288345336914062e+01
3.411049652099609375e+01
3.370907592773437500e+01
3.436066818237304688e+01
3.800745010375976562e+01
4.977329254150390625e+01
5.183909606933593750e+01
4.094847106933593750e+01
3.583306121826171875e+01
3.701116180419921875e+01
4.648304748535156250e+01
5.051650238037109375e+01
4.413715744018554688e+01
3.686323547363281250e+01
3.641177749633789062e+01
4.823722076416015625e+01
5.634500122070312500e+01
4.360441970825195312e+01
3.913998031616210938e+01
4.956203460693359375e+01
5.591622161865234375e+01
4.361419677734375000e+01
3.966278076171875000e+01
5.014352416992187500e+01
5.496948242187500000e+01
4.355958938598632812e+01
4.107092285156250000e+01
5.157161712646484375e+01
5.441810989379882812e+01
4.321042633056640625e+01
4.232891082763671875e+01
5.278320312500000000e+01
5.041929626464843750e+01
3.970721817016601562e+01
4.038896942138671875e+01
4.604887771606445312e+01
4.588011932373046875e+01
4.309743499755859375e+01
3.901106262207031250e+01
3.742262268066406250e+01
3.717005920410156250e+01
3.710583114624023438e+01
3.933837509155273438e+01
4.359945678710937500e+01
4.684683990478515625e+01
4.527106857299804688e+01
3.975516510009765625e+01
3.752840042114257812e+01
4.067062377929687500e+01
4.612933349609375000e+01
5.010745239257812500e+01
4.237734985351562500e+01
3.692751693725585938e+01
3.868437576293945312e+01
4.387916183471679688e+01
4.831929779052734375e+01
4.639398193359375000e+01
4.174216461181640625e+01
3.846283721923828125e+01
3.628108596801757812e+01
3.551515197753906250e+01
3.431562042236328125e+01
3.607802581787109375e+01
3.808965682983398438e+01
4.441469573974609375e+01
5.319053268432617188e+01
4.818928527832031250e+01
3.966145324707031250e+01
3.824359512329101562e+01
4.670236206054687500e+01
5.712878036499023438e+01
4.603424835205078125e+01
3.917505645751953125e+01
4.568501663208007812e+01
5.834936141967773438e+01
4.726915740966796875e+01
4.091058349609375000e+01
5.438217926025390625e+01
5.720426940917968750e+01
4.416481781005859375e+01
4.287246704101562500e+01
5.192104721069335938e+01
5.172188186645507812e+01
4.184851837158203125e+01
4.249742126464843750e+01
5.131061935424804688e+01
5.065001296997070312e+01
4.233363342285156250e+01
4.064273834228515625e+01
4.841372680664062500e+01
4.937910461425781250e+01
4.406188201904296875e+01
3.908452224731445312e+01
4.019043350219726562e+01
4.355155944824218750e+01
5.207049179077148438e+01
5.098966598510742188e+01
4.015375900268554688e+01
3.876785659790039062e+01
4.306406402587890625e+01
4.883927917480468750e+01
4.864529800415039062e+01
4.212075805664062500e+01
3.806642150878906250e+01
3.758143615722656250e+01
3.899682617187500000e+01
4.500798797607421875e+01
4.950623321533203125e+01
4.565132141113281250e+01
4.116028976440429688e+01
3.699800872802734375e+01
3.731643295288085938e+01
3.635769653320312500e+01
3.792520141601562500e+01
4.059366226196289062e+01
4.400537490844726562e+01
5.007051086425781250e+01
4.683963775634765625e+01
4.184471893310546875e+01
3.814105224609375000e+01
3.761453247070312500e+01
3.667721176147460938e+01
3.700183486938476562e+01
4.113128280639648438e+01
5.017562484741210938e+01
5.410361862182617188e+01
4.286026763916015625e+01
3.876490020751953125e+01
4.150107574462890625e+01
5.566006469726562500e+01
5.273804473876953125e+01
4.043880844116210938e+01
4.086974334716796875e+01
4.808317565917968750e+01
5.691693115234375000e+01
4.606685638427734375e+01
4.138114166259765625e+01
4.619804382324218750e+01
5.560260009765625000e+01
5.263927459716796875e+01
4.190573120117187500e+01
4.550577926635742188e+01
5.678705596923828125e+01
5.225907516479492188e+01
4.279592132568359375e+01
4.394863128662109375e+01
5.240065383911132812e+01
5.255318450927734375e+01
4.474055480957031250e+01
4.148231887817382812e+01
4.789331817626953125e+01
5.434972381591796875e+01
4.700990676879882812e+01
4.312412261962890625e+01
4.477783584594726562e+01
5.484008407592773438e+01
5.184687042236328125e+01
4.325467681884765625e+01
4.275263214111328125e+01
5.115908050537109375e+01
5.459360885620117188e+01
4.426911926269531250e+01
4.402538681030273438e+01
5.250069046020507812e+01
5.759281539916992188e+01
4.739044570922851562e+01
4.377494049072265625e+01
5.498645019531250000e+01
5.524402618408203125e+01
4.585596466064453125e+01
4.402323150634765625e+01
5.303654098510742188e+01
5.422116851806640625e+01
4.497148513793945312e+01
4.181287384033203125e+01
4.887070465087890625e+01
5.411622238159179688e+01
5.018993377685546875e+01
4.178378295898437500e+01
4.197328948974609375e+01
4.742106628417968750e+01
5.425075149536132812e+01
4.985338592529296875e+01
4.118460083007812500e+01
4.304022216796875000e+01
5.038349533081054688e+01
5.338964843750000000e+01
4.500251770019531250e+01
4.124640274047851562e+01
4.582973861694335938e+01
5.477779006958007812e+01
5.177487564086914062e+01
4.196985626220703125e+01
4.147644424438476562e+01
5.083038330078125000e+01
5.566093063354492188e+01
4.713250732421875000e+01
4.172146606445312500e+01
4.223803710937500000e+01
4.892942047119140625e+01
5.498672485351562500e+01
5.046244049072265625e+01
4.268093872070312500e+01
3.918395233154296875e+01
4.359358596801757812e+01
5.220600128173828125e+01
5.269674682617187500e+01
4.515977859497070312e+01
3.964075469970703125e+01
3.913520812988281250e+01
4.556083679199218750e+01
5.593592834472656250e+01
5.057596588134765625e+01
4.126133728027343750e+01
3.988699340820312500e+01
4.705208206176757812e+01
6.014770507812500000e+01
5.176000976562500000e+01
4.289302062988281250e+01
4.740469360351562500e+01
5.888656616210937500e+01
5.344817733764648438e+01
4.261885070800781250e+01
4.583960723876953125e+01
5.714714050292968750e+01
5.520673370361328125e+01
4.579066467285156250e+01
4.447325515747070312e+01
5.540955352783203125e+01
5.622274017333984375e+01
4.747666168212890625e+01
4.231226348876953125e+01
5.011270904541015625e+01
6.004304122924804688e+01
5.285367584228515625e+01
4.448900222778320312e+01
4.464525222778320312e+01
5.053160858154296875e+01
5.518000411987304688e+01
4.842661285400390625e+01
4.167750549316406250e+01
4.150865936279296875e+01
4.700625991821289062e+01
5.417676544189453125e+01
5.180010986328125000e+01
4.239542770385742188e+01
4.100993728637695312e+01
4.889769744873046875e+01
6.054387664794921875e+01
5.163164520263671875e+01
4.236508941650390625e+01
4.442900848388671875e+01
6.079476547241210938e+01
5.942053985595703125e+01
4.571032714843750000e+01
4.709868621826171875e+01
5.957772827148437500e+01
5.786662292480468750e+01
4.475362777709960938e+01
4.571430206298828125e+01
5.994796752929687500e+01
5.683673095703125000e+01
4.512754821777343750e+01
4.390128326416015625e+01
5.346692657470703125e+01
5.967480087280273438e+01
4.969104003906250000e+01
4.343112945556640625e+01
4.728127670288085938e+01
5.792852401733398438e+01
5.496346282958984375e+01
4.463212203979492188e+01
4.262902832031250000e+01
4.885446929931640625e+01
5.796154022216796875e+01
5.366201782226562500e+01
4.340023040771484375e+01
4.606943511962890625e+01
5.734149932861328125e+01
5.563493347167968750e+01
4.619127655029296875e+01
4.311930465698242188e+01
4.754206466674804688e+01
5.829468536376953125e+01
5.398328018188476562e+01
4.282690429687500000e+01
4.354328155517578125e+01
5.043295669555664062e+01
5.926785278320312500e+01
5.314234161376953125e+01
4.367413711547851562e+01
4.989447021484375000e+01
6.125440216064453125e+01
5.505609130859375000e+01
4.600337600708007812e+01
4.948743057250976562e+01
5.935847473144531250e+01
5.616333007812500000e+01
4.787321472167968750e+01
4.680859375000000000e+01
5.194232940673828125e+01
5.476726531982421875e+01
4.982836532592773438e+01
4.424094390869140625e+01
4.300317001342773438e+01
4.707880401611328125e+01
5.389708709716796875e+01
5.178273010253906250e+01
4.858096694946289062e+01
4.253783035278320312e+01
4.172687911987304688e+01
4.043643951416015625e+01
4.156583404541015625e+01
4.110208129882812500e+01
4.547779083251953125e+01
5.226721572875976562e+01
5.498464965820312500e+01
4.615265655517578125e+01
4.309804916381835938e+01
4.170729827880859375e+01
4.828613281250000000e+01
5.482935714721679688e+01
5.322246551513671875e+01
4.795893096923828125e+01
4.165746307373046875e+01
4.399313735961914062e+01
4.806226348876953125e+01
5.525777435302734375e+01
5.596434783935546875e+01
4.848769378662109375e+01
4.334623718261718750e+01
4.532794952392578125e+01
5.550114440917968750e+01
5.849421310424804688e+01
5.048779296875000000e+01
4.435475921630859375e+01
4.451456451416015625e+01
4.798992156982421875e+01
5.405068206787109375e+01
5.158922576904296875e+01
4.664171981811523438e+01
4.167382812500000000e+01
4.088103485107421875e+01
3.977494430541992188e+01
4.137131500244140625e+01
4.499501800537109375e+01
5.426908111572265625e+01
5.889660263061523438e+01
5.043462371826171875e+01
4.327040100097656250e+01
4.069273757934570312e+01
4.738799285888671875e+01
5.976171112060546875e+01
6.234895706176757812e+01
4.860019683837890625e+01
5.020158004760742188e+01
6.703816986083984375e+01
5.566177749633789062e+01
4.668326568603515625e+01
5.316904067993164062e+01
6.451881408691406250e+01
5.438628005981445312e+01
4.533769607543945312e+01
5.614207077026367188e+01
6.198256301879882812e+01
5.092021942138671875e+01
4.709141921997070312e+01
5.210646057128906250e+01
6.015969467163085938e+01
5.398112106323242188e+01
4.488675689697265625e+01
4.605745697021484375e+01
4.960010528564453125e+01
5.471329879760742188e+01
5.401579666137695312e+01
5.077425384521484375e+01
4.399702453613281250e+01
4.386731338500976562e+01
5.030463409423828125e+01
5.899881744384765625e+01
5.363865280151367188e+01
4.589188766479492188e+01
4.353767776489257812e+01
4.657304000854492188e+01
5.731168365478515625e+01
5.812155914306640625e+01
4.902185058593750000e+01
4.342276382446289062e+01
4.499671554565429688e+01
5.579343414306640625e+01
6.136862182617187500e+01
5.098304748535156250e+01
4.435871887207031250e+01
4.340084075927734375e+01
4.822359848022460938e+01
5.849083709716796875e+01
6.074014663696289062e+01
4.900874328613281250e+01
4.400973510742187500e+01
4.827309799194335938e+01
5.953196716308593750e+01
6.136251831054687500e+01
4.902591705322265625e+01
4.738024520874023438e+01
5.740729522705078125e+01
6.470958709716796875e+01
5.129703140258789062e+01
4.638171386718750000e+01
5.775983047485351562e+01
6.460037994384765625e+01
5.201645278930664062e+01
4.667922973632812500e+01
5.672059249877929688e+01
6.301850891113281250e+01
5.344596099853515625e+01
4.710678863525390625e+01
4.957415390014648438e+01
6.428437805175781250e+01
6.112595748901367188e+01
4.849786376953125000e+01
5.023953247070312500e+01
6.323956298828125000e+01
6.205751800537109375e+01
5.020356750488281250e+01
5.266918945312500000e+01
6.481913757324218750e+01
5.882578659057617188e+01
4.843079757690429688e+01
5.115538787841796875e+01
6.354367828369140625e+01
6.118031311035156250e+01
5.097005462646484375e+01
5.002593231201171875e+01
5.962081146240234375e+01
6.018487548828125000e+01
5.000364685058593750e+01
4.665434265136718750e+01
4.745735549926757812e+01
5.148527145385742188e+01
5.391057586669921875e+01
5.144037628173828125e+01
4.858850479125976562e+01
4.979860687255859375e+01
4.860863113403320312e+01
4.803171539306640625e+01
4.902748870849609375e+01
5.282495880126953125e+01
5.533813095092773438e+01
5.365227508544921875e+01
4.942076492309570312e+01
4.648203277587890625e+01
4.595983123779296875e+01
4.454486083984375000e+01
4.595037078857421875e+01
4.757948684692382812e+01
5.429443359375000000e+01
5.895302200317382812e+01
5.390367889404296875e+01
4.647002029418945312e+01
4.320393371582031250e+01
4.300139617919921875e+01
4.170849227905273438e+01
4.470836639404296875e+01
5.537648010253906250e+01
6.751301574707031250e+01
5.702009963989257812e+01
4.573428726196289062e+01
4.638548278808593750e+01
6.381646728515625000e+01
6.631592559814453125e+01
4.986769866943359375e+01
4.661669540405273438e+01
5.717953491210937500e+01
6.733580017089843750e+01
5.437029647827148438e+01
4.598263168334960938e+01
4.881875610351562500e+01
6.423074340820312500e+01
6.536067962646484375e+01
5.068804168701171875e+01
4.842156219482421875e+01
6.495032501220703125e+01
6.891835021972656250e+01
5.349394226074218750e+01
5.408330154418945312e+01
7.024149322509765625e+01
6.191643524169921875e+01
5.058124542236328125e+01
5.987731933593750000e+01
6.846508026123046875e+01
5.571395111083984375e+01
5.153266143798828125e+01
5.869477081298828125e+01
6.336890411376953125e+01
5.663550186157226562e+01
5.099175262451171875e+01
5.609410476684570312e+01
5.957015609741210938e+01
5.407479095458984375e+01
4.866632080078125000e+01
4.862268066406250000e+01
4.681362152099609375e+01
5.019941711425781250e+01
5.509029769897460938e+01
5.777161407470703125e+01
5.239601135253906250e+01
4.631412506103515625e+01
4.563567352294921875e+01
4.571598434448242188e+01
4.467760086059570312e+01
4.384178543090820312e+01
4.415813064575195312e+01
4.987080001831054688e+01
5.982937622070312500e+01
6.337111663818359375e+01
5.286034393310546875e+01
4.462297821044921875e+01
4.764262771606445312e+01
5.392905426025390625e+01
6.653901672363281250e+01
6.356167602539062500e+01
4.953775787353515625e+01
5.002527618408203125e+01
6.102779006958007812e+01
6.822746276855468750e+01
5.532418441772460938e+01
4.981795501708984375e+01
6.124217224121093750e+01
6.440211486816406250e+01
5.324707412719726562e+01
4.859938049316406250e+01
5.008484649658203125e+01
5.614682388305664062e+01
6.078001022338867188e+01
5.554186630249023438e+01
5.123552703857421875e+01
4.724725723266601562e+01
4.624091720581054688e+01
4.923303985595703125e+01
5.659373474121093750e+01
6.168107604980468750e+01
5.528911590576171875e+01
4.844076538085937500e+01
4.581460952758789062e+01
4.425188827514648438e+01
5.066636657714843750e+01
5.977216339111328125e+01
6.625491333007812500e+01
5.555377960205078125e+01
4.634012222290039062e+01
4.804044342041015625e+01
6.256113052368164062e+01
7.180843353271484375e+01
5.454454040527343750e+01
5.009989929199218750e+01
6.470005798339843750e+01
7.554232025146484375e+01
5.642843246459960938e+01
5.591446685791015625e+01
7.747663116455078125e+01
6.080527496337890625e+01
5.869436645507812500e+01
8.323797607421875000e+01
6.340815353393554688e+01
5.885189056396484375e+01
8.041231536865234375e+01
6.441053771972656250e+01
5.842225646972656250e+01
7.303537750244140625e+01
6.709123229980468750e+01
5.676859283447265625e+01
6.659847259521484375e+01
6.787957000732421875e+01
5.419705200195312500e+01
6.053776931762695312e+01
6.778633880615234375e+01
5.847115325927734375e+01
5.414697265625000000e+01
5.693122100830078125e+01
6.369499206542968750e+01
5.968708038330078125e+01
5.157500457763671875e+01
5.327710723876953125e+01
5.704976654052734375e+01
5.963851928710937500e+01
5.590380096435546875e+01
5.055657958984375000e+01
4.686048889160156250e+01
4.798995971679687500e+01
4.979327392578125000e+01
6.057795715332031250e+01
6.726542663574218750e+01
5.659056472778320312e+01
4.910697174072265625e+01
4.891752624511718750e+01
5.304310607910156250e+01
6.332477188110351562e+01
6.362467575073242188e+01
5.293855667114257812e+01
4.960629272460937500e+01
4.810588073730468750e+01
5.332958602905273438e+01
6.660655212402343750e+01
7.087314605712890625e+01
5.495616149902343750e+01
4.935065460205078125e+01
6.072728347778320312e+01
7.116076660156250000e+01
6.145020675659179688e+01
5.025856781005859375e+01
5.343917846679687500e+01
7.077376556396484375e+01
6.444715881347656250e+01
5.253676605224609375e+01
5.071047210693359375e+01
6.259317779541015625e+01
6.602149963378906250e+01
5.787854003906250000e+01
4.969295883178710938e+01
5.221383285522460938e+01
5.724852752685546875e+01
6.437243652343750000e+01
5.936938476562500000e+01
5.164425659179687500e+01
5.068147659301757812e+01
5.291613769531250000e+01
6.443255615234375000e+01
6.679590606689453125e+01
5.451660919189453125e+01
4.994530487060546875e+01
5.726411437988281250e+01
7.414645385742187500e+01
6.468676757812500000e+01
5.203549575805664062e+01
6.050765228271484375e+01
7.462975311279296875e+01
6.459417724609375000e+01
5.457582855224609375e+01
5.743343734741210938e+01
7.550018310546875000e+01
6.566001129150390625e+01
5.352393722534179688e+01
6.229645156860351562e+01
6.932754516601562500e+01
6.003598022460937500e+01
5.274446105957031250e+01
5.615389251708984375e+01
6.301478576660156250e+01
6.544754791259765625e+01
5.575675964355468750e+01
4.900943756103515625e+01
5.341971588134765625e+01
6.218718719482421875e+01
6.628417968750000000e+01
5.847629928588867188e+01
5.093361663818359375e+01
5.123197937011718750e+01
6.307395935058593750e+01
6.780448150634765625e+01
5.813898849487304688e+01
5.194509506225585938e+01
5.415192794799804688e+01
7.227232360839843750e+01
7.060964202880859375e+01
5.518047332763671875e+01
5.328404235839843750e+01
6.748101043701171875e+01
7.718070983886718750e+01
5.905531311035156250e+01
5.638756179809570312e+01
7.238691711425781250e+01
6.836734008789062500e+01
5.494032287597656250e+01
5.720017242431640625e+01
7.426746368408203125e+01
6.853822326660156250e+01
5.409138107299804688e+01
5.865999984741210938e+01
7.389671325683593750e+01
6.489843750000000000e+01
5.360574340820312500e+01
5.259180450439453125e+01
6.303555679321289062e+01
7.790771484375000000e+01
6.092334365844726562e+01
5.592344665527343750e+01
7.692050170898437500e+01
6.995147705078125000e+01
5.477312850952148438e+01
6.650143432617187500e+01
7.652196502685546875e+01
6.172525024414062500e+01
5.756165695190429688e+01
7.212806701660156250e+01
7.200460052490234375e+01
5.619333267211914062e+01
5.959931945800781250e+01
7.576670074462890625e+01
6.438379669189453125e+01
5.422261047363281250e+01
6.245792007446289062e+01
7.060212707519531250e+01
6.481968688964843750e+01
5.554701995849609375e+01
5.531522369384765625e+01
6.284252166748046875e+01
6.550223541259765625e+01
6.107422637939453125e+01
5.400157546997070312e+01
4.941585540771484375e+01
4.879806518554687500e+01
5.182045364379882812e+01
6.351703643798828125e+01
7.043174743652343750e+01
6.142096710205078125e+01
5.123672103881835938e+01
5.311203002929687500e+01
7.104548645019531250e+01
7.481563568115234375e+01
5.661568069458007812e+01
5.279998397827148438e+01
7.338862609863281250e+01
7.684126281738281250e+01
5.662662887573242188e+01
5.812813186645507812e+01
7.777880096435546875e+01
6.944916534423828125e+01
5.512599182128906250e+01
5.423017120361328125e+01
7.232342529296875000e+01
7.850254058837890625e+01
5.740104293823242188e+01
5.789989471435546875e+01
7.851807403564453125e+01
6.938422393798828125e+01
5.683788299560546875e+01
6.129647064208984375e+01
7.509375000000000000e+01
6.883960723876953125e+01
5.587064743041992188e+01
6.372875595092773438e+01
8.356734466552734375e+01
6.691577911376953125e+01
5.773960113525390625e+01
7.997843933105468750e+01
7.394104003906250000e+01
5.877709197998046875e+01
6.902900695800781250e+01
7.617960357666015625e+01
6.258541107177734375e+01
6.007308959960937500e+01
6.947220611572265625e+01
7.330307769775390625e+01
6.256100845336914062e+01
5.623387527465820312e+01
6.649363708496093750e+01
7.052622222900390625e+01
5.878796768188476562e+01
5.391469573974609375e+01
5.760914230346679688e+01
6.723519897460937500e+01
6.536984252929687500e+01
5.730099487304687500e+01
5.331496047973632812e+01
5.045512390136718750e+01
5.339820480346679688e+01
5.525329971313476562e+01
5.677147293090820312e+01
6.283029937744140625e+01
6.444573974609375000e+01
6.110014724731445312e+01
5.314143371582031250e+01
5.138114166259765625e+01
5.377253723144531250e+01
6.294287490844726562e+01
7.076550292968750000e+01
6.540374755859375000e+01
5.517770385742187500e+01
5.019222259521484375e+01
4.875413131713867188e+01
5.759842300415039062e+01
7.446083068847656250e+01
7.123628234863281250e+01
5.717973709106445312e+01
5.191072845458984375e+01
5.537931823730468750e+01
7.221078491210937500e+01
7.285438537597656250e+01
5.760031509399414062e+01
5.076365661621093750e+01
5.340159606933593750e+01
7.517871093750000000e+01
8.296101379394531250e+01
5.926139831542968750e+01
6.567043304443359375e+01
9.359664916992187500e+01
6.432576751708984375e+01
6.344753265380859375e+01
9.337303161621093750e+01
6.958229064941406250e+01
6.443211364746093750e+01
9.302445983886718750e+01
7.169496154785156250e+01
6.954830932617187500e+01
9.231619262695312500e+01
7.028274536132812500e+01
7.469692993164062500e+01
9.798689270019531250e+01
6.927935791015625000e+01
8.063584136962890625e+01
8.594969940185546875e+01
6.737751770019531250e+01
7.286935424804687500e+01
8.682410430908203125e+01
6.818604278564453125e+01
6.832562255859375000e+01
8.253678894042968750e+01
6.845986938476562500e+01
6.472900390625000000e+01
7.495454406738281250e+01
6.972717285156250000e+01
6.176148986816406250e+01
6.652888488769531250e+01
7.232385253906250000e+01
7.049210357666015625e+01
5.942630767822265625e+01
5.870652389526367188e+01
6.745216369628906250e+01
6.919506072998046875e+01
6.200151824951171875e+01
5.710112762451171875e+01
5.479568481445312500e+01
5.874639892578125000e+01
6.392809295654296875e+01
6.866380310058593750e+01
6.184294128417968750e+01
5.562524795532226562e+01
5.371446228027343750e+01
5.145648574829101562e+01
5.069358444213867188e+01
5.206743621826171875e+01
5.882407379150390625e+01
6.816519927978515625e+01
6.945825195312500000e+01
6.053107833862304688e+01
5.447422027587890625e+01
5.147028350830078125e+01
4.917510223388671875e+01
5.160111999511718750e+01
6.365213775634765625e+01
7.958844757080078125e+01
6.819136047363281250e+01
5.356558609008789062e+01
5.271049499511718750e+01
7.048526000976562500e+01
8.636192321777343750e+01
6.334774780273437500e+01
5.620468139648437500e+01
7.789924621582031250e+01
8.352384948730468750e+01
6.309217071533203125e+01
5.845929336547851562e+01
8.054798126220703125e+01
8.396652221679687500e+01
6.160388946533203125e+01
6.556089782714843750e+01
9.036756134033203125e+01
7.102165222167968750e+01
6.421195220947265625e+01
8.418268585205078125e+01
7.536064147949218750e+01
6.254171371459960938e+01
7.159384155273437500e+01
7.676750183105468750e+01
6.638616943359375000e+01
6.080485534667968750e+01
6.126694869995117188e+01
6.389760208129882812e+01
6.464299774169921875e+01
5.745137023925781250e+01
5.892941665649414062e+01
5.553044128417968750e+01
5.449610137939453125e+01
5.424920654296875000e+01
5.294457244873046875e+01
5.131111907958984375e+01
5.181283187866210938e+01
5.590746688842773438e+01
6.421916198730468750e+01
7.624505615234375000e+01
6.887010955810546875e+01
5.553590774536132812e+01
5.456833648681640625e+01
5.667390441894531250e+01
7.621789550781250000e+01
7.836930847167968750e+01
5.889782714843750000e+01
5.517304229736328125e+01
6.469213867187500000e+01
8.470712280273437500e+01
7.000018310546875000e+01
5.677509689331054688e+01
6.665899658203125000e+01
9.047230529785156250e+01
6.954647064208984375e+01
6.084705352783203125e+01
7.925753021240234375e+01
8.261793518066406250e+01
6.435252380371093750e+01
6.213435745239257812e+01
7.667816162109375000e+01
7.857777404785156250e+01
6.557274627685546875e+01
6.049866104125976562e+01
6.972587585449218750e+01
7.890011596679687500e+01
6.744265747070312500e+01
5.842385864257812500e+01
6.650457763671875000e+01
7.212781524658203125e+01
6.464572906494140625e+01
5.896303939819335938e+01
5.541756439208984375e+01
5.590480422973632812e+01
5.562384796142578125e+01
6.677480316162109375e+01
8.041404724121093750e+01
7.118490600585937500e+01
5.949072265625000000e+01
5.476366424560546875e+01
6.343976593017578125e+01
8.074827575683593750e+01
7.624484252929687500e+01
5.966489410400390625e+01
6.474693298339843750e+01
8.922025299072265625e+01
7.227359771728515625e+01
5.896189880371093750e+01
6.736594390869140625e+01
8.366670227050781250e+01
7.393643188476562500e+01
5.997625350952148438e+01
6.242472457885742188e+01
8.054206848144531250e+01
7.763241577148437500e+01
6.148039245605468750e+01
6.039552307128906250e+01
7.536116790771484375e+01
8.480613708496093750e+01
6.669943237304687500e+01
6.133168792724609375e+01
7.309690093994140625e+01
8.254902648925781250e+01
7.272697448730468750e+01
6.098507308959960938e+01
6.362812805175781250e+01
8.033712005615234375e+01
7.750038146972656250e+01
6.231540679931640625e+01
6.209180831909179688e+01
7.626662445068359375e+01
8.048774719238281250e+01
6.441416168212890625e+01
6.016542053222656250e+01
6.505547332763671875e+01
7.596836853027343750e+01
7.776396179199218750e+01
6.147199249267578125e+01
5.970875549316406250e+01
6.724419403076171875e+01
8.039221191406250000e+01
7.618498229980468750e+01
6.141997528076171875e+01
6.077285003662109375e+01
7.503365325927734375e+01
7.854991149902343750e+01
6.852244567871093750e+01
5.878742599487304688e+01
6.064455413818359375e+01
7.528910827636718750e+01
7.645799255371093750e+01
6.320546722412109375e+01
5.895296859741210938e+01
6.781408691406250000e+01
8.198495483398437500e+01
7.577582550048828125e+01
6.102680969238281250e+01
5.718439102172851562e+01
6.099737548828125000e+01
8.162937164306640625e+01
7.936807250976562500e+01
6.156342697143554688e+01
6.594226837158203125e+01
7.982132720947265625e+01
7.646540069580078125e+01
6.527308654785156250e+01
5.955466079711914062e+01
6.829325866699218750e+01
8.084923553466796875e+01
7.726180267333984375e+01
6.407801055908203125e+01
6.211839294433593750e+01
7.506710052490234375e+01
8.159054565429687500e+01
6.550546264648437500e+01
6.036298370361328125e+01
6.762570190429687500e+01
7.924909210205078125e+01
7.733477020263671875e+01
6.219906234741210938e+01
6.254369735717773438e+01
7.345153808593750000e+01
7.884956359863281250e+01
7.365175628662109375e+01
6.019208145141601562e+01
6.104285049438476562e+01
7.009663391113281250e+01
8.464575195312500000e+01
7.170972442626953125e+01
6.004119873046875000e+01
7.011064147949218750e+01
8.335057067871093750e+01
7.851687622070312500e+01
6.281708145141601562e+01
6.091986846923828125e+01
7.816098785400390625e+01
8.247623443603515625e+01
7.068428802490234375e+01
6.062120056152343750e+01
6.133931732177734375e+01
6.726145172119140625e+01
7.847739410400390625e+01
7.822257995605468750e+01
6.334757995605468750e+01
5.885052871704101562e+01
6.449178314208984375e+01
8.108965301513671875e+01
7.888941955566406250e+01
6.159027481079101562e+01
5.671099853515625000e+01
5.751419448852539062e+01
6.895417022705078125e+01
8.373762512207031250e+01
7.303965759277343750e+01
6.128135299682617188e+01
5.616278839111328125e+01
5.819860839843750000e+01
7.161676025390625000e+01
8.851803588867187500e+01
7.010556030273437500e+01
5.944867706298828125e+01
7.914947509765625000e+01
9.508062744140625000e+01
6.852784729003906250e+01
6.592524719238281250e+01
9.321662139892578125e+01
8.160206604003906250e+01
6.310255432128906250e+01
7.336408233642578125e+01
9.615000915527343750e+01
7.277512359619140625e+01
6.288797760009765625e+01
8.380082702636718750e+01
9.245242309570312500e+01
6.992375946044921875e+01
7.091987609863281250e+01
9.345874023437500000e+01
8.172917175292968750e+01
6.868959045410156250e+01
8.470038604736328125e+01
8.857659912109375000e+01
7.160289001464843750e+01
6.903826141357421875e+01
8.612359619140625000e+01
8.228427886962890625e+01
6.720684814453125000e+01
6.759028625488281250e+01
7.914524841308593750e+01
8.071909332275390625e+01
6.756820678710937500e+01
6.243090057373046875e+01
7.199119567871093750e+01
7.934767913818359375e+01
7.280899047851562500e+01
6.397294998168945312e+01
5.904806518554687500e+01
5.970666885375976562e+01
6.629924774169921875e+01
7.807001495361328125e+01
8.295538330078125000e+01
6.642997741699218750e+01
5.993069458007812500e+01
6.011701202392578125e+01
7.598092651367187500e+01
9.017777252197265625e+01
6.988346862792968750e+01
6.124622344970703125e+01
8.474031066894531250e+01
9.533332824707031250e+01
6.923699951171875000e+01
6.656524658203125000e+01
8.671865844726562500e+01
8.913713073730468750e+01
6.651979827880859375e+01
7.172233581542968750e+01
1.023932647705078125e+02
7.772276306152343750e+01
6.734333038330078125e+01
9.012138366699218750e+01
8.600462341308593750e+01
6.803533172607421875e+01
6.796066284179687500e+01
8.546254730224609375e+01
8.612528991699218750e+01
6.690815734863281250e+01
7.013687896728515625e+01
8.820783233642578125e+01
8.055123138427734375e+01
6.402198028564453125e+01
6.707511901855468750e+01
7.690911102294921875e+01
7.892070770263671875e+01
6.913050079345703125e+01
5.985575103759765625e+01
6.030827331542968750e+01
5.992272186279296875e+01
6.880239868164062500e+01
8.470764160156250000e+01
8.182576751708984375e+01
6.418808746337890625e+01
6.360932540893554688e+01
9.037652587890625000e+01
9.164227294921875000e+01
6.806986999511718750e+01
7.687956237792968750e+01
9.444945526123046875e+01
7.690719604492187500e+01
6.766305541992187500e+01
8.211633300781250000e+01
9.379953002929687500e+01
7.455220794677734375e+01
6.726039123535156250e+01
8.590982818603515625e+01
8.671587371826171875e+01
6.923912811279296875e+01
6.833568572998046875e+01
8.696469116210937500e+01
8.493116760253906250e+01
6.812745666503906250e+01
7.202999877929687500e+01
8.669111633300781250e+01
8.066139984130859375e+01
6.772919464111328125e+01
7.051511383056640625e+01
8.651763153076171875e+01
8.328958129882812500e+01
6.980163574218750000e+01
6.778560638427734375e+01
8.470226287841796875e+01
8.528573608398437500e+01
6.788138580322265625e+01
6.900419616699218750e+01
7.743907165527343750e+01
8.658280181884765625e+01
7.473063659667968750e+01
6.373345947265625000e+01
7.461550903320312500e+01
8.633303070068359375e+01
8.156877899169921875e+01
6.789389038085937500e+01
6.378810501098632812e+01
7.660633850097656250e+01
8.464177703857421875e+01
7.486155700683593750e+01
6.480721282958984375e+01
6.449188232421875000e+01
7.979935455322265625e+01
8.299601745605468750e+01
7.177609252929687500e+01
6.370501708984375000e+01
6.411492156982421875e+01
7.924469757080078125e+01
9.120873260498046875e+01
7.304258728027343750e+01
6.254296875000000000e+01
7.223558807373046875e+01
9.858933258056640625e+01
8.375518035888671875e+01
6.692944335937500000e+01
7.630429840087890625e+01
9.224069976806640625e+01
7.877906799316406250e+01
6.553343200683593750e+01
7.679354095458984375e+01
9.552780151367187500e+01
8.100882720947265625e+01
6.603939819335937500e+01
7.308315277099609375e+01
9.320616912841796875e+01
8.595581817626953125e+01
6.906074523925781250e+01
6.836905670166015625e+01
9.320195007324218750e+01
9.143963623046875000e+01
7.014054870605468750e+01
7.373651123046875000e+01
9.820979309082031250e+01
8.848913574218750000e+01
7.029688262939453125e+01
7.450872802734375000e+01
9.604920959472656250e+01
8.543888092041015625e+01
7.134306335449218750e+01
7.519725799560546875e+01
9.603383636474609375e+01
8.419631195068359375e+01
6.854673767089843750e+01
8.086508178710937500e+01
9.909469604492187500e+01
7.862692260742187500e+01
6.681950378417968750e+01
8.290504455566406250e+01
9.379933166503906250e+01
7.779523468017578125e+01
6.714710235595703125e+01
8.198629760742187500e+01
1.025395126342773438e+02
7.991850280761718750e+01
7.288031005859375000e+01
9.268110656738281250e+01
9.296723937988281250e+01
7.064244079589843750e+01
7.093196105957031250e+01
9.120292663574218750e+01
9.434016418457031250e+01
7.387074279785156250e+01
7.493232727050781250e+01
1.009600219726562500e+02
8.636448669433593750e+01
7.440953063964843750e+01
9.089295959472656250e+01
9.448060607910156250e+01
7.603403472900390625e+01
7.365528869628906250e+01
8.148120117187500000e+01
8.044793701171875000e+01
7.774894714355468750e+01
6.755537414550781250e+01
6.663047790527343750e+01
8.097698974609375000e+01
9.084957122802734375e+01
7.628216552734375000e+01
6.520904541015625000e+01
7.486296081542968750e+01
9.967442321777343750e+01
8.395182800292968750e+01
6.828257751464843750e+01
7.667575073242187500e+01
9.732676696777343750e+01
8.687899780273437500e+01
6.999847412109375000e+01
8.852336883544921875e+01
1.030339050292968750e+02
7.801290893554687500e+01
7.333760833740234375e+01
9.776661682128906250e+01
8.912107849121093750e+01
7.086993408203125000e+01
7.862371826171875000e+01
9.637679290771484375e+01
8.081915283203125000e+01
7.154360198974609375e+01
7.952732849121093750e+01
8.919197082519531250e+01
8.568327331542968750e+01
7.182192230224609375e+01
6.691034698486328125e+01
7.825458526611328125e+01
9.038452148437500000e+01
8.085795593261718750e+01
6.748297119140625000e+01
6.462787628173828125e+01
7.284580993652343750e+01
9.580926513671875000e+01
8.503425598144531250e+01
6.825936889648437500e+01
7.462181854248046875e+01
9.712209320068359375e+01
9.037963104248046875e+01
6.978688812255859375e+01
7.610531616210937500e+01
9.914170837402343750e+01
8.946970367431640625e+01
7.152394866943359375e+01
7.705226135253906250e+01
1.032656097412109375e+02
8.363127136230468750e+01
7.271835327148437500e+01
8.381506347656250000e+01
9.443695068359375000e+01
8.292793273925781250e+01
7.052250671386718750e+01
7.423469543457031250e+01
9.330481719970703125e+01
8.690201568603515625e+01
7.223109436035156250e+01
7.495652008056640625e+01
8.787353515625000000e+01
9.060458374023437500e+01
7.639994049072265625e+01
6.946546936035156250e+01
7.365445709228515625e+01
8.977726745605468750e+01
8.548786926269531250e+01
7.245910644531250000e+01
6.531813049316406250e+01
6.327751922607421875e+01
7.680084228515625000e+01
9.622465515136718750e+01
8.611766052246093750e+01
6.878330230712890625e+01
6.632786560058593750e+01
8.559834289550781250e+01
1.009999618530273438e+02
7.927843475341796875e+01
6.944506835937500000e+01
8.608432769775390625e+01
9.953415679931640625e+01
8.210129547119140625e+01
6.916603088378906250e+01
7.566623687744140625e+01
1.020656051635742188e+02
8.643064880371093750e+01
6.698162841796875000e+01
7.778884887695312500e+01
1.028873901367187500e+02
8.791652679443359375e+01
6.969839477539062500e+01
8.165573883056640625e+01
1.064099349975585938e+02
8.427313995361328125e+01
7.166280364990234375e+01
9.200305175781250000e+01
1.002084655761718750e+02
7.681040954589843750e+01
7.205416870117187500e+01
9.248484802246093750e+01
1.074393768310546875e+02
8.228875732421875000e+01
7.635803222656250000e+01
1.079641647338867188e+02
9.467350769042968750e+01
7.731052398681640625e+01
8.370314025878906250e+01
9.949674224853515625e+01
8.725077819824218750e+01
7.463848114013671875e+01
8.258914184570312500e+01
9.758029937744140625e+01
8.538839721679687500e+01
6.978947448730468750e+01
7.971234130859375000e+01
9.061634826660156250e+01
8.828164672851562500e+01
7.690290832519531250e+01
6.669857025146484375e+01
7.250935363769531250e+01
9.083697509765625000e+01
8.749633789062500000e+01
7.033450317382812500e+01
6.618128967285156250e+01
7.234365844726562500e+01
8.881593322753906250e+01
9.100568389892578125e+01
7.586712646484375000e+01
6.475215911865234375e+01
6.100856781005859375e+01
6.551454925537109375e+01
8.568408203125000000e+01
1.011955566406250000e+02
8.240796661376953125e+01
6.722570800781250000e+01
6.214512634277343750e+01
7.417980957031250000e+01
1.059151458740234375e+02
9.188439941406250000e+01
6.880506896972656250e+01
8.058035278320312500e+01
1.145571975708007812e+02
8.800749206542968750e+01
7.423925781250000000e+01
1.098975753784179688e+02
9.876198577880859375e+01
7.382359313964843750e+01
8.640399932861328125e+01
1.023595733642578125e+02
8.673739624023437500e+01
7.064707946777343750e+01
7.784642028808593750e+01
9.380428314208984375e+01
9.010667419433593750e+01
7.630007934570312500e+01
6.808599853515625000e+01
6.979692840576171875e+01
8.034279632568359375e+01
9.913750457763671875e+01
8.596156311035156250e+01
6.886173248291015625e+01
8.179628753662109375e+01
1.139600448608398438e+02
8.666338348388671875e+01
7.110948181152343750e+01
9.090878295898437500e+01
1.047757034301757812e+02
7.940197753906250000e+01
7.619178771972656250e+01
9.847893524169921875e+01
1.016910705566406250e+02
8.075306701660156250e+01
7.666233825683593750e+01
9.605641937255859375e+01
9.169926452636718750e+01
7.366662597656250000e+01
7.810929870605468750e+01
1.016376876831054688e+02
9.045947265625000000e+01
7.226980590820312500e+01
8.015778350830078125e+01
9.297755432128906250e+01
8.864587402343750000e+01
7.539355468750000000e+01
6.899398803710937500e+01
7.317645263671875000e+01
8.803173828125000000e+01
9.257574462890625000e+01
7.587889862060546875e+01
6.703837585449218750e+01
6.921572113037109375e+01
9.292462158203125000e+01
1.073560638427734375e+02
7.907122039794921875e+01
7.266015625000000000e+01
1.025415344238281250e+02
1.112134017944335938e+02
7.725633239746093750e+01
8.488243103027343750e+01
1.261696166992187500e+02
8.979524993896484375e+01
8.721298217773437500e+01
1.284566040039062500e+02
9.012242889404296875e+01
9.325112915039062500e+01
1.237100067138671875e+02
9.164598083496093750e+01
9.054765319824218750e+01
1.190317840576171875e+02
9.355944824218750000e+01
8.692824554443359375e+01
1.130556182861328125e+02
9.736200714111328125e+01
8.457191467285156250e+01
1.007257614135742188e+02
1.037065353393554688e+02
8.258076477050781250e+01
8.857199096679687500e+01
9.372617340087890625e+01
8.118448638916015625e+01
7.820440673828125000e+01
7.546676635742187500e+01
7.489778137207031250e+01
8.855255889892578125e+01
8.281967926025390625e+01
7.448822784423828125e+01
7.240589904785156250e+01
6.660263061523437500e+01
6.566969299316406250e+01
6.699314880371093750e+01
6.935992431640625000e+01
8.706759643554687500e+01
1.008918151855468750e+02
8.310779571533203125e+01
7.256092834472656250e+01
6.896876525878906250e+01
7.963150787353515625e+01
1.027842483520507812e+02
9.576521301269531250e+01
7.415869903564453125e+01
7.087987518310546875e+01
8.622454833984375000e+01
1.101849822998046875e+02
8.625558471679687500e+01
7.438883972167968750e+01
1.060445861816406250e+02
1.097995223999023438e+02
8.058615112304687500e+01
7.999259185791015625e+01
1.026485519409179688e+02
1.035309066772460938e+02
8.096221923828125000e+01
7.913241577148437500e+01
9.662028503417968750e+01
1.005263824462890625e+02
8.107025146484375000e+01
7.568362426757812500e+01
8.748282623291015625e+01
1.087653427124023438e+02
9.030305480957031250e+01
7.573692321777343750e+01
8.347213745117187500e+01
1.064554748535156250e+02
9.936241912841796875e+01
7.665985870361328125e+01
8.646144866943359375e+01
1.172177429199218750e+02
9.312220764160156250e+01
8.091340637207031250e+01
1.025642547607421875e+02
1.017788696289062500e+02
8.122701263427734375e+01
7.983148193359375000e+01
8.711469268798828125e+01
1.006004943847656250e+02
9.076569366455078125e+01
7.849420166015625000e+01
7.167504882812500000e+01
8.642913818359375000e+01
9.815483093261718750e+01
8.833151245117187500e+01
7.304922485351562500e+01
7.198016357421875000e+01
8.246004486083984375e+01
9.918283843994140625e+01
8.942591857910156250e+01
7.378804016113281250e+01
6.886492156982421875e+01
7.424655151367187500e+01
1.032457351684570312e+02
1.053156204223632812e+02
7.897890472412109375e+01
7.694333648681640625e+01
9.434034729003906250e+01
1.065033493041992188e+02
8.881783294677734375e+01
7.409088897705078125e+01
9.290062713623046875e+01
1.139451751708984375e+02
8.656420898437500000e+01
7.852040863037109375e+01
1.007347412109375000e+02
1.143845520019531250e+02
8.992166137695312500e+01
8.879806518554687500e+01
1.178359069824218750e+02
1.015046386718750000e+02
8.678071594238281250e+01
1.139448852539062500e+02
1.054175567626953125e+02
8.364681243896484375e+01
9.439310455322265625e+01
9.989048767089843750e+01
8.363050842285156250e+01
8.143034362792968750e+01
8.201810455322265625e+01
8.468876647949218750e+01
8.771585083007812500e+01
8.224096679687500000e+01
7.906984710693359375e+01
7.329740905761718750e+01
7.021688079833984375e+01
6.959599304199218750e+01
6.914900970458984375e+01
7.853492736816406250e+01
9.847311401367187500e+01
9.398683929443359375e+01
7.787474822998046875e+01
6.796138000488281250e+01
6.319107055664062500e+01
6.647653198242187500e+01
7.290365600585937500e+01
9.259239196777343750e+01
1.037450942993164062e+02
8.756736755371093750e+01
7.165055847167968750e+01
6.979870605468750000e+01
9.471951293945312500e+01
1.221843261718750000e+02
8.944387054443359375e+01
7.466766357421875000e+01
1.007286682128906250e+02
1.235228424072265625e+02
8.758406829833984375e+01
8.945162963867187500e+01
1.202308959960937500e+02
9.705493927001953125e+01
8.019816589355468750e+01
1.005759506225585938e+02
1.082574844360351562e+02
8.707070922851562500e+01
7.811904144287109375e+01
1.013756332397460938e+02
1.083833160400390625e+02
8.526834869384765625e+01
7.989608764648437500e+01
1.008020629882812500e+02
1.154951095581054688e+02
8.921411132812500000e+01
8.534898376464843750e+01
1.138650512695312500e+02
1.077812576293945312e+02
8.435857391357421875e+01
9.160222625732421875e+01
1.140990524291992188e+02
9.562275695800781250e+01
8.132602691650390625e+01
9.397537994384765625e+01
1.116694946289062500e+02
9.654072570800781250e+01
8.115515136718750000e+01
8.397132110595703125e+01
1.094994659423828125e+02
1.041573562622070312e+02
8.210974121093750000e+01
8.429296112060546875e+01
1.053258819580078125e+02
1.050861816406250000e+02
8.442603302001953125e+01
7.837773132324218750e+01
9.450463104248046875e+01
1.163215637207031250e+02
9.296807861328125000e+01
7.749794006347656250e+01
9.861513519287109375e+01
1.276350708007812500e+02
9.141119384765625000e+01
8.919967651367187500e+01
1.236650466918945312e+02
9.936453247070312500e+01
8.235578918457031250e+01
9.936335754394531250e+01
1.188387145996093750e+02
9.363574981689453125e+01
8.242716979980468750e+01
8.951890563964843750e+01
1.127428894042968750e+02
1.002110671997070312e+02
8.137760925292968750e+01
8.749407958984375000e+01
1.035074920654296875e+02
1.060433044433593750e+02
9.081578826904296875e+01
8.006275939941406250e+01
1.011284179687500000e+02
1.185070419311523438e+02
9.141268920898437500e+01
8.382077026367187500e+01
1.051657638549804688e+02
1.101200561523437500e+02
8.866026306152343750e+01
8.505574035644531250e+01
1.016158142089843750e+02
1.036480178833007812e+02
8.382629394531250000e+01
8.001733398437500000e+01
7.848740386962890625e+01
9.129527282714843750e+01
1.099585266113281250e+02
9.394052886962890625e+01
7.817766571044921875e+01
8.457257843017578125e+01
1.124025344848632812e+02
1.086929626464843750e+02
8.206959533691406250e+01
8.679696655273437500e+01
1.155478057861328125e+02
9.965785980224609375e+01
8.200303649902343750e+01
8.718446350097656250e+01
1.090444488525390625e+02
1.045416412353515625e+02
8.243297576904296875e+01
8.625710296630859375e+01
1.028035430908203125e+02
1.040194396972656250e+02
8.869245910644531250e+01
7.625253295898437500e+01
8.430705261230468750e+01
1.138086395263671875e+02
1.076856231689453125e+02
8.460134887695312500e+01
7.798940277099609375e+01
9.819740295410156250e+01
1.224144744873046875e+02
9.542781066894531250e+01
8.200942993164062500e+01
1.053393707275390625e+02
1.252664031982421875e+02
9.218859100341796875e+01
9.077258300781250000e+01
1.228074798583984375e+02
1.031326599121093750e+02
8.038143920898437500e+01
9.409754943847656250e+01
1.105388641357421875e+02
9.761354827880859375e+01
8.174014282226562500e+01
8.076007080078125000e+01
8.471559906005859375e+01
1.014044494628906250e+02
1.030993041992187500e+02
8.388134002685546875e+01
7.955776977539062500e+01
7.294725799560546875e+01
7.775284576416015625e+01
9.281866455078125000e+01
1.123114166259765625e+02
1.005653228759765625e+02
7.855318450927734375e+01
8.307553100585937500e+01
1.149277801513671875e+02
1.084562683105468750e+02
8.738319396972656250e+01
7.785856628417968750e+01
9.745245361328125000e+01
1.192573699951171875e+02
9.290951538085937500e+01
8.097986602783203125e+01
8.880668640136718750e+01
1.197250595092773438e+02
1.071293792724609375e+02
8.228295135498046875e+01
9.321537780761718750e+01
1.233656158447265625e+02
1.006853027343750000e+02
8.282122802734375000e+01
1.150011749267578125e+02
1.244793548583984375e+02
8.886587524414062500e+01
9.736248779296875000e+01
1.272484130859375000e+02
1.027867050170898438e+02
9.117364501953125000e+01
1.189504852294921875e+02
1.201125183105468750e+02
9.415607452392578125e+01
1.076950378417968750e+02
1.289938049316406250e+02
9.996903991699218750e+01
9.823294067382812500e+01
1.230195999145507812e+02
1.073612518310546875e+02
9.254010009765625000e+01
1.093673782348632812e+02
1.123429107666015625e+02
9.395560455322265625e+01
8.847406768798828125e+01
9.875348663330078125e+01
1.084104232788085938e+02
9.526725006103515625e+01
8.070944213867187500e+01
8.083915710449218750e+01
8.862064361572265625e+01
1.056505050659179688e+02
1.030574798583984375e+02
8.703520202636718750e+01
7.976622009277343750e+01
7.395103454589843750e+01
7.137455749511718750e+01
6.971129608154296875e+01
7.013351440429687500e+01
7.389067077636718750e+01
9.714840698242187500e+01
1.398746795654296875e+02
9.408541870117187500e+01
8.457144927978515625e+01
1.424569244384765625e+02
1.167570800781250000e+02
8.796140289306640625e+01
1.217356262207031250e+02
1.338222503662109375e+02
9.308993530273437500e+01
1.085492630004882812e+02
1.464291839599609375e+02
1.040680694580078125e+02
1.090179367065429688e+02
1.473010711669921875e+02
1.049515991210937500e+02
1.160140533447265625e+02
1.450247955322265625e+02
1.110426330566406250e+02
1.219033966064453125e+02
1.310285034179687500e+02
1.078557434082031250e+02
1.130041961669921875e+02
1.210569229125976562e+02
1.046541824340820312e+02
1.009178009033203125e+02
1.100792465209960938e+02
1.053087768554687500e+02
8.891643524169921875e+01
9.398355102539062500e+01
1.024765472412109375e+02
9.413264465332031250e+01
8.811161804199218750e+01
8.062266540527343750e+01
7.802383422851562500e+01
7.485437774658203125e+01
7.507148742675781250e+01
7.612774658203125000e+01
8.278929138183593750e+01
1.015269775390625000e+02
1.141763839721679688e+02
9.878543090820312500e+01
7.902735900878906250e+01
7.221257019042968750e+01
9.415666961669921875e+01
1.312619323730468750e+02
1.031272583007812500e+02
7.894481658935546875e+01
9.575512695312500000e+01
1.269834442138671875e+02
1.052036285400390625e+02
8.646173858642578125e+01
8.088757324218750000e+01
1.074600982666015625e+02
1.294481811523437500e+02
9.433097839355468750e+01
8.472380828857421875e+01
1.164510421752929688e+02
1.297343139648437500e+02
9.583025360107421875e+01
8.920541381835937500e+01
1.118433456420898438e+02
1.240798339843750000e+02
9.613517761230468750e+01
9.103683471679687500e+01
1.213792572021484375e+02
1.219929046630859375e+02
9.619686126708984375e+01
1.030253753662109375e+02
1.250936737060546875e+02
1.054745712280273438e+02
8.816706085205078125e+01
1.009117126464843750e+02
1.208397369384765625e+02
1.033446121215820312e+02
8.524412536621093750e+01
9.318875122070312500e+01
1.154652557373046875e+02
1.085446090698242188e+02
9.174510955810546875e+01
8.323394775390625000e+01
1.007566604614257812e+02
1.165367279052734375e+02
1.005177459716796875e+02
8.677648925781250000e+01
8.704420471191406250e+01
1.102085037231445312e+02
1.204471359252929688e+02
9.424485015869140625e+01
8.477131652832031250e+01
1.014383621215820312e+02
1.180202636718750000e+02
1.040282135009765625e+02
8.797700500488281250e+01
8.209141540527343750e+01
9.933492279052734375e+01
1.196055679321289062e+02
1.033484039306640625e+02
8.632429504394531250e+01
8.938165283203125000e+01
1.254921264648437500e+02
1.183022384643554688e+02
8.950857543945312500e+01
9.542429351806640625e+01
1.189387130737304688e+02
1.106718750000000000e+02
9.480868530273437500e+01
8.278162384033203125e+01
8.578025817871093750e+01
1.159934387207031250e+02
1.204796066284179688e+02
9.183804321289062500e+01
8.741961669921875000e+01
1.107703704833984375e+02
1.231724929809570312e+02
1.020788116455078125e+02
8.777667236328125000e+01
1.041461257934570312e+02
1.245301589965820312e+02
1.015160217285156250e+02
8.712885284423828125e+01
1.007327194213867188e+02
1.251694641113281250e+02
1.082088470458984375e+02
8.862478637695312500e+01
9.552391052246093750e+01
1.250074081420898438e+02
1.097045516967773438e+02
8.954605102539062500e+01
9.538861083984375000e+01
1.247103271484375000e+02
1.179807968139648438e+02
9.300828552246093750e+01
1.016332702636718750e+02
1.358756408691406250e+02
1.078521041870117188e+02
9.905679321289062500e+01
1.409592742919921875e+02
1.162149353027343750e+02
9.905632019042968750e+01
1.216870193481445312e+02
1.206852874755859375e+02
9.548030090332031250e+01
9.905326080322265625e+01
1.220782775878906250e+02
1.152194976806640625e+02
9.176274108886718750e+01
9.436872100830078125e+01
1.129477920532226562e+02
1.117072982788085938e+02
8.948971557617187500e+01
8.510815429687500000e+01
8.556619262695312500e+01
9.776325225830078125e+01
1.185136337280273438e+02
1.059767761230468750e+02
8.286962127685546875e+01
7.920822906494140625e+01
7.848367309570312500e+01
9.223402404785156250e+01
1.311335601806640625e+02
1.119332656860351562e+02
8.434095001220703125e+01
8.317088317871093750e+01
1.235936431884765625e+02
1.382317810058593750e+02
9.512210083007812500e+01
1.067982330322265625e+02
1.587006835937500000e+02
1.020516815185546875e+02
1.073865051269531250e+02
1.682564392089843750e+02
1.078456649780273438e+02
1.250875244140625000e+02
1.625464782714843750e+02
1.078412170410156250e+02
1.337273406982421875e+02
1.570800170898437500e+02
1.159554748535156250e+02
1.340575256347656250e+02
1.348495483398437500e+02
1.104662780761718750e+02
1.177080764770507812e+02
1.257149429321289062e+02
1.078182678222656250e+02
1.011349792480468750e+02
1.124509201049804688e+02
1.113913879394531250e+02
9.622011566162109375e+01
9.139292907714843750e+01
1.000502166748046875e+02
9.824700927734375000e+01
1.028207855224609375e+02
9.179402160644531250e+01
9.106941986083984375e+01
8.835548400878906250e+01
8.993468475341796875e+01
9.366297149658203125e+01
1.014707717895507812e+02
1.096777954101562500e+02
9.899221801757812500e+01
9.396102142333984375e+01
8.501161956787109375e+01
8.315975952148437500e+01
8.038606262207031250e+01
7.971273803710937500e+01
8.416056060791015625e+01
9.823595428466796875e+01
1.237718353271484375e+02
1.098296813964843750e+02
8.659485626220703125e+01
7.906141662597656250e+01
9.236380767822265625e+01
1.319645690917968750e+02
1.245437774658203125e+02
9.273200988769531250e+01
8.966798400878906250e+01
1.267370910644531250e+02
1.300381011962890625e+02
9.309570312500000000e+01
9.318844604492187500e+01
1.291033935546875000e+02
1.322513427734375000e+02
9.522229766845703125e+01
9.959101867675781250e+01
1.511510009765625000e+02
1.160631103515625000e+02
1.035414581298828125e+02
1.522279663085937500e+02
1.143429641723632812e+02
1.003779144287109375e+02
1.353081054687500000e+02
1.234434661865234375e+02
9.787207031250000000e+01
1.129144973754882812e+02
1.330227050781250000e+02
1.088435516357421875e+02
9.621066284179687500e+01
1.171376113891601562e+02
1.340447387695312500e+02
1.054717254638671875e+02
9.589852905273437500e+01
1.210531311035156250e+02
1.209586410522460938e+02
1.001055297851562500e+02
9.165626525878906250e+01
1.046897430419921875e+02
1.283172607421875000e+02
1.076291656494140625e+02
8.646400451660156250e+01
8.794543457031250000e+01
1.152671890258789062e+02
1.343145751953125000e+02
1.019168090820312500e+02
9.118603515625000000e+01
1.256595916748046875e+02
1.303683319091796875e+02
9.970877838134765625e+01
9.758665466308593750e+01
1.243660278320312500e+02
1.292631835937500000e+02
9.941265869140625000e+01
9.352030181884765625e+01
1.222002487182617188e+02
1.345002136230468750e+02
1.032982177734375000e+02
9.686044311523437500e+01
1.264202270507812500e+02
1.351327209472656250e+02
1.024668426513671875e+02
9.878228759765625000e+01
1.371910095214843750e+02
1.196044998168945312e+02
9.563830566406250000e+01
9.521522521972656250e+01
1.130284881591796875e+02
1.287632446289062500e+02
1.091669692993164062e+02
8.972087097167968750e+01
9.369521331787109375e+01
1.159878082275390625e+02
1.368338623046875000e+02
1.063886260986328125e+02
9.681369781494140625e+01
1.332186584472656250e+02
1.329378509521484375e+02
9.841098785400390625e+01
9.488278198242187500e+01
1.254226379394531250e+02
1.351823730468750000e+02
1.069848632812500000e+02
9.330644226074218750e+01
1.088864212036132812e+02
1.294992370605468750e+02
1.118725891113281250e+02
9.454216003417968750e+01
9.122633361816406250e+01
1.161555786132812500e+02
1.319374237060546875e+02
1.055009613037109375e+02
9.091864013671875000e+01
1.073478927612304688e+02
1.439404907226562500e+02
1.140503463745117188e+02
9.650019836425781250e+01
1.214934997558593750e+02
1.359411010742187500e+02
1.045544891357421875e+02
9.121178436279296875e+01
1.167952194213867188e+02
1.416380767822265625e+02
1.079696350097656250e+02
9.235117340087890625e+01
1.190874099731445312e+02
1.398262329101562500e+02
1.079214248657226562e+02
9.373205566406250000e+01
1.129783401489257812e+02
1.474464263916015625e+02
1.123418350219726562e+02
1.007033996582031250e+02
1.411903381347656250e+02
1.367868347167968750e+02
1.040214767456054688e+02
1.257370147705078125e+02
1.443423156738281250e+02
1.046046600341796875e+02
9.719457244873046875e+01
1.311885681152343750e+02
1.301586151123046875e+02
1.005852737426757812e+02
9.131796264648437500e+01
1.065418243408203125e+02
1.407428131103515625e+02
1.174583587646484375e+02
9.524278259277343750e+01
1.048946304321289062e+02
1.373806457519531250e+02
1.177531051635742188e+02
9.177242279052734375e+01
9.355360412597656250e+01
1.181648864746093750e+02
1.382451934814453125e+02
1.046777343750000000e+02
9.256754302978515625e+01
1.276521911621093750e+02
1.449622497558593750e+02
1.046723785400390625e+02
9.423180389404296875e+01
1.192134780883789062e+02
1.455359191894531250e+02
1.080403442382812500e+02
1.016475067138671875e+02
1.440425262451171875e+02
1.294571380615234375e+02
9.691577911376953125e+01
1.103240661621093750e+02
1.425208129882812500e+02
1.098013763427734375e+02
9.794898986816406250e+01
1.206884460449218750e+02
1.360048370361328125e+02
1.091998367309570312e+02
9.389524841308593750e+01
1.065055770874023438e+02
1.311361846923828125e+02
1.210777587890625000e+02
9.953549194335937500e+01
9.365025329589843750e+01
1.079596633911132812e+02
1.191861724853515625e+02
1.193159942626953125e+02
1.035842437744140625e+02
8.919209289550781250e+01
9.027117919921875000e+01
1.097084197998046875e+02
1.294026947021484375e+02
1.139143676757812500e+02
9.362351989746093750e+01
8.728680419921875000e+01
9.784881591796875000e+01
1.223498001098632812e+02
1.230787658691406250e+02
1.044776687622070312e+02
8.969433593750000000e+01
8.363290405273437500e+01
8.264530181884765625e+01
9.190620422363281250e+01
1.292492218017578125e+02
1.327636413574218750e+02
9.678675842285156250e+01
9.231110382080078125e+01
1.208976135253906250e+02
1.544684295654296875e+02
1.108684539794921875e+02
9.264394378662109375e+01
1.290250396728515625e+02
1.479470367431640625e+02
1.042116851806640625e+02
1.013421401977539062e+02
1.509150085449218750e+02
1.337057800292968750e+02
9.902622985839843750e+01
1.191646575927734375e+02
1.643358154296875000e+02
1.164736175537109375e+02
1.117667922973632812e+02
1.659296875000000000e+02
1.237363281250000000e+02
1.179028015136718750e+02
1.716046295166015625e+02
1.240310363769531250e+02
1.179482116699218750e+02
1.791403503417968750e+02
1.301007995605468750e+02
1.291003723144531250e+02
1.574706573486328125e+02
1.233676605224609375e+02
1.188139343261718750e+02
1.525081787109375000e+02
1.256030120849609375e+02
1.062390594482421875e+02
1.288524780273437500e+02
1.422004699707031250e+02
1.092642440795898438e+02
1.086081619262695312e+02
1.161657638549804688e+02
1.303932647705078125e+02
1.175276489257812500e+02
9.637490081787109375e+01
1.004795989990234375e+02
1.076352691650390625e+02
1.139752731323242188e+02
1.137774581909179688e+02
9.909463500976562500e+01
9.456994628906250000e+01
9.562421417236328125e+01
1.122442016601562500e+02
1.256419525146484375e+02
1.119655761718750000e+02
9.331918334960937500e+01
8.730110931396484375e+01
8.197981262207031250e+01
8.179882812500000000e+01
8.072787475585937500e+01
8.926187896728515625e+01
1.193775024414062500e+02
1.498102111816406250e+02
1.137906799316406250e+02
9.361880493164062500e+01
1.390113220214843750e+02
1.681759948730468750e+02
1.103466491699218750e+02
1.218581924438476562e+02
1.738731079101562500e+02
1.182471618652343750e+02
1.278735733032226562e+02
1.761251220703125000e+02
1.216684646606445312e+02
1.263327789306640625e+02
1.726224365234375000e+02
1.246347503662109375e+02
1.364633331298828125e+02
1.639632263183593750e+02
1.230699234008789062e+02
1.275215301513671875e+02
1.633688659667968750e+02
1.297032623291015625e+02
1.320442504882812500e+02
1.635039825439453125e+02
1.302256774902343750e+02
1.233035125732421875e+02
1.632775573730468750e+02
1.309476928710937500e+02
1.209534606933593750e+02
1.529867553710937500e+02
1.377764282226562500e+02
1.171549835205078125e+02
1.421667022705078125e+02
1.427552032470703125e+02
1.157638092041015625e+02
1.249505996704101562e+02
1.457576599121093750e+02
1.217176971435546875e+02
1.077168273925781250e+02
1.390810241699218750e+02
1.394921875000000000e+02
1.075136108398437500e+02
1.121441116333007812e+02
1.438648071289062500e+02
1.236917953491210938e+02
1.022592163085937500e+02
1.283575286865234375e+02
1.534508972167968750e+02
1.155721588134765625e+02
1.075218811035156250e+02
1.438247985839843750e+02
1.406803741455078125e+02
1.104911880493164062e+02
1.141760025024414062e+02
1.452566528320312500e+02
1.319566802978515625e+02
1.060726165771484375e+02
1.140904541015625000e+02
1.406557769775390625e+02
1.264078216552734375e+02
1.021335449218750000e+02
9.958588409423828125e+01
1.121722640991210938e+02
1.266583251953125000e+02
1.178159179687500000e+02
1.010377197265625000e+02
9.171100616455078125e+01
8.985656738281250000e+01
9.564772033691406250e+01
1.229098510742187500e+02
1.408679504394531250e+02
1.138977355957031250e+02
9.848892211914062500e+01
9.468298339843750000e+01
1.194996490478515625e+02
1.461106567382812500e+02
1.151594848632812500e+02
9.331228637695312500e+01
1.171105957031250000e+02
1.739003448486328125e+02
1.150275039672851562e+02
1.042510986328125000e+02
1.616139221191406250e+02
1.411877288818359375e+02
1.038981628417968750e+02
1.231571426391601562e+02
1.489207611083984375e+02
1.164516296386718750e+02
9.852859497070312500e+01
1.051018066406250000e+02
1.388633880615234375e+02
1.360808105468750000e+02
1.034859619140625000e+02
9.347442626953125000e+01
1.085226669311523438e+02
1.458817749023437500e+02
1.304300994873046875e+02
1.008191299438476562e+02
1.082150192260742188e+02
1.469259185791015625e+02
1.307589569091796875e+02
1.053646774291992188e+02
1.045588378906250000e+02
1.497498168945312500e+02
1.450220947265625000e+02
1.075961074829101562e+02
1.067669906616210938e+02
1.478893280029296875e+02
1.424429321289062500e+02
1.063023529052734375e+02
1.189834594726562500e+02
1.599107208251953125e+02
1.254508666992187500e+02
1.018576583862304688e+02
1.217077941894531250e+02
1.558713989257812500e+02
1.267600784301757812e+02
1.036353302001953125e+02
1.210594024658203125e+02
1.694600677490234375e+02
1.268558807373046875e+02
1.091001892089843750e+02
1.678479461669921875e+02
1.423960113525390625e+02
1.038699035644531250e+02
1.277973175048828125e+02
1.629047393798828125e+02
1.214681091308593750e+02
1.057498855590820312e+02
1.489627227783203125e+02
1.492020263671875000e+02
1.078530197143554688e+02
1.082047271728515625e+02
1.565343017578125000e+02
1.403207397460937500e+02
1.067642898559570312e+02
1.311024017333984375e+02
1.636572570800781250e+02
1.281577453613281250e+02
1.113191223144531250e+02
1.351415710449218750e+02
1.606573486328125000e+02
1.246728820800781250e+02
1.118774642944335938e+02
1.494809265136718750e+02
1.465983123779296875e+02
1.118728408813476562e+02
1.124794464111328125e+02
1.400669555664062500e+02
1.413041229248046875e+02
1.103261718750000000e+02
1.019625549316406250e+02
1.241512985229492188e+02
1.592727203369140625e+02
1.283370361328125000e+02
1.016854095458984375e+02
1.137338562011718750e+02
1.648443145751953125e+02
1.304053802490234375e+02
1.057935943603515625e+02
1.476441497802734375e+02
1.556272277832031250e+02
1.095062179565429688e+02
1.118742523193359375e+02
1.418439788818359375e+02
1.472650299072265625e+02
1.142347030639648438e+02
1.023894958496093750e+02
1.264336318969726562e+02
1.505255126953125000e+02
1.177614212036132812e+02
1.024360580444335938e+02
1.271405944824218750e+02
1.541054077148437500e+02
1.247679290771484375e+02
1.035275344848632812e+02
1.204876708984375000e+02
1.549451599121093750e+02
1.268774566650390625e+02
1.000927734375000000e+02
1.122050170898437500e+02
1.469481201171875000e+02
1.401889648437500000e+02
1.111862564086914062e+02
9.833793640136718750e+01
1.344249114990234375e+02
1.627702636718750000e+02
1.147129898071289062e+02
1.156525573730468750e+02
1.748120422363281250e+02
1.325301818847656250e+02
1.136526184082031250e+02
1.642314605712890625e+02
1.478462524414062500e+02
1.121607513427734375e+02
1.202072448730468750e+02
1.584769134521484375e+02
1.308308868408203125e+02
1.065622100830078125e+02
1.335325927734375000e+02
1.531776428222656250e+02
1.209974517822265625e+02
1.132930450439453125e+02
1.327339019775390625e+02
1.583762054443359375e+02
1.271991119384765625e+02
1.111883163452148438e+02
1.513366699218750000e+02
1.564936828613281250e+02
1.150971374511718750e+02
1.272205886840820312e+02
1.625613403320312500e+02
1.298331451416015625e+02
1.116962432861328125e+02
1.388589935302734375e+02
1.505884399414062500e+02
1.182572708129882812e+02
1.060128631591796875e+02
1.287314300537109375e+02
1.633155822753906250e+02
1.331356201171875000e+02
1.138094329833984375e+02
1.379931030273437500e+02
1.577051391601562500e+02
1.180777053833007812e+02
1.109959182739257812e+02
1.481754760742187500e+02
1.509205627441406250e+02
1.162152709960937500e+02
1.084332046508789062e+02
1.479220123291015625e+02
1.485636138916015625e+02
1.128280639648437500e+02
1.034023742675781250e+02
1.221037826538085938e+02
1.627112274169921875e+02
1.364612884521484375e+02
1.061919860839843750e+02
1.372578430175781250e+02
1.728010559082031250e+02
1.277372512817382812e+02
1.158644866943359375e+02
1.689509277343750000e+02
1.536258697509765625e+02
1.152577819824218750e+02
1.290568695068359375e+02
1.583691406250000000e+02
1.275886535644531250e+02
1.105328063964843750e+02
1.457574005126953125e+02
1.618568115234375000e+02
1.232873764038085938e+02
1.149931640625000000e+02
1.641364593505859375e+02
1.604342956542968750e+02
1.194907073974609375e+02
1.427541046142578125e+02
1.850799407958984375e+02
1.303585510253906250e+02
1.282394104003906250e+02
1.839338989257812500e+02
1.395491638183593750e+02
1.143303375244140625e+02
1.498411712646484375e+02
1.655131835937500000e+02
1.237717819213867188e+02
1.186036071777343750e+02
1.517860717773437500e+02
1.518507080078125000e+02
1.192227401733398438e+02
1.062717132568359375e+02
1.210583801269531250e+02
1.617009887695312500e+02
1.365074615478515625e+02
1.068035659790039062e+02
1.289273681640625000e+02
1.728878479003906250e+02
1.279332046508789062e+02
1.091418685913085938e+02
1.473146667480468750e+02
1.669507751464843750e+02
1.218531036376953125e+02
1.106245956420898438e+02
1.477479705810546875e+02
1.758460235595703125e+02
1.232822875976562500e+02
1.181177291870117188e+02
1.759955749511718750e+02
1.480227050781250000e+02
1.140615158081054688e+02
1.362624664306640625e+02
1.724052734375000000e+02
1.279500808715820312e+02
1.166353836059570312e+02
1.496524505615234375e+02
1.525901031494140625e+02
1.259416122436523438e+02
1.149163970947265625e+02
1.691744232177734375e+02
1.589229736328125000e+02
1.180666122436523438e+02
1.481142578125000000e+02
1.747046508789062500e+02
1.285207519531250000e+02
1.288753967285156250e+02
1.689344787597656250e+02
1.459062957763671875e+02
1.180001144409179688e+02
1.356138763427734375e+02
1.643079528808593750e+02
1.300066833496093750e+02
1.135697097778320312e+02
1.239265441894531250e+02
1.516617431640625000e+02
1.468668518066406250e+02
1.166198120117187500e+02
1.109116210937500000e+02
1.505502471923828125e+02
1.569249572753906250e+02
1.159908523559570312e+02
1.077975311279296875e+02
1.468275299072265625e+02
1.617650909423828125e+02
1.206806335449218750e+02
1.059958496093750000e+02
1.203448638916015625e+02
1.598297424316406250e+02
1.486799468994140625e+02
1.106192169189453125e+02
1.153470916748046875e+02
1.763309326171875000e+02
1.404176177978515625e+02
1.092270584106445312e+02
1.185695724487304688e+02
1.665474243164062500e+02
1.506859130859375000e+02
1.103242492675781250e+02
1.185613555908203125e+02
1.580713500976562500e+02
1.457556152343750000e+02
1.110058975219726562e+02
1.052095947265625000e+02
1.319836120605468750e+02
1.750009613037109375e+02
1.312987365722656250e+02
1.102818450927734375e+02
1.642633819580078125e+02
1.700122680664062500e+02
1.146789550781250000e+02
1.288527679443359375e+02
1.768630981445312500e+02
1.370023498535156250e+02
1.081235046386718750e+02
1.189683303833007812e+02
1.618227233886718750e+02
1.431597137451171875e+02
1.103466491699218750e+02
1.174195404052734375e+02
1.615364074707031250e+02
1.527886047363281250e+02
1.157725753784179688e+02
1.068527679443359375e+02
1.380180358886718750e+02
1.684349212646484375e+02
1.349550170898437500e+02
1.056248321533203125e+02
1.207534484863281250e+02
1.623295135498046875e+02
1.389501342773437500e+02
1.091289367675781250e+02
1.096095962524414062e+02
1.438243560791015625e+02
1.753302612304687500e+02
1.242924652099609375e+02
1.109053192138671875e+02
1.593745422363281250e+02
1.600228271484375000e+02
1.116695404052734375e+02
1.133005447387695312e+02
1.556338653564453125e+02
1.708632202148437500e+02
1.242366256713867188e+02
1.097381134033203125e+02
1.552054901123046875e+02
1.780028381347656250e+02
1.288572235107421875e+02
1.169844055175781250e+02
1.795517883300781250e+02
1.563536224365234375e+02
1.165165939331054688e+02
1.452850036621093750e+02
1.824878234863281250e+02
1.338411102294921875e+02
1.429373779296875000e+02
1.857438964843750000e+02
1.343726043701171875e+02
1.179774093627929688e+02
1.674658966064453125e+02
1.718324127197265625e+02
1.234955596923828125e+02
1.412423400878906250e+02
1.763568725585937500e+02
1.407527465820312500e+02
1.159491729736328125e+02
1.486528015136718750e+02
1.666800537109375000e+02
1.271014480590820312e+02
1.224625091552734375e+02
1.648077545166015625e+02
1.534118347167968750e+02
1.161495819091796875e+02
1.207552032470703125e+02
1.523647918701171875e+02
1.400911254882812500e+02
1.138918991088867188e+02
1.033135223388671875e+02
1.049206314086914062e+02
1.095399627685546875e+02
1.294050140380859375e+02
1.525097961425781250e+02
1.316602172851562500e+02
1.051435699462890625e+02
9.775253295898437500e+01
1.135659484863281250e+02
1.715267944335937500e+02
1.566825866699218750e+02
1.109001159667968750e+02
1.163840179443359375e+02
1.843415832519531250e+02
1.492776489257812500e+02
1.094691009521484375e+02
1.378627929687500000e+02
1.930330810546875000e+02
1.360203552246093750e+02
1.197837982177734375e+02
1.648083953857421875e+02
1.674883117675781250e+02
1.198612060546875000e+02
1.138966598510742188e+02
1.609851989746093750e+02
1.716546173095703125e+02
1.206030807495117188e+02
1.167780990600585938e+02
1.696532897949218750e+02
1.542961730957031250e+02
1.143696289062500000e+02
1.293379821777343750e+02
1.918122253417968750e+02
1.415765991210937500e+02
1.220999755859375000e+02
1.784329833984375000e+02
1.676279296875000000e+02
1.205921936035156250e+02
1.333646545410156250e+02
1.798136444091796875e+02
1.440451354980468750e+02
1.153192901611328125e+02
1.300645446777343750e+02
1.731518402099609375e+02
1.455434265136718750e+02
1.146609420776367188e+02
1.233960800170898438e+02
1.580213012695312500e+02
1.572964935302734375e+02
1.188553466796875000e+02
1.147589874267578125e+02
1.591572875976562500e+02
1.614509429931640625e+02
1.175236053466796875e+02
1.099886779785156250e+02
1.428977966308593750e+02
1.746295928955078125e+02
1.301894989013671875e+02
1.238929748535156250e+02
1.742815399169921875e+02
1.523739929199218750e+02
1.170754318237304688e+02
1.332437744140625000e+02
1.818243103027343750e+02
1.412104492187500000e+02
1.135340118408203125e+02
1.363397827148437500e+02
1.835843353271484375e+02
1.387341308593750000e+02
1.207405548095703125e+02
1.641197967529296875e+02
1.720774688720703125e+02
1.258528366088867188e+02
1.163261795043945312e+02
1.611035614013671875e+02
1.659038848876953125e+02
1.204879226684570312e+02
1.142081146240234375e+02
1.498901062011718750e+02
1.778950653076171875e+02
1.353506469726562500e+02
1.116613311767578125e+02
1.521200256347656250e+02
1.803479309082031250e+02
1.283717651367187500e+02
1.242984695434570312e+02
1.765507202148437500e+02
1.640065765380859375e+02
1.251957550048828125e+02
1.293813476562500000e+02
1.866944122314453125e+02
1.534783020019531250e+02
1.223996124267578125e+02
1.635538482666015625e+02
1.756286773681640625e+02
1.276798553466796875e+02
1.227110443115234375e+02
1.701851348876953125e+02
1.553287353515625000e+02
1.187585525512695312e+02
1.171648406982421875e+02
1.528606567382812500e+02
1.597620544433593750e+02
1.239054183959960938e+02
1.081041259765625000e+02
1.261648864746093750e+02
1.623536682128906250e+02
1.558155212402343750e+02
1.242035675048828125e+02
1.069339523315429688e+02
1.369366455078125000e+02
1.766533355712890625e+02
1.389935302734375000e+02
1.057987060546875000e+02
1.132990722656250000e+02
1.704373626708984375e+02
1.670850830078125000e+02
1.169489517211914062e+02
1.172123260498046875e+02
1.794880371093750000e+02
1.654453887939453125e+02
1.193474884033203125e+02
1.210049743652343750e+02
1.821337280273437500e+02
1.561580963134765625e+02
1.144687805175781250e+02
1.124016418457031250e+02
1.572742919921875000e+02
1.749260253906250000e+02
1.266544647216796875e+02
1.138476181030273438e+02
1.627288055419921875e+02
1.654681396484375000e+02
1.220293884277343750e+02
1.084501571655273438e+02
1.302661285400390625e+02
1.954048004150390625e+02
1.346606750488281250e+02
1.225609741210937500e+02
1.832159118652343750e+02
1.586255798339843750e+02
1.159251708984375000e+02
1.122454376220703125e+02
1.603412475585937500e+02
1.892107391357421875e+02
1.269621124267578125e+02
1.246031646728515625e+02
1.922663726806640625e+02
1.511140136718750000e+02
1.146621398925781250e+02
1.317610321044921875e+02
1.963017272949218750e+02
1.506986083984375000e+02
1.231930007934570312e+02
1.708544006347656250e+02
1.955350494384765625e+02
1.368401336669921875e+02
1.421213073730468750e+02
2.036344604492187500e+02
1.512208557128906250e+02
1.313529205322265625e+02
1.848221130371093750e+02
1.674184722900390625e+02
1.273487777709960938e+02
1.453807067871093750e+02
1.670363311767578125e+02
1.377041625976562500e+02
1.163285980224609375e+02
1.249501876831054688e+02
1.667417297363281250e+02
1.577732543945312500e+02
1.201227416992187500e+02
1.118753204345703125e+02
1.362359008789062500e+02
1.785795898437500000e+02
1.490098876953125000e+02
1.175063247680664062e+02
1.283450164794921875e+02
1.894417419433593750e+02
1.578591003417968750e+02
1.144635009765625000e+02
1.470268249511718750e+02
2.100369720458984375e+02
1.362710266113281250e+02
1.333613281250000000e+02
1.989268798828125000e+02
1.540463562011718750e+02
1.224256515502929688e+02
1.666730041503906250e+02
1.798266448974609375e+02
1.294947204589843750e+02
1.227994995117187500e+02
1.684692840576171875e+02
1.710311889648437500e+02
1.267796783447265625e+02
1.314682159423828125e+02
1.735726928710937500e+02
1.553399810791015625e+02
1.228241119384765625e+02
1.372887725830078125e+02
1.778320617675781250e+02
1.594756774902343750e+02
1.233156356811523438e+02
1.255612640380859375e+02
1.777970275878906250e+02
1.586159362792968750e+02
1.190637359619140625e+02
1.164329528808593750e+02
1.704649047851562500e+02
1.915451507568359375e+02
1.285590209960937500e+02
1.449604492187500000e+02
2.202124481201171875e+02
1.406380462646484375e+02
1.494559020996093750e+02
2.290394439697265625e+02
1.552287292480468750e+02
1.353357849121093750e+02
2.055890045166015625e+02
1.794973144531250000e+02
1.313220672607421875e+02
1.612524108886718750e+02
1.947590484619140625e+02
1.381716003417968750e+02
1.309526214599609375e+02
1.905932006835937500e+02
1.667712402343750000e+02
1.314926300048828125e+02
1.318965606689453125e+02
1.735504760742187500e+02
1.599140014648437500e+02
1.226666336059570312e+02
1.241371917724609375e+02
1.557193756103515625e+02
1.720223999023437500e+02
1.424844818115234375e+02
1.140329437255859375e+02
1.340006103515625000e+02
1.781957702636718750e+02
1.627546386718750000e+02
1.222787628173828125e+02
1.228784942626953125e+02
1.734441833496093750e+02
1.704864959716796875e+02
1.320583953857421875e+02
1.142738494873046875e+02
1.444568634033203125e+02
2.017568054199218750e+02
1.345245056152343750e+02
1.226510925292968750e+02
1.720179443359375000e+02
1.741441192626953125e+02
1.221613159179687500e+02
1.093498153686523438e+02
1.171117706298828125e+02
1.736440582275390625e+02
1.795379486083984375e+02
1.290220489501953125e+02
1.202090911865234375e+02
1.917512359619140625e+02
1.808198699951171875e+02
1.251112060546875000e+02
1.365898742675781250e+02
2.111672058105468750e+02
1.424417724609375000e+02
1.193075866699218750e+02
1.733644866943359375e+02
1.795498657226562500e+02
1.297131347656250000e+02
1.117445068359375000e+02
1.366995239257812500e+02
1.887724609375000000e+02
1.550812988281250000e+02
1.158377380371093750e+02
1.452363128662109375e+02
1.971432189941406250e+02
1.402661132812500000e+02
1.148288955688476562e+02
1.600131530761718750e+02
2.121779937744140625e+02
1.373299407958984375e+02
1.440703582763671875e+02
2.198763275146484375e+02
1.445087585449218750e+02
1.302931060791015625e+02
2.079461975097656250e+02
1.778480682373046875e+02
1.241566696166992188e+02
1.477897949218750000e+02
2.258052368164062500e+02
1.490436553955078125e+02
1.429511871337890625e+02
2.242433319091796875e+02
1.631413726806640625e+02
1.241782302856445312e+02
1.919902801513671875e+02
1.993755493164062500e+02
1.333621215820312500e+02
1.394536132812500000e+02
2.019886169433593750e+02
1.593614654541015625e+02
1.277634735107421875e+02
1.767440185546875000e+02
1.962463073730468750e+02
1.431776733398437500e+02
1.365988464355468750e+02
2.000599975585937500e+02
1.765641021728515625e+02
1.284473571777343750e+02
1.665838012695312500e+02
2.267344207763671875e+02
1.475000762939453125e+02
1.717396545410156250e+02
2.291855163574218750e+02
1.557325439453125000e+02
1.626898193359375000e+02
2.405355224609375000e+02
1.612117919921875000e+02
1.635423278808593750e+02
2.548418121337890625e+02
1.622228698730468750e+02
1.802398681640625000e+02
2.554405059814453125e+02
1.606601715087890625e+02
1.873282318115234375e+02
2.434222717285156250e+02
1.648621215820312500e+02
1.793502502441406250e+02
2.396292114257812500e+02
1.622752532958984375e+02
1.913046875000000000e+02
2.300904846191406250e+02
1.592343292236328125e+02
1.748753051757812500e+02
2.119979553222656250e+02
1.575851287841796875e+02
1.651307373046875000e+02
2.079166259765625000e+02
1.566445617675781250e+02
1.473171539306640625e+02
1.895476379394531250e+02
1.641159973144531250e+02
1.316513671875000000e+02
1.410025634765625000e+02
1.526467895507812500e+02
1.580890045166015625e+02
1.437362518310546875e+02
1.232779998779296875e+02
1.231408309936523438e+02
1.405420989990234375e+02
1.716880798339843750e+02
1.536751098632812500e+02
1.217909393310546875e+02
1.153453903198242188e+02
1.364378356933593750e+02
1.767056121826171875e+02
1.607197418212890625e+02
1.268566970825195312e+02
1.161294631958007812e+02
1.487543945312500000e+02
1.941013641357421875e+02
1.469558410644531250e+02
1.244850616455078125e+02
1.716055450439453125e+02
2.000978088378906250e+02
1.437186889648437500e+02
1.194030380249023438e+02
1.581506042480468750e+02
2.032128753662109375e+02
1.432610168457031250e+02
1.268229904174804688e+02
1.763326721191406250e+02
1.912672119140625000e+02
1.371679992675781250e+02
1.319331817626953125e+02
1.948815002441406250e+02
1.745269927978515625e+02
1.297206878662109375e+02
1.398300018310546875e+02
2.029092254638671875e+02
1.597164459228515625e+02
1.238174514770507812e+02
1.467964172363281250e+02
1.920584411621093750e+02
1.502234191894531250e+02
1.250890350341796875e+02
1.405939941406250000e+02
1.873421936035156250e+02
1.657848663330078125e+02
1.205519256591796875e+02
1.373571472167968750e+02
1.930303955078125000e+02
1.717900848388671875e+02
1.261515960693359375e+02
1.424000244140625000e+02
2.042479705810546875e+02
1.508412780761718750e+02
1.175855865478515625e+02
1.474461669921875000e+02
2.031042938232421875e+02
1.505993652343750000e+02
1.164185409545898438e+02
1.414249572753906250e+02
2.070144653320312500e+02
1.499933929443359375e+02
1.224134826660156250e+02
1.674838409423828125e+02
2.094519958496093750e+02
1.489778137207031250e+02
1.275567779541015625e+02
1.996538085937500000e+02
2.013989257812500000e+02
1.377357025146484375e+02
1.684375305175781250e+02
2.333304901123046875e+02
1.403544006347656250e+02
1.678328552246093750e+02
2.619296264648437500e+02
1.520980224609375000e+02
1.849588928222656250e+02
2.666715698242187500e+02
1.553436584472656250e+02
1.944257507324218750e+02
2.608824462890625000e+02
1.565049133300781250e+02
1.896910095214843750e+02
2.997430114746093750e+02
1.668989715576171875e+02
2.405427246093750000e+02
2.789654235839843750e+02
1.768378295898437500e+02
2.217436981201171875e+02
3.280010986328125000e+02
1.861983032226562500e+02
2.935581359863281250e+02
2.981896362304687500e+02
1.761266784667968750e+02
1.893577575683593750e+02
3.435747375488281250e+02
1.615028076171875000e+02
2.617713623046875000e+02
2.724107360839843750e+02
1.659527282714843750e+02
1.517499694824218750e+02
2.423036346435546875e+02
1.770601501464843750e+02
1.498387756347656250e+02
1.886217651367187500e+02
2.115164489746093750e+02
1.581555175781250000e+02
1.506826782226562500e+02
2.059377441406250000e+02
1.799129638671875000e+02
1.386739044189453125e+02
1.447252502441406250e+02
1.840350646972656250e+02
1.681562652587890625e+02
1.337368164062500000e+02
1.314435424804687500e+02
1.677887420654296875e+02
1.926859893798828125e+02
1.384761199951171875e+02
1.307971649169921875e+02
1.917331542968750000e+02
1.763010253906250000e+02
1.318059844970703125e+02
1.297433166503906250e+02
1.744480438232421875e+02
1.912653198242187500e+02
1.373089599609375000e+02
1.335643310546875000e+02
2.087147674560546875e+02
1.685787353515625000e+02
1.241980972290039062e+02
1.408378448486328125e+02
1.956929016113281250e+02
1.657862548828125000e+02
1.266924057006835938e+02
1.247223052978515625e+02
1.806180572509765625e+02
1.876960754394531250e+02
1.320226440429687500e+02
1.242902145385742188e+02
1.742734832763671875e+02
2.103589172363281250e+02
1.405540771484375000e+02
1.472917327880859375e+02
2.315863342285156250e+02
1.560646667480468750e+02
1.375265960693359375e+02
2.056318054199218750e+02
1.730890808105468750e+02
1.218726425170898438e+02
1.445295410156250000e+02
1.991947326660156250e+02
1.519230346679687500e+02
1.212696533203125000e+02
1.255968170166015625e+02
1.823725128173828125e+02
1.975771789550781250e+02
1.380348510742187500e+02
1.389698791503906250e+02
2.052097473144531250e+02
1.823357543945312500e+02
1.280372619628906250e+02
1.570941772460937500e+02
2.142672424316406250e+02
1.513112792968750000e+02
1.293816223144531250e+02
2.103560180664062500e+02
1.836952056884765625e+02
1.289964599609375000e+02
1.524183197021484375e+02
2.219258880615234375e+02
1.635705108642578125e+02
1.366766204833984375e+02
1.956070556640625000e+02
2.060778961181640625e+02
1.386624145507812500e+02
1.581316833496093750e+02
2.247017211914062500e+02
1.646422882080078125e+02
1.335131225585937500e+02
1.871356964111328125e+02
1.924380493164062500e+02
1.373962097167968750e+02
1.459989776611328125e+02
1.921791381835937500e+02
1.814528350830078125e+02
1.441988677978515625e+02
1.373996887207031250e+02
2.068122253417968750e+02
1.851745910644531250e+02
1.328968811035156250e+02
1.459356842041015625e+02
2.114827270507812500e+02
1.701140594482421875e+02
1.249327087402343750e+02
1.636245422363281250e+02
2.349198303222656250e+02
1.524761505126953125e+02
1.575098419189453125e+02
2.511282806396484375e+02
1.647000427246093750e+02
1.591263427734375000e+02
2.477321319580078125e+02
1.695317840576171875e+02
1.505151367187500000e+02
2.356392974853515625e+02
1.851271667480468750e+02
1.402126159667968750e+02
1.744867401123046875e+02
2.140199584960937500e+02
1.487284393310546875e+02
1.370097961425781250e+02
2.122188415527343750e+02
1.897826995849609375e+02
1.346894531250000000e+02
1.426264495849609375e+02
2.109630584716796875e+02
1.693293457031250000e+02
1.239863052368164062e+02
1.594996643066406250e+02
2.214794616699218750e+02
1.496148834228515625e+02
1.298789062500000000e+02
2.116125183105468750e+02
2.160930175781250000e+02
1.427575378417968750e+02
1.750321350097656250e+02
2.583167114257812500e+02
1.554945526123046875e+02
1.787331390380859375e+02
2.714664001464843750e+02
1.538583068847656250e+02
2.219718933105468750e+02
2.634410400390625000e+02
1.604478759765625000e+02
2.181452636718750000e+02
2.732127380371093750e+02
1.794845275878906250e+02
2.125686492919921875e+02
2.784576110839843750e+02
1.763484497070312500e+02
2.218371276855468750e+02
2.817381896972656250e+02
1.672403869628906250e+02
2.647630004882812500e+02
2.502596435546875000e+02
1.762110443115234375e+02
2.144236145019531250e+02
2.831646118164062500e+02
1.785665283203125000e+02
2.492637176513671875e+02
2.466268920898437500e+02
1.778809051513671875e+02
1.853071899414062500e+02
2.585295715332031250e+02
1.953911590576171875e+02
1.972942199707031250e+02
2.390338439941406250e+02
1.799536437988281250e+02
1.871627502441406250e+02
2.500028839111328125e+02
1.724821472167968750e+02
1.879439392089843750e+02
2.641202087402343750e+02
1.708735351562500000e+02
1.927745666503906250e+02
2.437839050292968750e+02
1.695819854736328125e+02
1.881779174804687500e+02
2.643146972656250000e+02
1.686196441650390625e+02
1.872054748535156250e+02
2.595917663574218750e+02
1.794670562744140625e+02
1.765191040039062500e+02
2.659674987792968750e+02
1.756432495117187500e+02
1.843063201904296875e+02
2.433173217773437500e+02
1.610077819824218750e+02
1.729574279785156250e+02
2.549579467773437500e+02
1.586234893798828125e+02
1.763125610351562500e+02
2.581095886230468750e+02
1.629347839355468750e+02
1.570695800781250000e+02
2.546525573730468750e+02
1.796606903076171875e+02
1.401310272216796875e+02
1.858089752197265625e+02
2.059227142333984375e+02
1.478296966552734375e+02
1.379838409423828125e+02
1.872725219726562500e+02
2.027190856933593750e+02
1.454301147460937500e+02
1.387627410888671875e+02
1.955687103271484375e+02
1.903262329101562500e+02
1.388896636962890625e+02
1.497460327148437500e+02
2.168557434082031250e+02
1.667647705078125000e+02
1.302852172851562500e+02
1.475611267089843750e+02
2.083311614990234375e+02
1.605231018066406250e+02
1.270116119384765625e+02
1.651001434326171875e+02
2.059775085449218750e+02
1.569492797851562500e+02
1.241411514282226562e+02
1.827755432128906250e+02
2.328475341796875000e+02
1.423721771240234375e+02
1.765994567871093750e+02
2.539388885498046875e+02
1.495986785888671875e+02
1.870634307861328125e+02
2.910723266601562500e+02
1.583130340576171875e+02
2.237314758300781250e+02
2.729364318847656250e+02
1.803054809570312500e+02
1.794927368164062500e+02
2.732474975585937500e+02
1.953324127197265625e+02
1.808106842041015625e+02
2.464664611816406250e+02
1.979295959472656250e+02
1.708102722167968750e+02
2.341943054199218750e+02
1.873226776123046875e+02
1.573499298095703125e+02
1.687644500732421875e+02
2.050754089355468750e+02
1.706835327148437500e+02
1.410557403564453125e+02
1.495124816894531250e+02
1.850310974121093750e+02
1.732093048095703125e+02
1.373985137939453125e+02
1.369453430175781250e+02
1.884260406494140625e+02
1.893846740722656250e+02
1.450879364013671875e+02
1.328843231201171875e+02
1.681186370849609375e+02
1.888986053466796875e+02
1.485222473144531250e+02
1.292247161865234375e+02
1.237534027099609375e+02
1.579660034179687500e+02
2.001109924316406250e+02
1.501620635986328125e+02
1.259888153076171875e+02
1.210325851440429688e+02
1.531076965332031250e+02
2.062783813476562500e+02
1.604113616943359375e+02
1.260850601196289062e+02
1.692148742675781250e+02
2.156901550292968750e+02
1.452761535644531250e+02
1.363914794921875000e+02
2.234420318603515625e+02
1.767230072021484375e+02
1.298280181884765625e+02
1.489743041992187500e+02
2.007952575683593750e+02
1.723779449462890625e+02
1.340632324218750000e+02
1.325033264160156250e+02
1.830255279541015625e+02
1.951631317138671875e+02
1.399279479980468750e+02
1.384965515136718750e+02
1.943075256347656250e+02
1.841989746093750000e+02
1.359752502441406250e+02
1.280485687255859375e+02
1.726046600341796875e+02
2.119780731201171875e+02
1.537759704589843750e+02
1.347453002929687500e+02
1.930983886718750000e+02
2.150450592041015625e+02
1.429040222167968750e+02
1.438145751953125000e+02
2.312705383300781250e+02
1.661051788330078125e+02
1.242634201049804688e+02
1.543468322753906250e+02
2.289529724121093750e+02
1.663997192382812500e+02
1.346668548583984375e+02
1.875538024902343750e+02
2.308972473144531250e+02
1.449228668212890625e+02
1.664181671142578125e+02
2.652294921875000000e+02
1.606296844482421875e+02
1.532480468750000000e+02
2.550810852050781250e+02
1.684201354980468750e+02
1.643347167968750000e+02
2.514525451660156250e+02
1.619232940673828125e+02
1.623740844726562500e+02
2.524309997558593750e+02
1.714658050537109375e+02
1.611142883300781250e+02
2.408388214111328125e+02
1.803620605468750000e+02
1.488861694335937500e+02
2.179317474365234375e+02
2.020518035888671875e+02
1.497594451904296875e+02
1.737620086669921875e+02
2.121220245361328125e+02
1.579468383789062500e+02
1.528571624755859375e+02
2.125726928710937500e+02
1.872927398681640625e+02
1.398885803222656250e+02
1.487229919433593750e+02
2.120381469726562500e+02
1.835957183837890625e+02
1.376530456542968750e+02
1.380609741210937500e+02
2.114786224365234375e+02
1.929852905273437500e+02
1.390934143066406250e+02
1.355007324218750000e+02
1.812350311279296875e+02
1.995258941650390625e+02
1.493481292724609375e+02
1.282026977539062500e+02
1.571313171386718750e+02
2.287098236083984375e+02
1.509462280273437500e+02
1.382428588867187500e+02
2.140669403076171875e+02
1.865120391845703125e+02
1.331760101318359375e+02
1.444629364013671875e+02
2.163250274658203125e+02
1.749135131835937500e+02
1.253022994995117188e+02
1.545259246826171875e+02
2.398314514160156250e+02
1.528412170410156250e+02
1.438518371582031250e+02
2.348687896728515625e+02
1.795132446289062500e+02
1.360060882568359375e+02
1.729823608398437500e+02
2.274230346679687500e+02
1.533452758789062500e+02
1.467391967773437500e+02
2.169198913574218750e+02
1.951217193603515625e+02
1.344074249267578125e+02
1.486822509765625000e+02
2.189408721923828125e+02
1.785240173339843750e+02
1.326391906738281250e+02
1.698760375976562500e+02
2.306028594970703125e+02
1.511300354003906250e+02
1.471578826904296875e+02
2.519692687988281250e+02
1.987701263427734375e+02
1.386717224121093750e+02
1.910470581054687500e+02
2.608287353515625000e+02
1.611560211181640625e+02
2.041107482910156250e+02
2.729344177246093750e+02
1.596698608398437500e+02
2.059291992187500000e+02
2.827077636718750000e+02
1.670600128173828125e+02
2.111505889892578125e+02
3.240343322753906250e+02
1.655433654785156250e+02
2.588322448730468750e+02
3.046140747070312500e+02
1.754539794921875000e+02
1.960278167724609375e+02
3.595615234375000000e+02
1.777261657714843750e+02
2.971531372070312500e+02
2.658762817382812500e+02
1.945086212158203125e+02
1.543273315429687500e+02
2.482771759033203125e+02
2.342505340576171875e+02
1.641594848632812500e+02
1.830770111083984375e+02
2.644076843261718750e+02
1.860924530029296875e+02
1.511621704101562500e+02
1.915330810546875000e+02
2.138599548339843750e+02
1.693213653564453125e+02
1.392277984619140625e+02
1.699831390380859375e+02
2.096249542236328125e+02
1.651313476562500000e+02
1.359767608642578125e+02
1.421042633056640625e+02
1.954673004150390625e+02
1.958493041992187500e+02
1.508475036621093750e+02
1.289482269287109375e+02
1.352704620361328125e+02
1.883724060058593750e+02
1.848927001953125000e+02
1.468346252441406250e+02
1.218934860229492188e+02
1.235496826171875000e+02
1.701539001464843750e+02
2.110407257080078125e+02
1.548009338378906250e+02
1.252236022949218750e+02
1.398491668701171875e+02
2.137526855468750000e+02
1.854851226806640625e+02
1.323797607421875000e+02
1.548853302001953125e+02
2.268337097167968750e+02
1.696094970703125000e+02
1.310260009765625000e+02
1.958539123535156250e+02
2.181211700439453125e+02
1.409436950683593750e+02
1.592860717773437500e+02
2.663330383300781250e+02
1.606428833007812500e+02
1.784920349121093750e+02
2.736395568847656250e+02
1.599922180175781250e+02
1.882245025634765625e+02
2.810711669921875000e+02
1.750097503662109375e+02
2.005444488525390625e+02
2.751734008789062500e+02
1.729448089599609375e+02
2.110895843505859375e+02
3.161576843261718750e+02
1.576142272949218750e+02
2.686079711914062500e+02
2.855285034179687500e+02
1.722160949707031250e+02
2.356142730712890625e+02
3.259903259277343750e+02
1.787699432373046875e+02
3.099932861328125000e+02
2.976713256835937500e+02
1.843811340332031250e+02
2.739824218750000000e+02
3.640498657226562500e+02
1.949187164306640625e+02
4.234953918457031250e+02
2.329019165039062500e+02
1.721285705566406250e+02
1.885870666503906250e+02
3.829288024902343750e+02
1.811708374023437500e+02
2.787990112304687500e+02
4.363185729980468750e+02
2.173451538085937500e+02
2.279483642578125000e+02
3.710758666992187500e+02
1.813453979492187500e+02
2.852923889160156250e+02
3.286347961425781250e+02
1.855582122802734375e+02
2.590105590820312500e+02
3.251910095214843750e+02
1.957908477783203125e+02
3.345850219726562500e+02
2.292294616699218750e+02
1.694655761718750000e+02
2.522966003417968750e+02
2.658676147460937500e+02
1.771114196777343750e+02
2.466315307617187500e+02
2.495777587890625000e+02
1.866163940429687500e+02
1.919532623291015625e+02
2.641148376464843750e+02
2.137191467285156250e+02
1.929018402099609375e+02
2.445881042480468750e+02
2.033715209960937500e+02
1.764796295166015625e+02
2.316758117675781250e+02
1.997006072998046875e+02
1.712215728759765625e+02
2.167422485351562500e+02
1.972450561523437500e+02
1.538983764648437500e+02
1.566804046630859375e+02
1.961697082519531250e+02
1.757491760253906250e+02
1.464774169921875000e+02
1.380671691894531250e+02
1.522401428222656250e+02
1.849787445068359375e+02
1.729391174316406250e+02
1.377012023925781250e+02
1.302068786621093750e+02
1.644152832031250000e+02
2.029027404785156250e+02
1.659969635009765625e+02
1.287653198242187500e+02
1.488990325927734375e+02
2.247903900146484375e+02
1.690896301269531250e+02
1.351898651123046875e+02
1.994963073730468750e+02
2.104593505859375000e+02
1.414409179687500000e+02
1.447855682373046875e+02
2.234965820312500000e+02
1.864444885253906250e+02
1.360058593750000000e+02
1.593199005126953125e+02
2.330832824707031250e+02
1.648750305175781250e+02
1.469501495361328125e+02
2.039683227539062500e+02
1.983705139160156250e+02
1.494050903320312500e+02
1.460696716308593750e+02
2.035618896484375000e+02
1.920868530273437500e+02
1.417255859375000000e+02
1.587846679687500000e+02
2.229964294433593750e+02
1.730296020507812500e+02
1.481071777343750000e+02
1.901022338867187500e+02
1.989164733886718750e+02
1.564262084960937500e+02
1.387540283203125000e+02
1.684451599121093750e+02
2.224363555908203125e+02
1.695699310302734375e+02
1.417166595458984375e+02
1.865129394531250000e+02
2.268583068847656250e+02
1.627805023193359375e+02
1.384566802978515625e+02
2.018071594238281250e+02
2.258953247070312500e+02
1.521805114746093750e+02
1.621647033691406250e+02
2.439381713867187500e+02
1.685269317626953125e+02
1.488136138916015625e+02
2.292657928466796875e+02
1.852958374023437500e+02
1.515698242187500000e+02
1.932704772949218750e+02
2.098095092773437500e+02
1.587804870605468750e+02
1.467213439941406250e+02
1.761303558349609375e+02
1.820910797119140625e+02
1.514105682373046875e+02
1.332278289794921875e+02
1.403831634521484375e+02
1.673685913085937500e+02
1.758964538574218750e+02
1.481082458496093750e+02
1.265950698852539062e+02
1.142984619140625000e+02
1.107979431152343750e+02
1.124352722167968750e+02
1.278372192382812500e+02
1.881146240234375000e+02
1.931399841308593750e+02
1.465048217773437500e+02
1.182473602294921875e+02
1.686181945800781250e+02
2.539538269042968750e+02
1.398656158447265625e+02
1.685835723876953125e+02
2.778473205566406250e+02
1.445461120605468750e+02
1.823124084472656250e+02
3.201174621582031250e+02
1.493271484375000000e+02
2.426748352050781250e+02
3.265949401855468750e+02
1.653728637695312500e+02
2.431093139648437500e+02
3.728799743652343750e+02
1.706883544921875000e+02
3.666430358886718750e+02
3.237463378906250000e+02
1.940906677246093750e+02
1.850767974853515625e+02
4.240767517089843750e+02
2.003832092285156250e+02
4.647018127441406250e+02
1.933865203857421875e+02
5.212101440429687500e+02
3.338186950683593750e+02
2.294004974365234375e+02
1.877615356445312500e+02
3.069364929199218750e+02
3.638169250488281250e+02
2.227629394531250000e+02
2.086947479248046875e+02
3.295703735351562500e+02
2.110297851562500000e+02
1.706552734375000000e+02
2.229165649414062500e+02
2.314429931640625000e+02
1.622638854980468750e+02
1.576594543457031250e+02
2.280443267822265625e+02
1.964098205566406250e+02
1.467422332763671875e+02
1.649298095703125000e+02
2.172911071777343750e+02
1.664270324707031250e+02
1.380109558105468750e+02
1.846263580322265625e+02
2.174758911132812500e+02
1.536123657226562500e+02
1.324616241455078125e+02
1.907626800537109375e+02
2.329618225097656250e+02
1.451693572998046875e+02
1.639008636474609375e+02
2.667394714355468750e+02
1.611968994140625000e+02
1.674348144531250000e+02
2.944379272460937500e+02
1.593023834228515625e+02
1.830801086425781250e+02
2.865117797851562500e+02
1.690592193603515625e+02
1.938012542724609375e+02
3.056950683593750000e+02
1.749302825927734375e+02
2.450131988525390625e+02
2.838919372558593750e+02
1.722860717773437500e+02
2.328758850097656250e+02
3.123912963867187500e+02
1.890950317382812500e+02
2.755742797851562500e+02
2.725486755371093750e+02
1.737446899414062500e+02
2.403580169677734375e+02
2.715867614746093750e+02
1.647860107421875000e+02
2.075228271484375000e+02
2.783376464843750000e+02
1.734251251220703125e+02
2.165236968994140625e+02
2.816918334960937500e+02
1.888870849609375000e+02
2.213757934570312500e+02
2.760400390625000000e+02
2.024306640625000000e+02
2.308362121582031250e+02
2.624288940429687500e+02
1.940164794921875000e+02
2.106630401611328125e+02
2.471876831054687500e+02
1.938010711669921875e+02
2.013462524414062500e+02
2.589851074218750000e+02
1.834602050781250000e+02
1.841622314453125000e+02
2.480823364257812500e+02
1.853711242675781250e+02
1.668847656250000000e+02
2.240929107666015625e+02
1.890179748535156250e+02
1.511884460449218750e+02
1.685661468505859375e+02
2.178013305664062500e+02
1.669414672851562500e+02
1.459859924316406250e+02
1.783196411132812500e+02
2.152214508056640625e+02
1.618175354003906250e+02
1.356748199462890625e+02
2.025469207763671875e+02
2.125948791503906250e+02
1.447039184570312500e+02
1.533801727294921875e+02
2.386483154296875000e+02
1.873097381591796875e+02
1.464514770507812500e+02
1.930656433105468750e+02
2.234447174072265625e+02
1.538925781250000000e+02
1.530379638671875000e+02
2.281690521240234375e+02
1.849629058837890625e+02
1.353843231201171875e+02
1.518783874511718750e+02
1.948198547363281250e+02
1.855517120361328125e+02
1.465346221923828125e+02
1.299720306396484375e+02
1.706713256835937500e+02
2.226150970458984375e+02
1.611382904052734375e+02
1.351021575927734375e+02
2.035202484130859375e+02
2.174328613281250000e+02
1.400299072265625000e+02
1.591329650878906250e+02
2.314960327148437500e+02
1.620945739746093750e+02
1.394476776123046875e+02
2.079432525634765625e+02
1.993801116943359375e+02
1.460387268066406250e+02
1.616423187255859375e+02
2.371026000976562500e+02
1.732642211914062500e+02
1.498893890380859375e+02
2.415491638183593750e+02
1.969121093750000000e+02
1.471190338134765625e+02
1.946236877441406250e+02
2.305895080566406250e+02
1.621519165039062500e+02
1.551720733642578125e+02
2.310255126953125000e+02
1.867428436279296875e+02
1.373118286132812500e+02
1.596836547851562500e+02
2.289154357910156250e+02
1.774891967773437500e+02
1.401630096435546875e+02
1.987156066894531250e+02
2.271616210937500000e+02
1.598420410156250000e+02
1.686911163330078125e+02
2.403806152343750000e+02
1.740745239257812500e+02
1.493288269042968750e+02
2.180464019775390625e+02
2.063697052001953125e+02
1.491377258300781250e+02
1.473394317626953125e+02
2.233048095703125000e+02
2.085756378173828125e+02
1.434357147216796875e+02
1.801549530029296875e+02
2.509838104248046875e+02
1.607680358886718750e+02
1.514400024414062500e+02
2.371491088867187500e+02
1.877377471923828125e+02
1.363290710449218750e+02
1.430278320312500000e+02
2.137312927246093750e+02
2.047882843017578125e+02
1.430358428955078125e+02
1.692932739257812500e+02
2.562163696289062500e+02
1.550703735351562500e+02
1.721589202880859375e+02
2.896842651367187500e+02
1.501533203125000000e+02
2.158906250000000000e+02
2.852208251953125000e+02
1.571147155761718750e+02
2.593561706542968750e+02
2.587694702148437500e+02
1.636042633056640625e+02
2.133962402343750000e+02
2.779433898925781250e+02
1.747282867431640625e+02
2.442781829833984375e+02
2.576418151855468750e+02
1.811460876464843750e+02
2.193276824951171875e+02
2.577639465332031250e+02
1.924690551757812500e+02
1.723831481933593750e+02
2.637724304199218750e+02
1.936340026855468750e+02
1.766571350097656250e+02
2.673264465332031250e+02
1.978655395507812500e+02
1.657553558349609375e+02
2.551265563964843750e+02
2.017482604980468750e+02
1.574412994384765625e+02
2.067800598144531250e+02
2.104898681640625000e+02
1.573846130371093750e+02
1.632467803955078125e+02
2.163252716064453125e+02
1.838757324218750000e+02
1.422159423828125000e+02
1.531453552246093750e+02
1.986087341308593750e+02
1.846993255615234375e+02
1.382141571044921875e+02
1.276830444335937500e+02
1.695038757324218750e+02
2.178035583496093750e+02
1.599743041992187500e+02
1.346975402832031250e+02
1.904265136718750000e+02
2.239894866943359375e+02
1.510820312500000000e+02
1.404299926757812500e+02
2.443627014160156250e+02
1.968077392578125000e+02
1.396935729980468750e+02
1.773009948730468750e+02
2.545741882324218750e+02
1.576142883300781250e+02
1.680412902832031250e+02
2.753744201660156250e+02
1.638147583007812500e+02
2.115718383789062500e+02
2.779348449707031250e+02
1.663070220947265625e+02
2.294005126953125000e+02
2.603791503906250000e+02
1.708904571533203125e+02
1.945390472412109375e+02
2.819083862304687500e+02
1.865799865722656250e+02
2.235606079101562500e+02
2.648523559570312500e+02
1.848909912109375000e+02
1.979232482910156250e+02
2.894046020507812500e+02
1.800534362792968750e+02
2.029755554199218750e+02
2.872948913574218750e+02
1.732231750488281250e+02
2.001618041992187500e+02
2.848387451171875000e+02
1.672252502441406250e+02
2.193755187988281250e+02
2.820845336914062500e+02
1.572237548828125000e+02
2.563335266113281250e+02
2.544148254394531250e+02
1.568022613525390625e+02
2.313661804199218750e+02
2.623800659179687500e+02
1.674793701171875000e+02
2.245250244140625000e+02
2.797801818847656250e+02
1.713666687011718750e+02
2.572988281250000000e+02
2.411881713867187500e+02
1.731480407714843750e+02
2.110532531738281250e+02
2.489952392578125000e+02
1.897102966308593750e+02
1.956536865234375000e+02
2.555640258789062500e+02
1.874293212890625000e+02
1.790507812500000000e+02
2.596334838867187500e+02
1.975106658935546875e+02
1.720425415039062500e+02
2.415417785644531250e+02
2.010291137695312500e+02
1.464921569824218750e+02
1.628580322265625000e+02
2.154801940917968750e+02
1.818104095458984375e+02
1.399122314453125000e+02
1.443038940429687500e+02
1.990933837890625000e+02
1.922915649414062500e+02
1.418778686523437500e+02
1.300984649658203125e+02
1.714851226806640625e+02
1.969862976074218750e+02
1.605295715332031250e+02
1.327365417480468750e+02
1.241018371582031250e+02
1.582398529052734375e+02
2.282491912841796875e+02
1.615692901611328125e+02
1.351199035644531250e+02
2.015635986328125000e+02
2.139533081054687500e+02
1.449110107421875000e+02
1.362524414062500000e+02
2.208796844482421875e+02
1.867961578369140625e+02
1.312864990234375000e+02
1.507054443359375000e+02
2.359361877441406250e+02
1.662725677490234375e+02
1.321409912109375000e+02
2.149401550292968750e+02
2.197595977783203125e+02
1.492919006347656250e+02
1.543964233398437500e+02
2.551615295410156250e+02
1.923319702148437500e+02
1.514722900390625000e+02
2.140733032226562500e+02
2.333167877197265625e+02
1.609426574707031250e+02
1.802722167968750000e+02
2.512149658203125000e+02
1.748033905029296875e+02
1.619861602783203125e+02
2.409148559570312500e+02
1.937471008300781250e+02
1.450449523925781250e+02
1.685958862304687500e+02
2.323999328613281250e+02
1.817306518554687500e+02
1.326547698974609375e+02
1.521844024658203125e+02
2.294165802001953125e+02
1.736107025146484375e+02
1.365448455810546875e+02
1.848919372558593750e+02
2.345219421386718750e+02
1.559771423339843750e+02
1.471466217041015625e+02
2.294023895263671875e+02
1.955126647949218750e+02
1.432435913085937500e+02
1.581165466308593750e+02
2.372195129394531250e+02
1.736020202636718750e+02
1.392853546142578125e+02
1.893732757568359375e+02
2.350203399658203125e+02
1.600672912597656250e+02
1.438849029541015625e+02
2.194384155273437500e+02
2.199886016845703125e+02
1.505763854980468750e+02
1.755655822753906250e+02
2.661856689453125000e+02
1.626597137451171875e+02
1.642290496826171875e+02
2.619718627929687500e+02
1.739048156738281250e+02
1.772922210693359375e+02
2.793767700195312500e+02
1.660399475097656250e+02
1.898659057617187500e+02
2.736242370605468750e+02
1.606672363281250000e+02
2.120291137695312500e+02
2.994982910156250000e+02
1.603066864013671875e+02
2.782813720703125000e+02
2.470755615234375000e+02
1.522410583496093750e+02
2.161790924072265625e+02
3.133796081542968750e+02
1.682855377197265625e+02
3.028428039550781250e+02
2.260848541259765625e+02
1.573369445800781250e+02
1.932275543212890625e+02
2.931430358886718750e+02
1.674997253417968750e+02
2.529319915771484375e+02
2.746394653320312500e+02
1.629236450195312500e+02
1.739217529296875000e+02
3.031071472167968750e+02
1.665669403076171875e+02
1.852268524169921875e+02
3.057798461914062500e+02
1.601473693847656250e+02
2.363762207031250000e+02
2.646518249511718750e+02
1.588612365722656250e+02
2.279689025878906250e+02
2.686344604492187500e+02
1.636233825683593750e+02
2.272978210449218750e+02
2.781231994628906250e+02
1.727685241699218750e+02
2.391851043701171875e+02
3.021069946289062500e+02
1.811963195800781250e+02
3.109909973144531250e+02
2.689704895019531250e+02
1.660889282226562500e+02
2.845429077148437500e+02
2.998776245117187500e+02
1.717045288085937500e+02
3.099700927734375000e+02
2.233077392578125000e+02
1.625675964355468750e+02
2.112780151367187500e+02
3.035003662109375000e+02
1.746461791992187500e+02
2.520054321289062500e+02
2.737721862792968750e+02
1.778128967285156250e+02
1.911944580078125000e+02
2.921113891601562500e+02
1.811029205322265625e+02
2.155668029785156250e+02
2.831558227539062500e+02
1.921453094482421875e+02
2.340908660888671875e+02
2.755648193359375000e+02
1.999497528076171875e+02
2.107326965332031250e+02
2.660762329101562500e+02
1.924651794433593750e+02
1.749206542968750000e+02
2.469536743164062500e+02
2.058339843750000000e+02
1.611226196289062500e+02
2.077580566406250000e+02
2.101654663085937500e+02
1.612581481933593750e+02
1.611926727294921875e+02
2.200021057128906250e+02
1.967646179199218750e+02
1.536864013671875000e+02
1.791598968505859375e+02
2.217467956542968750e+02
1.827702484130859375e+02
1.489811401367187500e+02
1.775331420898437500e+02
2.189077453613281250e+02
1.615002136230468750e+02
1.358571929931640625e+02
2.014635314941406250e+02
2.423404541015625000e+02
1.546207885742187500e+02
1.994559326171875000e+02
2.432031097412109375e+02
1.562878417968750000e+02
1.681465606689453125e+02
2.713829956054687500e+02
1.703572998046875000e+02
1.815736236572265625e+02
2.861105346679687500e+02
1.617143402099609375e+02
2.099065246582031250e+02
2.694783935546875000e+02
1.601319885253906250e+02
2.181632232666015625e+02
2.638573608398437500e+02
1.569996948242187500e+02
2.082419433593750000e+02
2.900987548828125000e+02
1.560917053222656250e+02
2.565424804687500000e+02
2.402268829345703125e+02
1.588235626220703125e+02
1.954251403808593750e+02
3.113815002441406250e+02
1.669322814941406250e+02
2.610669250488281250e+02
2.555584716796875000e+02
1.606069183349609375e+02
1.960588226318359375e+02
2.876874389648437500e+02
1.703341674804687500e+02
2.360671081542968750e+02
2.602029418945312500e+02
1.672490234375000000e+02
2.152956237792968750e+02
2.720958251953125000e+02
1.652035522460937500e+02
2.340068969726562500e+02
2.707876586914062500e+02
1.635072937011718750e+02
1.999316406250000000e+02
2.683186035156250000e+02
1.670580444335937500e+02
2.007829589843750000e+02
2.685185852050781250e+02
1.748932495117187500e+02
2.164089660644531250e+02
2.780687255859375000e+02
1.752637023925781250e+02
2.289725189208984375e+02
2.770487060546875000e+02
1.764129943847656250e+02
2.318850708007812500e+02
3.173147277832031250e+02
1.756882019042968750e+02
3.096907958984375000e+02
2.759955444335937500e+02
1.662649536132812500e+02
2.418296813964843750e+02
3.812504272460937500e+02
1.811419067382812500e+02
4.427091369628906250e+02
1.938985900878906250e+02
1.686599426269531250e+02
3.458461303710937500e+02
2.835453491210937500e+02
1.860067443847656250e+02
2.714942016601562500e+02
2.729222412109375000e+02
1.751265563964843750e+02
1.673066253662109375e+02
2.723042907714843750e+02
1.834080505371093750e+02
1.623922424316406250e+02
2.291641082763671875e+02
2.060971832275390625e+02
1.488805389404296875e+02
1.611113586425781250e+02
2.242257385253906250e+02
1.715970153808593750e+02
1.450905151367187500e+02
1.913169555664062500e+02
2.282842712402343750e+02
1.554712219238281250e+02
1.574154205322265625e+02
2.391997070312500000e+02
1.738226318359375000e+02
1.523869476318359375e+02
2.318135223388671875e+02
1.944147033691406250e+02
1.435048217773437500e+02
1.381851806640625000e+02
1.985136566162109375e+02
1.955493316650390625e+02
1.440469665527343750e+02
1.281181640625000000e+02
1.722471160888671875e+02
2.270842285156250000e+02
1.619302368164062500e+02
1.326909790039062500e+02
1.944079742431640625e+02
2.330753326416015625e+02
1.450814361572265625e+02
1.581049957275390625e+02
2.514424896240234375e+02
1.559197998046875000e+02
1.400953521728515625e+02
2.280853424072265625e+02
1.864583435058593750e+02
1.354881744384765625e+02
1.416187438964843750e+02
2.058870849609375000e+02
1.875475769042968750e+02
1.379298858642578125e+02
1.456487274169921875e+02
2.182447052001953125e+02
1.847099914550781250e+02
1.387389526367187500e+02
1.574907073974609375e+02
2.356600036621093750e+02
1.832449188232421875e+02
1.389925384521484375e+02
1.749909057617187500e+02
2.650302734375000000e+02
1.565172119140625000e+02
1.817048645019531250e+02
2.875266723632812500e+02
1.542113342285156250e+02
2.247302246093750000e+02
2.826289978027343750e+02
1.595279388427734375e+02
2.592696533203125000e+02
2.753606262207031250e+02
1.552711181640625000e+02
2.742551574707031250e+02
2.482308654785156250e+02
