3.934267578125000000e+04
3.231278906250000000e+04
2.786095703125000000e+04
2.639692968750000000e+04
2.729641796875000000e+04
2.898853906250000000e+04
2.972866015625000000e+04
2.937075976562500000e+04
2.851168164062500000e+04
2.712290625000000000e+04
2.629006835937500000e+04
2.620588476562500000e+04
2.621298632812500000e+04
2.666887890625000000e+04
2.708597265625000000e+04
2.703363476562500000e+04
2.697068554687500000e+04
2.673171484375000000e+04
2.629371679687500000e+04
2.596974023437500000e+04
2.573501367187500000e+04
2.584881835937500000e+04
2.570974609375000000e+04
2.598500781250000000e+04
2.604436718750000000e+04
2.581635351562500000e+04
2.574600000000000000e+04
2.562975781250000000e+04
2.531163476562500000e+04
2.529728710937500000e+04
2.534013476562500000e+04
2.545016796875000000e+04
2.532149804687500000e+04
2.541970703125000000e+04
2.514477539062500000e+04
2.514338867187500000e+04
2.496559179687500000e+04
2.479824023437500000e+04
2.484744335937500000e+04
2.476658593750000000e+04
2.484956054687500000e+04
2.466341601562500000e+04
2.467659179687500000e+04
2.467024414062500000e+04
2.437949023437500000e+04
2.421580859375000000e+04
2.429810156250000000e+04
2.411860742187500000e+04
2.404381250000000000e+04
2.408532031250000000e+04
2.396459179687500000e+04
2.379518359375000000e+04
2.383306445312500000e+04
2.367405664062500000e+04
2.359811523437500000e+04
2.360627343750000000e+04
2.346669531250000000e+04
2.331918945312500000e+04
2.319465625000000000e+04
2.305027539062500000e+04
2.309631445312500000e+04
2.275842382812500000e+04
2.279156445312500000e+04
2.262550585937500000e+04
2.243950195312500000e+04
2.244124023437500000e+04
2.216190039062500000e+04
2.219128320312500000e+04
2.202778710937500000e+04
2.191412695312500000e+04
2.165403320312500000e+04
2.144547656250000000e+04
2.139788867187500000e+04
2.113550000000000000e+04
2.101437890625000000e+04
2.089021484375000000e+04
2.059984179687500000e+04
2.062856250000000000e+04
2.036023632812500000e+04
2.020065429687500000e+04
1.989032421875000000e+04
1.982390429687500000e+04
1.954084960937500000e+04
1.942766992187500000e+04
1.919866992187500000e+04
1.889030859375000000e+04
1.863211328125000000e+04
1.850587890625000000e+04
1.831725390625000000e+04
1.805195117187500000e+04
1.783335937500000000e+04
1.756916601562500000e+04
1.724514257812500000e+04
1.702435546875000000e+04
1.677507226562500000e+04
1.642394726562500000e+04
1.609597753906250000e+04
1.597294628906250000e+04
1.571152343750000000e+04
1.539340234375000000e+04
1.498161035156250000e+04
1.469643847656250000e+04
1.437170214843750000e+04
1.403127441406250000e+04
1.374562011718750000e+04
1.333172558593750000e+04
1.311218359375000000e+04
1.271018359375000000e+04
1.230545019531250000e+04
1.203800488281250000e+04
1.159797460937500000e+04
1.130412792968750000e+04
1.093905761718750000e+04
1.054840820312500000e+04
1.034105957031250000e+04
9.909557617187500000e+03
9.625125976562500000e+03
9.259146484375000000e+03
8.966479492187500000e+03
8.680082031250000000e+03
8.429083007812500000e+03
8.208794921875000000e+03
8.009960449218750000e+03
7.894647460937500000e+03
7.705383789062500000e+03
7.619538085937500000e+03
7.575409179687500000e+03
7.526586425781250000e+03
7.596067871093750000e+03
7.581295898437500000e+03
7.626288574218750000e+03
7.660014648437500000e+03
7.727545410156250000e+03
7.706961914062500000e+03
7.696040039062500000e+03
7.676391113281250000e+03
7.672739746093750000e+03
7.572929687500000000e+03
7.546404785156250000e+03
7.471206054687500000e+03
7.393334472656250000e+03
7.411629394531250000e+03
7.339383300781250000e+03
7.245981933593750000e+03
7.267903808593750000e+03
7.216757812500000000e+03
7.223510742187500000e+03
7.213547851562500000e+03
7.163054687500000000e+03
7.164803222656250000e+03
7.163634765625000000e+03
7.138058105468750000e+03
7.113110351562500000e+03
7.133914550781250000e+03
7.148315429687500000e+03
7.068449707031250000e+03
7.091874023437500000e+03
7.048956054687500000e+03
7.046719238281250000e+03
7.019005371093750000e+03
7.006585937500000000e+03
6.988491699218750000e+03
7.005890625000000000e+03
6.983512695312500000e+03
6.971528808593750000e+03
6.925321777343750000e+03
6.892568359375000000e+03
6.902433105468750000e+03
6.893327148437500000e+03
6.887800781250000000e+03
6.825870117187500000e+03
6.804069824218750000e+03
6.799376464843750000e+03
6.829030761718750000e+03
6.767638671875000000e+03
6.802622070312500000e+03
6.749731445312500000e+03
6.743808593750000000e+03
6.764202636718750000e+03
6.712687500000000000e+03
6.689614746093750000e+03
6.653076660156250000e+03
6.702413085937500000e+03
6.599667480468750000e+03
6.689191406250000000e+03
6.665514160156250000e+03
6.628639160156250000e+03
6.594652832031250000e+03
6.554454589843750000e+03
6.573787109375000000e+03
6.595593261718750000e+03
6.505013183593750000e+03
6.531825195312500000e+03
6.562479980468750000e+03
6.503832031250000000e+03
6.482863769531250000e+03
6.443189941406250000e+03
6.439942382812500000e+03
6.413278808593750000e+03
6.428855468750000000e+03
6.411146484375000000e+03
6.341917968750000000e+03
6.338165039062500000e+03
6.341337890625000000e+03
6.362323730468750000e+03
6.305737792968750000e+03
6.324383789062500000e+03
6.317465332031250000e+03
6.311647949218750000e+03
6.316125488281250000e+03
6.261982421875000000e+03
6.219122558593750000e+03
6.218191894531250000e+03
6.164989257812500000e+03
6.170108398437500000e+03
6.186264160156250000e+03
6.183209472656250000e+03
6.143235351562500000e+03
6.155673828125000000e+03
6.105049316406250000e+03
6.086828125000000000e+03
6.126193359375000000e+03
6.109995117187500000e+03
6.139053710937500000e+03
6.242680664062500000e+03
6.284302734375000000e+03
6.202775878906250000e+03
6.019395507812500000e+03
5.994626464843750000e+03
6.120527832031250000e+03
6.066017089843750000e+03
5.960583984375000000e+03
5.926428710937500000e+03
5.989946777343750000e+03
5.973467285156250000e+03
5.914233886718750000e+03
5.915232421875000000e+03
5.899845703125000000e+03
5.891290039062500000e+03
5.884996093750000000e+03
5.875379882812500000e+03
5.834551269531250000e+03
5.811118164062500000e+03
5.797921875000000000e+03
5.778585937500000000e+03
5.755245117187500000e+03
5.770156738281250000e+03
5.747386718750000000e+03
5.727746582031250000e+03
5.747854492187500000e+03
5.698376464843750000e+03
5.755949218750000000e+03
5.724551757812500000e+03
5.663442382812500000e+03
5.640036621093750000e+03
5.620989746093750000e+03
5.665208007812500000e+03
5.638053222656250000e+03
5.621275390625000000e+03
5.587572753906250000e+03
5.518181152343750000e+03
5.553325683593750000e+03
5.561867187500000000e+03
5.578095703125000000e+03
5.540677734375000000e+03
5.516077636718750000e+03
5.479708007812500000e+03
5.482049804687500000e+03
5.492150878906250000e+03
5.474522949218750000e+03
5.450516601562500000e+03
5.412111328125000000e+03
5.391513183593750000e+03
5.383406250000000000e+03
5.398656738281250000e+03
5.367926269531250000e+03
5.434905273437500000e+03
5.380885742187500000e+03
5.312529296875000000e+03
5.265018554687500000e+03
5.270237792968750000e+03
5.264743164062500000e+03
5.222761718750000000e+03
5.247122070312500000e+03
5.269011230468750000e+03
5.221451171875000000e+03
5.214218750000000000e+03
5.217845703125000000e+03
5.222449707031250000e+03
5.210444335937500000e+03
5.164582519531250000e+03
5.153069824218750000e+03
5.142445312500000000e+03
5.144041503906250000e+03
5.113427246093750000e+03
5.092442382812500000e+03
5.048629394531250000e+03
5.034095703125000000e+03
5.047042480468750000e+03
5.026990234375000000e+03
5.022256835937500000e+03
5.014038085937500000e+03
5.021270019531250000e+03
5.076285644531250000e+03
5.099580566406250000e+03
5.038436523437500000e+03
4.980016601562500000e+03
4.879429199218750000e+03
4.918541015625000000e+03
4.901412109375000000e+03
5.019735839843750000e+03
5.043878417968750000e+03
4.966995117187500000e+03
4.854344726562500000e+03
4.791934082031250000e+03
4.834261718750000000e+03
4.881178222656250000e+03
4.882001464843750000e+03
4.863359863281250000e+03
4.775119140625000000e+03
4.729313476562500000e+03
4.736378417968750000e+03
4.739007812500000000e+03
4.792102050781250000e+03
4.817458007812500000e+03
4.740857910156250000e+03
4.703000976562500000e+03
4.633746093750000000e+03
4.656123535156250000e+03
4.650391113281250000e+03
4.619214843750000000e+03
4.654634765625000000e+03
4.625746093750000000e+03
4.585894042968750000e+03
4.554340332031250000e+03
4.525827148437500000e+03
4.497582519531250000e+03
4.501830078125000000e+03
4.519919433593750000e+03
4.529492187500000000e+03
4.494522460937500000e+03
4.521646484375000000e+03
4.443271972656250000e+03
4.429144042968750000e+03
4.424246093750000000e+03
4.423655761718750000e+03
4.397540527343750000e+03
4.366937011718750000e+03
4.369703125000000000e+03
4.324530761718750000e+03
4.351567382812500000e+03
4.369941894531250000e+03
4.382977050781250000e+03
4.496181152343750000e+03
4.527125488281250000e+03
4.563121093750000000e+03
4.431510742187500000e+03
4.342096191406250000e+03
4.282411132812500000e+03
4.234440429687500000e+03
4.234541503906250000e+03
4.245208984375000000e+03
4.327261718750000000e+03
4.397997070312500000e+03
4.349553222656250000e+03
4.303041992187500000e+03
4.183419433593750000e+03
4.165548828125000000e+03
4.176121582031250000e+03
4.188422363281250000e+03
4.258214355468750000e+03
4.238907714843750000e+03
4.170626953125000000e+03
4.103194335937500000e+03
4.096771484375000000e+03
4.089071533203125000e+03
4.090000244140625000e+03
4.170938476562500000e+03
4.184318359375000000e+03
4.122383789062500000e+03
4.022327392578125000e+03
3.986456298828125000e+03
4.002006835937500000e+03
4.060137939453125000e+03
4.130528808593750000e+03
4.187702636718750000e+03
4.153466796875000000e+03
4.023675537109375000e+03
3.952069335937500000e+03
3.912822509765625000e+03
3.922576904296875000e+03
3.990452636718750000e+03
3.993302001953125000e+03
3.987252685546875000e+03
3.951964355468750000e+03
3.919312255859375000e+03
3.897401367187500000e+03
3.876738525390625000e+03
3.864320312500000000e+03
3.843925048828125000e+03
3.841531738281250000e+03
3.831593505859375000e+03
3.804931884765625000e+03
3.830786865234375000e+03
3.872510742187500000e+03
3.844323730468750000e+03
3.886363037109375000e+03
3.900944335937500000e+03
3.933390380859375000e+03
3.891351562500000000e+03
3.829158203125000000e+03
3.815781982421875000e+03
3.740104736328125000e+03
3.709150390625000000e+03
3.689907958984375000e+03
3.666849365234375000e+03
3.659062011718750000e+03
3.668090332031250000e+03
3.656532958984375000e+03
3.677790039062500000e+03
3.689541992187500000e+03
3.745062011718750000e+03
3.827189941406250000e+03
3.893154052734375000e+03
3.821315673828125000e+03
3.713952880859375000e+03
3.614210693359375000e+03
3.605251220703125000e+03
3.611244384765625000e+03
3.608239990234375000e+03
3.608110839843750000e+03
3.658979980468750000e+03
3.673766357421875000e+03
3.745422363281250000e+03
3.743363037109375000e+03
3.672505859375000000e+03
3.578453369140625000e+03
3.553348388671875000e+03
3.509755371093750000e+03
3.493547363281250000e+03
3.558872070312500000e+03
3.558285400390625000e+03
3.580090332031250000e+03
3.592594726562500000e+03
3.626535644531250000e+03
3.593575683593750000e+03
3.560936523437500000e+03
3.491340576171875000e+03
3.461919677734375000e+03
3.425806396484375000e+03
3.454083007812500000e+03
3.466868408203125000e+03
3.613623046875000000e+03
3.681008544921875000e+03
3.654541992187500000e+03
3.538014648437500000e+03
3.439080078125000000e+03
3.371693603515625000e+03
3.404882568359375000e+03
3.475731201171875000e+03
3.534247314453125000e+03
3.555436035156250000e+03
3.503793212890625000e+03
3.414002929687500000e+03
3.361512939453125000e+03
3.349416259765625000e+03
3.342473876953125000e+03
3.363477539062500000e+03
3.387911376953125000e+03
3.412089843750000000e+03
3.425411376953125000e+03
3.401280029296875000e+03
3.410600585937500000e+03
3.395542236328125000e+03
3.397259521484375000e+03
3.332641601562500000e+03
3.304328613281250000e+03
3.270626708984375000e+03
3.269665527343750000e+03
3.259780517578125000e+03
3.263248291015625000e+03
3.215805908203125000e+03
3.254610595703125000e+03
3.256247558593750000e+03
3.243350341796875000e+03
3.228069335937500000e+03
3.246635009765625000e+03
3.226385986328125000e+03
3.231148681640625000e+03
3.211545654296875000e+03
3.202775878906250000e+03
3.227154541015625000e+03
3.198005859375000000e+03
3.199432617187500000e+03
3.182813232421875000e+03
3.208440673828125000e+03
3.253825683593750000e+03
3.322047363281250000e+03
3.394173583984375000e+03
3.428056396484375000e+03
3.414554931640625000e+03
3.329284912109375000e+03
3.214914306640625000e+03
3.143988037109375000e+03
3.116276367187500000e+03
3.128996337890625000e+03
3.145377197265625000e+03
3.221118896484375000e+03
3.362383056640625000e+03
3.460329345703125000e+03
3.389354736328125000e+03
3.241406982421875000e+03
3.135604736328125000e+03
3.050239257812500000e+03
3.105367919921875000e+03
3.158953369140625000e+03
3.281251708984375000e+03
3.319441406250000000e+03
3.236906738281250000e+03
3.142812744140625000e+03
3.079176025390625000e+03
3.047591552734375000e+03
3.047882568359375000e+03
3.050576904296875000e+03
3.117145019531250000e+03
3.140989013671875000e+03
3.173773193359375000e+03
3.140146240234375000e+03
3.072364746093750000e+03
3.041928222656250000e+03
3.008967529296875000e+03
2.977151367187500000e+03
2.995227539062500000e+03
3.026492187500000000e+03
3.081255859375000000e+03
3.135438720703125000e+03
3.181028564453125000e+03
3.169499023437500000e+03
3.073197265625000000e+03
3.017925537109375000e+03
2.966971191406250000e+03
2.956216064453125000e+03
2.938343017578125000e+03
2.938902343750000000e+03
2.932742675781250000e+03
2.947171875000000000e+03
2.966603515625000000e+03
3.019483642578125000e+03
3.096609619140625000e+03
3.117961914062500000e+03
3.134284179687500000e+03
3.093856933593750000e+03
3.014286376953125000e+03
2.917970703125000000e+03
2.869625976562500000e+03
2.871114746093750000e+03
2.878500732421875000e+03
2.863246337890625000e+03
2.906363525390625000e+03
2.934466552734375000e+03
2.942080566406250000e+03
2.978213867187500000e+03
3.005896972656250000e+03
2.986406738281250000e+03
2.938064941406250000e+03
2.899201904296875000e+03
2.858723632812500000e+03
2.826768554687500000e+03
2.802851318359375000e+03
2.800509521484375000e+03
2.838117919921875000e+03
2.857334716796875000e+03
2.876917724609375000e+03
2.911667236328125000e+03
2.963382568359375000e+03
3.007341308593750000e+03
2.955079345703125000e+03
2.865782226562500000e+03
2.813201416015625000e+03
2.778451171875000000e+03
2.770877929687500000e+03
2.853782714843750000e+03
2.877997558593750000e+03
2.945911865234375000e+03
2.970222656250000000e+03
2.940585937500000000e+03
2.850213378906250000e+03
2.793015625000000000e+03
2.740108886718750000e+03
2.725099609375000000e+03
2.743011962890625000e+03
2.761379638671875000e+03
2.815162597656250000e+03
2.854616699218750000e+03
2.929172851562500000e+03
2.933236328125000000e+03
2.917096679687500000e+03
2.846720214843750000e+03
2.744487792968750000e+03
2.692691406250000000e+03
2.670041503906250000e+03
2.708356445312500000e+03
2.775534179687500000e+03
2.859226318359375000e+03
2.877489013671875000e+03
2.872497558593750000e+03
2.783095458984375000e+03
2.721000244140625000e+03
2.658245361328125000e+03
2.636314208984375000e+03
2.664050537109375000e+03
2.668919921875000000e+03
2.748834960937500000e+03
2.837237060546875000e+03
2.900252197265625000e+03
2.866116210937500000e+03
2.803956054687500000e+03
2.717875244140625000e+03
2.691256835937500000e+03
2.606020996093750000e+03
2.588375732421875000e+03
2.622640869140625000e+03
2.695728515625000000e+03
2.788015625000000000e+03
2.824345214843750000e+03
2.814227294921875000e+03
2.711382080078125000e+03
2.632351562500000000e+03
2.545629394531250000e+03
2.547273437500000000e+03
2.609876220703125000e+03
2.696415283203125000e+03
2.875968017578125000e+03
2.877266357421875000e+03
2.763566894531250000e+03
2.612499267578125000e+03
2.525985595703125000e+03
2.535419189453125000e+03
2.552390869140625000e+03
2.566094238281250000e+03
2.601156494140625000e+03
2.676446044921875000e+03
2.691511474609375000e+03
2.666511718750000000e+03
2.622206054687500000e+03
2.583916503906250000e+03
2.532062255859375000e+03
2.525500732421875000e+03
2.495724853515625000e+03
2.484045898437500000e+03
2.469587890625000000e+03
2.461265380859375000e+03
2.476960205078125000e+03
2.503387695312500000e+03
2.542627685546875000e+03
2.527038085937500000e+03
2.521626220703125000e+03
2.539846191406250000e+03
2.556259765625000000e+03
2.563503417968750000e+03
2.559169677734375000e+03
2.529515380859375000e+03
2.571837402343750000e+03
2.563476074218750000e+03
2.584000732421875000e+03
2.574914062500000000e+03
2.568809814453125000e+03
2.582162109375000000e+03
2.561061035156250000e+03
2.523234375000000000e+03
2.498920166015625000e+03
2.451000244140625000e+03
2.425531005859375000e+03
2.398940917968750000e+03
2.370478759765625000e+03
2.356124023437500000e+03
2.383249511718750000e+03
2.385085449218750000e+03
2.401203613281250000e+03
2.439354003906250000e+03
2.432831054687500000e+03
2.541084228515625000e+03
2.614514404296875000e+03
2.664568847656250000e+03
2.581578857421875000e+03
2.479783203125000000e+03
2.402600585937500000e+03
2.355309570312500000e+03
2.338727783203125000e+03
2.320388427734375000e+03
2.324108886718750000e+03
2.326188476562500000e+03
2.326166992187500000e+03
2.352768066406250000e+03
2.392682861328125000e+03
2.475840820312500000e+03
2.609458251953125000e+03
2.670660400390625000e+03
2.622555175781250000e+03
2.471803222656250000e+03
2.362805908203125000e+03
2.298894042968750000e+03
2.275931396484375000e+03
2.280447021484375000e+03
2.270101562500000000e+03
2.281529785156250000e+03
2.301183593750000000e+03
2.355531250000000000e+03
2.422840820312500000e+03
2.578563476562500000e+03
2.582023437500000000e+03
2.508186523437500000e+03
2.368919921875000000e+03
2.296196533203125000e+03
2.237052246093750000e+03
2.251570556640625000e+03
2.231194580078125000e+03
2.226851074218750000e+03
2.226062011718750000e+03
2.217476562500000000e+03
2.251795166015625000e+03
2.280687744140625000e+03
2.403558837890625000e+03
2.516091064453125000e+03
2.612467529296875000e+03
2.508326904296875000e+03
2.383944580078125000e+03
2.262810058593750000e+03
2.225521240234375000e+03
2.204882812500000000e+03
2.202482910156250000e+03
2.180401367187500000e+03
2.190629150390625000e+03
2.211585693359375000e+03
2.248738769531250000e+03
2.346356689453125000e+03
2.424512695312500000e+03
2.517215087890625000e+03
2.504464599609375000e+03
2.350896240234375000e+03
2.234363769531250000e+03
2.170072753906250000e+03
2.146991455078125000e+03
2.138341552734375000e+03
2.147652099609375000e+03
2.182970214843750000e+03
2.283269042968750000e+03
2.498145751953125000e+03
2.588021728515625000e+03
2.450268066406250000e+03
2.246530029296875000e+03
2.155490234375000000e+03
2.102434570312500000e+03
2.142521728515625000e+03
2.265929199218750000e+03
2.436470214843750000e+03
2.570388183593750000e+03
2.416603271484375000e+03
2.224158691406250000e+03
2.132447753906250000e+03
2.114561279296875000e+03
2.093990722656250000e+03
2.067236572265625000e+03
2.074170410156250000e+03
2.067716064453125000e+03
2.069411865234375000e+03
2.073432861328125000e+03
2.113359130859375000e+03
2.234454345703125000e+03
2.349287841796875000e+03
2.416041748046875000e+03
2.357635742187500000e+03
2.262986083984375000e+03
2.148076904296875000e+03
2.112199218750000000e+03
2.073697265625000000e+03
2.067563232421875000e+03
2.065419189453125000e+03
2.092422119140625000e+03
2.157268554687500000e+03
2.263041259765625000e+03
2.341804199218750000e+03
2.294082519531250000e+03
2.200276123046875000e+03
2.087433593750000000e+03
2.048132080078125000e+03
2.015385864257812500e+03
2.003080688476562500e+03
1.994636962890625000e+03
1.989449829101562500e+03
1.984289306640625000e+03
2.002388427734375000e+03
1.993561523437500000e+03
2.040039794921875000e+03
2.140349853515625000e+03
2.318709228515625000e+03
2.398765869140625000e+03
2.308190917968750000e+03
2.134614257812500000e+03
2.016416015625000000e+03
1.964793090820312500e+03
1.962124755859375000e+03
1.980475463867187500e+03
1.996245849609375000e+03
2.036474365234375000e+03
2.199334228515625000e+03
2.381446533203125000e+03
2.367150878906250000e+03
2.146827880859375000e+03
2.021897460937500000e+03
1.966184448242187500e+03
1.956976196289062500e+03
1.943567504882812500e+03
1.928302978515625000e+03
1.945077270507812500e+03
1.984903198242187500e+03
2.086174560546875000e+03
2.273631591796875000e+03
2.360414794921875000e+03
2.254790283203125000e+03
2.075456054687500000e+03
1.950749267578125000e+03
1.928969848632812500e+03
1.919770141601562500e+03
1.918130859375000000e+03
1.963357421875000000e+03
2.051320800781250000e+03
2.219927490234375000e+03
2.323210693359375000e+03
2.238147460937500000e+03
2.029041503906250000e+03
1.940298706054687500e+03
1.901834594726562500e+03
1.884970825195312500e+03
1.884843994140625000e+03
1.905473999023437500e+03
1.949547485351562500e+03
2.030843505859375000e+03
2.130135986328125000e+03
2.219676025390625000e+03
2.219868896484375000e+03
2.089258544921875000e+03
1.987313964843750000e+03
1.928550170898437500e+03
1.876968505859375000e+03
1.866577758789062500e+03
1.890831176757812500e+03
1.935081665039062500e+03
2.045060180664062500e+03
2.198166259765625000e+03
2.226341064453125000e+03
2.062784423828125000e+03
1.917830322265625000e+03
1.840542602539062500e+03
1.823109008789062500e+03
1.802990600585937500e+03
1.825561523437500000e+03
1.905201782226562500e+03
2.021181274414062500e+03
2.130582031250000000e+03
2.164236328125000000e+03
2.050912597656250000e+03
1.928716430664062500e+03
1.860580322265625000e+03
1.851860595703125000e+03
1.824007324218750000e+03
1.833541992187500000e+03
1.883212646484375000e+03
1.940395996093750000e+03
2.045098510742187500e+03
2.066916503906250000e+03
2.035774658203125000e+03
1.971671142578125000e+03
1.895421264648437500e+03
1.844366699218750000e+03
1.849137329101562500e+03
1.839874267578125000e+03
1.869070678710937500e+03
1.921905029296875000e+03
2.008932983398437500e+03
2.065374267578125000e+03
2.059693603515625000e+03
1.961186157226562500e+03
1.876479370117187500e+03
1.822665649414062500e+03
1.783817993164062500e+03
1.779166259765625000e+03
1.776333007812500000e+03
1.787544311523437500e+03
1.847598999023437500e+03
1.933903320312500000e+03
2.062301757812500000e+03
2.046337768554687500e+03
1.937472778320312500e+03
1.835953491210937500e+03
1.776370117187500000e+03
1.753943603515625000e+03
1.762978027343750000e+03
1.777047363281250000e+03
1.836462524414062500e+03
1.925367797851562500e+03
2.013957031250000000e+03
1.986022338867187500e+03
1.898364624023437500e+03
1.826714355468750000e+03
1.775015014648437500e+03
1.760171020507812500e+03
1.784170654296875000e+03
1.819363159179687500e+03
1.902013305664062500e+03
1.942531005859375000e+03
1.969215454101562500e+03
1.918166870117187500e+03
1.849995605468750000e+03
1.813182495117187500e+03
1.767149780273437500e+03
1.726502319335937500e+03
1.736483276367187500e+03
1.765935424804687500e+03
1.816271362304687500e+03
1.874810302734375000e+03
1.931181030273437500e+03
1.940975585937500000e+03
1.912693115234375000e+03
1.822014648437500000e+03
1.775978149414062500e+03
1.721610839843750000e+03
1.717795288085937500e+03
1.726304687500000000e+03
1.756013305664062500e+03
1.819295776367187500e+03
1.877197631835937500e+03
1.887020507812500000e+03
1.848328369140625000e+03
1.803951782226562500e+03
1.763675537109375000e+03
1.738175292968750000e+03
1.750764648437500000e+03
1.757424926757812500e+03
1.778752319335937500e+03
1.838827026367187500e+03
1.886305419921875000e+03
1.854437255859375000e+03
1.804747436523437500e+03
1.742922363281250000e+03
1.733621948242187500e+03
1.713554199218750000e+03
1.726084472656250000e+03
1.731204833984375000e+03
1.775541625976562500e+03
1.791123535156250000e+03
1.831406982421875000e+03
1.814612426757812500e+03
1.770867431640625000e+03
1.727727783203125000e+03
1.697448974609375000e+03
1.700282470703125000e+03
1.733944702148437500e+03
1.779104858398437500e+03
1.826715332031250000e+03
1.806438476562500000e+03
1.772071166992187500e+03
1.717002319335937500e+03
1.705407104492187500e+03
1.683956298828125000e+03
1.687967163085937500e+03
1.700544311523437500e+03
1.739715942382812500e+03
1.772700317382812500e+03
1.807487182617187500e+03
1.763271484375000000e+03
1.746280151367187500e+03
1.684209472656250000e+03
1.656865844726562500e+03
1.613459106445312500e+03
1.628226440429687500e+03
1.638401611328125000e+03
1.666947631835937500e+03
1.732206787109375000e+03
1.818317871093750000e+03
1.817929199218750000e+03
1.798776855468750000e+03
1.682798339843750000e+03
1.636221435546875000e+03
1.582572875976562500e+03
1.581584594726562500e+03
1.569711303710937500e+03
1.566136962890625000e+03
1.590950439453125000e+03
1.633537597656250000e+03
1.731775634765625000e+03
1.884519287109375000e+03
1.880855834960937500e+03
1.777918823242187500e+03
1.637745605468750000e+03
1.569000122070312500e+03
1.521136108398437500e+03
1.511783325195312500e+03
1.502271118164062500e+03
1.506851196289062500e+03
1.497992309570312500e+03
1.505611450195312500e+03
1.513715942382812500e+03
1.524843261718750000e+03
1.593146362304687500e+03
1.726822753906250000e+03
1.878431152343750000e+03
1.851195190429687500e+03
1.749745361328125000e+03
1.610004638671875000e+03
1.526545166015625000e+03
1.504445800781250000e+03
1.479007690429687500e+03
1.479235473632812500e+03
1.477203979492187500e+03
1.482140625000000000e+03
1.518817626953125000e+03
1.572265136718750000e+03
1.710799438476562500e+03
1.868906005859375000e+03
1.962341430664062500e+03
1.785450439453125000e+03
1.658543945312500000e+03
1.552642944335937500e+03
1.505083374023437500e+03
1.490294311523437500e+03
1.493224487304687500e+03
1.495175170898437500e+03
1.550032958984375000e+03
1.638472167968750000e+03
1.800191040039062500e+03
1.868433349609375000e+03
1.840469482421875000e+03
1.651544311523437500e+03
1.569861328125000000e+03
1.514731689453125000e+03
1.512955810546875000e+03
1.533185424804687500e+03
1.573718505859375000e+03
1.643461791992187500e+03
1.743538818359375000e+03
1.759410522460937500e+03
1.763824829101562500e+03
1.663386108398437500e+03
1.595982666015625000e+03
1.532240844726562500e+03
1.519137451171875000e+03
1.499336181640625000e+03
1.559222290039062500e+03
1.599319091796875000e+03
1.687327148437500000e+03
1.714731323242187500e+03
1.728061157226562500e+03
1.632696289062500000e+03
1.590666625976562500e+03
1.552104980468750000e+03
1.532065429687500000e+03
1.513670288085937500e+03
1.529079101562500000e+03
1.571355957031250000e+03
1.660763671875000000e+03
1.690575195312500000e+03
1.684725830078125000e+03
1.586453857421875000e+03
1.537891357421875000e+03
1.473646972656250000e+03
1.474769531250000000e+03
1.494797607421875000e+03
1.522829833984375000e+03
1.577988281250000000e+03
1.665757446289062500e+03
1.697760620117187500e+03
1.709201171875000000e+03
1.584399169921875000e+03
1.500863281250000000e+03
1.448358520507812500e+03
1.417620117187500000e+03
1.406990844726562500e+03
1.407214477539062500e+03
1.407045654296875000e+03
1.426410034179687500e+03
1.442145141601562500e+03
1.503010620117187500e+03
1.614030517578125000e+03
1.757956665039062500e+03
1.750983520507812500e+03
1.716557373046875000e+03
1.545057128906250000e+03
1.465523193359375000e+03
1.419661376953125000e+03
1.390510620117187500e+03
1.379301879882812500e+03
1.363734863281250000e+03
1.388167602539062500e+03
1.397401489257812500e+03
1.442676513671875000e+03
1.556207153320312500e+03
1.721175659179687500e+03
1.892770507812500000e+03
1.667408203125000000e+03
1.480257690429687500e+03
1.384356689453125000e+03
1.359254272460937500e+03
1.379677978515625000e+03
1.462206176757812500e+03
1.601687133789062500e+03
1.698126953125000000e+03
1.753083618164062500e+03
1.622641479492187500e+03
1.507979614257812500e+03
1.437082519531250000e+03
1.374969726562500000e+03
1.358421142578125000e+03
1.337946044921875000e+03
1.346673950195312500e+03
1.349268920898437500e+03
1.341056030273437500e+03
1.372625244140625000e+03
1.419794189453125000e+03
1.533171142578125000e+03
1.755705444335937500e+03
1.791188964843750000e+03
1.734604125976562500e+03
1.511429687500000000e+03
1.418218261718750000e+03
1.359238159179687500e+03
1.351791748046875000e+03
1.337659790039062500e+03
1.349931762695312500e+03
1.367234497070312500e+03
1.412395874023437500e+03
1.503693603515625000e+03
1.735310302734375000e+03
1.775858154296875000e+03
1.708991333007812500e+03
1.488813842773437500e+03
1.370058715820312500e+03
1.340183227539062500e+03
1.319758911132812500e+03
1.332507202148437500e+03
1.331569458007812500e+03
1.369626953125000000e+03
1.441380371093750000e+03
1.592593139648437500e+03
1.809665527343750000e+03
1.684441162109375000e+03
1.545183837890625000e+03
1.420030639648437500e+03
1.342472412109375000e+03
1.339529296875000000e+03
1.320596191406250000e+03
1.303291137695312500e+03
1.314928222656250000e+03
1.349093872070312500e+03
1.428602783203125000e+03
1.601275756835937500e+03
1.835699829101562500e+03
1.676104125976562500e+03
1.537128784179687500e+03
1.421142333984375000e+03
1.348245117187500000e+03
1.331102294921875000e+03
1.333381591796875000e+03
1.334681640625000000e+03
1.368064453125000000e+03
1.440284790039062500e+03
1.615281494140625000e+03
1.705715454101562500e+03
1.756081176757812500e+03
1.516817138671875000e+03
1.386937011718750000e+03
1.303749023437500000e+03
1.291523315429687500e+03
1.269323608398437500e+03
1.273675537109375000e+03
1.272079223632812500e+03
1.274396850585937500e+03
1.282505249023437500e+03
1.288500122070312500e+03
1.309495971679687500e+03
1.413454833984375000e+03
1.579265502929687500e+03
1.890567138671875000e+03
1.644422119140625000e+03
1.472533691406250000e+03
1.346820678710937500e+03
1.301268432617187500e+03
1.271070190429687500e+03
1.264271118164062500e+03
1.271728027343750000e+03
1.297942749023437500e+03
1.358006469726562500e+03
1.527517822265625000e+03
1.855938598632812500e+03
1.712535766601562500e+03
1.548885375976562500e+03
1.385621704101562500e+03
1.307320922851562500e+03
1.248817016601562500e+03
1.250971435546875000e+03
1.271507202148437500e+03
1.303475952148437500e+03
1.392869873046875000e+03
1.553071655273437500e+03
1.814931518554687500e+03
1.627802124023437500e+03
1.467379760742187500e+03
1.346576293945312500e+03
1.283921264648437500e+03
1.255185546875000000e+03
1.242051269531250000e+03
1.258968261718750000e+03
1.245286865234375000e+03
1.243746948242187500e+03
1.250521118164062500e+03
1.239941772460937500e+03
1.241701904296875000e+03
1.229772583007812500e+03
1.237722534179687500e+03
1.237310791015625000e+03
1.233632446289062500e+03
1.233249877929687500e+03
1.255854492187500000e+03
1.288741821289062500e+03
1.380735717773437500e+03
1.621109130859375000e+03
1.984613159179687500e+03
1.583537841796875000e+03
1.365726318359375000e+03
1.276170288085937500e+03
1.247375610351562500e+03
1.239918457031250000e+03
1.245931396484375000e+03
1.273320434570312500e+03
1.389476928710937500e+03
1.594441650390625000e+03
1.944870605468750000e+03
1.601650512695312500e+03
1.408133666992187500e+03
1.317373779296875000e+03
1.278211547851562500e+03
1.265300292968750000e+03
1.289744262695312500e+03
1.356077880859375000e+03
1.511610839843750000e+03
1.689248657226562500e+03
1.784359130859375000e+03
1.474400512695312500e+03
1.308079467773437500e+03
1.260437255859375000e+03
1.214637451171875000e+03
1.214142333984375000e+03
1.230510620117187500e+03
1.306973510742187500e+03
1.473353515625000000e+03
1.826371337890625000e+03
1.658718261718750000e+03
1.506117675781250000e+03
1.353286132812500000e+03
1.264853759765625000e+03
1.231300292968750000e+03
1.205957153320312500e+03
1.225392944335937500e+03
1.219224365234375000e+03
1.222742675781250000e+03
1.214078613281250000e+03
1.252291748046875000e+03
1.306399780273437500e+03
1.445021362304687500e+03
1.728171142578125000e+03
1.654420288085937500e+03
1.553516479492187500e+03
1.377902099609375000e+03
1.335999267578125000e+03
1.313274291992187500e+03
1.314675781250000000e+03
1.347925537109375000e+03
1.470639282226562500e+03
1.519032104492187500e+03
1.629974609375000000e+03
1.497673706054687500e+03
1.444070678710937500e+03
1.377946533203125000e+03
1.374509521484375000e+03
1.395246215820312500e+03
1.458869262695312500e+03
1.489623168945312500e+03
1.561262451171875000e+03
1.457051635742187500e+03
1.412124633789062500e+03
1.323798950195312500e+03
1.300088623046875000e+03
1.298249755859375000e+03
1.339492431640625000e+03
1.387746582031250000e+03
1.523998657226562500e+03
1.550215454101562500e+03
1.576114501953125000e+03
1.417407836914062500e+03
1.344934814453125000e+03
1.285891113281250000e+03
1.234468017578125000e+03
1.236751220703125000e+03
1.246923217773437500e+03
1.292335571289062500e+03
1.429962646484375000e+03
1.532418823242187500e+03
1.668580322265625000e+03
1.420156127929687500e+03
1.280328613281250000e+03
1.215124877929687500e+03
1.184217529296875000e+03
1.175920043945312500e+03
1.207452514648437500e+03
1.274522949218750000e+03
1.437494506835937500e+03
1.744224975585937500e+03
1.500283813476562500e+03
1.328257446289062500e+03
1.232379516601562500e+03
1.172820068359375000e+03
1.173267700195312500e+03
1.164400512695312500e+03
1.179795410156250000e+03
1.185814208984375000e+03
1.211685180664062500e+03
1.316419677734375000e+03
1.535120849609375000e+03
1.604474853515625000e+03
1.561138305664062500e+03
1.322750244140625000e+03
1.207881347656250000e+03
1.162210571289062500e+03
1.168074584960937500e+03
1.215326171875000000e+03
1.295998779296875000e+03
1.513750000000000000e+03
1.582373779296875000e+03
1.590451782226562500e+03
1.354204345703125000e+03
1.198705200195312500e+03
1.155613525390625000e+03
1.178797363281250000e+03
1.249232910156250000e+03
1.396475097656250000e+03
1.643275634765625000e+03
1.529632690429687500e+03
1.421061645507812500e+03
1.297706909179687500e+03
1.236182861328125000e+03
1.193692138671875000e+03
1.174168945312500000e+03
1.183668457031250000e+03
1.181369018554687500e+03
1.223569946289062500e+03
1.295779907226562500e+03
1.443602539062500000e+03
1.653150512695312500e+03
1.457179321289062500e+03
1.309502929687500000e+03
1.196790161132812500e+03
1.152063232421875000e+03
1.146229736328125000e+03
1.178283813476562500e+03
1.255344970703125000e+03
1.386670776367187500e+03
1.626588134765625000e+03
1.499891967773437500e+03
1.390518066406250000e+03
1.268125000000000000e+03
1.193819335937500000e+03
1.154685180664062500e+03
1.143169555664062500e+03
1.152093017578125000e+03
1.167556274414062500e+03
1.223583984375000000e+03
1.329609863281250000e+03
1.601242309570312500e+03
1.565806030273437500e+03
1.444444824218750000e+03
1.249208129882812500e+03
1.158639282226562500e+03
1.136415527343750000e+03
1.155144531250000000e+03
1.241371582031250000e+03
1.374031127929687500e+03
1.616787963867187500e+03
1.484507202148437500e+03
1.363329589843750000e+03
1.269471679687500000e+03
1.202836547851562500e+03
1.156382324218750000e+03
1.146820800781250000e+03
1.162075927734375000e+03
1.192704345703125000e+03
1.236892578125000000e+03
1.406812500000000000e+03
1.549143676757812500e+03
1.611998168945312500e+03
1.313680175781250000e+03
1.165503784179687500e+03
1.131319824218750000e+03
1.159491210937500000e+03
1.273759521484375000e+03
1.431130859375000000e+03
1.610366333007812500e+03
1.418093872070312500e+03
1.278003417968750000e+03
1.199298706054687500e+03
1.163619750976562500e+03
1.134499633789062500e+03
1.132095947265625000e+03
1.127973999023437500e+03
1.146540039062500000e+03
1.141990356445312500e+03
1.177158813476562500e+03
1.287302124023437500e+03
1.541709472656250000e+03
1.576915649414062500e+03
1.478501342773437500e+03
1.237609985351562500e+03
1.146077148437500000e+03
1.122450439453125000e+03
1.153513793945312500e+03
1.297886718750000000e+03
1.457224609375000000e+03
1.619988281250000000e+03
1.386207275390625000e+03
1.252392700195312500e+03
1.191625000000000000e+03
1.182874267578125000e+03
1.179407592773437500e+03
1.208722778320312500e+03
1.302906127929687500e+03
1.465954467773437500e+03
1.496783691406250000e+03
1.440251953125000000e+03
1.275401245117187500e+03
1.210540771484375000e+03
1.191437011718750000e+03
1.188139526367187500e+03
1.209094970703125000e+03
1.287287597656250000e+03
1.370179687500000000e+03
1.518286010742187500e+03
1.421898193359375000e+03
1.326676513671875000e+03
1.240345947265625000e+03
1.226880981445312500e+03
1.223951538085937500e+03
1.229542968750000000e+03
1.258548339843750000e+03
1.311109008789062500e+03
1.362338745117187500e+03
1.464926147460937500e+03
1.342560791015625000e+03
1.271145629882812500e+03
1.209892456054687500e+03
1.193100097656250000e+03
1.194372192382812500e+03
1.242764526367187500e+03
1.319175292968750000e+03
1.445058837890625000e+03
1.391623779296875000e+03
1.344862792968750000e+03
1.241530395507812500e+03
1.207293945312500000e+03
1.187855346679687500e+03
1.190143188476562500e+03
1.239461791992187500e+03
1.324544555664062500e+03
1.356913696289062500e+03
1.412311035156250000e+03
1.307302246093750000e+03
1.273050537109375000e+03
1.226715820312500000e+03
1.216286376953125000e+03
1.199663940429687500e+03
1.213801025390625000e+03
1.248619384765625000e+03
1.338609741210937500e+03
1.370505859375000000e+03
1.392724365234375000e+03
1.302517456054687500e+03
1.242842651367187500e+03
1.199188110351562500e+03
1.188632812500000000e+03
1.204173095703125000e+03
1.287503662109375000e+03
1.358717041015625000e+03
1.433330688476562500e+03
1.325892456054687500e+03
1.253008666992187500e+03
1.190204101562500000e+03
1.160946289062500000e+03
1.156717041015625000e+03
1.166891601562500000e+03
1.184942626953125000e+03
1.290653198242187500e+03
1.343218994140625000e+03
1.428654541015625000e+03
1.311426879882812500e+03
1.240504394531250000e+03
1.185568481445312500e+03
1.166974609375000000e+03
1.172274047851562500e+03
1.203555297851562500e+03
1.228349975585937500e+03
1.330792358398437500e+03
1.380752685546875000e+03
1.374121704101562500e+03
1.239963256835937500e+03
1.171860473632812500e+03
1.137932861328125000e+03
1.107736328125000000e+03
1.108895385742187500e+03
1.112287597656250000e+03
1.132967529296875000e+03
1.202295654296875000e+03
1.292328369140625000e+03
1.437338867187500000e+03
1.377666625976562500e+03
1.310394897460937500e+03
1.184805419921875000e+03
1.119349121093750000e+03
1.077332519531250000e+03
1.077034667968750000e+03
1.086818115234375000e+03
1.088850341796875000e+03
1.162309448242187500e+03
1.318800292968750000e+03
1.538713989257812500e+03
1.385532592773437500e+03
1.238683349609375000e+03
1.136237304687500000e+03
1.100209960937500000e+03
1.088687866210937500e+03
1.081544189453125000e+03
1.100777099609375000e+03
1.133041015625000000e+03
1.229161865234375000e+03
1.449711303710937500e+03
1.439685791015625000e+03
1.352899902343750000e+03
1.170392211914062500e+03
1.098283935546875000e+03
1.069235961914062500e+03
1.076175537109375000e+03
1.101694213867187500e+03
1.156709960937500000e+03
1.291569213867187500e+03
1.455125488281250000e+03
1.516105468750000000e+03
1.240972778320312500e+03
1.113447509765625000e+03
1.064354370117187500e+03
1.073010620117187500e+03
1.143126953125000000e+03
1.284036132812500000e+03
1.473089599609375000e+03
1.405741943359375000e+03
1.315041625976562500e+03
1.192718505859375000e+03
1.161520141601562500e+03
1.138746704101562500e+03
1.131368286132812500e+03
1.159239257812500000e+03
1.241746826171875000e+03
1.317451293945312500e+03
1.416994018554687500e+03
1.321655639648437500e+03
1.260689941406250000e+03
1.196771728515625000e+03
1.185387939453125000e+03
1.173229614257812500e+03
1.183618774414062500e+03
1.201440185546875000e+03
1.301529296875000000e+03
1.321848510742187500e+03
1.336963867187500000e+03
1.264564331054687500e+03
1.229321289062500000e+03
1.176185546875000000e+03
1.164020507812500000e+03
1.169946777343750000e+03
1.199066894531250000e+03
1.231336181640625000e+03
1.330216674804687500e+03
1.327189453125000000e+03
1.325477050781250000e+03
1.242222045898437500e+03
1.191558593750000000e+03
1.147116699218750000e+03
1.136404663085937500e+03
1.123943115234375000e+03
1.162504760742187500e+03
1.204676513671875000e+03
1.323778198242187500e+03
1.356464355468750000e+03
1.351656494140625000e+03
1.215938354492187500e+03
1.152909790039062500e+03
1.118963500976562500e+03
1.108205566406250000e+03
1.111501586914062500e+03
1.129683105468750000e+03
1.183736450195312500e+03
1.290973144531250000e+03
1.340434082031250000e+03
1.352411376953125000e+03
1.249318359375000000e+03
1.187491088867187500e+03
1.148647949218750000e+03
1.155026855468750000e+03
1.183032714843750000e+03
1.258205566406250000e+03
1.284307250976562500e+03
1.314283935546875000e+03
1.243591796875000000e+03
1.204897460937500000e+03
1.159666015625000000e+03
1.143154052734375000e+03
1.122919677734375000e+03
1.158158569335937500e+03
1.206434936523437500e+03
1.322109375000000000e+03
1.318876464843750000e+03
1.278529418945312500e+03
1.187261352539062500e+03
1.180680175781250000e+03
1.169257202148437500e+03
1.175023559570312500e+03
1.213202148437500000e+03
1.263673095703125000e+03
1.261231445312500000e+03
1.265494995117187500e+03
1.209482055664062500e+03
1.203120727539062500e+03
1.172511596679687500e+03
1.172879882812500000e+03
1.143542602539062500e+03
1.181031982421875000e+03
1.201504760742187500e+03
1.245401245117187500e+03
1.243353393554687500e+03
1.250320190429687500e+03
1.216186645507812500e+03
1.206426025390625000e+03
1.170008789062500000e+03
1.156289916992187500e+03
1.144746215820312500e+03
1.151549682617187500e+03
1.153207763671875000e+03
1.208258666992187500e+03
1.243041137695312500e+03
1.285092041015625000e+03
1.236258422851562500e+03
1.224786376953125000e+03
1.177154785156250000e+03
1.161248779296875000e+03
1.152765869140625000e+03
1.163473144531250000e+03
1.188270996093750000e+03
1.233519775390625000e+03
1.227591186523437500e+03
1.256834716796875000e+03
1.208719848632812500e+03
1.210680786132812500e+03
1.198129516601562500e+03
1.214483032226562500e+03
1.188772094726562500e+03
1.196658447265625000e+03
1.180062622070312500e+03
1.208507080078125000e+03
1.200408569335937500e+03
1.215966674804687500e+03
1.204443115234375000e+03
1.221074096679687500e+03
1.210015625000000000e+03
1.206449096679687500e+03
1.171103271484375000e+03
1.180314086914062500e+03
1.183086914062500000e+03
1.232289306640625000e+03
1.235596435546875000e+03
1.245098876953125000e+03
1.209552612304687500e+03
1.205950439453125000e+03
1.160665283203125000e+03
1.170305664062500000e+03
1.143795776367187500e+03
1.165250854492187500e+03
1.183190063476562500e+03
1.228715576171875000e+03
1.218480346679687500e+03
1.216001342773437500e+03
1.181177001953125000e+03
1.178146484375000000e+03
1.162681884765625000e+03
1.195737792968750000e+03
1.193866333007812500e+03
1.203513793945312500e+03
1.183913574218750000e+03
1.218089721679687500e+03
1.198493652343750000e+03
1.221261108398437500e+03
1.163380371093750000e+03
1.167489868164062500e+03
1.160766235351562500e+03
1.189446777343750000e+03
1.166067382812500000e+03
1.195733398437500000e+03
1.174550170898437500e+03
1.184264282226562500e+03
1.166021606445312500e+03
1.168176025390625000e+03
1.160612792968750000e+03
1.175257324218750000e+03
1.174049438476562500e+03
1.191572753906250000e+03
1.162852050781250000e+03
1.141182861328125000e+03
1.122462524414062500e+03
1.135094116210937500e+03
1.139156616210937500e+03
1.199984741210937500e+03
1.205090454101562500e+03
1.232181518554687500e+03
1.185492431640625000e+03
1.169827758789062500e+03
1.134752197265625000e+03
1.134137451171875000e+03
1.121606933593750000e+03
1.134186279296875000e+03
1.153042480468750000e+03
1.211407104492187500e+03
1.202856445312500000e+03
1.233749511718750000e+03
1.187088012695312500e+03
1.164644287109375000e+03
1.144160766601562500e+03
1.161241210937500000e+03
1.174594970703125000e+03
1.197477294921875000e+03
1.171492553710937500e+03
1.176966552734375000e+03
1.162054931640625000e+03
1.163782104492187500e+03
1.174434936523437500e+03
1.189125732421875000e+03
1.191686157226562500e+03
1.197606811523437500e+03
1.140431518554687500e+03
1.131041381835937500e+03
1.130693847656250000e+03
1.152885620117187500e+03
1.171105346679687500e+03
1.197188110351562500e+03
1.177619995117187500e+03
1.191856201171875000e+03
1.163607421875000000e+03
1.154959106445312500e+03
1.121413818359375000e+03
1.155767700195312500e+03
1.156507934570312500e+03
1.162139038085937500e+03
1.159307617187500000e+03
1.176892456054687500e+03
1.158490600585937500e+03
1.186804687500000000e+03
1.168412109375000000e+03
1.193358764648437500e+03
1.181709106445312500e+03
1.170690551757812500e+03
1.149702270507812500e+03
1.163797851562500000e+03
1.162639404296875000e+03
1.176876953125000000e+03
1.143406860351562500e+03
1.153054931640625000e+03
1.154260986328125000e+03
1.182182739257812500e+03
1.155986694335937500e+03
1.169449707031250000e+03
1.125664794921875000e+03
1.134674194335937500e+03
1.121804077148437500e+03
1.148354980468750000e+03
1.153845947265625000e+03
1.197558227539062500e+03
1.182054931640625000e+03
1.174283203125000000e+03
1.141852294921875000e+03
1.153805786132812500e+03
1.134108032226562500e+03
1.166235107421875000e+03
1.148343017578125000e+03
1.167029174804687500e+03
1.161902465820312500e+03
1.178980102539062500e+03
1.140846557617187500e+03
1.152923950195312500e+03
1.135013183593750000e+03
1.141388916015625000e+03
1.127993774414062500e+03
1.155919311523437500e+03
1.143901733398437500e+03
1.171949951171875000e+03
1.184849853515625000e+03
1.198125366210937500e+03
1.155705444335937500e+03
1.123663452148437500e+03
1.084916625976562500e+03
1.068755371093750000e+03
1.085036621093750000e+03
1.099488037109375000e+03
1.146002929687500000e+03
1.202304199218750000e+03
1.194891845703125000e+03
1.206147094726562500e+03
1.148484619140625000e+03
1.123946777343750000e+03
1.096889282226562500e+03
1.109861572265625000e+03
1.111073120117187500e+03
1.152915527343750000e+03
1.165855957031250000e+03
1.225346679687500000e+03
1.178793334960937500e+03
1.163628051757812500e+03
1.114206542968750000e+03
1.096639526367187500e+03
1.079791381835937500e+03
1.105208618164062500e+03
1.132774902343750000e+03
1.186374633789062500e+03
1.182808349609375000e+03
1.196425048828125000e+03
1.165983520507812500e+03
1.141366088867187500e+03
1.121951416015625000e+03
1.134508911132812500e+03
1.134072875976562500e+03
1.165319091796875000e+03
1.176828613281250000e+03
1.187116333007812500e+03
1.159298706054687500e+03
1.151335937500000000e+03
1.126411621093750000e+03
1.135721801757812500e+03
1.131728881835937500e+03
1.154716186523437500e+03
1.147689086914062500e+03
1.163196166992187500e+03
1.128647827148437500e+03
1.137104736328125000e+03
1.119409790039062500e+03
1.137184936523437500e+03
1.135585449218750000e+03
1.151476074218750000e+03
1.129620483398437500e+03
1.139790771484375000e+03
1.135025268554687500e+03
1.147033691406250000e+03
1.139529907226562500e+03
1.138271118164062500e+03
1.131041381835937500e+03
1.132272949218750000e+03
1.100271972656250000e+03
1.109217407226562500e+03
1.103494262695312500e+03
1.123821289062500000e+03
1.124566284179687500e+03
1.159426269531250000e+03
1.156060913085937500e+03
1.161815795898437500e+03
1.119679443359375000e+03
1.115991333007812500e+03
1.106853271484375000e+03
1.098918945312500000e+03
1.112365600585937500e+03
1.148576049804687500e+03
1.141795898437500000e+03
1.157759399414062500e+03
1.138538940429687500e+03
1.144720703125000000e+03
1.114639404296875000e+03
1.110689453125000000e+03
1.110087280273437500e+03
1.146300292968750000e+03
1.133361206054687500e+03
1.141807250976562500e+03
1.111390380859375000e+03
1.125574829101562500e+03
1.108113769531250000e+03
1.127384277343750000e+03
1.137323120117187500e+03
1.161393798828125000e+03
1.144327026367187500e+03
1.136403442382812500e+03
1.106094360351562500e+03
1.124747436523437500e+03
1.111657104492187500e+03
1.142580932617187500e+03
1.147443115234375000e+03
1.158124877929687500e+03
1.119561279296875000e+03
1.127818603515625000e+03
1.085290161132812500e+03
1.102293334960937500e+03
1.107031250000000000e+03
1.159602661132812500e+03
1.167644042968750000e+03
1.180299072265625000e+03
1.127799194335937500e+03
1.096417114257812500e+03
1.065096679687500000e+03
1.072260986328125000e+03
1.082960083007812500e+03
1.167754150390625000e+03
1.215225708007812500e+03
1.244629760742187500e+03
1.135093261718750000e+03
1.071703857421875000e+03
1.043883544921875000e+03
1.035135253906250000e+03
1.042056274414062500e+03
1.086432006835937500e+03
1.133551757812500000e+03
1.197314941406250000e+03
1.170869262695312500e+03
1.141420776367187500e+03
1.100225952148437500e+03
1.090348632812500000e+03
1.090736083984375000e+03
1.123357788085937500e+03
1.131265258789062500e+03
1.150037109375000000e+03
1.133522094726562500e+03
1.121958862304687500e+03
1.112370605468750000e+03
1.116536621093750000e+03
1.117640014648437500e+03
1.162570068359375000e+03
1.161858276367187500e+03
1.172547607421875000e+03
1.135932006835937500e+03
1.118131958007812500e+03
1.087517700195312500e+03
1.116870117187500000e+03
1.126502929687500000e+03
1.154298339843750000e+03
1.118758544921875000e+03
1.128870605468750000e+03
1.105026855468750000e+03
1.124817993164062500e+03
1.105012207031250000e+03
1.102268676757812500e+03
1.084995117187500000e+03
1.111279785156250000e+03
1.111263183593750000e+03
1.141119262695312500e+03
1.133629882812500000e+03
1.150411621093750000e+03
1.133752197265625000e+03
1.126201660156250000e+03
1.095689941406250000e+03
1.084868530273437500e+03
1.074817016601562500e+03
1.101233032226562500e+03
1.115870361328125000e+03
1.160897827148437500e+03
1.159700439453125000e+03
1.149158203125000000e+03
1.102430541992187500e+03
1.085363525390625000e+03
1.058093139648437500e+03
1.079821044921875000e+03
1.089896362304687500e+03
1.129245849609375000e+03
1.129063598632812500e+03
1.158420288085937500e+03
1.131451660156250000e+03
1.114289550781250000e+03
1.072588378906250000e+03
1.066566894531250000e+03
1.065306884765625000e+03
1.099365478515625000e+03
1.129773071289062500e+03
1.158417114257812500e+03
1.133712280273437500e+03
1.124408447265625000e+03
1.080742431640625000e+03
1.079644531250000000e+03
1.083075195312500000e+03
1.124118774414062500e+03
1.126387451171875000e+03
1.149981079101562500e+03
1.119019775390625000e+03
1.136098022460937500e+03
1.117168090820312500e+03
1.127925292968750000e+03
1.104963134765625000e+03
1.118080444335937500e+03
1.089217285156250000e+03
1.118437500000000000e+03
1.111962036132812500e+03
1.136563720703125000e+03
1.104263061523437500e+03
1.107895385742187500e+03
1.093047607421875000e+03
1.097848999023437500e+03
1.093801513671875000e+03
1.109581909179687500e+03
1.122373779296875000e+03
1.120671264648437500e+03
1.090782348632812500e+03
1.080317260742187500e+03
1.064060791015625000e+03
1.086233520507812500e+03
1.109676879882812500e+03
1.128985107421875000e+03
1.123191406250000000e+03
1.113857788085937500e+03
1.090659179687500000e+03
1.101340454101562500e+03
1.081245727539062500e+03
1.080857177734375000e+03
1.096387695312500000e+03
1.122149780273437500e+03
1.122552612304687500e+03
1.142977661132812500e+03
1.099583374023437500e+03
1.100372436523437500e+03
1.085844726562500000e+03
1.085972778320312500e+03
1.063496948242187500e+03
1.092071411132812500e+03
1.094167602539062500e+03
1.141770751953125000e+03
1.110775756835937500e+03
1.134354370117187500e+03
1.106389526367187500e+03
1.109749511718750000e+03
1.107873291015625000e+03
1.105143188476562500e+03
1.100543457031250000e+03
1.115353759765625000e+03
1.125263061523437500e+03
1.141313232421875000e+03
1.104189453125000000e+03
1.090650878906250000e+03
1.075428344726562500e+03
1.090632934570312500e+03
1.077425292968750000e+03
1.103290283203125000e+03
1.091124267578125000e+03
1.124187744140625000e+03
1.088895629882812500e+03
1.089608886718750000e+03
1.082556396484375000e+03
1.108626098632812500e+03
1.086811401367187500e+03
1.117425048828125000e+03
1.096159057617187500e+03
1.096012573242187500e+03
1.082051025390625000e+03
1.082150390625000000e+03
1.061497192382812500e+03
1.088869995117187500e+03
1.079902465820312500e+03
1.107072021484375000e+03
1.118616699218750000e+03
1.130439575195312500e+03
1.087526855468750000e+03
1.095648193359375000e+03
1.107197143554687500e+03
1.123661865234375000e+03
1.096859863281250000e+03
1.094175415039062500e+03
1.050037353515625000e+03
1.056375976562500000e+03
1.054837036132812500e+03
1.113209716796875000e+03
1.134828857421875000e+03
1.154290039062500000e+03
1.104027099609375000e+03
1.077069824218750000e+03
1.056457275390625000e+03
1.069837646484375000e+03
1.078788696289062500e+03
1.114923217773437500e+03
1.103308105468750000e+03
1.085276733398437500e+03
1.095186767578125000e+03
1.093318969726562500e+03
1.080687377929687500e+03
1.093316650390625000e+03
1.073827880859375000e+03
1.083377685546875000e+03
1.075760742187500000e+03
1.093535888671875000e+03
1.097441284179687500e+03
1.100325561523437500e+03
1.091979125976562500e+03
1.075576538085937500e+03
1.069670532226562500e+03
1.064670410156250000e+03
1.078455322265625000e+03
1.097257080078125000e+03
1.098423095703125000e+03
1.108354003906250000e+03
1.097735351562500000e+03
1.111743164062500000e+03
1.086685302734375000e+03
1.094419677734375000e+03
1.072267333984375000e+03
1.079555175781250000e+03
1.071837402343750000e+03
1.078943969726562500e+03
1.075111694335937500e+03
1.075826904296875000e+03
1.056605102539062500e+03
1.053686523437500000e+03
1.061083496093750000e+03
1.083713989257812500e+03
1.092724609375000000e+03
1.123530883789062500e+03
1.106821533203125000e+03
1.114266845703125000e+03
1.093479980468750000e+03
1.090402587890625000e+03
1.064643188476562500e+03
1.076611572265625000e+03
1.074206542968750000e+03
1.091326416015625000e+03
1.085100830078125000e+03
1.103407226562500000e+03
1.077324462890625000e+03
1.089641479492187500e+03
1.084253784179687500e+03
1.090098510742187500e+03
1.062205810546875000e+03
1.068858886718750000e+03
1.046759399414062500e+03
1.071584594726562500e+03
1.102129272460937500e+03
1.147505371093750000e+03
1.122386718750000000e+03
1.097517700195312500e+03
1.061550903320312500e+03
1.049453247070312500e+03
1.048612792968750000e+03
1.078071289062500000e+03
1.085973266601562500e+03
1.088835937500000000e+03
1.071612670898437500e+03
1.090802124023437500e+03
1.065542724609375000e+03
1.054707763671875000e+03
1.050273193359375000e+03
1.093387817382812500e+03
1.102067016601562500e+03
1.138422363281250000e+03
1.111578735351562500e+03
1.080763183593750000e+03
1.045687377929687500e+03
1.025286132812500000e+03
1.038142333984375000e+03
1.067592529296875000e+03
1.090725463867187500e+03
1.120330078125000000e+03
1.082922607421875000e+03
1.074453125000000000e+03
1.052002319335937500e+03
1.056952514648437500e+03
1.063242797851562500e+03
1.107689208984375000e+03
1.096785522460937500e+03
1.104340087890625000e+03
1.074454956054687500e+03
1.074990600585937500e+03
1.047397094726562500e+03
1.034806518554687500e+03
1.035262695312500000e+03
1.076037841796875000e+03
1.106295043945312500e+03
1.136712158203125000e+03
1.094075317382812500e+03
1.057218627929687500e+03
1.028506713867187500e+03
1.042190185546875000e+03
1.061376098632812500e+03
1.118154296875000000e+03
1.127190307617187500e+03
1.138274291992187500e+03
1.074118164062500000e+03
1.031864257812500000e+03
1.003836425781250000e+03
1.005117309570312500e+03
1.018178222656250000e+03
1.046057983398437500e+03
1.076005615234375000e+03
1.127789794921875000e+03
1.111322631835937500e+03
1.087544189453125000e+03
1.046816772460937500e+03
1.047478271484375000e+03
1.036446777343750000e+03
1.055830200195312500e+03
1.053949584960937500e+03
1.085333129882812500e+03
1.087324218750000000e+03
1.088681396484375000e+03
1.064026123046875000e+03
1.070931518554687500e+03
1.064292358398437500e+03
1.081512207031250000e+03
1.060532348632812500e+03
1.072044067382812500e+03
1.056926757812500000e+03
1.081092651367187500e+03
1.081539428710937500e+03
1.086359985351562500e+03
1.056729980468750000e+03
1.058015747070312500e+03
1.049589721679687500e+03
1.068909423828125000e+03
1.082157958984375000e+03
1.093073974609375000e+03
1.074865112304687500e+03
1.048114257812500000e+03
1.038483276367187500e+03
1.068668090820312500e+03
1.075470214843750000e+03
1.106506713867187500e+03
1.084402709960937500e+03
1.056191162109375000e+03
1.015603820800781250e+03
1.036236206054687500e+03
1.047265869140625000e+03
1.099541870117187500e+03
1.110619873046875000e+03
1.091956298828125000e+03
1.067922485351562500e+03
1.041146362304687500e+03
1.016207641601562500e+03
1.028861816406250000e+03
1.034762329101562500e+03
1.100638427734375000e+03
1.106406250000000000e+03
1.108180541992187500e+03
1.053013305664062500e+03
1.013842346191406250e+03
9.877927246093750000e+02
9.977078857421875000e+02
1.025829589843750000e+03
1.077565795898437500e+03
1.115497802734375000e+03
1.132056152343750000e+03
1.062887817382812500e+03
1.030489257812500000e+03
1.007459960937500000e+03
1.014366821289062500e+03
1.029154296875000000e+03
1.077938476562500000e+03
1.122587524414062500e+03
1.124620483398437500e+03
1.084015014648437500e+03
1.073995483398437500e+03
1.025846435546875000e+03
1.048449951171875000e+03
1.059676879882812500e+03
1.077227294921875000e+03
1.075493164062500000e+03
1.082633178710937500e+03
1.056461303710937500e+03
1.047880371093750000e+03
1.039829101562500000e+03
1.050419555664062500e+03
1.054886962890625000e+03
1.074120483398437500e+03
1.060051513671875000e+03
1.075142211914062500e+03
1.041348022460937500e+03
1.059551513671875000e+03
1.042202148437500000e+03
1.050664306640625000e+03
1.056921264648437500e+03
1.049369750976562500e+03
1.043940795898437500e+03
1.051218261718750000e+03
1.059168090820312500e+03
1.097227416992187500e+03
1.097063232421875000e+03
1.094728637695312500e+03
1.068564086914062500e+03
1.041982299804687500e+03
1.029899414062500000e+03
1.027114746093750000e+03
1.035880615234375000e+03
1.058327636718750000e+03
1.072016479492187500e+03
1.085267700195312500e+03
1.077050292968750000e+03
1.081145385742187500e+03
1.055860961914062500e+03
1.057434448242187500e+03
1.031458129882812500e+03
1.040561767578125000e+03
1.029956787109375000e+03
1.050229858398437500e+03
1.066042358398437500e+03
1.075133422851562500e+03
1.060131103515625000e+03
1.057733764648437500e+03
1.042734741210937500e+03
1.056707275390625000e+03
1.040742797851562500e+03
1.060797485351562500e+03
1.062162597656250000e+03
1.078073364257812500e+03
1.056038696289062500e+03
1.052708618164062500e+03
1.034074218750000000e+03
1.041962524414062500e+03
1.045224243164062500e+03
1.077421630859375000e+03
1.070173950195312500e+03
1.063271850585937500e+03
1.036003906250000000e+03
1.044151611328125000e+03
1.040746826171875000e+03
1.059774414062500000e+03
1.063649291992187500e+03
1.084362426757812500e+03
1.072760375976562500e+03
1.066005371093750000e+03
1.015286254882812500e+03
1.001463256835937500e+03
9.987807617187500000e+02
1.037291381835937500e+03
1.058845703125000000e+03
1.079150512695312500e+03
1.066877807617187500e+03
1.059642822265625000e+03
1.029675292968750000e+03
1.010266845703125000e+03
9.989108276367187500e+02
1.038499023437500000e+03
1.070054443359375000e+03
1.115686279296875000e+03
1.080649414062500000e+03
1.042339233398437500e+03
1.026796875000000000e+03
1.018891601562500000e+03
1.008141479492187500e+03
1.011796997070312500e+03
1.009729431152343750e+03
1.053444824218750000e+03
1.079455200195312500e+03
1.094283325195312500e+03
1.049586181640625000e+03
1.011427429199218750e+03
9.892982177734375000e+02
1.010317810058593750e+03
1.030422363281250000e+03
1.056901855468750000e+03
1.064098632812500000e+03
1.062066650390625000e+03
1.040868041992187500e+03
1.045962036132812500e+03
1.056046020507812500e+03
1.103113769531250000e+03
1.077889038085937500e+03
1.054480224609375000e+03
1.024512451171875000e+03
1.021551147460937500e+03
9.977356567382812500e+02
1.023042419433593750e+03
1.041500610351562500e+03
1.076649169921875000e+03
1.061828613281250000e+03
1.050633178710937500e+03
1.022079895019531250e+03
1.007600158691406250e+03
1.013575561523437500e+03
1.050785888671875000e+03
1.080351196289062500e+03
1.083083251953125000e+03
1.047543090820312500e+03
1.022398803710937500e+03
9.904439086914062500e+02
9.885092163085937500e+02
9.840689697265625000e+02
1.026970703125000000e+03
1.064017456054687500e+03
1.107142944335937500e+03
1.067236450195312500e+03
1.054966796875000000e+03
1.020907897949218750e+03
1.025764404296875000e+03
1.031165893554687500e+03
1.044517456054687500e+03
1.038830932617187500e+03
1.035552001953125000e+03
1.021341308593750000e+03
1.046380249023437500e+03
1.041559570312500000e+03
1.045833374023437500e+03
1.043957275390625000e+03
1.059596069335937500e+03
1.043742187500000000e+03
1.037958862304687500e+03
1.031552490234375000e+03
1.048762451171875000e+03
1.040134399414062500e+03
1.060588134765625000e+03
1.042089965820312500e+03
1.053593017578125000e+03
1.060592651367187500e+03
1.053076293945312500e+03
1.044892944335937500e+03
1.033231201171875000e+03
1.037708374023437500e+03
1.055585449218750000e+03
1.053643676757812500e+03
1.052804687500000000e+03
1.035803833007812500e+03
1.016297302246093750e+03
1.011511596679687500e+03
1.032718261718750000e+03
1.055217163085937500e+03
1.079856445312500000e+03
1.050518432617187500e+03
1.022692932128906250e+03
9.863518066406250000e+02
9.925477294921875000e+02
1.011595886230468750e+03
1.047101684570312500e+03
1.076762207031250000e+03
1.084078979492187500e+03
1.024826904296875000e+03
9.908682250976562500e+02
9.815865478515625000e+02
9.929332275390625000e+02
1.025677734375000000e+03
1.059971435546875000e+03
1.085877441406250000e+03
1.088230468750000000e+03
1.039445556640625000e+03
1.012104919433593750e+03
9.853369140625000000e+02
1.007102600097656250e+03
1.012393432617187500e+03
1.063107910156250000e+03
1.066343750000000000e+03
1.069724243164062500e+03
1.026834960937500000e+03
1.002802551269531250e+03
9.990695190429687500e+02
1.017209655761718750e+03
1.014768493652343750e+03
1.058444824218750000e+03
1.051343261718750000e+03
1.037404907226562500e+03
1.022838684082031250e+03
1.001648986816406250e+03
9.943499145507812500e+02
1.002993713378906250e+03
1.013829223632812500e+03
1.052426879882812500e+03
1.067831665039062500e+03
1.073824829101562500e+03
1.037399536132812500e+03
1.030576171875000000e+03
1.002752990722656250e+03
1.009732055664062500e+03
1.015254211425781250e+03
1.057723632812500000e+03
1.048258178710937500e+03
1.049035034179687500e+03
1.023345581054687500e+03
1.031334716796875000e+03
1.019475585937500000e+03
1.028749389648437500e+03
1.027188964843750000e+03
1.054537353515625000e+03
1.046432861328125000e+03
1.027758789062500000e+03
1.030196166992187500e+03
1.014470092773437500e+03
9.994644165039062500e+02
1.003926269531250000e+03
1.031601196289062500e+03
1.055626831054687500e+03
1.051253662109375000e+03
1.055905273437500000e+03
1.015571716308593750e+03
9.983563842773437500e+02
9.885264892578125000e+02
9.994367675781250000e+02
1.013677062988281250e+03
1.044965820312500000e+03
1.066139770507812500e+03
1.069278442382812500e+03
1.035051635742187500e+03
1.023360229492187500e+03
1.000531066894531250e+03
1.015733764648437500e+03
1.014063598632812500e+03
1.026451416015625000e+03
1.012893249511718750e+03
1.022510559082031250e+03
1.037208007812500000e+03
1.039817382812500000e+03
1.047054809570312500e+03
1.038316162109375000e+03
1.022944335937500000e+03
1.031938232421875000e+03
1.005646240234375000e+03
1.011168823242187500e+03
1.000082824707031250e+03
1.016238342285156250e+03
1.023339233398437500e+03
1.032651733398437500e+03
1.024164794921875000e+03
1.042419799804687500e+03
1.029238037109375000e+03
1.024296386718750000e+03
9.939514160156250000e+02
9.972798461914062500e+02
1.017932006835937500e+03
1.058563110351562500e+03
1.070653686523437500e+03
1.046334106445312500e+03
9.994393920898437500e+02
9.888209228515625000e+02
9.775540771484375000e+02
1.012893127441406250e+03
1.042721313476562500e+03
1.064686889648437500e+03
1.030383178710937500e+03
9.979924316406250000e+02
9.766119995117187500e+02
9.867538452148437500e+02
1.014035217285156250e+03
1.044533935546875000e+03
1.052345214843750000e+03
1.045634521484375000e+03
1.001742675781250000e+03
9.920341796875000000e+02
9.880969238281250000e+02
1.010954833984375000e+03
1.021646057128906250e+03
1.051482421875000000e+03
1.043719970703125000e+03
1.031832763671875000e+03
1.012592468261718750e+03
1.016674682617187500e+03
1.016010986328125000e+03
1.040056274414062500e+03
1.029065429687500000e+03
1.024960205078125000e+03
9.873362426757812500e+02
9.744935913085937500e+02
9.725912475585937500e+02
1.003055725097656250e+03
1.039329833984375000e+03
1.079453369140625000e+03
1.049172851562500000e+03
1.009435302734375000e+03
9.937598266601562500e+02
9.935733032226562500e+02
1.018260070800781250e+03
1.067520385742187500e+03
1.061846191406250000e+03
1.046351684570312500e+03
9.960252685546875000e+02
9.670684204101562500e+02
9.548590087890625000e+02
9.902315673828125000e+02
1.035922119140625000e+03
1.081474975585937500e+03
1.069648437500000000e+03
1.036743896484375000e+03
9.785721435546875000e+02
9.579011840820312500e+02
9.535098876953125000e+02
9.911982421875000000e+02
1.032513061523437500e+03
1.082731567382812500e+03
1.049590209960937500e+03
1.013724975585937500e+03
9.789205932617187500e+02
9.695390014648437500e+02
9.735719604492187500e+02
9.899979858398437500e+02
1.007186401367187500e+03
1.039276367187500000e+03
1.028229003906250000e+03
1.021660888671875000e+03
1.010584045410156250e+03
1.007783325195312500e+03
9.994537353515625000e+02
1.022632263183593750e+03
1.006473815917968750e+03
1.021336914062500000e+03
1.026693847656250000e+03
1.036154541015625000e+03
1.024354370117187500e+03
1.027467041015625000e+03
9.980847167968750000e+02
9.926184692382812500e+02
9.970210571289062500e+02
1.017792175292968750e+03
1.019575988769531250e+03
1.032912597656250000e+03
1.026007324218750000e+03
1.008170837402343750e+03
9.654756469726562500e+02
9.813696289062500000e+02
9.885859985351562500e+02
1.031144287109375000e+03
1.070532348632812500e+03
1.050127319335937500e+03
1.019931823730468750e+03
9.852995605468750000e+02
9.432285156250000000e+02
9.571325073242187500e+02
9.696056518554687500e+02
1.031844848632812500e+03
1.073280029296875000e+03
1.072642700195312500e+03
1.007293518066406250e+03
9.662489624023437500e+02
9.440084228515625000e+02
9.562950439453125000e+02
9.857672119140625000e+02
1.029363769531250000e+03
1.054074462890625000e+03
1.048109863281250000e+03
9.824779052734375000e+02
9.770912475585937500e+02
9.743795776367187500e+02
1.008216552734375000e+03
1.043515991210937500e+03
1.061560424804687500e+03
1.028577270507812500e+03
9.998059082031250000e+02
9.680565795898437500e+02
9.641304931640625000e+02
9.667789306640625000e+02
1.003807739257812500e+03
1.047161132812500000e+03
1.056335449218750000e+03
1.018273071289062500e+03
9.918076782226562500e+02
9.795868530273437500e+02
9.951296386718750000e+02
9.983152465820312500e+02
1.032297607421875000e+03
1.041579467773437500e+03
1.026638793945312500e+03
9.864473876953125000e+02
9.701030883789062500e+02
9.642698974609375000e+02
9.936408081054687500e+02
1.023989807128906250e+03
1.091348510742187500e+03
1.031745849609375000e+03
9.932551269531250000e+02
9.636962280273437500e+02
9.599995117187500000e+02
9.696272583007812500e+02
1.033794555664062500e+03
1.062789794921875000e+03
1.069872924804687500e+03
9.967807617187500000e+02
9.447110595703125000e+02
9.398790893554687500e+02
9.648496704101562500e+02
1.002065551757812500e+03
1.025908325195312500e+03
1.021849487304687500e+03
1.015714416503906250e+03
9.852621459960937500e+02
9.941742553710937500e+02
1.002214477539062500e+03
1.003911743164062500e+03
9.912655029296875000e+02
1.002227294921875000e+03
9.819397583007812500e+02
9.884671020507812500e+02
9.915982666015625000e+02
1.007843994140625000e+03
1.001804809570312500e+03
1.022169738769531250e+03
1.005786071777343750e+03
1.009591308593750000e+03
9.888520507812500000e+02
9.879902343750000000e+02
9.876717529296875000e+02
1.032479980468750000e+03
1.051985839843750000e+03
1.071812988281250000e+03
1.019634643554687500e+03
9.761162109375000000e+02
9.521056518554687500e+02
9.486250000000000000e+02
9.590056762695312500e+02
1.001719665527343750e+03
1.031758911132812500e+03
1.067106201171875000e+03
1.010333496093750000e+03
9.791610107421875000e+02
9.585021362304687500e+02
9.511481323242187500e+02
9.752791748046875000e+02
1.031745117187500000e+03
1.053173339843750000e+03
1.058310668945312500e+03
9.984871826171875000e+02
9.558634033203125000e+02
9.304060668945312500e+02
9.298342285156250000e+02
9.342788085937500000e+02
9.758934936523437500e+02
1.008444580078125000e+03
1.055925048828125000e+03
1.038268798828125000e+03
9.992581787109375000e+02
9.615399780273437500e+02
9.623932495117187500e+02
9.590725708007812500e+02
9.939256591796875000e+02
1.001815673828125000e+03
1.012687072753906250e+03
1.006565246582031250e+03
1.017784851074218750e+03
9.978593139648437500e+02
1.007483215332031250e+03
9.888928222656250000e+02
9.906911621093750000e+02
9.903156738281250000e+02
1.008338928222656250e+03
9.968084716796875000e+02
1.022388244628906250e+03
1.004609130859375000e+03
1.006891296386718750e+03
9.884458007812500000e+02
9.836109619140625000e+02
9.775531005859375000e+02
9.957317504882812500e+02
1.002854980468750000e+03
1.019744323730468750e+03
9.880894775390625000e+02
9.838822631835937500e+02
9.695194091796875000e+02
9.888398437500000000e+02
9.973544921875000000e+02
1.021259094238281250e+03
1.020292846679687500e+03
1.007938903808593750e+03
9.765889282226562500e+02
9.779825439453125000e+02
9.746808471679687500e+02
1.012077758789062500e+03
1.009722961425781250e+03
1.023492309570312500e+03
1.003331420898437500e+03
9.894158935546875000e+02
9.781168212890625000e+02
1.008059387207031250e+03
1.018717468261718750e+03
1.025966064453125000e+03
1.003069335937500000e+03
1.000825988769531250e+03
9.782045898437500000e+02
9.708257446289062500e+02
9.701574096679687500e+02
9.825780029296875000e+02
9.972675781250000000e+02
1.018189880371093750e+03
1.001638793945312500e+03
1.015815063476562500e+03
9.995385131835937500e+02
1.004736267089843750e+03
1.004572143554687500e+03
9.921141357421875000e+02
9.843326416015625000e+02
9.813547973632812500e+02
9.656253051757812500e+02
9.794304199218750000e+02
9.814931030273437500e+02
1.030312011718750000e+03
1.035734008789062500e+03
1.019784851074218750e+03
9.687504272460937500e+02
9.406619262695312500e+02
9.343723144531250000e+02
9.554618530273437500e+02
9.655256347656250000e+02
9.891870117187500000e+02
9.969503784179687500e+02
1.006847839355468750e+03
9.878739624023437500e+02
1.002378845214843750e+03
9.862895507812500000e+02
9.928730468750000000e+02
9.944651489257812500e+02
1.001401184082031250e+03
9.935271606445312500e+02
9.990463867187500000e+02
9.737413330078125000e+02
9.763204345703125000e+02
9.670502319335937500e+02
9.742746582031250000e+02
9.741977539062500000e+02
9.967945556640625000e+02
9.872760620117187500e+02
9.849557495117187500e+02
9.815184326171875000e+02
9.965812377929687500e+02
9.960675659179687500e+02
9.926142578125000000e+02
9.709497680664062500e+02
9.666790161132812500e+02
9.588634033203125000e+02
9.599805908203125000e+02
9.661174316406250000e+02
9.984667968750000000e+02
1.014066101074218750e+03
1.009034973144531250e+03
9.785786743164062500e+02
9.709627685546875000e+02
9.692514038085937500e+02
9.926154174804687500e+02
1.010860595703125000e+03
1.016408996582031250e+03
9.805685424804687500e+02
9.470725708007812500e+02
9.188854370117187500e+02
9.299525146484375000e+02
9.476674194335937500e+02
9.949274902343750000e+02
1.020281433105468750e+03
1.028412719726562500e+03
9.712561645507812500e+02
9.541633300781250000e+02
9.448209838867187500e+02
9.768442382812500000e+02
9.981699218750000000e+02
1.037326049804687500e+03
1.019781677246093750e+03
9.910874633789062500e+02
9.537897338867187500e+02
9.381963500976562500e+02
9.473780517578125000e+02
9.798440551757812500e+02
1.003875976562500000e+03
1.041049682617187500e+03
1.024474487304687500e+03
9.982550659179687500e+02
9.396864624023437500e+02
9.257102661132812500e+02
9.127656860351562500e+02
9.486418457031250000e+02
9.845860595703125000e+02
1.033177368164062500e+03
1.025126708984375000e+03
1.011408569335937500e+03
9.656854858398437500e+02
9.724177246093750000e+02
9.672487182617187500e+02
9.948197631835937500e+02
9.927534179687500000e+02
1.016510253906250000e+03
9.895168457031250000e+02
9.877749633789062500e+02
9.638383178710937500e+02
9.704252319335937500e+02
9.645324707031250000e+02
1.003351257324218750e+03
9.979882202148437500e+02
1.016132995605468750e+03
9.817160644531250000e+02
9.689462280273437500e+02
9.506088256835937500e+02
9.531029052734375000e+02
9.590166015625000000e+02
9.775654907226562500e+02
9.927056274414062500e+02
1.018459655761718750e+03
9.885029907226562500e+02
9.740032958984375000e+02
9.642461547851562500e+02
9.727721557617187500e+02
9.844296264648437500e+02
9.969580688476562500e+02
9.929144287109375000e+02
9.829562988281250000e+02
9.583506469726562500e+02
9.575506591796875000e+02
9.570123291015625000e+02
9.773154296875000000e+02
9.698777465820312500e+02
9.701325073242187500e+02
9.784544067382812500e+02
9.751293945312500000e+02
9.471463012695312500e+02
9.450605468750000000e+02
9.545079956054687500e+02
9.894844360351562500e+02
9.743139648437500000e+02
9.862484741210937500e+02
9.782265014648437500e+02
9.742808837890625000e+02
9.652119750976562500e+02
9.529797973632812500e+02
9.522139282226562500e+02
9.820921020507812500e+02
9.785615844726562500e+02
9.952080078125000000e+02
9.783690795898437500e+02
9.765576782226562500e+02
9.821845703125000000e+02
9.854776000976562500e+02
9.637147216796875000e+02
9.694411621093750000e+02
9.665235595703125000e+02
1.003110595703125000e+03
9.964434814453125000e+02
9.962692260742187500e+02
9.738024291992187500e+02
9.747709350585937500e+02
9.531929931640625000e+02
9.531397094726562500e+02
9.447935791015625000e+02
9.821884155273437500e+02
9.949931640625000000e+02
1.015224060058593750e+03
9.801326293945312500e+02
9.619542236328125000e+02
9.378266601562500000e+02
9.488688354492187500e+02
9.653640136718750000e+02
1.014509826660156250e+03
1.017752380371093750e+03
1.018242431640625000e+03
9.646045532226562500e+02
9.445374145507812500e+02
9.237272949218750000e+02
9.450923461914062500e+02
9.678881835937500000e+02
1.016794677734375000e+03
1.012501403808593750e+03
9.887204589843750000e+02
9.389176635742187500e+02
9.382647094726562500e+02
9.183746337890625000e+02
9.341234130859375000e+02
9.492623291015625000e+02
9.888221435546875000e+02
9.934697265625000000e+02
9.968359985351562500e+02
9.646939697265625000e+02
9.697216796875000000e+02
9.690890502929687500e+02
9.855736694335937500e+02
9.804747924804687500e+02
9.771113891601562500e+02
9.599887695312500000e+02
9.677108764648437500e+02
9.639396362304687500e+02
9.792164306640625000e+02
9.840435180664062500e+02
9.849301757812500000e+02
9.655582275390625000e+02
9.741929931640625000e+02
9.652684326171875000e+02
9.839915161132812500e+02
9.792869873046875000e+02
9.745103759765625000e+02
9.616965942382812500e+02
9.572257690429687500e+02
9.578009643554687500e+02
9.812727661132812500e+02
9.918742675781250000e+02
1.008394409179687500e+03
9.830657958984375000e+02
9.768940429687500000e+02
9.512205810546875000e+02
9.569395751953125000e+02
9.412926025390625000e+02
9.784958496093750000e+02
9.777220458984375000e+02
9.965734863281250000e+02
9.979190673828125000e+02
9.912523193359375000e+02
9.494708251953125000e+02
9.383796386718750000e+02
9.373802490234375000e+02
9.726947631835937500e+02
9.816787109375000000e+02
1.028829956054687500e+03
9.756595458984375000e+02
9.467523803710937500e+02
9.205714721679687500e+02
9.226680908203125000e+02
9.293816528320312500e+02
9.554911499023437500e+02
9.922971801757812500e+02
1.003220886230468750e+03
9.706455078125000000e+02
9.627896728515625000e+02
9.352377319335937500e+02
9.387954101562500000e+02
9.416311645507812500e+02
9.600878295898437500e+02
9.746513061523437500e+02
1.013168823242187500e+03
9.921225585937500000e+02
9.557588500976562500e+02
9.256278076171875000e+02
9.235588378906250000e+02
9.294810180664062500e+02
9.477711791992187500e+02
9.815281372070312500e+02
1.029402954101562500e+03
9.967605590820312500e+02
9.648684082031250000e+02
9.156880493164062500e+02
9.005999145507812500e+02
9.062518310546875000e+02
9.466047973632812500e+02
9.856752929687500000e+02
1.029811767578125000e+03
1.005177673339843750e+03
9.798736572265625000e+02
9.360951538085937500e+02
9.287819213867187500e+02
9.230510864257812500e+02
9.507690429687500000e+02
9.793988037109375000e+02
1.026329589843750000e+03
9.888512573242187500e+02
9.572342529296875000e+02
9.174768066406250000e+02
9.270440673828125000e+02
9.355645141601562500e+02
9.691225585937500000e+02
1.000159667968750000e+03
1.036672607421875000e+03
1.004207580566406250e+03
9.538547973632812500e+02
9.209830932617187500e+02
9.115559692382812500e+02
9.240486450195312500e+02
9.692202148437500000e+02
1.003679809570312500e+03
1.038148681640625000e+03
1.001454650878906250e+03
9.584426269531250000e+02
9.222935791015625000e+02
9.309147949218750000e+02
9.479555053710937500e+02
9.867769775390625000e+02
9.997226562500000000e+02
1.012680419921875000e+03
9.666566772460937500e+02
9.481003417968750000e+02
9.238555908203125000e+02
9.409685058593750000e+02
9.633262329101562500e+02
9.740410766601562500e+02
9.727424926757812500e+02
9.578335571289062500e+02
9.408073120117187500e+02
9.355505981445312500e+02
9.489490966796875000e+02
9.780476684570312500e+02
9.904541015625000000e+02
9.857854003906250000e+02
9.583778076171875000e+02
9.749234619140625000e+02
9.575320434570312500e+02
9.740657958984375000e+02
9.518665771484375000e+02
9.485045166015625000e+02
9.473666381835937500e+02
9.551100463867187500e+02
9.451886596679687500e+02
9.526094970703125000e+02
9.637069091796875000e+02
9.960794677734375000e+02
9.899012451171875000e+02
1.003757995605468750e+03
9.441677246093750000e+02
9.308367309570312500e+02
9.098337402343750000e+02
9.168893432617187500e+02
9.374940795898437500e+02
9.885093994140625000e+02
9.895102539062500000e+02
9.998232421875000000e+02
9.619456787109375000e+02
9.547719726562500000e+02
9.441049194335937500e+02
9.434612426757812500e+02
9.190020751953125000e+02
9.133882446289062500e+02
9.230249023437500000e+02
9.487517700195312500e+02
9.745588378906250000e+02
1.001251586914062500e+03
9.891459350585937500e+02
9.523650512695312500e+02
9.219468383789062500e+02
9.139551391601562500e+02
9.105513305664062500e+02
9.357814331054687500e+02
9.731923828125000000e+02
1.031338867187500000e+03
1.003463256835937500e+03
9.699856567382812500e+02
9.224476318359375000e+02
9.091493530273437500e+02
9.217459716796875000e+02
9.479092407226562500e+02
9.803487548828125000e+02
1.012737487792968750e+03
1.001958312988281250e+03
9.721383056640625000e+02
9.311850585937500000e+02
8.972716674804687500e+02
9.091387329101562500e+02
9.540471801757812500e+02
9.819404907226562500e+02
1.023087646484375000e+03
9.773061523437500000e+02
9.599478759765625000e+02
9.194995117187500000e+02
9.121576538085937500e+02
9.127988891601562500e+02
9.535011596679687500e+02
9.704366455078125000e+02
9.998572998046875000e+02
9.721040039062500000e+02
9.507824707031250000e+02
9.217821655273437500e+02
9.136358032226562500e+02
9.272958374023437500e+02
9.636914062500000000e+02
9.880047607421875000e+02
1.024560668945312500e+03
9.699796752929687500e+02
9.218753051757812500e+02
9.047714843750000000e+02
9.048114624023437500e+02
9.318880615234375000e+02
9.700251464843750000e+02
9.921512451171875000e+02
1.015924682617187500e+03
9.528346557617187500e+02
9.242985839843750000e+02
8.859048461914062500e+02
8.972753906250000000e+02
9.259104614257812500e+02
9.859186401367187500e+02
9.996517333984375000e+02
9.930377197265625000e+02
9.564854125976562500e+02
9.343134765625000000e+02
9.076159057617187500e+02
9.228847656250000000e+02
9.486380615234375000e+02
9.836706542968750000e+02
9.692719116210937500e+02
9.652119140625000000e+02
9.483893432617187500e+02
9.565297241210937500e+02
9.369055175781250000e+02
9.460812377929687500e+02
9.517041625976562500e+02
9.720159912109375000e+02
9.545874633789062500e+02
9.652050781250000000e+02
9.516950073242187500e+02
9.620289306640625000e+02
9.564058837890625000e+02
9.575741577148437500e+02
9.266119995117187500e+02
9.334774169921875000e+02
9.326001586914062500e+02
9.763775024414062500e+02
9.779326782226562500e+02
9.821123046875000000e+02
9.448238525390625000e+02
9.437177124023437500e+02
9.174938354492187500e+02
9.076674194335937500e+02
9.149713134765625000e+02
9.571939697265625000e+02
9.820362548828125000e+02
1.036910400390625000e+03
9.833627319335937500e+02
9.443601684570312500e+02
8.990385742187500000e+02
8.952297973632812500e+02
8.922631835937500000e+02
9.143787231445312500e+02
9.475484619140625000e+02
9.969854125976562500e+02
9.970428466796875000e+02
9.823887329101562500e+02
9.180964965820312500e+02
8.979467163085937500e+02
8.891464843750000000e+02
9.209021606445312500e+02
9.592432250976562500e+02
1.004507019042968750e+03
9.958226318359375000e+02
9.761553344726562500e+02
9.479220581054687500e+02
9.253555908203125000e+02
9.207103271484375000e+02
9.317855834960937500e+02
9.468098144531250000e+02
9.667407226562500000e+02
9.729614868164062500e+02
9.804358520507812500e+02
9.521858520507812500e+02
9.297671508789062500e+02
9.081450195312500000e+02
9.425278930664062500e+02
9.539022216796875000e+02
9.829584350585937500e+02
9.674286499023437500e+02
9.564853515625000000e+02
9.342124633789062500e+02
9.365159912109375000e+02
9.417559204101562500e+02
9.610480957031250000e+02
9.647426757812500000e+02
9.677616577148437500e+02
9.374860839843750000e+02
9.281895751953125000e+02
9.157149658203125000e+02
9.455781860351562500e+02
9.559851684570312500e+02
9.851882324218750000e+02
9.447975463867187500e+02
9.268146362304687500e+02
9.202014770507812500e+02
9.396589965820312500e+02
9.610461425781250000e+02
9.850582275390625000e+02
9.599454956054687500e+02
9.526512451171875000e+02
9.254106445312500000e+02
9.194583129882812500e+02
9.314525756835937500e+02
9.375942993164062500e+02
9.337025756835937500e+02
9.314337158203125000e+02
9.210198974609375000e+02
9.425843505859375000e+02
9.413389892578125000e+02
9.531056518554687500e+02
9.499808959960937500e+02
9.658365478515625000e+02
9.578163452148437500e+02
9.584432983398437500e+02
9.525684814453125000e+02
9.693779907226562500e+02
9.448513793945312500e+02
9.356091308593750000e+02
9.086947631835937500e+02
9.042639160156250000e+02
9.090617675781250000e+02
9.476172485351562500e+02
9.657125854492187500e+02
1.001850097656250000e+03
9.615745849609375000e+02
9.275780639648437500e+02
9.057108154296875000e+02
9.024648437500000000e+02
9.126400756835937500e+02
9.464635620117187500e+02
9.678722534179687500e+02
1.002334411621093750e+03
9.678793945312500000e+02
9.370317993164062500e+02
8.995018920898437500e+02
8.929022216796875000e+02
9.078419799804687500e+02
9.708560180664062500e+02
9.895444335937500000e+02
1.022772399902343750e+03
9.574077148437500000e+02
9.131041870117187500e+02
9.003884887695312500e+02
9.018087158203125000e+02
9.159254760742187500e+02
9.455852661132812500e+02
9.533948974609375000e+02
9.845397949218750000e+02
9.364042358398437500e+02
9.219021606445312500e+02
9.037133178710937500e+02
9.155150146484375000e+02
9.129833984375000000e+02
9.408578491210937500e+02
9.749418945312500000e+02
9.924108276367187500e+02
9.513812255859375000e+02
9.215084228515625000e+02
8.901085815429687500e+02
8.960794067382812500e+02
9.008710937500000000e+02
9.508389282226562500e+02
9.701849975585937500e+02
1.000826965332031250e+03
9.741892700195312500e+02
9.585111694335937500e+02
9.312246704101562500e+02
9.074600830078125000e+02
8.957800903320312500e+02
9.011403808593750000e+02
9.280472412109375000e+02
9.653085937500000000e+02
9.660488891601562500e+02
9.828043212890625000e+02
9.500319213867187500e+02
9.265942382812500000e+02
9.302390747070312500e+02
9.239799194335937500e+02
9.118999633789062500e+02
9.274692993164062500e+02
9.388123168945312500e+02
9.541267700195312500e+02
9.713330688476562500e+02
9.678209838867187500e+02
9.417940063476562500e+02
9.244279174804687500e+02
9.081879882812500000e+02
9.090078125000000000e+02
9.120164184570312500e+02
9.391985473632812500e+02
9.595317382812500000e+02
9.657742309570312500e+02
9.309781494140625000e+02
9.155064086914062500e+02
8.991992187500000000e+02
9.143008422851562500e+02
9.441857299804687500e+02
9.881421508789062500e+02
9.671942138671875000e+02
9.509762573242187500e+02
9.177543945312500000e+02
8.817625122070312500e+02
8.776132202148437500e+02
8.957219848632812500e+02
9.044763793945312500e+02
9.646864013671875000e+02
9.843703002929687500e+02
9.929570922851562500e+02
9.446135864257812500e+02
9.069689941406250000e+02
8.857108154296875000e+02
8.935910034179687500e+02
9.186516723632812500e+02
9.403143920898437500e+02
9.595472412109375000e+02
1.006727172851562500e+03
9.655880126953125000e+02
9.584179077148437500e+02
9.103095703125000000e+02
9.057189331054687500e+02
9.069185791015625000e+02
9.398923339843750000e+02
9.649674072265625000e+02
9.758724975585937500e+02
9.616651611328125000e+02
9.450819091796875000e+02
9.076343383789062500e+02
9.001982421875000000e+02
8.973634643554687500e+02
9.053764648437500000e+02
9.158638305664062500e+02
9.587926635742187500e+02
9.544498291015625000e+02
9.767712402343750000e+02
9.341251831054687500e+02
9.282180786132812500e+02
9.067618408203125000e+02
9.071167602539062500e+02
9.123051757812500000e+02
9.383181762695312500e+02
9.375113525390625000e+02
9.481717529296875000e+02
9.429206542968750000e+02
9.515600585937500000e+02
9.401338500976562500e+02
9.580441284179687500e+02
9.450451660156250000e+02
9.418519897460937500e+02
9.079984130859375000e+02
9.109879760742187500e+02
8.922302246093750000e+02
8.931074829101562500e+02
8.989974975585937500e+02
9.471533203125000000e+02
9.819417114257812500e+02
1.006098266601562500e+03
9.476533813476562500e+02
9.088604125976562500e+02
8.848020629882812500e+02
8.810007934570312500e+02
8.850005493164062500e+02
9.420629882812500000e+02
9.721092529296875000e+02
1.002608825683593750e+03
9.559241333007812500e+02
9.335233154296875000e+02
8.940750122070312500e+02
8.749301757812500000e+02
8.723323974609375000e+02
9.096971435546875000e+02
9.238066406250000000e+02
9.860025024414062500e+02
9.835391845703125000e+02
9.712441406250000000e+02
9.151282348632812500e+02
8.843782348632812500e+02
8.649984130859375000e+02
8.830768432617187500e+02
9.045883789062500000e+02
9.588009033203125000e+02
9.877835083007812500e+02
9.918724975585937500e+02
9.422721557617187500e+02
9.009420166015625000e+02
8.759211425781250000e+02
8.970526733398437500e+02
9.147383422851562500e+02
9.753369140625000000e+02
9.875563354492187500e+02
9.990245971679687500e+02
9.305772705078125000e+02
9.066237182617187500e+02
8.824596557617187500e+02
8.848457641601562500e+02
9.083702392578125000e+02
9.392656860351562500e+02
9.438273925781250000e+02
9.734570922851562500e+02
9.541601562500000000e+02
9.358273925781250000e+02
9.170210571289062500e+02
9.103704223632812500e+02
9.095177612304687500e+02
9.372845458984375000e+02
9.537902221679687500e+02
9.673588867187500000e+02
9.353474731445312500e+02
9.220041503906250000e+02
9.117947998046875000e+02
9.343724975585937500e+02
9.400066528320312500e+02
9.708201293945312500e+02
9.409230957031250000e+02
9.347174682617187500e+02
9.156591796875000000e+02
9.238061523437500000e+02
9.144210815429687500e+02
9.440246582031250000e+02
9.499382934570312500e+02
9.491272583007812500e+02
9.374085083007812500e+02
9.433294677734375000e+02
9.220967407226562500e+02
9.042982177734375000e+02
9.142769165039062500e+02
9.323307495117187500e+02
9.513833007812500000e+02
9.807043457031250000e+02
9.338662109375000000e+02
9.167904663085937500e+02
8.942299194335937500e+02
9.043727416992187500e+02
9.019676513671875000e+02
9.195119018554687500e+02
9.248318481445312500e+02
9.571163330078125000e+02
9.534865722656250000e+02
9.660834350585937500e+02
9.157584838867187500e+02
9.101478271484375000e+02
8.940141601562500000e+02
9.163972167968750000e+02
9.255187988281250000e+02
9.576824951171875000e+02
9.263848266601562500e+02
9.238139038085937500e+02
9.047694702148437500e+02
9.146369018554687500e+02
9.293439941406250000e+02
9.731235961914062500e+02
9.555604248046875000e+02
9.545416259765625000e+02
9.223618774414062500e+02
8.990420532226562500e+02
8.787819824218750000e+02
8.921486816406250000e+02
9.128010864257812500e+02
9.648859252929687500e+02
9.648389282226562500e+02
9.716004638671875000e+02
9.407266845703125000e+02
9.077960205078125000e+02
8.905240478515625000e+02
8.980686035156250000e+02
8.981275024414062500e+02
9.396977539062500000e+02
9.428348999023437500e+02
9.872993774414062500e+02
9.488460693359375000e+02
9.421578369140625000e+02
9.020474243164062500e+02
9.021485595703125000e+02
8.881001586914062500e+02
9.082732543945312500e+02
9.473211669921875000e+02
9.716555786132812500e+02
9.435071411132812500e+02
9.245579223632812500e+02
8.999557495117187500e+02
8.856215209960937500e+02
8.805370483398437500e+02
9.161337280273437500e+02
9.216867675781250000e+02
9.469713134765625000e+02
9.313547973632812500e+02
9.340061035156250000e+02
9.183603515625000000e+02
9.144464721679687500e+02
9.020356445312500000e+02
9.200388183593750000e+02
9.055421752929687500e+02
9.175989990234375000e+02
9.156767578125000000e+02
9.432896728515625000e+02
9.397736816406250000e+02
9.533248901367187500e+02
9.210675659179687500e+02
9.292839355468750000e+02
9.155670776367187500e+02
9.383340454101562500e+02
9.325632934570312500e+02
9.504005126953125000e+02
9.283832397460937500e+02
9.333390502929687500e+02
9.299180908203125000e+02
9.289885864257812500e+02
9.119270629882812500e+02
9.411340942382812500e+02
9.183709716796875000e+02
9.222703247070312500e+02
9.171328125000000000e+02
9.084015502929687500e+02
8.901950073242187500e+02
9.039596557617187500e+02
9.096744995117187500e+02
9.428127441406250000e+02
9.364806518554687500e+02
9.584209594726562500e+02
9.362774658203125000e+02
9.310785522460937500e+02
9.110098266601562500e+02
9.053025512695312500e+02
8.926519775390625000e+02
9.143287963867187500e+02
9.285997314453125000e+02
9.600791625976562500e+02
9.302702636718750000e+02
9.364307250976562500e+02
9.015240478515625000e+02
9.000574951171875000e+02
8.782033081054687500e+02
8.841359252929687500e+02
8.983473510742187500e+02
9.279324340820312500e+02
9.312386474609375000e+02
9.495969238281250000e+02
9.267256469726562500e+02
9.122152099609375000e+02
8.949783935546875000e+02
8.994874267578125000e+02
8.995856323242187500e+02
9.222228393554687500e+02
9.303852539062500000e+02
9.525874023437500000e+02
9.242869873046875000e+02
9.281268920898437500e+02
8.981116333007812500e+02
8.961613159179687500e+02
9.047848510742187500e+02
9.262301635742187500e+02
9.252181396484375000e+02
9.543298950195312500e+02
9.428616333007812500e+02
9.538269042968750000e+02
9.183038330078125000e+02
9.100134277343750000e+02
8.922870483398437500e+02
8.955735473632812500e+02
9.107760620117187500e+02
9.489313354492187500e+02
9.567919921875000000e+02
9.591145019531250000e+02
9.203415527343750000e+02
8.947420654296875000e+02
8.855762329101562500e+02
8.853583374023437500e+02
8.928554077148437500e+02
9.232480468750000000e+02
9.252719726562500000e+02
9.501561279296875000e+02
9.159423217773437500e+02
9.275591430664062500e+02
9.142152099609375000e+02
9.114008789062500000e+02
8.867748413085937500e+02
8.976754760742187500e+02
9.032460937500000000e+02
9.026583251953125000e+02
8.916735839843750000e+02
8.988665771484375000e+02
9.029783325195312500e+02
9.359587402343750000e+02
9.417069702148437500e+02
9.623654785156250000e+02
9.229635009765625000e+02
9.011109619140625000e+02
9.005194091796875000e+02
9.034848022460937500e+02
9.104144897460937500e+02
9.342625732421875000e+02
9.457304687500000000e+02
9.614744262695312500e+02
9.357881469726562500e+02
9.438721313476562500e+02
8.974130859375000000e+02
9.068955078125000000e+02
8.929090576171875000e+02
8.877133789062500000e+02
8.796201782226562500e+02
8.854001464843750000e+02
8.865781860351562500e+02
9.064293823242187500e+02
9.030561523437500000e+02
9.170657958984375000e+02
9.118337402343750000e+02
9.373344116210937500e+02
9.326440429687500000e+02
9.440258789062500000e+02
9.286585083007812500e+02
9.174295654296875000e+02
9.014680175781250000e+02
9.095956420898437500e+02
9.162413330078125000e+02
9.447158813476562500e+02
9.459197998046875000e+02
9.535505981445312500e+02
9.238385620117187500e+02
9.170226440429687500e+02
9.072069702148437500e+02
8.999354858398437500e+02
8.881268310546875000e+02
8.977764892578125000e+02
8.967554321289062500e+02
9.284958496093750000e+02
9.373378906250000000e+02
9.630098266601562500e+02
9.285978393554687500e+02
9.212895507812500000e+02
8.970335693359375000e+02
8.744912109375000000e+02
8.721743164062500000e+02
8.832438964843750000e+02
9.167749023437500000e+02
9.538950195312500000e+02
9.342844238281250000e+02
9.287356567382812500e+02
8.892926025390625000e+02
8.929248046875000000e+02
8.794191284179687500e+02
9.062291870117187500e+02
9.126549072265625000e+02
9.408675537109375000e+02
9.158303833007812500e+02
9.177211303710937500e+02
9.032648925781250000e+02
9.154828491210937500e+02
9.068854980468750000e+02
9.433038330078125000e+02
9.288528442382812500e+02
9.413930053710937500e+02
9.195233764648437500e+02
9.052237548828125000e+02
8.795527343750000000e+02
8.993207397460937500e+02
8.949204101562500000e+02
9.449488525390625000e+02
9.321939697265625000e+02
9.350520629882812500e+02
9.163999633789062500e+02
9.217001342773437500e+02
9.052940063476562500e+02
9.140248413085937500e+02
9.013262939453125000e+02
9.007608032226562500e+02
8.900029907226562500e+02
9.136444702148437500e+02
9.062942504882812500e+02
9.156430664062500000e+02
9.027345581054687500e+02
9.063027954101562500e+02
9.038675537109375000e+02
9.221033935546875000e+02
9.301405029296875000e+02
9.625303344726562500e+02
9.324227294921875000e+02
9.256165771484375000e+02
8.728220825195312500e+02
8.690933227539062500e+02
8.603453369140625000e+02
8.963884887695312500e+02
9.301966552734375000e+02
9.711335449218750000e+02
9.552495727539062500e+02
9.210419311523437500e+02
8.772714233398437500e+02
8.657407226562500000e+02
8.659457397460937500e+02
8.918986816406250000e+02
9.239149780273437500e+02
9.543926391601562500e+02
9.488397216796875000e+02
9.382454223632812500e+02
8.941033325195312500e+02
8.787331542968750000e+02
8.708333129882812500e+02
8.772466430664062500e+02
8.859870605468750000e+02
9.034082641601562500e+02
9.122108764648437500e+02
9.460883178710937500e+02
9.223729858398437500e+02
9.199600830078125000e+02
8.811800537109375000e+02
8.908967285156250000e+02
9.084913940429687500e+02
9.410873413085937500e+02
9.362589721679687500e+02
9.448426513671875000e+02
9.076975097656250000e+02
8.941190795898437500e+02
8.810907592773437500e+02
8.998872680664062500e+02
9.217066650390625000e+02
9.593228759765625000e+02
9.263834228515625000e+02
9.258540039062500000e+02
8.906218261718750000e+02
8.812213134765625000e+02
8.831690673828125000e+02
9.065513916015625000e+02
8.971912231445312500e+02
9.127237548828125000e+02
9.041061401367187500e+02
9.126380004882812500e+02
8.999518432617187500e+02
9.209083251953125000e+02
9.031137695312500000e+02
9.132036743164062500e+02
8.998341674804687500e+02
9.097564697265625000e+02
9.006501464843750000e+02
9.043087158203125000e+02
8.982971801757812500e+02
9.146799316406250000e+02
9.099874267578125000e+02
9.067061767578125000e+02
8.926502685546875000e+02
8.952785644531250000e+02
9.093818969726562500e+02
9.250684204101562500e+02
9.038386840820312500e+02
8.884012451171875000e+02
8.737354125976562500e+02
8.712015991210937500e+02
8.827080078125000000e+02
9.036067504882812500e+02
9.277180786132812500e+02
9.645303344726562500e+02
9.284434814453125000e+02
9.154852294921875000e+02
8.746615600585937500e+02
8.593600463867187500e+02
8.714517211914062500e+02
9.005595703125000000e+02
9.252171630859375000e+02
9.637822265625000000e+02
9.475697631835937500e+02
9.214238891601562500e+02
8.813846435546875000e+02
8.621624755859375000e+02
8.692437133789062500e+02
8.926560058593750000e+02
9.262522583007812500e+02
9.617085571289062500e+02
9.328252563476562500e+02
9.293892211914062500e+02
8.831483154296875000e+02
8.690999145507812500e+02
8.747621459960937500e+02
9.213561401367187500e+02
9.342728271484375000e+02
9.708011474609375000e+02
9.238526000976562500e+02
8.988453369140625000e+02
8.380865478515625000e+02
8.355095825195312500e+02
8.457177124023437500e+02
8.726530151367187500e+02
9.057531738281250000e+02
9.757210693359375000e+02
9.553843383789062500e+02
9.292851562500000000e+02
8.776227416992187500e+02
8.647977294921875000e+02
8.404415893554687500e+02
8.661055908203125000e+02
9.004925537109375000e+02
9.627230834960937500e+02
9.439624023437500000e+02
9.472157592773437500e+02
9.011633300781250000e+02
8.752102661132812500e+02
8.561846313476562500e+02
8.497822265625000000e+02
8.833270874023437500e+02
9.245187988281250000e+02
9.404578247070312500e+02
9.636804809570312500e+02
9.363700561523437500e+02
9.169772949218750000e+02
8.908586425781250000e+02
8.939714965820312500e+02
8.902498168945312500e+02
9.176431274414062500e+02
9.128396606445312500e+02
9.219898071289062500e+02
9.168843994140625000e+02
9.318143920898437500e+02
9.009841308593750000e+02
8.995370483398437500e+02
8.821248779296875000e+02
9.081355590820312500e+02
9.086641845703125000e+02
9.540612182617187500e+02
9.453104248046875000e+02
9.291823120117187500e+02
8.776394042968750000e+02
8.625319213867187500e+02
8.509461669921875000e+02
8.781727294921875000e+02
8.957651367187500000e+02
9.119732666015625000e+02
9.102775878906250000e+02
9.296792602539062500e+02
9.297335815429687500e+02
9.253955688476562500e+02
8.835826416015625000e+02
8.700985717773437500e+02
8.666317138671875000e+02
8.690496826171875000e+02
8.942459106445312500e+02
9.423558959960937500e+02
9.365709228515625000e+02
9.424494018554687500e+02
9.079955444335937500e+02
8.924067382812500000e+02
8.739821777343750000e+02
8.741195678710937500e+02
8.876192626953125000e+02
9.214924316406250000e+02
9.252457275390625000e+02
9.267165527343750000e+02
8.887714843750000000e+02
8.867647705078125000e+02
8.753894042968750000e+02
8.813608398437500000e+02
8.823422241210937500e+02
8.922164916992187500e+02
8.971926269531250000e+02
9.383535156250000000e+02
9.287944335937500000e+02
9.260979003906250000e+02
8.896108398437500000e+02
8.908675537109375000e+02
8.801271362304687500e+02
8.825582275390625000e+02
8.871845703125000000e+02
9.402670898437500000e+02
9.277995605468750000e+02
9.351019897460937500e+02
9.048083496093750000e+02
8.770540161132812500e+02
8.630881347656250000e+02
8.728245849609375000e+02
8.787017211914062500e+02
9.087142333984375000e+02
9.172446289062500000e+02
9.513713378906250000e+02
9.092604980468750000e+02
9.161517333984375000e+02
8.846389770507812500e+02
8.813125000000000000e+02
8.861162109375000000e+02
9.067954711914062500e+02
9.041173095703125000e+02
9.308114624023437500e+02
8.981083984375000000e+02
9.055484008789062500e+02
8.816674194335937500e+02
9.027095947265625000e+02
9.055858764648437500e+02
9.331277465820312500e+02
9.091607666015625000e+02
9.064016723632812500e+02
8.754963378906250000e+02
8.841015625000000000e+02
8.704786376953125000e+02
8.937783813476562500e+02
9.146818237304687500e+02
9.581967163085937500e+02
9.140945434570312500e+02
8.967005004882812500e+02
8.622943115234375000e+02
8.711231689453125000e+02
8.779528808593750000e+02
9.020526733398437500e+02
9.042659912109375000e+02
9.192780761718750000e+02
9.086541748046875000e+02
9.124089355468750000e+02
8.936752319335937500e+02
8.997942504882812500e+02
8.908270874023437500e+02
8.823002319335937500e+02
8.702493896484375000e+02
8.671715698242187500e+02
8.738293457031250000e+02
8.926824951171875000e+02
8.896223144531250000e+02
9.078606567382812500e+02
9.109261474609375000e+02
9.158706665039062500e+02
9.131941528320312500e+02
9.371314086914062500e+02
9.184991455078125000e+02
9.267295532226562500e+02
8.935142211914062500e+02
8.889080810546875000e+02
8.650941772460937500e+02
8.743466796875000000e+02
8.725054931640625000e+02
8.920166015625000000e+02
9.056091308593750000e+02
9.421370849609375000e+02
9.310686035156250000e+02
9.315017700195312500e+02
8.728866577148437500e+02
8.744747314453125000e+02
8.657478027343750000e+02
8.822680664062500000e+02
9.023234252929687500e+02
9.476645507812500000e+02
9.448310546875000000e+02
9.301699829101562500e+02
8.778488159179687500e+02
8.691594848632812500e+02
8.571231689453125000e+02
8.792091674804687500e+02
8.891593017578125000e+02
9.244398803710937500e+02
9.216967163085937500e+02
9.268201293945312500e+02
8.853140869140625000e+02
8.697272338867187500e+02
8.584970092773437500e+02
8.874190063476562500e+02
8.975094604492187500e+02
9.313706665039062500e+02
9.292435913085937500e+02
9.419349365234375000e+02
8.982114868164062500e+02
8.709887695312500000e+02
8.639904174804687500e+02
8.709584960937500000e+02
8.868781738281250000e+02
8.923203125000000000e+02
8.783597412109375000e+02
8.923444824218750000e+02
8.791293945312500000e+02
9.060752563476562500e+02
9.078998413085937500e+02
9.461302490234375000e+02
9.262071533203125000e+02
9.348927612304687500e+02
8.932068481445312500e+02
8.777288208007812500e+02
8.554917602539062500e+02
8.753267211914062500e+02
8.901842651367187500e+02
9.270053100585937500e+02
9.167109985351562500e+02
9.146528930664062500e+02
8.962786865234375000e+02
8.837785034179687500e+02
8.588370971679687500e+02
8.647103271484375000e+02
8.520367431640625000e+02
8.887034301757812500e+02
9.120354614257812500e+02
9.455052490234375000e+02
9.285173950195312500e+02
9.098490600585937500e+02
8.627616577148437500e+02
8.593316040039062500e+02
8.632363891601562500e+02
8.999406738281250000e+02
9.156779785156250000e+02
9.425549926757812500e+02
9.199794311523437500e+02
9.045805664062500000e+02
8.752131347656250000e+02
8.754089355468750000e+02
8.806527709960937500e+02
9.032733154296875000e+02
9.087675170898437500e+02
9.252208862304687500e+02
8.849678344726562500e+02
8.625903320312500000e+02
8.374366455078125000e+02
8.467673339843750000e+02
8.588583984375000000e+02
8.953464965820312500e+02
9.140921020507812500e+02
9.463745727539062500e+02
9.292661743164062500e+02
8.974967651367187500e+02
8.685552978515625000e+02
8.655757446289062500e+02
8.504865722656250000e+02
8.735709228515625000e+02
8.738428955078125000e+02
9.029249877929687500e+02
9.033610839843750000e+02
9.136069946289062500e+02
8.941916503906250000e+02
8.768530883789062500e+02
8.831058959960937500e+02
9.008046875000000000e+02
9.131644897460937500e+02
9.390919799804687500e+02
9.066229858398437500e+02
9.092911376953125000e+02
8.804373779296875000e+02
8.777047119140625000e+02
8.640168457031250000e+02
8.894002685546875000e+02
8.970463256835937500e+02
9.159816284179687500e+02
9.029858398437500000e+02
8.896250000000000000e+02
8.626320190429687500e+02
8.508638305664062500e+02
8.356053466796875000e+02
8.653657226562500000e+02
8.880020751953125000e+02
9.397556762695312500e+02
9.261488037109375000e+02
9.355725097656250000e+02
8.821646728515625000e+02
8.584318847656250000e+02
8.406846313476562500e+02
8.632703857421875000e+02
8.924557495117187500e+02
9.428813476562500000e+02
9.290184936523437500e+02
9.157720947265625000e+02
8.647221679687500000e+02
8.637655639648437500e+02
8.580242309570312500e+02
8.771813354492187500e+02
8.798063354492187500e+02
9.111671752929687500e+02
8.942185668945312500e+02
8.944736328125000000e+02
8.889343261718750000e+02
8.997531738281250000e+02
8.819349365234375000e+02
8.963535156250000000e+02
8.949181518554687500e+02
9.144462280273437500e+02
8.963613281250000000e+02
9.042305908203125000e+02
8.810282592773437500e+02
8.754130859375000000e+02
8.618020019531250000e+02
8.788905639648437500e+02
8.720501708984375000e+02
8.851804809570312500e+02
8.832785034179687500e+02
9.352720947265625000e+02
9.109324951171875000e+02
9.028286743164062500e+02
8.750413208007812500e+02
8.646582641601562500e+02
8.638889160156250000e+02
8.700205078125000000e+02
8.842608032226562500e+02
9.185040893554687500e+02
9.140408935546875000e+02
9.216653442382812500e+02
9.044519042968750000e+02
8.958341674804687500e+02
8.866245727539062500e+02
8.946558837890625000e+02
8.830853881835937500e+02
8.964413452148437500e+02
8.800563964843750000e+02
8.881685180664062500e+02
8.872005004882812500e+02
8.845655517578125000e+02
8.747265625000000000e+02
8.762803955078125000e+02
8.707037353515625000e+02
8.865480957031250000e+02
8.956116333007812500e+02
9.115252685546875000e+02
8.925336303710937500e+02
8.893665161132812500e+02
8.724131469726562500e+02
8.692579956054687500e+02
8.619495849609375000e+02
8.852766723632812500e+02
8.860852661132812500e+02
9.180794067382812500e+02
8.968280029296875000e+02
8.970682983398437500e+02
8.839475708007812500e+02
8.701636352539062500e+02
8.634640502929687500e+02
8.830364990234375000e+02
8.871653442382812500e+02
9.325894165039062500e+02
9.201658325195312500e+02
8.977871704101562500e+02
8.477285766601562500e+02
8.442299804687500000e+02
8.517536621093750000e+02
8.922220458984375000e+02
9.070942382812500000e+02
9.580718383789062500e+02
9.162228393554687500e+02
9.088585815429687500e+02
8.740739135742187500e+02
8.624617309570312500e+02
8.580223999023437500e+02
8.665415039062500000e+02
8.820157470703125000e+02
9.088040161132812500e+02
9.104409179687500000e+02
9.305191650390625000e+02
9.043006591796875000e+02
8.902021484375000000e+02
8.687350463867187500e+02
8.693798217773437500e+02
8.621072387695312500e+02
8.838854370117187500e+02
8.989686279296875000e+02
9.227543334960937500e+02
9.063696289062500000e+02
8.969165649414062500e+02
8.752709960937500000e+02
8.662960815429687500e+02
8.593875122070312500e+02
8.686220703125000000e+02
8.682498779296875000e+02
8.951223144531250000e+02
8.961734619140625000e+02
9.120692138671875000e+02
8.960593872070312500e+02
8.887398071289062500e+02
8.649569702148437500e+02
8.688839721679687500e+02
8.569746704101562500e+02
8.537491455078125000e+02
8.723565673828125000e+02
9.075291748046875000e+02
9.221200561523437500e+02
9.312012939453125000e+02
8.933109130859375000e+02
8.818073120117187500e+02
8.537483520507812500e+02
8.382349243164062500e+02
8.421036376953125000e+02
8.740701293945312500e+02
8.714483032226562500e+02
8.891119995117187500e+02
8.984035644531250000e+02
9.029190673828125000e+02
8.781047973632812500e+02
8.597808837890625000e+02
8.569248046875000000e+02
8.656674194335937500e+02
8.681207275390625000e+02
8.816476440429687500e+02
8.892653198242187500e+02
9.214130859375000000e+02
9.160744018554687500e+02
9.110181274414062500e+02
8.766026611328125000e+02
8.827825927734375000e+02
8.726519775390625000e+02
8.776307983398437500e+02
8.800625000000000000e+02
9.062781372070312500e+02
8.874170532226562500e+02
9.054030761718750000e+02
8.957570800781250000e+02
9.219658203125000000e+02
8.948732299804687500e+02
8.926065673828125000e+02
8.703331298828125000e+02
8.741666870117187500e+02
8.557178344726562500e+02
8.594359741210937500e+02
8.674243164062500000e+02
8.884660644531250000e+02
8.837536010742187500e+02
9.171342163085937500e+02
8.950855102539062500e+02
8.926040649414062500e+02
8.801496582031250000e+02
8.818427124023437500e+02
8.670713500976562500e+02
8.790440673828125000e+02
8.678385620117187500e+02
8.822686767578125000e+02
8.754497680664062500e+02
8.743540649414062500e+02
8.727916870117187500e+02
8.753070678710937500e+02
8.649420776367187500e+02
8.693609008789062500e+02
8.650202636718750000e+02
8.917142333984375000e+02
8.853295898437500000e+02
9.075463867187500000e+02
9.058834228515625000e+02
8.919769897460937500e+02
8.668654785156250000e+02
8.724117431640625000e+02
8.591564331054687500e+02
8.520045166015625000e+02
8.576895141601562500e+02
8.828118286132812500e+02
9.071452636718750000e+02
9.210427246093750000e+02
8.916762695312500000e+02
8.729176025390625000e+02
8.480664062500000000e+02
8.528957519531250000e+02
8.626909179687500000e+02
9.015927124023437500e+02
9.220315551757812500e+02
9.506541748046875000e+02
9.166051025390625000e+02
9.016008911132812500e+02
8.578925170898437500e+02
8.522566528320312500e+02
8.375814819335937500e+02
8.692420654296875000e+02
8.733594970703125000e+02
9.032525024414062500e+02
8.987559204101562500e+02
9.201672973632812500e+02
9.100756835937500000e+02
9.034261474609375000e+02
8.528526000976562500e+02
8.516962280273437500e+02
8.545059204101562500e+02
8.729491577148437500e+02
8.950020751953125000e+02
9.359726562500000000e+02
9.134069213867187500e+02
8.953209228515625000e+02
8.541366577148437500e+02
8.427052612304687500e+02
8.544368286132812500e+02
8.691172485351562500e+02
8.741836547851562500e+02
8.902117309570312500e+02
8.708753051757812500e+02
8.736829833984375000e+02
8.585965576171875000e+02
8.663885498046875000e+02
8.849512939453125000e+02
9.190485839843750000e+02
9.144760742187500000e+02
9.186069335937500000e+02
8.845180053710937500e+02
8.579221801757812500e+02
8.445202636718750000e+02
8.416314086914062500e+02
8.402130126953125000e+02
8.638994750976562500e+02
8.698385009765625000e+02
8.998663940429687500e+02
8.930328369140625000e+02
9.071719970703125000e+02
8.936367187500000000e+02
8.884287109375000000e+02
8.550158081054687500e+02
8.584808349609375000e+02
8.486882324218750000e+02
8.705983276367187500e+02
8.718603515625000000e+02
9.053253784179687500e+02
9.184731445312500000e+02
9.319434814453125000e+02
9.098012695312500000e+02
8.869023437500000000e+02
8.539227294921875000e+02
8.369454345703125000e+02
8.343784179687500000e+02
8.507188110351562500e+02
8.624218139648437500e+02
9.170924072265625000e+02
9.200231323242187500e+02
9.315637207031250000e+02
8.857677612304687500e+02
8.446021728515625000e+02
8.072206420898437500e+02
8.238656005859375000e+02
8.393487548828125000e+02
8.923847656250000000e+02
9.288502197265625000e+02
9.704533081054687500e+02
9.127993164062500000e+02
8.612778930664062500e+02
8.135632324218750000e+02
8.102442626953125000e+02
8.174473266601562500e+02
8.367358398437500000e+02
8.632157592773437500e+02
9.028684082031250000e+02
9.155620727539062500e+02
9.358200073242187500e+02
8.998168334960937500e+02
8.877362670898437500e+02
8.493203125000000000e+02
8.530858154296875000e+02
8.409267578125000000e+02
8.627564697265625000e+02
8.746437377929687500e+02
9.353463134765625000e+02
9.171755981445312500e+02
9.191668090820312500e+02
8.804615478515625000e+02
8.593598022460937500e+02
8.462762451171875000e+02
8.524119262695312500e+02
8.626232299804687500e+02
9.158442382812500000e+02
9.114730834960937500e+02
9.148595581054687500e+02
8.762254028320312500e+02
8.479345092773437500e+02
8.350100708007812500e+02
8.543230590820312500e+02
8.686557617187500000e+02
8.980202636718750000e+02
9.111028442382812500e+02
9.329885864257812500e+02
8.949378051757812500e+02
8.743141479492187500e+02
8.453383789062500000e+02
8.433646850585937500e+02
8.470875854492187500e+02
8.775062255859375000e+02
8.879169311523437500e+02
9.172885742187500000e+02
8.916770629882812500e+02
8.915109863281250000e+02
8.711384887695312500e+02
8.613731689453125000e+02
8.464160156250000000e+02
8.645714111328125000e+02
8.717827148437500000e+02
8.954179077148437500e+02
8.876527709960937500e+02
8.957711791992187500e+02
8.784585571289062500e+02
8.847580566406250000e+02
8.704724121093750000e+02
8.761403198242187500e+02
8.626362304687500000e+02
8.687096557617187500e+02
8.667410888671875000e+02
8.712055053710937500e+02
8.676434326171875000e+02
8.829387207031250000e+02
8.699236450195312500e+02
8.962965698242187500e+02
9.000043945312500000e+02
9.039681396484375000e+02
8.742461547851562500e+02
8.769959716796875000e+02
8.521864013671875000e+02
8.638147583007812500e+02
8.702561035156250000e+02
9.054071655273437500e+02
8.967801513671875000e+02
9.228642578125000000e+02
8.893919067382812500e+02
8.743111572265625000e+02
8.500446777343750000e+02
8.579094238281250000e+02
8.743294067382812500e+02
8.964407348632812500e+02
8.800542602539062500e+02
8.991854248046875000e+02
8.668903198242187500e+02
8.607712402343750000e+02
8.577944946289062500e+02
8.808303833007812500e+02
8.715378417968750000e+02
9.025308837890625000e+02
8.912421875000000000e+02
8.983223266601562500e+02
8.673312377929687500e+02
8.699484252929687500e+02
8.558741455078125000e+02
8.634185791015625000e+02
8.715317382812500000e+02
9.026773071289062500e+02
8.942922973632812500e+02
8.999035644531250000e+02
8.746672363281250000e+02
8.527426757812500000e+02
8.295744628906250000e+02
8.386339721679687500e+02
8.551524658203125000e+02
8.991489257812500000e+02
9.259451293945312500e+02
9.420202636718750000e+02
8.796394653320312500e+02
8.489240112304687500e+02
8.149373779296875000e+02
8.164810791015625000e+02
8.219423217773437500e+02
8.385130004882812500e+02
8.601113891601562500e+02
9.338035888671875000e+02
9.351094970703125000e+02
9.361301269531250000e+02
8.623046875000000000e+02
8.252920532226562500e+02
8.008718261718750000e+02
7.938093872070312500e+02
8.012561035156250000e+02
8.433109130859375000e+02
8.864990844726562500e+02
9.438667602539062500e+02
9.242307128906250000e+02
9.257199707031250000e+02
8.633332519531250000e+02
8.307708129882812500e+02
8.314151611328125000e+02
8.274586791992187500e+02
8.529001464843750000e+02
8.979874877929687500e+02
9.165585937500000000e+02
9.358018798828125000e+02
8.783861694335937500e+02
8.340750732421875000e+02
8.184801635742187500e+02
8.393406372070312500e+02
8.431519165039062500e+02
9.058793334960937500e+02
9.131107177734375000e+02
9.397883300781250000e+02
9.023419799804687500e+02
8.796243286132812500e+02
8.233325195312500000e+02
8.202913818359375000e+02
8.075513305664062500e+02
8.319002685546875000e+02
8.604293212890625000e+02
9.220857543945312500e+02
9.355608520507812500e+02
9.395889892578125000e+02
8.749733886718750000e+02
8.442081298828125000e+02
8.355075683593750000e+02
8.365187377929687500e+02
8.407677612304687500e+02
8.790890502929687500e+02
9.033440551757812500e+02
9.420404052734375000e+02
9.212844238281250000e+02
8.980447387695312500e+02
8.520435180664062500e+02
8.260036621093750000e+02
8.215882568359375000e+02
8.576457519531250000e+02
8.834069213867187500e+02
9.302047119140625000e+02
9.151046752929687500e+02
9.005979614257812500e+02
8.438894042968750000e+02
8.147933959960937500e+02
8.124293823242187500e+02
8.042603149414062500e+02
8.362983398437500000e+02
8.969714355468750000e+02
9.286067504882812500e+02
9.437452392578125000e+02
8.910472412109375000e+02
8.679010620117187500e+02
8.430010986328125000e+02
8.361691284179687500e+02
8.201963500976562500e+02
8.383931274414062500e+02
8.589899291992187500e+02
8.850245971679687500e+02
8.825559692382812500e+02
8.726530151367187500e+02
8.581546630859375000e+02
8.779609375000000000e+02
8.782749633789062500e+02
8.929583129882812500e+02
8.867486572265625000e+02
8.962979736328125000e+02
8.742355957031250000e+02
8.697675781250000000e+02
8.432497558593750000e+02
8.516866455078125000e+02
8.539890747070312500e+02
8.823969726562500000e+02
8.829879760742187500e+02
9.129368286132812500e+02
8.958793945312500000e+02
8.815989990234375000e+02
8.549942626953125000e+02
8.649564208984375000e+02
8.630029296875000000e+02
8.848260498046875000e+02
8.702564086914062500e+02
8.657460937500000000e+02
8.459763183593750000e+02
8.608900146484375000e+02
8.615004272460937500e+02
8.772789916992187500e+02
8.758213500976562500e+02
9.029519042968750000e+02
8.873724365234375000e+02
8.955130004882812500e+02
8.695288085937500000e+02
8.677343139648437500e+02
8.470088500976562500e+02
8.501913452148437500e+02
8.393380126953125000e+02
8.431280517578125000e+02
8.695667114257812500e+02
8.902954711914062500e+02
9.001190185546875000e+02
9.099803466796875000e+02
8.861958007812500000e+02
8.690850830078125000e+02
8.423425903320312500e+02
8.557941284179687500e+02
8.615526733398437500e+02
8.889151000976562500e+02
8.839705200195312500e+02
8.908438110351562500e+02
8.620726318359375000e+02
8.557291870117187500e+02
8.449672241210937500e+02
8.501701660156250000e+02
8.359979248046875000e+02
8.547561035156250000e+02
8.719136352539062500e+02
9.120950927734375000e+02
8.928521728515625000e+02
8.844934692382812500e+02
8.458446655273437500e+02
8.389723510742187500e+02
8.314910888671875000e+02
8.531142578125000000e+02
8.422650146484375000e+02
8.742203369140625000e+02
8.844411621093750000e+02
9.097181396484375000e+02
8.747318115234375000e+02
8.629417114257812500e+02
8.410082397460937500e+02
8.426049194335937500e+02
8.334393310546875000e+02
8.647449340820312500e+02
8.714140014648437500e+02
8.753524780273437500e+02
8.568504028320312500e+02
8.668984375000000000e+02
8.597197265625000000e+02
8.655541381835937500e+02
8.601486816406250000e+02
8.700869140625000000e+02
8.608645019531250000e+02
8.802070922851562500e+02
8.703239746093750000e+02
8.832374877929687500e+02
8.755872192382812500e+02
8.857966308593750000e+02
8.806583251953125000e+02
9.000029296875000000e+02
8.683788452148437500e+02
8.595761718750000000e+02
8.368072509765625000e+02
8.540798950195312500e+02
8.505151367187500000e+02
8.804397583007812500e+02
8.722050170898437500e+02
8.915091552734375000e+02
8.751909790039062500e+02
8.717849731445312500e+02
8.538408813476562500e+02
8.601237182617187500e+02
8.502623291015625000e+02
8.673906860351562500e+02
8.662012939453125000e+02
8.795137329101562500e+02
8.632683105468750000e+02
8.787657470703125000e+02
8.700537109375000000e+02
8.897482299804687500e+02
8.766093139648437500e+02
9.032058105468750000e+02
8.723353881835937500e+02
8.700121459960937500e+02
8.476141357421875000e+02
8.425588378906250000e+02
8.258258056640625000e+02
8.456329956054687500e+02
8.540232543945312500e+02
8.720554199218750000e+02
8.793179931640625000e+02
8.896359252929687500e+02
8.694983520507812500e+02
8.708403930664062500e+02
8.481736450195312500e+02
8.714078979492187500e+02
8.655396728515625000e+02
8.792210083007812500e+02
8.698980102539062500e+02
8.573926391601562500e+02
8.363666381835937500e+02
8.366443481445312500e+02
8.262944335937500000e+02
8.561859130859375000e+02
8.661174926757812500e+02
8.899292602539062500e+02
8.784567260742187500e+02
8.819698486328125000e+02
8.546954956054687500e+02
8.416203002929687500e+02
8.286802368164062500e+02
8.355462646484375000e+02
8.479135131835937500e+02
8.900462646484375000e+02
8.829790039062500000e+02
9.034482421875000000e+02
8.839208984375000000e+02
8.792590942382812500e+02
8.576825561523437500e+02
8.641682128906250000e+02
8.534861450195312500e+02
8.521660766601562500e+02
8.674500122070312500e+02
8.876703491210937500e+02
8.787783813476562500e+02
8.819685058593750000e+02
8.507879028320312500e+02
8.605964355468750000e+02
8.620864257812500000e+02
8.729042358398437500e+02
8.577554321289062500e+02
8.855961303710937500e+02
8.801940917968750000e+02
8.945422973632812500e+02
8.685485839843750000e+02
8.684968872070312500e+02
8.469104003906250000e+02
8.524733886718750000e+02
8.449869995117187500e+02
8.842272949218750000e+02
8.756127319335937500e+02
9.182395629882812500e+02
8.839385986328125000e+02
8.840874633789062500e+02
8.428037109375000000e+02
8.430290527343750000e+02
8.183944091796875000e+02
8.406909790039062500e+02
8.474922485351562500e+02
8.652325439453125000e+02
8.630692138671875000e+02
8.780421752929687500e+02
8.632164306640625000e+02
8.755483398437500000e+02
8.538855590820312500e+02
8.543826293945312500e+02
8.434548950195312500e+02
8.457173461914062500e+02
8.429986572265625000e+02
8.528675537109375000e+02
8.674212646484375000e+02
8.842217407226562500e+02
8.691914672851562500e+02
8.772895507812500000e+02
8.600958862304687500e+02
8.568175659179687500e+02
8.467896728515625000e+02
8.470109863281250000e+02
8.227180786132812500e+02
8.264078369140625000e+02
8.318177490234375000e+02
8.689844360351562500e+02
8.629660034179687500e+02
8.975663452148437500e+02
8.836184082031250000e+02
8.967119140625000000e+02
8.734962158203125000e+02
8.578862304687500000e+02
8.362410888671875000e+02
8.503353881835937500e+02
8.451174926757812500e+02
8.599558105468750000e+02
8.610704956054687500e+02
8.665307617187500000e+02
8.499941406250000000e+02
8.761870117187500000e+02
8.582932128906250000e+02
8.720543823242187500e+02
8.717423095703125000e+02
8.762458496093750000e+02
8.458973999023437500e+02
8.372153930664062500e+02
8.306918334960937500e+02
8.641505737304687500e+02
8.552940063476562500e+02
8.783126831054687500e+02
8.843441772460937500e+02
8.865333862304687500e+02
8.659215087890625000e+02
8.574578857421875000e+02
8.433520507812500000e+02
8.580467529296875000e+02
8.451942138671875000e+02
8.540582275390625000e+02
8.544892578125000000e+02
8.609085083007812500e+02
8.566004028320312500e+02
8.626603393554687500e+02
8.572187500000000000e+02
8.713360595703125000e+02
8.736295776367187500e+02
8.772103271484375000e+02
8.654833374023437500e+02
8.720834350585937500e+02
8.480444946289062500e+02
8.395317382812500000e+02
8.275111694335937500e+02
8.400582275390625000e+02
8.595944213867187500e+02
8.834920654296875000e+02
8.840864868164062500e+02
8.865479736328125000e+02
8.549131469726562500e+02
8.476066284179687500e+02
8.303800659179687500e+02
8.548047485351562500e+02
8.442880859375000000e+02
8.657164916992187500e+02
8.821982421875000000e+02
8.964901733398437500e+02
8.835111694335937500e+02
8.864879150390625000e+02
8.527926635742187500e+02
8.459202270507812500e+02
8.301076660156250000e+02
8.287969360351562500e+02
8.309019775390625000e+02
8.703759155273437500e+02
8.908645019531250000e+02
9.116939697265625000e+02
8.806085205078125000e+02
8.393252563476562500e+02
8.051068115234375000e+02
7.946973266601562500e+02
8.027291870117187500e+02
8.295973510742187500e+02
8.493580932617187500e+02
8.938397216796875000e+02
8.956343383789062500e+02
9.211873168945312500e+02
8.861768798828125000e+02
8.710712280273437500e+02
8.309526367187500000e+02
8.201737670898437500e+02
8.112949218750000000e+02
8.425892333984375000e+02
8.569573364257812500e+02
8.885043945312500000e+02
8.962201538085937500e+02
8.975917968750000000e+02
8.648385620117187500e+02
8.462814331054687500e+02
8.243840942382812500e+02
8.239575195312500000e+02
8.270294189453125000e+02
8.627026367187500000e+02
8.742577514648437500e+02
8.960419311523437500e+02
8.833369140625000000e+02
8.743125610351562500e+02
8.398271484375000000e+02
8.241011352539062500e+02
8.131863403320312500e+02
8.321985473632812500e+02
8.426434326171875000e+02
8.913334960937500000e+02
8.995417480468750000e+02
8.939979248046875000e+02
8.616633911132812500e+02
8.510946044921875000e+02
8.318225097656250000e+02
8.262806396484375000e+02
8.359376831054687500e+02
8.657217407226562500e+02
8.785672607421875000e+02
8.818629150390625000e+02
8.490239868164062500e+02
8.439074096679687500e+02
8.294821777343750000e+02
8.486936645507812500e+02
8.680453491210937500e+02
8.894564819335937500e+02
8.836081542968750000e+02
8.886680908203125000e+02
8.725078125000000000e+02
8.514426879882812500e+02
8.368198242187500000e+02
8.324945068359375000e+02
8.321011352539062500e+02
8.625263061523437500e+02
8.671079711914062500e+02
9.032933959960937500e+02
8.610689697265625000e+02
8.452905883789062500e+02
8.182413330078125000e+02
8.133248901367187500e+02
8.146100463867187500e+02
8.439277343750000000e+02
8.631353149414062500e+02
9.086973876953125000e+02
9.028563842773437500e+02
8.937420654296875000e+02
8.314476318359375000e+02
8.125979614257812500e+02
7.908795776367187500e+02
8.012360839843750000e+02
8.301836547851562500e+02
8.950249023437500000e+02
9.062677612304687500e+02
9.168679199218750000e+02
8.725106811523437500e+02
8.323380737304687500e+02
8.005287475585937500e+02
7.918999023437500000e+02
7.871716308593750000e+02
8.237543334960937500e+02
8.612908325195312500e+02
9.252048950195312500e+02
9.217497558593750000e+02
8.958344116210937500e+02
8.300764770507812500e+02
8.136029052734375000e+02
8.138947143554687500e+02
8.491208496093750000e+02
8.623031616210937500e+02
9.080729370117187500e+02
8.988604736328125000e+02
9.098029174804687500e+02
8.571069946289062500e+02
8.425872192382812500e+02
8.254562988281250000e+02
8.347697143554687500e+02
8.231405639648437500e+02
8.414803466796875000e+02
8.615109863281250000e+02
8.991198120117187500e+02
8.983230590820312500e+02
8.987459716796875000e+02
8.542712402343750000e+02
8.429872436523437500e+02
8.160137329101562500e+02
8.161623535156250000e+02
7.989575195312500000e+02
8.175103149414062500e+02
8.436370849609375000e+02
8.840575561523437500e+02
8.968640136718750000e+02
8.969922485351562500e+02
8.572525024414062500e+02
8.395126342773437500e+02
8.165321655273437500e+02
8.284443359375000000e+02
8.263590087890625000e+02
8.724501342773437500e+02
8.784258422851562500e+02
9.005719604492187500e+02
8.715317993164062500e+02
8.452413330078125000e+02
8.077943115234375000e+02
8.011015625000000000e+02
7.989815063476562500e+02
8.511637573242187500e+02
8.715662231445312500e+02
9.003298950195312500e+02
8.891828002929687500e+02
8.798522338867187500e+02
8.396055908203125000e+02
8.412723999023437500e+02
8.364968872070312500e+02
8.505238037109375000e+02
8.580493164062500000e+02
8.889724121093750000e+02
8.685853271484375000e+02
8.789934692382812500e+02
8.603447265625000000e+02
8.717765502929687500e+02
8.537431030273437500e+02
8.704390869140625000e+02
8.653928222656250000e+02
8.859048461914062500e+02
8.683942260742187500e+02
8.728699951171875000e+02
8.566035766601562500e+02
8.846290893554687500e+02
8.626213378906250000e+02
8.703209228515625000e+02
8.571856689453125000e+02
8.650729370117187500e+02
8.609282226562500000e+02
8.995333862304687500e+02
8.817881469726562500e+02
8.981859130859375000e+02
8.652445678710937500e+02
8.394656372070312500e+02
8.050648193359375000e+02
7.950455932617187500e+02
7.887245483398437500e+02
8.193444824218750000e+02
8.292460937500000000e+02
8.786252441406250000e+02
8.999325561523437500e+02
9.335155639648437500e+02
8.740000000000000000e+02
8.321337280273437500e+02
8.001254272460937500e+02
7.895126342773437500e+02
7.976729125976562500e+02
8.279625854492187500e+02
8.629382324218750000e+02
9.062680664062500000e+02
8.937537231445312500e+02
8.814853515625000000e+02
8.360380859375000000e+02
8.140847167968750000e+02
7.920752563476562500e+02
8.028037109375000000e+02
8.276811523437500000e+02
8.948490600585937500e+02
8.905965576171875000e+02
9.100043334960937500e+02
8.778322143554687500e+02
8.705891723632812500e+02
8.476409301757812500e+02
8.539087524414062500e+02
8.527248535156250000e+02
8.724439697265625000e+02
8.636156616210937500e+02
8.783472290039062500e+02
8.621601562500000000e+02
8.627963256835937500e+02
8.367936401367187500e+02
8.340470581054687500e+02
8.236004638671875000e+02
8.486425170898437500e+02
8.407821044921875000e+02
8.589488525390625000e+02
8.541411743164062500e+02
8.767817382812500000e+02
8.477509765625000000e+02
8.453914184570312500e+02
8.252919311523437500e+02
8.432678833007812500e+02
8.391179199218750000e+02
8.695521850585937500e+02
8.852996826171875000e+02
9.093587646484375000e+02
8.840508422851562500e+02
8.620935668945312500e+02
8.046149902343750000e+02
7.991251831054687500e+02
8.166326293945312500e+02
8.327245483398437500e+02
8.466047363281250000e+02
8.595255737304687500e+02
8.506243896484375000e+02
8.720922241210937500e+02
8.473563842773437500e+02
8.731904907226562500e+02
8.546851806640625000e+02
8.537592163085937500e+02
8.345223388671875000e+02
8.347554321289062500e+02
8.262251586914062500e+02
8.470840454101562500e+02
8.455625000000000000e+02
8.751207275390625000e+02
8.686718139648437500e+02
8.979805908203125000e+02
8.679183349609375000e+02
8.570955810546875000e+02
8.305241699218750000e+02
8.292067260742187500e+02
8.156177368164062500e+02
8.172301635742187500e+02
8.075206298828125000e+02
8.286866455078125000e+02
8.404113159179687500e+02
8.803782348632812500e+02
8.645648193359375000e+02
8.845061035156250000e+02
8.515076293945312500e+02
8.496718139648437500e+02
8.283604125976562500e+02
8.255935668945312500e+02
8.130173339843750000e+02
8.233826293945312500e+02
8.362066650390625000e+02
8.794406738281250000e+02
8.770118408203125000e+02
8.830256347656250000e+02
8.597288818359375000e+02
8.511608276367187500e+02
8.241341552734375000e+02
8.155088500976562500e+02
8.249151611328125000e+02
8.647345581054687500e+02
8.734558105468750000e+02
8.949782104492187500e+02
8.684044799804687500e+02
8.509376831054687500e+02
8.163436279296875000e+02
8.142026367187500000e+02
8.024459838867187500e+02
8.210029296875000000e+02
8.354972534179687500e+02
8.809110107421875000e+02
8.853298950195312500e+02
8.989868774414062500e+02
8.503925170898437500e+02
8.317287597656250000e+02
7.908479003906250000e+02
8.057878417968750000e+02
8.144804077148437500e+02
8.525030517578125000e+02
8.611017456054687500e+02
8.781309204101562500e+02
8.647562255859375000e+02
8.651668090820312500e+02
8.529377441406250000e+02
8.575777587890625000e+02
8.227650146484375000e+02
8.065782470703125000e+02
8.094053344726562500e+02
8.502514648437500000e+02
8.697146606445312500e+02
9.125122680664062500e+02
8.873156738281250000e+02
8.593177490234375000e+02
8.236044311523437500e+02
8.113479003906250000e+02
8.043146362304687500e+02
8.166927490234375000e+02
8.209169311523437500e+02
8.554468383789062500e+02
8.605104370117187500e+02
8.926549682617187500e+02
8.773041381835937500e+02
8.774665527343750000e+02
8.457500610351562500e+02
8.281957397460937500e+02
8.188205566406250000e+02
8.638490600585937500e+02
8.679329223632812500e+02
8.967493896484375000e+02
8.618148193359375000e+02
8.808709716796875000e+02
8.541536865234375000e+02
8.574557495117187500e+02
8.424491577148437500e+02
8.312346801757812500e+02
8.260677490234375000e+02
8.165581665039062500e+02
8.142423095703125000e+02
8.466145629882812500e+02
8.598660888671875000e+02
8.938377685546875000e+02
8.740871582031250000e+02
8.778193969726562500e+02
8.454445190429687500e+02
8.531013183593750000e+02
8.461895751953125000e+02
8.512927246093750000e+02
8.345000610351562500e+02
8.511581420898437500e+02
8.334437255859375000e+02
8.496361694335937500e+02
8.560336303710937500e+02
8.772418212890625000e+02
8.639400024414062500e+02
8.656001586914062500e+02
8.201325683593750000e+02
8.278227539062500000e+02
8.358853149414062500e+02
8.447509765625000000e+02
8.429743041992187500e+02
8.743544921875000000e+02
8.670181274414062500e+02
8.645390014648437500e+02
8.365538330078125000e+02
8.175343017578125000e+02
8.024414672851562500e+02
8.110023193359375000e+02
8.219157714843750000e+02
8.445335083007812500e+02
8.545444335937500000e+02
8.829915771484375000e+02
8.705807495117187500e+02
8.619154663085937500e+02
8.422329101562500000e+02
8.189206542968750000e+02
8.022432250976562500e+02
8.270942993164062500e+02
8.230730590820312500e+02
8.543977661132812500e+02
8.617670898437500000e+02
8.691369628906250000e+02
8.634429321289062500e+02
8.638490600585937500e+02
8.178103027343750000e+02
8.402559814453125000e+02
8.312555541992187500e+02
8.436841430664062500e+02
8.358638916015625000e+02
8.492895507812500000e+02
8.409667968750000000e+02
8.489368286132812500e+02
8.346815185546875000e+02
8.539899291992187500e+02
8.461738281250000000e+02
8.623275146484375000e+02
8.499678955078125000e+02
8.680786743164062500e+02
8.466004638671875000e+02
8.548173828125000000e+02
8.209940795898437500e+02
8.377391357421875000e+02
8.116763916015625000e+02
8.324762573242187500e+02
8.347477416992187500e+02
8.472260742187500000e+02
8.374651489257812500e+02
8.308348388671875000e+02
8.084099121093750000e+02
8.200173339843750000e+02
8.331875610351562500e+02
8.644080810546875000e+02
8.671396484375000000e+02
8.867162475585937500e+02
8.631494140625000000e+02
8.550648193359375000e+02
8.260175170898437500e+02
8.101713256835937500e+02
7.991779785156250000e+02
8.118179321289062500e+02
8.133991699218750000e+02
8.214726562500000000e+02
8.280541381835937500e+02
8.748937988281250000e+02
8.704312133789062500e+02
8.784302978515625000e+02
8.450983276367187500e+02
8.353211669921875000e+02
8.174197387695312500e+02
8.225394287109375000e+02
8.369140014648437500e+02
8.607484130859375000e+02
8.366469116210937500e+02
8.595974731445312500e+02
8.444556274414062500e+02
8.465999755859375000e+02
8.406245727539062500e+02
8.356740722656250000e+02
8.389532470703125000e+02
8.369506835937500000e+02
8.167303466796875000e+02
8.297885742187500000e+02
8.395408325195312500e+02
8.817321777343750000e+02
8.642978515625000000e+02
8.775713500976562500e+02
8.552220458984375000e+02
8.483213500976562500e+02
8.140225830078125000e+02
8.060549316406250000e+02
8.023162231445312500e+02
8.173822631835937500e+02
8.322350463867187500e+02
8.749923095703125000e+02
8.735371704101562500e+02
8.814297485351562500e+02
8.522348022460937500e+02
8.486785888671875000e+02
8.260340576171875000e+02
8.280270996093750000e+02
8.169461669921875000e+02
8.329752197265625000e+02
8.471448364257812500e+02
8.800622558593750000e+02
8.762747192382812500e+02
8.578521728515625000e+02
8.242069702148437500e+02
8.115706787109375000e+02
7.988378295898437500e+02
8.038577270507812500e+02
8.063494262695312500e+02
8.431719360351562500e+02
8.572269287109375000e+02
8.979021606445312500e+02
8.631536865234375000e+02
8.561629638671875000e+02
8.256289062500000000e+02
8.262502441406250000e+02
8.278135986328125000e+02
8.532089233398437500e+02
8.651248779296875000e+02
8.882336425781250000e+02
8.585991821289062500e+02
8.381302490234375000e+02
7.960294799804687500e+02
7.953150024414062500e+02
7.893838500976562500e+02
8.287680053710937500e+02
8.579252319335937500e+02
9.188189697265625000e+02
9.036019287109375000e+02
8.860139160156250000e+02
8.301300659179687500e+02
8.024199829101562500e+02
7.834842529296875000e+02
7.785529174804687500e+02
7.743980102539062500e+02
8.013629150390625000e+02
8.164425048828125000e+02
8.741994018554687500e+02
8.826788330078125000e+02
8.874281616210937500e+02
8.478998413085937500e+02
8.337001342773437500e+02
8.060064086914062500e+02
8.052854614257812500e+02
8.153437500000000000e+02
8.280953979492187500e+02
8.438910522460937500e+02
8.850015869140625000e+02
8.754229125976562500e+02
8.691622314453125000e+02
8.443718261718750000e+02
8.333068237304687500e+02
8.201674194335937500e+02
8.232557983398437500e+02
8.242160644531250000e+02
8.477354125976562500e+02
8.516392211914062500e+02
8.758293457031250000e+02
8.542517700195312500e+02
8.466670532226562500e+02
8.196749877929687500e+02
8.109011840820312500e+02
8.119459838867187500e+02
8.343871459960937500e+02
8.464858398437500000e+02
8.670892944335937500e+02
8.572869873046875000e+02
8.664255981445312500e+02
8.365894775390625000e+02
8.444020996093750000e+02
8.325360107421875000e+02
8.380819702148437500e+02
8.195376586914062500e+02
8.125961303710937500e+02
7.881750488281250000e+02
8.010584716796875000e+02
8.217285156250000000e+02
8.408154907226562500e+02
8.493142700195312500e+02
8.744611816406250000e+02
8.612857666015625000e+02
8.660215454101562500e+02
8.387591552734375000e+02
8.352927246093750000e+02
8.204460449218750000e+02
8.256118774414062500e+02
8.248327636718750000e+02
8.567131347656250000e+02
8.667926635742187500e+02
8.856776733398437500e+02
8.706300048828125000e+02
8.551646728515625000e+02
8.227894897460937500e+02
8.230531616210937500e+02
8.056641845703125000e+02
8.128336791992187500e+02
8.279090576171875000e+02
8.799077148437500000e+02
8.804646606445312500e+02
8.967771606445312500e+02
8.331820678710937500e+02
8.235974731445312500e+02
8.164778442382812500e+02
8.358439331054687500e+02
8.276181640625000000e+02
8.518668212890625000e+02
8.430921020507812500e+02
8.661562500000000000e+02
8.578017578125000000e+02
8.713837280273437500e+02
8.505830688476562500e+02
8.563961791992187500e+02
8.291323242187500000e+02
8.363453369140625000e+02
8.281168823242187500e+02
8.268572998046875000e+02
8.270924072265625000e+02
8.535370483398437500e+02
8.416702270507812500e+02
8.682315063476562500e+02
8.334931640625000000e+02
8.194380493164062500e+02
7.956258544921875000e+02
8.072147216796875000e+02
8.043650512695312500e+02
8.437632446289062500e+02
8.504390869140625000e+02
8.854434204101562500e+02
8.761683349609375000e+02
8.612252197265625000e+02
8.144732666015625000e+02
7.998884887695312500e+02
7.816651611328125000e+02
7.873250732421875000e+02
7.902349243164062500e+02
8.279888305664062500e+02
8.549712524414062500e+02
9.147958984375000000e+02
8.845278930664062500e+02
8.591569213867187500e+02
8.067913818359375000e+02
7.850676879882812500e+02
7.614948120117187500e+02
7.636588134765625000e+02
7.689838256835937500e+02
8.012319946289062500e+02
8.311781616210937500e+02
8.766640014648437500e+02
8.893170776367187500e+02
9.117897338867187500e+02
8.565942382812500000e+02
8.343690185546875000e+02
8.107409667968750000e+02
8.284364013671875000e+02
8.309868774414062500e+02
8.697354736328125000e+02
8.574771728515625000e+02
8.699310913085937500e+02
8.389038085937500000e+02
8.412208251953125000e+02
8.179758300781250000e+02
8.373598022460937500e+02
8.461364746093750000e+02
8.780641479492187500e+02
8.570653076171875000e+02
8.718369750976562500e+02
8.288444824218750000e+02
8.444792480468750000e+02
8.188805541992187500e+02
8.287790527343750000e+02
8.199420776367187500e+02
8.535473022460937500e+02
8.591101684570312500e+02
8.828870849609375000e+02
8.563395996093750000e+02
8.495036621093750000e+02
8.242651367187500000e+02
8.261304321289062500e+02
8.169479980468750000e+02
8.365185546875000000e+02
8.421990966796875000e+02
8.688415527343750000e+02
8.648839721679687500e+02
8.560819091796875000e+02
8.110488891601562500e+02
7.993123779296875000e+02
7.910278320312500000e+02
7.995720825195312500e+02
8.156405639648437500e+02
8.396079711914062500e+02
8.604607543945312500e+02
8.833244018554687500e+02
8.592657470703125000e+02
8.567190551757812500e+02
8.249585571289062500e+02
8.191575927734375000e+02
8.241762695312500000e+02
8.395582275390625000e+02
8.516812133789062500e+02
8.657484130859375000e+02
8.537222290039062500e+02
8.586266479492187500e+02
8.292167358398437500e+02
8.325083007812500000e+02
8.057152709960937500e+02
8.205872192382812500e+02
8.145631713867187500e+02
8.355730590820312500e+02
8.420590820312500000e+02
8.629685058593750000e+02
8.402662963867187500e+02
8.365953979492187500e+02
8.171945800781250000e+02
8.126121826171875000e+02
8.149373779296875000e+02
8.415167236328125000e+02
8.469730834960937500e+02
8.580933227539062500e+02
8.339750976562500000e+02
8.447831420898437500e+02
8.356124267578125000e+02
8.457219848632812500e+02
8.448595581054687500e+02
8.573738403320312500e+02
8.578421630859375000e+02
8.630192260742187500e+02
8.445419311523437500e+02
8.505521850585937500e+02
8.323585815429687500e+02
8.400853881835937500e+02
8.137313232421875000e+02
8.298374633789062500e+02
8.210043334960937500e+02
8.497744750976562500e+02
8.542034301757812500e+02
8.686608886718750000e+02
8.456336669921875000e+02
8.432098999023437500e+02
8.184508056640625000e+02
8.145574951171875000e+02
7.946083374023437500e+02
8.188629150390625000e+02
8.257206420898437500e+02
8.783538818359375000e+02
8.763243408203125000e+02
8.606904296875000000e+02
8.046235961914062500e+02
7.936394653320312500e+02
7.748004150390625000e+02
7.908617553710937500e+02
8.067990112304687500e+02
8.376019897460937500e+02
8.544445800781250000e+02
8.851357421875000000e+02
8.669762573242187500e+02
8.652808837890625000e+02
8.311462402343750000e+02
8.180583496093750000e+02
8.047752685546875000e+02
8.040234985351562500e+02
7.892480468750000000e+02
7.913423461914062500e+02
7.783312377929687500e+02
7.933043823242187500e+02
8.112446289062500000e+02
8.416991577148437500e+02
8.591533813476562500e+02
8.805944824218750000e+02
8.660816650390625000e+02
8.560145874023437500e+02
8.061612548828125000e+02
7.838327636718750000e+02
7.676186523437500000e+02
7.802578125000000000e+02
7.909942626953125000e+02
8.476710205078125000e+02
8.735741577148437500e+02
9.004803466796875000e+02
8.668515014648437500e+02
8.430696411132812500e+02
8.060540161132812500e+02
7.989190063476562500e+02
7.956843261718750000e+02
8.119032592773437500e+02
8.092205810546875000e+02
8.444437255859375000e+02
8.652615966796875000e+02
8.877030029296875000e+02
8.725453491210937500e+02
8.658766479492187500e+02
8.293500976562500000e+02
8.360390014648437500e+02
8.248435668945312500e+02
8.423953247070312500e+02
8.420172119140625000e+02
8.663789672851562500e+02
8.664572143554687500e+02
8.686637573242187500e+02
8.289605712890625000e+02
8.221029663085937500e+02
7.986569824218750000e+02
8.079300537109375000e+02
8.118373413085937500e+02
8.418466796875000000e+02
8.447119140625000000e+02
8.833490600585937500e+02
8.567585449218750000e+02
8.444893188476562500e+02
8.392164306640625000e+02
8.325086669921875000e+02
8.221297607421875000e+02
8.559849853515625000e+02
8.531234741210937500e+02
8.698900146484375000e+02
8.544742431640625000e+02
8.435905151367187500e+02
8.025529785156250000e+02
8.063101806640625000e+02
8.013729858398437500e+02
8.220559692382812500e+02
8.320086669921875000e+02
8.546872558593750000e+02
8.467896728515625000e+02
8.657733154296875000e+02
8.468322143554687500e+02
8.374937133789062500e+02
8.264886474609375000e+02
8.250961303710937500e+02
8.199377441406250000e+02
8.333309326171875000e+02
8.157539062500000000e+02
8.216813964843750000e+02
8.249830932617187500e+02
8.267546386718750000e+02
8.189683227539062500e+02
8.488385009765625000e+02
8.398630981445312500e+02
8.503116455078125000e+02
8.300018310546875000e+02
8.175989990234375000e+02
7.979923095703125000e+02
8.177639770507812500e+02
8.257135620117187500e+02
8.708502197265625000e+02
8.717640991210937500e+02
8.743565673828125000e+02
8.291654052734375000e+02
8.229995727539062500e+02
8.154017333984375000e+02
8.351601562500000000e+02
8.363002319335937500e+02
8.657438964843750000e+02
8.397041625976562500e+02
8.322010498046875000e+02
8.067565917968750000e+02
8.110144042968750000e+02
7.971280517578125000e+02
8.098737182617187500e+02
7.952949218750000000e+02
8.218948974609375000e+02
8.310793457031250000e+02
8.632870483398437500e+02
8.539220581054687500e+02
8.712215576171875000e+02
8.495220947265625000e+02
8.346483154296875000e+02
8.062220458984375000e+02
7.792108154296875000e+02
7.621806030273437500e+02
7.694003295898437500e+02
7.788750610351562500e+02
8.180296020507812500e+02
8.516760864257812500e+02
9.147012329101562500e+02
8.946284179687500000e+02
8.726661376953125000e+02
8.071781005859375000e+02
7.845851440429687500e+02
7.552060546875000000e+02
7.689468383789062500e+02
7.766252441406250000e+02
8.190950927734375000e+02
8.638477172851562500e+02
9.083416748046875000e+02
8.646040649414062500e+02
8.372998046875000000e+02
8.010560913085937500e+02
7.978474731445312500e+02
8.115625610351562500e+02
8.545681762695312500e+02
8.722053222656250000e+02
8.976988525390625000e+02
8.535811767578125000e+02
8.329475097656250000e+02
8.005707397460937500e+02
7.799460449218750000e+02
7.753123168945312500e+02
7.953250122070312500e+02
7.988259277343750000e+02
8.373961791992187500e+02
8.438784790039062500e+02
8.929794921875000000e+02
8.627359008789062500e+02
8.612938232421875000e+02
8.322643432617187500e+02
8.232233886718750000e+02
8.131066284179687500e+02
8.318411865234375000e+02
8.255840454101562500e+02
8.432828369140625000e+02
8.208474731445312500e+02
8.381288452148437500e+02
8.257803344726562500e+02
8.245828247070312500e+02
8.094154663085937500e+02
8.307001342773437500e+02
8.360517578125000000e+02
8.882100830078125000e+02
8.872937622070312500e+02
8.722121582031250000e+02
8.090502319335937500e+02
7.657625732421875000e+02
7.260761718750000000e+02
7.231473388671875000e+02
7.236806640625000000e+02
7.402626342773437500e+02
7.560266723632812500e+02
8.124012451171875000e+02
8.723256835937500000e+02
9.326220703125000000e+02
8.690209350585937500e+02
8.228203125000000000e+02
7.901743164062500000e+02
7.740942993164062500e+02
7.722575073242187500e+02
8.103348388671875000e+02
8.382335205078125000e+02
8.862333984375000000e+02
8.815971679687500000e+02
8.915347290039062500e+02
8.429227294921875000e+02
8.372894287109375000e+02
8.135591430664062500e+02
8.061152954101562500e+02
8.001888427734375000e+02
8.134468383789062500e+02
8.096409301757812500e+02
8.492373046875000000e+02
8.539222412109375000e+02
8.826138916015625000e+02
8.525983276367187500e+02
8.565935668945312500e+02
8.312226562500000000e+02
8.104729614257812500e+02
8.016567382812500000e+02
8.191412963867187500e+02
8.180484619140625000e+02
8.471567993164062500e+02
8.512084350585937500e+02
8.747691040039062500e+02
8.626583862304687500e+02
8.590830078125000000e+02
8.320216674804687500e+02
8.382463378906250000e+02
8.121405029296875000e+02
8.158591308593750000e+02
8.036565551757812500e+02
8.227308349609375000e+02
8.218935546875000000e+02
8.506541748046875000e+02
8.583615112304687500e+02
8.804073486328125000e+02
8.420153808593750000e+02
8.313476562500000000e+02
8.085037231445312500e+02
7.914010009765625000e+02
7.895292968750000000e+02
8.226253051757812500e+02
8.171314697265625000e+02
8.489991455078125000e+02
8.588907470703125000e+02
8.752630004882812500e+02
8.469771728515625000e+02
8.322174072265625000e+02
8.038344116210937500e+02
8.241530151367187500e+02
8.172279663085937500e+02
8.350000000000000000e+02
8.312388916015625000e+02
8.534881591796875000e+02
8.533628540039062500e+02
8.716425170898437500e+02
8.488281860351562500e+02
8.578798217773437500e+02
8.216414184570312500e+02
8.005880737304687500e+02
7.776508178710937500e+02
7.784421386718750000e+02
7.854315795898437500e+02
8.057344360351562500e+02
8.294639282226562500e+02
8.826075439453125000e+02
8.677875976562500000e+02
8.657237548828125000e+02
8.271298217773437500e+02
8.054081420898437500e+02
7.778531494140625000e+02
7.821335449218750000e+02
7.875002441406250000e+02
8.128555908203125000e+02
8.284593505859375000e+02
8.525155029296875000e+02
8.448773803710937500e+02
8.609691772460937500e+02
8.455518798828125000e+02
8.534024047851562500e+02
8.323259887695312500e+02
8.365529785156250000e+02
8.182338867187500000e+02
8.124888916015625000e+02
7.981054687500000000e+02
8.418225097656250000e+02
8.456405639648437500e+02
8.670905151367187500e+02
8.343991699218750000e+02
8.266918945312500000e+02
8.086934814453125000e+02
8.192218017578125000e+02
8.027120971679687500e+02
8.221854248046875000e+02
8.275455932617187500e+02
8.501892700195312500e+02
8.313114013671875000e+02
8.341052246093750000e+02
8.122740478515625000e+02
8.213485107421875000e+02
8.139568481445312500e+02
8.217493896484375000e+02
8.129584350585937500e+02
8.144904785156250000e+02
7.959909667968750000e+02
8.221701049804687500e+02
8.194598999023437500e+02
8.443770141601562500e+02
8.495686645507812500e+02
8.606380615234375000e+02
8.320013427734375000e+02
8.373922119140625000e+02
8.126124267578125000e+02
8.129421386718750000e+02
7.953566284179687500e+02
8.073542480468750000e+02
8.124606323242187500e+02
8.231493530273437500e+02
8.303641357421875000e+02
8.541348266601562500e+02
8.339086303710937500e+02
8.287142944335937500e+02
8.096020507812500000e+02
8.090543823242187500e+02
7.957100830078125000e+02
7.887832641601562500e+02
7.990454101562500000e+02
8.220369873046875000e+02
8.300001831054687500e+02
8.559752197265625000e+02
8.452127685546875000e+02
8.445128173828125000e+02
8.236784667968750000e+02
8.224153442382812500e+02
8.091868286132812500e+02
8.179379882812500000e+02
8.126863403320312500e+02
8.317687377929687500e+02
8.339525146484375000e+02
8.536250610351562500e+02
8.313172607421875000e+02
8.253031005859375000e+02
8.033569335937500000e+02
8.023147583007812500e+02
8.026323852539062500e+02
8.145219116210937500e+02
8.386517333984375000e+02
8.712012329101562500e+02
8.546649169921875000e+02
8.513568115234375000e+02
8.222457275390625000e+02
8.077855834960937500e+02
7.990992431640625000e+02
8.193049316406250000e+02
8.233240966796875000e+02
8.568704223632812500e+02
8.326925048828125000e+02
8.235422973632812500e+02
8.027408447265625000e+02
8.052294921875000000e+02
7.972312622070312500e+02
8.235693969726562500e+02
8.374110717773437500e+02
8.639571533203125000e+02
8.417175903320312500e+02
8.490087280273437500e+02
8.166165771484375000e+02
8.095809326171875000e+02
7.880350952148437500e+02
8.031998291015625000e+02
8.029108886718750000e+02
8.327894897460937500e+02
8.503682250976562500e+02
8.742771606445312500e+02
8.399138793945312500e+02
8.173590087890625000e+02
7.802052612304687500e+02
7.859900512695312500e+02
7.883820800781250000e+02
7.830761718750000000e+02
7.879614257812500000e+02
8.323365478515625000e+02
8.521441650390625000e+02
8.852796630859375000e+02
8.610775146484375000e+02
8.412459716796875000e+02
8.009388427734375000e+02
7.907802124023437500e+02
7.795072631835937500e+02
8.099343872070312500e+02
8.272025756835937500e+02
8.847344360351562500e+02
8.834310913085937500e+02
8.698577270507812500e+02
8.210015869140625000e+02
8.032676391601562500e+02
7.730723266601562500e+02
7.522508544921875000e+02
7.670345458984375000e+02
7.875750732421875000e+02
8.075402221679687500e+02
8.478606567382812500e+02
8.602630004882812500e+02
9.004645996093750000e+02
8.533982543945312500e+02
8.190618896484375000e+02
7.917860717773437500e+02
7.823914184570312500e+02
7.697792358398437500e+02
7.683099975585937500e+02
7.845767211914062500e+02
8.138488159179687500e+02
8.238860473632812500e+02
8.515419311523437500e+02
8.527639770507812500e+02
8.456627197265625000e+02
8.224446411132812500e+02
8.257671508789062500e+02
7.916223144531250000e+02
8.024880981445312500e+02
8.057297363281250000e+02
8.229843139648437500e+02
8.342838134765625000e+02
8.792158203125000000e+02
8.629007568359375000e+02
8.499011840820312500e+02
8.001672973632812500e+02
8.043884887695312500e+02
7.943165893554687500e+02
8.150460205078125000e+02
8.207567138671875000e+02
8.383234252929687500e+02
8.366516723632812500e+02
8.527828369140625000e+02
8.302473144531250000e+02
8.265291748046875000e+02
8.105606689453125000e+02
8.143934326171875000e+02
7.823416748046875000e+02
7.751578369140625000e+02
7.779512329101562500e+02
8.070121459960937500e+02
8.112764892578125000e+02
8.577269287109375000e+02
8.621069946289062500e+02
8.658250732421875000e+02
8.349714965820312500e+02
8.191121826171875000e+02
7.921253051757812500e+02
8.085998535156250000e+02
8.121862182617187500e+02
8.484505615234375000e+02
8.586290893554687500e+02
8.802313232421875000e+02
8.418609008789062500e+02
8.219397583007812500e+02
7.918826293945312500e+02
7.775203247070312500e+02
7.666747436523437500e+02
7.849218139648437500e+02
7.828562622070312500e+02
8.319219360351562500e+02
8.356469726562500000e+02
8.702226562500000000e+02
8.384961547851562500e+02
8.380676879882812500e+02
8.093626708984375000e+02
8.141994628906250000e+02
8.053130493164062500e+02
8.243928833007812500e+02
8.102489013671875000e+02
8.303116455078125000e+02
8.451929931640625000e+02
8.623784790039062500e+02
8.394655151367187500e+02
8.255194702148437500e+02
7.978176879882812500e+02
8.007086791992187500e+02
7.834087524414062500e+02
8.156777954101562500e+02
8.184559326171875000e+02
8.424676513671875000e+02
8.376204223632812500e+02
8.505301513671875000e+02
8.354883422851562500e+02
8.371598510742187500e+02
8.243871459960937500e+02
8.280011596679687500e+02
8.106450805664062500e+02
8.298629760742187500e+02
8.277986450195312500e+02
8.500257568359375000e+02
8.341320800781250000e+02
8.367562255859375000e+02
8.188311767578125000e+02
8.468380126953125000e+02
8.175891723632812500e+02
8.133962402343750000e+02
7.900971679687500000e+02
8.099083862304687500e+02
8.113214721679687500e+02
8.312557373046875000e+02
8.295704956054687500e+02
8.358901367187500000e+02
8.179000854492187500e+02
8.263001708984375000e+02
8.006604614257812500e+02
8.187441406250000000e+02
8.051652221679687500e+02
8.234667968750000000e+02
8.152422485351562500e+02
8.364553833007812500e+02
8.210848388671875000e+02
8.401810913085937500e+02
8.100744628906250000e+02
8.160073852539062500e+02
7.976222534179687500e+02
8.066234741210937500e+02
7.895704345703125000e+02
8.022520751953125000e+02
7.885490112304687500e+02
8.105487670898437500e+02
8.144810180664062500e+02
8.316182250976562500e+02
8.377573242187500000e+02
8.575914916992187500e+02
8.345314941406250000e+02
8.326464843750000000e+02
8.051745605468750000e+02
8.060534057617187500e+02
7.870419311523437500e+02
7.947252197265625000e+02
7.952304077148437500e+02
8.310042114257812500e+02
8.311412353515625000e+02
8.537388305664062500e+02
8.276343383789062500e+02
8.263883056640625000e+02
8.128446044921875000e+02
8.169137573242187500e+02
8.135816650390625000e+02
8.248883056640625000e+02
8.251939086914062500e+02
8.464409179687500000e+02
8.220504150390625000e+02
8.213859863281250000e+02
7.973157348632812500e+02
8.086239624023437500e+02
7.909571533203125000e+02
8.134550781250000000e+02
8.154182128906250000e+02
8.651685791015625000e+02
8.479262695312500000e+02
8.600193481445312500e+02
8.122288818359375000e+02
7.985733032226562500e+02
7.800566406250000000e+02
7.791026000976562500e+02
7.674993896484375000e+02
7.854929809570312500e+02
7.982703247070312500e+02
8.268073120117187500e+02
8.269257202148437500e+02
8.352006835937500000e+02
8.188375854492187500e+02
8.251124877929687500e+02
7.916453247070312500e+02
7.876152343750000000e+02
8.029211425781250000e+02
8.355994873046875000e+02
8.411863403320312500e+02
8.716590576171875000e+02
8.451100463867187500e+02
8.283607177734375000e+02
7.899979248046875000e+02
7.879368896484375000e+02
7.889833984375000000e+02
8.122062988281250000e+02
8.039287109375000000e+02
8.414951782226562500e+02
8.366210937500000000e+02
8.526533813476562500e+02
8.222070922851562500e+02
8.377874145507812500e+02
8.235558471679687500e+02
8.272771606445312500e+02
8.066110839843750000e+02
8.033477172851562500e+02
8.040632324218750000e+02
8.229534912109375000e+02
8.182786865234375000e+02
8.524849243164062500e+02
8.355805053710937500e+02
8.400552368164062500e+02
8.171047363281250000e+02
8.301566772460937500e+02
8.050246582031250000e+02
8.202135620117187500e+02
8.117086791992187500e+02
8.220475463867187500e+02
8.125899047851562500e+02
8.386111450195312500e+02
8.150388793945312500e+02
8.113426513671875000e+02
7.820513916015625000e+02
7.869696044921875000e+02
8.044007568359375000e+02
8.297359008789062500e+02
8.354299316406250000e+02
8.559003295898437500e+02
8.365940551757812500e+02
8.382821044921875000e+02
7.986541748046875000e+02
7.825701293945312500e+02
7.626516723632812500e+02
7.844298095703125000e+02
8.040242309570312500e+02
8.519982299804687500e+02
8.735469360351562500e+02
8.808239135742187500e+02
8.145844726562500000e+02
7.857420043945312500e+02
7.687774047851562500e+02
7.674007568359375000e+02
7.572806396484375000e+02
7.659696655273437500e+02
7.889587402343750000e+02
8.432249755859375000e+02
8.571026611328125000e+02
8.831735839843750000e+02
8.436268310546875000e+02
8.236574707031250000e+02
7.883595581054687500e+02
7.835412597656250000e+02
7.717488403320312500e+02
7.869197387695312500e+02
7.813533935546875000e+02
8.161532592773437500e+02
8.184429321289062500e+02
8.430371704101562500e+02
8.141938476562500000e+02
8.161962280273437500e+02
8.168930053710937500e+02
8.344541015625000000e+02
8.360623168945312500e+02
8.488371582031250000e+02
8.254778442382812500e+02
8.490518798828125000e+02
8.337341308593750000e+02
8.586866455078125000e+02
8.273536376953125000e+02
8.371411743164062500e+02
8.181396484375000000e+02
8.455291748046875000e+02
8.376645507812500000e+02
8.393408203125000000e+02
8.244445800781250000e+02
8.288620605468750000e+02
8.164013061523437500e+02
8.141992187500000000e+02
7.859675903320312500e+02
7.890773925781250000e+02
7.763376464843750000e+02
7.830498046875000000e+02
7.913551025390625000e+02
8.266631469726562500e+02
8.260153808593750000e+02
8.611867675781250000e+02
8.316754150390625000e+02
8.279226684570312500e+02
8.126737670898437500e+02
8.036133422851562500e+02
7.945540161132812500e+02
8.219158325195312500e+02
8.117503051757812500e+02
8.455894775390625000e+02
8.343275146484375000e+02
8.266005859375000000e+02
8.006101684570312500e+02
8.090831298828125000e+02
7.986552124023437500e+02
8.198410034179687500e+02
8.083618164062500000e+02
8.340066528320312500e+02
8.168009643554687500e+02
8.310014038085937500e+02
8.135410156250000000e+02
8.284047241210937500e+02
8.024690551757812500e+02
8.160905151367187500e+02
7.929571533203125000e+02
7.855878295898437500e+02
7.694491577148437500e+02
7.774277954101562500e+02
7.705791625976562500e+02
7.993209838867187500e+02
8.075194091796875000e+02
8.522828979492187500e+02
8.476161499023437500e+02
8.538306274414062500e+02
8.107660522460937500e+02
7.889774780273437500e+02
7.657632446289062500e+02
7.600721435546875000e+02
7.486414184570312500e+02
7.918542480468750000e+02
8.152778320312500000e+02
8.543475952148437500e+02
8.533633422851562500e+02
8.707431030273437500e+02
8.266592407226562500e+02
8.198960571289062500e+02
7.955864868164062500e+02
8.168088378906250000e+02
8.275110473632812500e+02
8.504858398437500000e+02
8.299418945312500000e+02
8.486998291015625000e+02
8.183349609375000000e+02
8.123894653320312500e+02
7.787027587890625000e+02
7.833568115234375000e+02
7.723613281250000000e+02
7.750280151367187500e+02
7.944477539062500000e+02
8.417470703125000000e+02
8.657041015625000000e+02
8.963178100585937500e+02
8.445462646484375000e+02
8.233920898437500000e+02
7.907331542968750000e+02
7.790470581054687500e+02
7.628588256835937500e+02
7.774438476562500000e+02
7.790965576171875000e+02
8.147987670898437500e+02
8.166525878906250000e+02
8.552890014648437500e+02
8.517266845703125000e+02
8.530267944335937500e+02
7.937189941406250000e+02
7.779232177734375000e+02
7.884035034179687500e+02
8.033760986328125000e+02
8.057153320312500000e+02
8.453428344726562500e+02
8.374546508789062500e+02
8.480967407226562500e+02
8.255780029296875000e+02
8.156229858398437500e+02
7.912858886718750000e+02
8.060903930664062500e+02
8.006469116210937500e+02
8.134640502929687500e+02
8.225995483398437500e+02
8.583543090820312500e+02
8.513619995117187500e+02
8.596980590820312500e+02
8.129803466796875000e+02
8.073175659179687500e+02
7.817344360351562500e+02
7.863558349609375000e+02
7.728394165039062500e+02
7.917406616210937500e+02
7.936115722656250000e+02
8.153364257812500000e+02
8.135401611328125000e+02
8.322135620117187500e+02
8.104318847656250000e+02
8.115075683593750000e+02
8.058147583007812500e+02
8.238129272460937500e+02
8.056398925781250000e+02
8.085776367187500000e+02
7.909380493164062500e+02
8.006106567382812500e+02
7.995515747070312500e+02
8.217213134765625000e+02
8.199521484375000000e+02
8.333510742187500000e+02
8.198511352539062500e+02
8.297470092773437500e+02
8.026830444335937500e+02
8.039329833984375000e+02
7.843455200195312500e+02
8.029705200195312500e+02
8.018675537109375000e+02
8.430039672851562500e+02
8.341747436523437500e+02
8.354527587890625000e+02
8.047472534179687500e+02
8.002891845703125000e+02
7.800356445312500000e+02
7.958410034179687500e+02
7.953900146484375000e+02
8.269273071289062500e+02
8.303720703125000000e+02
8.458070678710937500e+02
8.227805786132812500e+02
8.103953247070312500e+02
7.936629638671875000e+02
8.015458374023437500e+02
7.950924072265625000e+02
8.255645141601562500e+02
8.320031738281250000e+02
8.332172241210937500e+02
8.186702270507812500e+02
8.232774658203125000e+02
8.062327270507812500e+02
8.303340454101562500e+02
8.156364746093750000e+02
8.347165527343750000e+02
8.217676391601562500e+02
8.380795898437500000e+02
8.215449218750000000e+02
8.159647216796875000e+02
7.842522583007812500e+02
7.757341308593750000e+02
7.568776855468750000e+02
7.702326660156250000e+02
7.713627319335937500e+02
8.031882324218750000e+02
8.330308227539062500e+02
8.840410156250000000e+02
8.445708007812500000e+02
8.543795166015625000e+02
8.041728515625000000e+02
7.796679077148437500e+02
7.673071289062500000e+02
7.901779174804687500e+02
7.857463989257812500e+02
8.025570068359375000e+02
8.039557495117187500e+02
8.388243408203125000e+02
8.529842529296875000e+02
8.643330078125000000e+02
8.233469238281250000e+02
8.036134033203125000e+02
7.772929077148437500e+02
7.598751831054687500e+02
7.532354736328125000e+02
7.670533447265625000e+02
7.767810668945312500e+02
8.198967285156250000e+02
8.403088378906250000e+02
8.691765136718750000e+02
8.478440551757812500e+02
8.370062255859375000e+02
8.028015136718750000e+02
7.866427612304687500e+02
7.770014648437500000e+02
8.007114257812500000e+02
7.909092407226562500e+02
8.144193115234375000e+02
8.109892578125000000e+02
8.260944213867187500e+02
8.135825805664062500e+02
8.404340209960937500e+02
8.353969726562500000e+02
8.492046508789062500e+02
8.257116699218750000e+02
8.456284790039062500e+02
8.132078857421875000e+02
8.247767944335937500e+02
8.135588989257812500e+02
8.180608520507812500e+02
7.975355834960937500e+02
7.992345581054687500e+02
7.868902587890625000e+02
7.954201660156250000e+02
7.902183837890625000e+02
8.126882324218750000e+02
8.161638793945312500e+02
8.234333496093750000e+02
7.985657958984375000e+02
8.053834838867187500e+02
8.047650756835937500e+02
8.149985961914062500e+02
8.179208374023437500e+02
8.392787475585937500e+02
8.231604614257812500e+02
8.155814208984375000e+02
7.981983032226562500e+02
8.013690795898437500e+02
7.880744018554687500e+02
8.084613037109375000e+02
8.079733886718750000e+02
8.382034912109375000e+02
8.276457519531250000e+02
8.372776489257812500e+02
8.095816650390625000e+02
7.958436279296875000e+02
7.584042358398437500e+02
7.420902709960937500e+02
7.340512695312500000e+02
7.505744628906250000e+02
7.694475097656250000e+02
8.437949829101562500e+02
8.745618286132812500e+02
8.972705078125000000e+02
8.282821655273437500e+02
7.950330200195312500e+02
7.558654785156250000e+02
7.367745971679687500e+02
7.321683959960937500e+02
7.574291381835937500e+02
7.584674072265625000e+02
7.959338989257812500e+02
8.196227416992187500e+02
8.696838989257812500e+02
8.608643798828125000e+02
8.706104736328125000e+02
8.246063232421875000e+02
8.109566040039062500e+02
7.918485107421875000e+02
7.936796875000000000e+02
7.934253540039062500e+02
8.194245605468750000e+02
8.195276489257812500e+02
8.318309936523437500e+02
8.107459716796875000e+02
8.333784179687500000e+02
8.266323852539062500e+02
8.462854003906250000e+02
8.294661865234375000e+02
8.397022705078125000e+02
8.049448852539062500e+02
8.215017700195312500e+02
7.981378784179687500e+02
8.264312133789062500e+02
8.090465698242187500e+02
8.278682250976562500e+02
8.244188842773437500e+02
8.418716430664062500e+02
8.328554077148437500e+02
8.425537109375000000e+02
8.220169067382812500e+02
8.231925048828125000e+02
8.042673950195312500e+02
7.894112548828125000e+02
7.670613403320312500e+02
7.611133422851562500e+02
7.531190185546875000e+02
7.530071411132812500e+02
7.501532592773437500e+02
7.814208984375000000e+02
8.063693847656250000e+02
8.649322509765625000e+02
8.659924316406250000e+02
8.630820922851562500e+02
8.113243408203125000e+02
7.762778930664062500e+02
7.349496459960937500e+02
7.173982543945312500e+02
6.994676513671875000e+02
7.048568115234375000e+02
6.899182739257812500e+02
7.092319335937500000e+02
7.295155639648437500e+02
8.005114746093750000e+02
8.731151733398437500e+02
9.533586425781250000e+02
8.411551513671875000e+02
7.857508544921875000e+02
7.415837402343750000e+02
7.353243408203125000e+02
7.304550781250000000e+02
7.420328979492187500e+02
7.560847167968750000e+02
8.146487426757812500e+02
8.822577514648437500e+02
9.368025512695312500e+02
8.651058349609375000e+02
8.162240600585937500e+02
7.726843872070312500e+02
7.872228393554687500e+02
7.885093994140625000e+02
8.302693481445312500e+02
8.705424804687500000e+02
9.293326416015625000e+02
8.625825195312500000e+02
8.068877563476562500e+02
7.546738891601562500e+02
7.472727661132812500e+02
7.478260498046875000e+02
7.677565917968750000e+02
7.937028808593750000e+02
8.737651367187500000e+02
8.917671508789062500e+02
9.125896606445312500e+02
8.216599731445312500e+02
7.914325561523437500e+02
7.665568237304687500e+02
7.569571533203125000e+02
7.342852172851562500e+02
7.574979248046875000e+02
7.830637207031250000e+02
8.529707641601562500e+02
8.766245727539062500e+02
8.884544677734375000e+02
8.242337646484375000e+02
7.837578125000000000e+02
7.441654663085937500e+02
7.475194702148437500e+02
7.411945800781250000e+02
7.564736328125000000e+02
7.599437255859375000e+02
8.316885986328125000e+02
8.765007934570312500e+02
9.178116455078125000e+02
8.305533447265625000e+02
7.825242309570312500e+02
7.391032714843750000e+02
7.425045776367187500e+02
7.619188842773437500e+02
7.955557250976562500e+02
8.326561279296875000e+02
8.908056030273437500e+02
8.573032226562500000e+02
8.383666381835937500e+02
7.838628540039062500e+02
7.704551391601562500e+02
7.509407958984375000e+02
7.586215209960937500e+02
7.700964355468750000e+02
8.251909790039062500e+02
8.632681274414062500e+02
8.967924194335937500e+02
8.460281372070312500e+02
8.292164916992187500e+02
7.875325927734375000e+02
7.940009155273437500e+02
7.968065185546875000e+02
8.449147949218750000e+02
8.354335937500000000e+02
8.560582275390625000e+02
8.234160156250000000e+02
8.269128417968750000e+02
7.922591552734375000e+02
7.929414672851562500e+02
8.013319091796875000e+02
8.283081665039062500e+02
8.293388061523437500e+02
8.327556762695312500e+02
7.990166015625000000e+02
8.045250854492187500e+02
7.910988159179687500e+02
7.990746459960937500e+02
8.048241577148437500e+02
8.294935913085937500e+02
8.277219848632812500e+02
8.556003417968750000e+02
8.281644897460937500e+02
8.269208374023437500e+02
8.018973388671875000e+02
7.994539184570312500e+02
7.816406860351562500e+02
7.776069335937500000e+02
7.666099243164062500e+02
7.814783325195312500e+02
7.936881713867187500e+02
8.163553466796875000e+02
8.385582275390625000e+02
8.634954833984375000e+02
8.244553833007812500e+02
8.097719116210937500e+02
7.784304199218750000e+02
7.688382568359375000e+02
7.522770996093750000e+02
7.697283935546875000e+02
7.852254028320312500e+02
7.876724243164062500e+02
7.906190795898437500e+02
8.187510986328125000e+02
8.269660644531250000e+02
8.410586547851562500e+02
8.066983032226562500e+02
8.003969116210937500e+02
7.811094360351562500e+02
7.858043212890625000e+02
7.916446533203125000e+02
8.157600097656250000e+02
8.227483520507812500e+02
8.470924072265625000e+02
8.299963989257812500e+02
8.195926513671875000e+02
7.998054809570312500e+02
7.976004638671875000e+02
7.944176025390625000e+02
8.144575195312500000e+02
8.297976684570312500e+02
8.354378051757812500e+02
8.127042236328125000e+02
8.124265747070312500e+02
8.002435913085937500e+02
8.000953979492187500e+02
7.960715942382812500e+02
8.279660034179687500e+02
8.215698852539062500e+02
8.255969848632812500e+02
8.172369995117187500e+02
8.370080566406250000e+02
8.071317138671875000e+02
8.165075683593750000e+02
7.972003173828125000e+02
7.960720214843750000e+02
7.723024902343750000e+02
7.822397460937500000e+02
7.791049194335937500e+02
8.038018188476562500e+02
8.209158935546875000e+02
8.626190795898437500e+02
8.282711791992187500e+02
8.150443115234375000e+02
7.811954345703125000e+02
7.619578247070312500e+02
7.371446533203125000e+02
7.269913940429687500e+02
7.207634887695312500e+02
7.461250000000000000e+02
7.658096313476562500e+02
8.246682128906250000e+02
8.698773193359375000e+02
8.884105834960937500e+02
8.272968139648437500e+02
7.803920898437500000e+02
7.327942504882812500e+02
7.394334716796875000e+02
7.423296508789062500e+02
7.641663208007812500e+02
7.776097412109375000e+02
8.314781494140625000e+02
8.502509765625000000e+02
8.839811401367187500e+02
8.347101440429687500e+02
7.937554931640625000e+02
7.630197143554687500e+02
7.829526367187500000e+02
7.913588256835937500e+02
8.410753173828125000e+02
8.706333007812500000e+02
8.980776367187500000e+02
8.299854736328125000e+02
7.983506469726562500e+02
7.549593505859375000e+02
7.456831665039062500e+02
7.267274780273437500e+02
7.429590454101562500e+02
7.605350952148437500e+02
8.023642578125000000e+02
8.433474731445312500e+02
9.074958496093750000e+02
8.474739990234375000e+02
8.201694335937500000e+02
7.729267578125000000e+02
7.699896850585937500e+02
7.624865722656250000e+02
7.932059936523437500e+02
7.924587402343750000e+02
8.305975952148437500e+02
8.231457519531250000e+02
8.188870849609375000e+02
7.976238403320312500e+02
8.175184936523437500e+02
7.999494628906250000e+02
8.284362182617187500e+02
8.341549072265625000e+02
8.578983154296875000e+02
8.246718139648437500e+02
8.144174804687500000e+02
7.703551635742187500e+02
7.676442260742187500e+02
7.647283325195312500e+02
7.918594970703125000e+02
8.056613159179687500e+02
8.491174926757812500e+02
8.480659790039062500e+02
8.562391357421875000e+02
8.046408081054687500e+02
7.941557617187500000e+02
7.674400634765625000e+02
7.637875976562500000e+02
7.561975097656250000e+02
7.890797119140625000e+02
8.002913208007812500e+02
8.486996459960937500e+02
8.563383789062500000e+02
8.608378906250000000e+02
8.207751464843750000e+02
8.104146728515625000e+02
7.788591308593750000e+02
7.941345214843750000e+02
7.849615478515625000e+02
8.151484985351562500e+02
8.210486450195312500e+02
8.375778808593750000e+02
8.309118041992187500e+02
8.342538452148437500e+02
8.028380737304687500e+02
8.099326782226562500e+02
8.018790893554687500e+02
8.146284179687500000e+02
8.068973388671875000e+02
7.956304321289062500e+02
7.700885620117187500e+02
7.804708251953125000e+02
7.698972167968750000e+02
8.021496582031250000e+02
8.028252563476562500e+02
8.431972656250000000e+02
8.372260131835937500e+02
8.401209716796875000e+02
8.067946777343750000e+02
8.109053344726562500e+02
7.725996704101562500e+02
7.913020019531250000e+02
7.836318969726562500e+02
8.294318847656250000e+02
8.207614746093750000e+02
8.268562622070312500e+02
7.988724975585937500e+02
8.012239379882812500e+02
7.778756713867187500e+02
7.951834106445312500e+02
7.774561767578125000e+02
7.940841674804687500e+02
7.792894897460937500e+02
8.045281372070312500e+02
7.960453491210937500e+02
8.118321533203125000e+02
7.984760131835937500e+02
8.193070068359375000e+02
8.229398193359375000e+02
8.472500610351562500e+02
8.117543334960937500e+02
7.971080932617187500e+02
7.618031005859375000e+02
7.679660034179687500e+02
7.452125854492187500e+02
7.635805664062500000e+02
7.687062988281250000e+02
8.221215209960937500e+02
8.555908813476562500e+02
8.915387573242187500e+02
8.233603515625000000e+02
7.888775024414062500e+02
7.419316406250000000e+02
7.219622192382812500e+02
7.128040771484375000e+02
7.265793457031250000e+02
7.263966674804687500e+02
7.564099731445312500e+02
8.025201416015625000e+02
8.859238281250000000e+02
8.795524902343750000e+02
8.434283447265625000e+02
7.811707153320312500e+02
7.765200805664062500e+02
7.516339721679687500e+02
7.737003173828125000e+02
7.680435791015625000e+02
7.967380981445312500e+02
8.093016357421875000e+02
8.384397583007812500e+02
8.347660522460937500e+02
8.623887939453125000e+02
8.420609130859375000e+02
8.497836303710937500e+02
8.154603881835937500e+02
8.058934936523437500e+02
7.786422119140625000e+02
7.844190673828125000e+02
7.722318115234375000e+02
7.904575805664062500e+02
7.887185668945312500e+02
8.330046386718750000e+02
8.401077270507812500e+02
8.432710571289062500e+02
7.997557373046875000e+02
7.805349121093750000e+02
7.535663452148437500e+02
7.641734619140625000e+02
7.569366455078125000e+02
7.748770751953125000e+02
7.770869140625000000e+02
8.136128540039062500e+02
8.112094726562500000e+02
8.421133422851562500e+02
8.264913330078125000e+02
8.205705566406250000e+02
7.820639648437500000e+02
7.653579101562500000e+02
7.565089721679687500e+02
7.813951416015625000e+02
7.872719726562500000e+02
8.268291625976562500e+02
8.256068115234375000e+02
8.315768432617187500e+02
8.202271728515625000e+02
8.056489257812500000e+02
7.946392211914062500e+02
7.936252441406250000e+02
7.764785156250000000e+02
7.878439941406250000e+02
7.835460815429687500e+02
8.059801025390625000e+02
7.996873168945312500e+02
8.334487304687500000e+02
8.129451293945312500e+02
8.314865722656250000e+02
8.144259033203125000e+02
8.124662475585937500e+02
7.951970214843750000e+02
8.016671752929687500e+02
7.895394287109375000e+02
8.082684326171875000e+02
8.001369018554687500e+02
8.222743530273437500e+02
8.072668457031250000e+02
8.212484741210937500e+02
8.039493408203125000e+02
8.244195556640625000e+02
7.982933349609375000e+02
8.031994018554687500e+02
7.874042358398437500e+02
7.933544311523437500e+02
7.634058227539062500e+02
7.783553466796875000e+02
7.761174316406250000e+02
7.952777709960937500e+02
7.974638061523437500e+02
8.135574340820312500e+02
8.122849121093750000e+02
8.312689819335937500e+02
8.105730590820312500e+02
8.180178222656250000e+02
8.083710937500000000e+02
8.244039306640625000e+02
7.999041748046875000e+02
8.125028076171875000e+02
7.945958251953125000e+02
7.968336791992187500e+02
7.733574218750000000e+02
7.649210815429687500e+02
7.685411376953125000e+02
8.123709106445312500e+02
8.127838134765625000e+02
8.483225708007812500e+02
8.184660034179687500e+02
8.106588134765625000e+02
7.654321289062500000e+02
7.496599731445312500e+02
7.348308105468750000e+02
7.506350708007812500e+02
7.689312133789062500e+02
8.326986694335937500e+02
8.523869018554687500e+02
8.763610839843750000e+02
8.209860839843750000e+02
8.014609985351562500e+02
7.554836425781250000e+02
7.411459350585937500e+02
7.308641357421875000e+02
7.500187377929687500e+02
7.584821777343750000e+02
8.049194946289062500e+02
8.301608276367187500e+02
8.568191528320312500e+02
8.214846801757812500e+02
8.142908325195312500e+02
7.895225219726562500e+02
7.987315063476562500e+02
7.859691772460937500e+02
8.253839111328125000e+02
8.356008911132812500e+02
8.662979736328125000e+02
8.418414306640625000e+02
8.165337524414062500e+02
7.808027343750000000e+02
7.608928833007812500e+02
7.391318359375000000e+02
7.364974365234375000e+02
7.432167968750000000e+02
7.696350097656250000e+02
7.977864990234375000e+02
8.481336669921875000e+02
8.454785156250000000e+02
8.422240600585937500e+02
7.953742675781250000e+02
7.846767578125000000e+02
7.628260498046875000e+02
7.843090209960937500e+02
7.888931884765625000e+02
8.350689086914062500e+02
8.364517211914062500e+02
8.466619873046875000e+02
8.196564941406250000e+02
7.927689819335937500e+02
7.699754028320312500e+02
7.752138061523437500e+02
7.726030883789062500e+02
8.226318359375000000e+02
8.393378295898437500e+02
8.749102172851562500e+02
8.431104125976562500e+02
8.150239868164062500e+02
7.793665771484375000e+02
7.590064086914062500e+02
7.500709838867187500e+02
7.578745727539062500e+02
7.542564086914062500e+02
7.819837646484375000e+02
7.900657958984375000e+02
8.068259277343750000e+02
7.869230957031250000e+02
8.055214233398437500e+02
7.924801025390625000e+02
8.025939941406250000e+02
7.865807495117187500e+02
7.822354736328125000e+02
7.756341552734375000e+02
7.714179687500000000e+02
7.520053100585937500e+02
7.661054077148437500e+02
7.730641479492187500e+02
8.086763305664062500e+02
8.151293334960937500e+02
8.418181762695312500e+02
8.165895996093750000e+02
8.175632324218750000e+02
7.874060668945312500e+02
7.999667968750000000e+02
7.661917114257812500e+02
7.809037475585937500e+02
7.854156494140625000e+02
8.268540039062500000e+02
8.347751464843750000e+02
8.498218994140625000e+02
8.357937622070312500e+02
8.266917114257812500e+02
7.732633056640625000e+02
7.626539916992187500e+02
7.395621337890625000e+02
7.568225708007812500e+02
7.586776733398437500e+02
8.045554199218750000e+02
8.217467651367187500e+02
8.545865478515625000e+02
8.175610961914062500e+02
8.053345947265625000e+02
7.760712280273437500e+02
7.789854125976562500e+02
7.734492187500000000e+02
8.005055541992187500e+02
8.117260131835937500e+02
8.289514160156250000e+02
8.204757690429687500e+02
8.056204833984375000e+02
7.826494750976562500e+02
7.926209716796875000e+02
7.958793945312500000e+02
8.254254150390625000e+02
8.238216552734375000e+02
8.551542358398437500e+02
8.210307617187500000e+02
8.119728393554687500e+02
7.772359619140625000e+02
7.677706298828125000e+02
7.444155883789062500e+02
7.497285766601562500e+02
7.316867675781250000e+02
7.635962524414062500e+02
7.907753906250000000e+02
8.370282592773437500e+02
8.465989379882812500e+02
8.597882690429687500e+02
7.982200927734375000e+02
7.725048217773437500e+02
7.339984741210937500e+02
7.209746704101562500e+02
7.091071777343750000e+02
7.095734252929687500e+02
7.344287719726562500e+02
7.835113525390625000e+02
8.383113403320312500e+02
9.084822998046875000e+02
8.693855590820312500e+02
8.088826293945312500e+02
7.325796508789062500e+02
7.096043090820312500e+02
6.852772216796875000e+02
6.736232910156250000e+02
6.598294677734375000e+02
6.587824707031250000e+02
6.649375610351562500e+02
6.992857666015625000e+02
7.521394653320312500e+02
8.842666015625000000e+02
9.454459838867187500e+02
8.956395874023437500e+02
7.676795043945312500e+02
7.207354736328125000e+02
6.939975585937500000e+02
7.013758544921875000e+02
7.259166870117187500e+02
7.672476806640625000e+02
8.354589843750000000e+02
9.280568847656250000e+02
8.717312622070312500e+02
8.273830566406250000e+02
7.672281494140625000e+02
7.559783325195312500e+02
7.526726684570312500e+02
8.051753540039062500e+02
8.531208496093750000e+02
9.283312988281250000e+02
8.499904174804687500e+02
8.007285766601562500e+02
7.661826782226562500e+02
7.731968383789062500e+02
7.921840209960937500e+02
8.275386352539062500e+02
8.358319091796875000e+02
8.596397705078125000e+02
8.292401733398437500e+02
8.327194213867187500e+02
8.146667480468750000e+02
8.075930175781250000e+02
7.920330200195312500e+02
8.152406005859375000e+02
8.009015502929687500e+02
8.183033447265625000e+02
8.159185180664062500e+02
8.438171386718750000e+02
8.289989013671875000e+02
8.285360717773437500e+02
7.901485595703125000e+02
7.866384277343750000e+02
7.593927612304687500e+02
7.709921875000000000e+02
7.884057617187500000e+02
8.377895507812500000e+02
8.485507202148437500e+02
8.598818969726562500e+02
8.025615844726562500e+02
7.868930053710937500e+02
7.421970825195312500e+02
7.519647216796875000e+02
7.482513427734375000e+02
7.857554931640625000e+02
8.156323242187500000e+02
8.576558227539062500e+02
8.312956542968750000e+02
8.154569091796875000e+02
7.680741577148437500e+02
7.552050170898437500e+02
7.463524780273437500e+02
7.688520507812500000e+02
7.813118286132812500e+02
8.339866333007812500e+02
8.512926635742187500e+02
8.681522216796875000e+02
8.037230834960937500e+02
7.860500488281250000e+02
7.516246337890625000e+02
7.483284912109375000e+02
7.323920898437500000e+02
7.419261474609375000e+02
7.596375122070312500e+02
8.023869018554687500e+02
8.311622314453125000e+02
8.729835815429687500e+02
8.233074340820312500e+02
8.034821777343750000e+02
7.747757568359375000e+02
7.885476684570312500e+02
8.036209716796875000e+02
8.314897460937500000e+02
8.396979980468750000e+02
8.582205810546875000e+02
8.214860839843750000e+02
8.218768310546875000e+02
7.778378295898437500e+02
7.697733154296875000e+02
7.516165771484375000e+02
7.707526855468750000e+02
7.769550781250000000e+02
8.154082641601562500e+02
8.237042236328125000e+02
8.428994750976562500e+02
8.142151489257812500e+02
7.929940185546875000e+02
7.514033203125000000e+02
7.307667236328125000e+02
7.157060546875000000e+02
7.110394287109375000e+02
7.101906738281250000e+02
7.249884643554687500e+02
7.429525146484375000e+02
7.802511596679687500e+02
8.020481567382812500e+02
8.492014160156250000e+02
8.487653808593750000e+02
8.492470092773437500e+02
8.055996704101562500e+02
8.018326416015625000e+02
7.787274780273437500e+02
7.805499877929687500e+02
7.656063232421875000e+02
7.739176025390625000e+02
7.750560913085937500e+02
8.040905761718750000e+02
8.086562500000000000e+02
8.514878540039062500e+02
8.397730712890625000e+02
8.536398315429687500e+02
8.148786621093750000e+02
8.234212646484375000e+02
7.995238037109375000e+02
8.247290649414062500e+02
8.098435058593750000e+02
8.232200927734375000e+02
7.996350097656250000e+02
8.024682617187500000e+02
7.794607543945312500e+02
7.861281738281250000e+02
7.785362548828125000e+02
8.012277221679687500e+02
8.015712280273437500e+02
8.371115722656250000e+02
8.108405151367187500e+02
8.154762573242187500e+02
7.835500488281250000e+02
7.751345214843750000e+02
7.592456665039062500e+02
7.575983886718750000e+02
7.490419921875000000e+02
7.728483886718750000e+02
7.683213500976562500e+02
8.012680664062500000e+02
7.949842529296875000e+02
8.193478393554687500e+02
7.859979858398437500e+02
7.862449951171875000e+02
7.718337402343750000e+02
7.890883789062500000e+02
7.849324951171875000e+02
8.096950073242187500e+02
8.092827148437500000e+02
8.440113525390625000e+02
8.278859863281250000e+02
8.339749755859375000e+02
8.028312377929687500e+02
7.950234985351562500e+02
7.807990112304687500e+02
7.895324096679687500e+02
7.810440673828125000e+02
8.121033935546875000e+02
8.005458984375000000e+02
8.170863037109375000e+02
8.160739746093750000e+02
8.170394897460937500e+02
7.794933471679687500e+02
7.681759033203125000e+02
7.511732177734375000e+02
7.477340698242187500e+02
7.327602539062500000e+02
7.502078247070312500e+02
7.597653808593750000e+02
8.019343872070312500e+02
8.273209838867187500e+02
8.777938232421875000e+02
8.325368041992187500e+02
8.128385009765625000e+02
7.630522460937500000e+02
7.435257568359375000e+02
7.284995117187500000e+02
7.303373413085937500e+02
7.408078002929687500e+02
7.801179809570312500e+02
8.135178833007812500e+02
8.779147338867187500e+02
8.500609130859375000e+02
8.106767578125000000e+02
7.520962524414062500e+02
7.282830200195312500e+02
7.024530029296875000e+02
6.930783081054687500e+02
6.975478515625000000e+02
7.321057128906250000e+02
7.518218383789062500e+02
8.214219360351562500e+02
8.500382690429687500e+02
8.788179931640625000e+02
8.183394775390625000e+02
7.912892456054687500e+02
7.619471435546875000e+02
7.832036743164062500e+02
7.811071777343750000e+02
8.185691528320312500e+02
8.311366577148437500e+02
8.439658203125000000e+02
8.097515869140625000e+02
8.002503051757812500e+02
7.746946411132812500e+02
7.839140625000000000e+02
7.809993896484375000e+02
8.200597534179687500e+02
8.365240478515625000e+02
8.674350585937500000e+02
8.238027954101562500e+02
7.980889282226562500e+02
7.598129882812500000e+02
7.421781616210937500e+02
7.293427124023437500e+02
7.306473388671875000e+02
7.234387207031250000e+02
7.460059204101562500e+02
7.691989135742187500e+02
8.230661621093750000e+02
8.415203247070312500e+02
8.628009033203125000e+02
7.994819335937500000e+02
7.719949340820312500e+02
7.486895751953125000e+02
7.466533203125000000e+02
7.383394165039062500e+02
7.698108520507812500e+02
7.979010009765625000e+02
8.691797485351562500e+02
8.520657348632812500e+02
8.394672241210937500e+02
7.707194824218750000e+02
7.539455566406250000e+02
7.349151611328125000e+02
7.432489013671875000e+02
7.524652709960937500e+02
7.927434692382812500e+02
8.248488159179687500e+02
8.753483886718750000e+02
8.340826416015625000e+02
8.089572143554687500e+02
7.603337402343750000e+02
7.621088867187500000e+02
7.420378417968750000e+02
7.888737182617187500e+02
8.248333129882812500e+02
8.749238891601562500e+02
8.469875488281250000e+02
8.197673339843750000e+02
7.577082519531250000e+02
7.446358032226562500e+02
7.336571655273437500e+02
7.383560180664062500e+02
7.404215087890625000e+02
7.804047241210937500e+02
7.988800048828125000e+02
8.549163818359375000e+02
8.672183837890625000e+02
8.500817260742187500e+02
7.847365722656250000e+02
7.693522949218750000e+02
7.475085449218750000e+02
7.573797607421875000e+02
7.640737304687500000e+02
8.244337158203125000e+02
8.431273803710937500e+02
8.574539794921875000e+02
8.126875610351562500e+02
7.848782348632812500e+02
7.446200561523437500e+02
7.398797607421875000e+02
7.227391357421875000e+02
7.446671752929687500e+02
7.623877563476562500e+02
8.277854003906250000e+02
8.515654296875000000e+02
8.666407470703125000e+02
7.988526611328125000e+02
7.650667114257812500e+02
7.364432373046875000e+02
7.273018798828125000e+02
7.269643554687500000e+02
7.524194335937500000e+02
7.670043945312500000e+02
8.138453979492187500e+02
8.530668334960937500e+02
8.909078979492187500e+02
8.198112182617187500e+02
7.843168334960937500e+02
7.337550048828125000e+02
7.433062133789062500e+02
7.268361816406250000e+02
7.636801757812500000e+02
7.857576293945312500e+02
8.479329833984375000e+02
8.570358276367187500e+02
8.655905151367187500e+02
8.018090209960937500e+02
7.667772216796875000e+02
7.397257690429687500e+02
7.264527587890625000e+02
7.420643310546875000e+02
7.657731323242187500e+02
7.993223266601562500e+02
8.645385742187500000e+02
8.355428466796875000e+02
8.186514892578125000e+02
7.675325927734375000e+02
7.565114746093750000e+02
7.322509155273437500e+02
7.497623291015625000e+02
7.651580200195312500e+02
8.232479858398437500e+02
8.501893920898437500e+02
8.555891723632812500e+02
7.947913818359375000e+02
7.739348144531250000e+02
7.397158203125000000e+02
7.380942382812500000e+02
7.298487548828125000e+02
7.663462524414062500e+02
7.890792236328125000e+02
8.628790893554687500e+02
8.548302612304687500e+02
8.477678222656250000e+02
7.717657470703125000e+02
7.423677978515625000e+02
7.111744995117187500e+02
7.105700073242187500e+02
7.088344726562500000e+02
7.402431640625000000e+02
7.711748046875000000e+02
8.395723876953125000e+02
8.664236450195312500e+02
8.929381713867187500e+02
8.000444335937500000e+02
7.436874389648437500e+02
7.095057983398437500e+02
7.111453857421875000e+02
7.008724365234375000e+02
7.548363037109375000e+02
7.915643310546875000e+02
8.769635620117187500e+02
8.795441284179687500e+02
8.461947631835937500e+02
7.762633056640625000e+02
7.575385742187500000e+02
7.379594726562500000e+02
7.650144042968750000e+02
7.832812500000000000e+02
8.482726440429687500e+02
8.478289184570312500e+02
8.650744628906250000e+02
8.021051025390625000e+02
7.741581420898437500e+02
7.433294677734375000e+02
7.544940185546875000e+02
7.569261474609375000e+02
8.073815917968750000e+02
8.340236816406250000e+02
8.799892578125000000e+02
8.325258178710937500e+02
8.113343505859375000e+02
7.612628173828125000e+02
7.584829711914062500e+02
7.567583007812500000e+02
7.937562255859375000e+02
8.142559204101562500e+02
8.663117675781250000e+02
8.285157470703125000e+02
8.224430541992187500e+02
7.648058471679687500e+02
7.484220581054687500e+02
7.335404663085937500e+02
7.427106323242187500e+02
7.542705688476562500e+02
7.968123168945312500e+02
8.114145507812500000e+02
8.562556762695312500e+02
8.268374023437500000e+02
8.241453247070312500e+02
7.898025512695312500e+02
7.856797485351562500e+02
7.559008789062500000e+02
7.761824951171875000e+02
7.706918945312500000e+02
7.980795898437500000e+02
7.989536743164062500e+02
8.047331542968750000e+02
7.896435546875000000e+02
7.968452148437500000e+02
7.967502441406250000e+02
8.070218505859375000e+02
8.033138427734375000e+02
8.281062622070312500e+02
8.008805541992187500e+02
8.103113403320312500e+02
7.735664062500000000e+02
7.521834716796875000e+02
7.357005615234375000e+02
7.421486816406250000e+02
7.489893798828125000e+02
8.026257324218750000e+02
8.272600708007812500e+02
8.546962280273437500e+02
8.182399291992187500e+02
8.043074340820312500e+02
7.455429687500000000e+02
7.396318969726562500e+02
7.249691772460937500e+02
7.375540161132812500e+02
7.406931762695312500e+02
7.897322387695312500e+02
8.243056030273437500e+02
8.854441528320312500e+02
8.377269897460937500e+02
7.951262207031250000e+02
7.521468505859375000e+02
7.434272460937500000e+02
7.197981567382812500e+02
7.419811401367187500e+02
7.645718994140625000e+02
8.069393310546875000e+02
8.172885742187500000e+02
8.462500000000000000e+02
8.085579833984375000e+02
8.139813232421875000e+02
7.907322998046875000e+02
7.877485961914062500e+02
7.697675781250000000e+02
7.891660766601562500e+02
7.817240600585937500e+02
8.155597534179687500e+02
7.998486328125000000e+02
8.267747192382812500e+02
8.049257202148437500e+02
8.169107666015625000e+02
7.973399658203125000e+02
8.044320068359375000e+02
7.883620605468750000e+02
8.050962524414062500e+02
7.923679809570312500e+02
8.071054077148437500e+02
7.884955444335937500e+02
7.924146728515625000e+02
7.617587280273437500e+02
7.628713378906250000e+02
7.506125488281250000e+02
7.908369140625000000e+02
7.984580688476562500e+02
8.387220458984375000e+02
8.201411743164062500e+02
8.453294067382812500e+02
7.796680908203125000e+02
7.549156494140625000e+02
7.312832641601562500e+02
7.279215698242187500e+02
7.151302490234375000e+02
7.247877197265625000e+02
7.323965454101562500e+02
7.668609619140625000e+02
7.928297119140625000e+02
8.495993041992187500e+02
8.384133911132812500e+02
8.232423095703125000e+02
7.781560058593750000e+02
7.813439331054687500e+02
7.683303833007812500e+02
8.069323120117187500e+02
8.250317993164062500e+02
8.433085937500000000e+02
8.194274902343750000e+02
7.895191650390625000e+02
7.402753295898437500e+02
7.178609008789062500e+02
7.056660766601562500e+02
7.195241699218750000e+02
7.308327636718750000e+02
7.619628295898437500e+02
7.835323486328125000e+02
8.487550659179687500e+02
8.390385131835937500e+02
8.414093017578125000e+02
7.889320678710937500e+02
7.625579223632812500e+02
7.406669921875000000e+02
7.241970825195312500e+02
7.100506591796875000e+02
7.281165771484375000e+02
7.178620605468750000e+02
7.659005737304687500e+02
8.024025878906250000e+02
8.985043334960937500e+02
8.690999755859375000e+02
8.120323486328125000e+02
7.424060058593750000e+02
7.248524169921875000e+02
7.080830078125000000e+02
7.211428222656250000e+02
7.297528076171875000e+02
7.790910034179687500e+02
8.030031738281250000e+02
8.584291381835937500e+02
8.263730468750000000e+02
8.299360961914062500e+02
7.863421630859375000e+02
7.652332153320312500e+02
7.488312988281250000e+02
7.798685913085937500e+02
7.881425170898437500e+02
8.267278442382812500e+02
8.307343139648437500e+02
8.304786376953125000e+02
7.907003173828125000e+02
7.805588989257812500e+02
7.476342163085937500e+02
7.412030639648437500e+02
7.362019042968750000e+02
7.667719116210937500e+02
7.930225830078125000e+02
8.454384155273437500e+02
8.272606811523437500e+02
8.384212646484375000e+02
7.854224243164062500e+02
7.754432373046875000e+02
7.609752197265625000e+02
7.810048217773437500e+02
7.845175781250000000e+02
8.175182495117187500e+02
8.135138549804687500e+02
8.259543457031250000e+02
8.082592163085937500e+02
8.086262207031250000e+02
7.737854614257812500e+02
7.534560546875000000e+02
7.302230834960937500e+02
7.220232543945312500e+02
7.001480102539062500e+02
7.112326660156250000e+02
7.124081420898437500e+02
7.554680175781250000e+02
7.858056030273437500e+02
8.629088134765625000e+02
8.535535888671875000e+02
8.372072143554687500e+02
7.821228027343750000e+02
7.549021606445312500e+02
7.265800781250000000e+02
7.178656005859375000e+02
6.948338623046875000e+02
7.101565551757812500e+02
7.397180175781250000e+02
8.125552368164062500e+02
8.594468383789062500e+02
9.023072509765625000e+02
8.093114624023437500e+02
7.628975219726562500e+02
7.161741333007812500e+02
7.028503417968750000e+02
7.018490600585937500e+02
7.209095458984375000e+02
7.611280517578125000e+02
8.420172119140625000e+02
8.804074707031250000e+02
8.717436523437500000e+02
7.797840576171875000e+02
7.415368041992187500e+02
7.137617187500000000e+02
7.207785034179687500e+02
7.206542968750000000e+02
7.642745971679687500e+02
7.920173950195312500e+02
8.809099121093750000e+02
8.762711791992187500e+02
8.605003051757812500e+02
7.826809082031250000e+02
7.434479370117187500e+02
7.127606811523437500e+02
7.183428955078125000e+02
7.448753051757812500e+02
7.887648925781250000e+02
8.496861572265625000e+02
9.212767944335937500e+02
8.128532714843750000e+02
7.710682983398437500e+02
7.188137207031250000e+02
7.207523193359375000e+02
7.198634033203125000e+02
7.441047973632812500e+02
7.627830200195312500e+02
8.099337158203125000e+02
8.356841430664062500e+02
8.574133300781250000e+02
8.239606323242187500e+02
8.057110595703125000e+02
7.670401611328125000e+02
7.664611816406250000e+02
7.628897705078125000e+02
7.984598388671875000e+02
8.155733032226562500e+02
8.372457275390625000e+02
8.048037109375000000e+02
7.943305664062500000e+02
7.544653930664062500e+02
7.575252685546875000e+02
7.322454223632812500e+02
7.398816528320312500e+02
7.362468261718750000e+02
7.797269287109375000e+02
8.042693481445312500e+02
8.652822265625000000e+02
8.304186401367187500e+02
8.152365112304687500e+02
7.761494140625000000e+02
7.846572265625000000e+02
7.781837158203125000e+02
8.142833251953125000e+02
8.190654907226562500e+02
8.247817993164062500e+02
7.810496826171875000e+02
7.731544799804687500e+02
7.421090087890625000e+02
7.611680908203125000e+02
7.552329711914062500e+02
7.891040649414062500e+02
7.949860839843750000e+02
8.461188964843750000e+02
8.282774658203125000e+02
8.264509277343750000e+02
7.741512451171875000e+02
7.732190551757812500e+02
7.404801025390625000e+02
7.465152587890625000e+02
7.548630981445312500e+02
7.737318115234375000e+02
7.787894287109375000e+02
8.104645996093750000e+02
8.116325073242187500e+02
8.383502197265625000e+02
8.080682373046875000e+02
7.898533325195312500e+02
7.427551879882812500e+02
7.280360107421875000e+02
7.202256469726562500e+02
7.410905761718750000e+02
7.339101562500000000e+02
7.614182128906250000e+02
7.950014038085937500e+02
8.556435546875000000e+02
8.348723144531250000e+02
8.375982666015625000e+02
7.722509155273437500e+02
7.739386596679687500e+02
7.314956054687500000e+02
7.396569824218750000e+02
7.429665527343750000e+02
7.476254272460937500e+02
7.696389160156250000e+02
7.967919311523437500e+02
8.036032714843750000e+02
8.387219238281250000e+02
8.152393798828125000e+02
8.206646728515625000e+02
7.827736816406250000e+02
7.748845825195312500e+02
7.469853515625000000e+02
7.406945800781250000e+02
7.404699707031250000e+02
7.636004028320312500e+02
7.922164916992187500e+02
8.276388549804687500e+02
8.303004150390625000e+02
8.355803833007812500e+02
7.986611328125000000e+02
7.871445922851562500e+02
7.644743041992187500e+02
7.695023803710937500e+02
7.737561035156250000e+02
7.834203491210937500e+02
7.889014282226562500e+02
8.219696655273437500e+02
7.958405761718750000e+02
8.042606811523437500e+02
7.854804687500000000e+02
7.867427368164062500e+02
7.700356445312500000e+02
7.906706542968750000e+02
7.848693237304687500e+02
8.041800537109375000e+02
7.860782470703125000e+02
7.869548339843750000e+02
7.634318847656250000e+02
7.639111328125000000e+02
7.519464721679687500e+02
7.676221313476562500e+02
7.942307128906250000e+02
8.470307617187500000e+02
8.347532958984375000e+02
8.140139770507812500e+02
7.524001464843750000e+02
7.451973876953125000e+02
7.143657226562500000e+02
7.224260864257812500e+02
7.229658203125000000e+02
7.469895629882812500e+02
7.552313232421875000e+02
7.956402587890625000e+02
7.938010864257812500e+02
8.249276733398437500e+02
8.128152465820312500e+02
8.156257324218750000e+02
7.807817382812500000e+02
7.770498046875000000e+02
7.516047973632812500e+02
7.642671508789062500e+02
7.451818847656250000e+02
7.900639648437500000e+02
7.988624267578125000e+02
8.387969360351562500e+02
8.243328857421875000e+02
8.180648193359375000e+02
7.708724365234375000e+02
7.647507324218750000e+02
7.356315917968750000e+02
7.354032592773437500e+02
7.359434204101562500e+02
7.408670654296875000e+02
7.555050048828125000e+02
8.124871826171875000e+02
8.363909912109375000e+02
8.660042114257812500e+02
8.303676757812500000e+02
7.978414306640625000e+02
7.511045532226562500e+02
7.618970947265625000e+02
7.448990478515625000e+02
7.853383178710937500e+02
7.874490966796875000e+02
8.186484375000000000e+02
8.114484863281250000e+02
8.183317260742187500e+02
8.009494628906250000e+02
7.921996459960937500e+02
7.629881591796875000e+02
7.528547363281250000e+02
7.355573120117187500e+02
7.481122436523437500e+02
7.407165527343750000e+02
7.652739257812500000e+02
7.722559814453125000e+02
8.051973876953125000e+02
8.096071777343750000e+02
8.375950927734375000e+02
7.997433471679687500e+02
7.799156494140625000e+02
7.398480834960937500e+02
7.318243408203125000e+02
6.983706054687500000e+02
7.084219360351562500e+02
7.095340576171875000e+02
7.465061035156250000e+02
7.813926391601562500e+02
8.583604736328125000e+02
8.455117187500000000e+02
8.289633789062500000e+02
7.563980102539062500e+02
7.452171630859375000e+02
7.221514892578125000e+02
7.205935058593750000e+02
7.142737426757812500e+02
7.259277343750000000e+02
7.425697631835937500e+02
7.772598876953125000e+02
8.104893798828125000e+02
8.745374755859375000e+02
8.383634643554687500e+02
8.268209228515625000e+02
7.789610595703125000e+02
7.748134155273437500e+02
7.582755737304687500e+02
7.783115844726562500e+02
7.756694335937500000e+02
8.089485473632812500e+02
8.050668945312500000e+02
8.289467163085937500e+02
7.976192626953125000e+02
7.907974853515625000e+02
7.613389282226562500e+02
7.555125732421875000e+02
7.615292358398437500e+02
8.137709960937500000e+02
8.239398193359375000e+02
8.690245971679687500e+02
8.159502563476562500e+02
7.969077148437500000e+02
7.437532348632812500e+02
7.218271484375000000e+02
6.928513183593750000e+02
6.925621337890625000e+02
6.793267211914062500e+02
7.010306396484375000e+02
7.146115112304687500e+02
7.672125854492187500e+02
8.002187500000000000e+02
8.826825561523437500e+02
8.426447143554687500e+02
8.084085083007812500e+02
7.591197509765625000e+02
7.641173095703125000e+02
7.535940551757812500e+02
7.714044189453125000e+02
7.784777221679687500e+02
8.195844116210937500e+02
8.225352172851562500e+02
8.421419067382812500e+02
7.906083984375000000e+02
7.672214965820312500e+02
7.276608276367187500e+02
7.233574218750000000e+02
7.071531372070312500e+02
7.205720214843750000e+02
7.377272338867187500e+02
7.813278808593750000e+02
8.048047485351562500e+02
8.658909301757812500e+02
8.280880126953125000e+02
8.033718872070312500e+02
7.646524047851562500e+02
7.495479736328125000e+02
7.255529785156250000e+02
7.491676025390625000e+02
7.482260131835937500e+02
7.986838378906250000e+02
8.197248535156250000e+02
8.561706542968750000e+02
8.120467529296875000e+02
7.851234130859375000e+02
7.341298828125000000e+02
7.375778198242187500e+02
7.480871582031250000e+02
7.938469848632812500e+02
8.045437622070312500e+02
8.516230468750000000e+02
8.222005004882812500e+02
8.004427490234375000e+02
7.616763916015625000e+02
7.519315185546875000e+02
7.273992309570312500e+02
7.288906860351562500e+02
7.327310791015625000e+02
7.546184082031250000e+02
7.713980712890625000e+02
8.327299804687500000e+02
8.445467529296875000e+02
8.416738891601562500e+02
7.951471557617187500e+02
7.733114624023437500e+02
7.466649780273437500e+02
7.655541381835937500e+02
7.540294799804687500e+02
7.951557617187500000e+02
7.943469848632812500e+02
7.992194824218750000e+02
7.754628906250000000e+02
7.764254760742187500e+02
7.690739135742187500e+02
7.920894165039062500e+02
8.064012451171875000e+02
8.417285766601562500e+02
8.014313354492187500e+02
7.868280029296875000e+02
7.350949096679687500e+02
7.259949340820312500e+02
7.035780029296875000e+02
6.871035156250000000e+02
6.748966064453125000e+02
6.686487426757812500e+02
6.768403930664062500e+02
7.083100585937500000e+02
7.398887329101562500e+02
8.205862426757812500e+02
8.585818481445312500e+02
8.905552978515625000e+02
8.126120605468750000e+02
7.711157226562500000e+02
7.311465454101562500e+02
7.272208862304687500e+02
7.319846801757812500e+02
7.619240722656250000e+02
7.884261474609375000e+02
8.501291503906250000e+02
8.645760498046875000e+02
8.697910156250000000e+02
7.878928222656250000e+02
7.623200683593750000e+02
7.274557495117187500e+02
7.347335205078125000e+02
7.388827514648437500e+02
7.580206298828125000e+02
7.676679077148437500e+02
8.379190063476562500e+02
8.377424926757812500e+02
8.543579711914062500e+02
7.874010009765625000e+02
7.671029663085937500e+02
7.477210083007812500e+02
7.629560546875000000e+02
7.572614746093750000e+02
7.931537475585937500e+02
8.098873901367187500e+02
8.673944702148437500e+02
8.169377441406250000e+02
7.934843139648437500e+02
7.433369750976562500e+02
7.383518066406250000e+02
7.256261596679687500e+02
7.522055664062500000e+02
7.688099365234375000e+02
8.256200561523437500e+02
8.316876831054687500e+02
8.517292480468750000e+02
7.974308471679687500e+02
7.772774047851562500e+02
7.331654052734375000e+02
7.330796508789062500e+02
7.336251831054687500e+02
7.629498291015625000e+02
8.005111694335937500e+02
8.490352172851562500e+02
8.372244262695312500e+02
8.230098266601562500e+02
7.676254272460937500e+02
7.508285522460937500e+02
7.300333251953125000e+02
7.278926391601562500e+02
7.321732177734375000e+02
7.922254638671875000e+02
8.223807983398437500e+02
8.774069213867187500e+02
8.148182373046875000e+02
7.799354858398437500e+02
7.422272949218750000e+02
7.260377197265625000e+02
7.060372314453125000e+02
7.183136596679687500e+02
7.220814208984375000e+02
7.644443359375000000e+02
7.987830810546875000e+02
8.784534912109375000e+02
8.327647705078125000e+02
8.055595703125000000e+02
7.517009887695312500e+02
7.343594970703125000e+02
7.190048828125000000e+02
7.255367431640625000e+02
7.358643798828125000e+02
7.804416503906250000e+02
8.053889770507812500e+02
8.569838256835937500e+02
8.313308105468750000e+02
8.200356445312500000e+02
7.596918334960937500e+02
7.568075561523437500e+02
7.385509643554687500e+02
7.565404052734375000e+02
7.490979003906250000e+02
7.873402709960937500e+02
7.966868896484375000e+02
8.478825073242187500e+02
8.219193115234375000e+02
8.209587402343750000e+02
7.692238159179687500e+02
7.489525756835937500e+02
7.263902587890625000e+02
7.326265869140625000e+02
7.355812377929687500e+02
7.720095825195312500e+02
7.981485595703125000e+02
8.648168334960937500e+02
8.413529663085937500e+02
8.241184692382812500e+02
7.586499023437500000e+02
7.377912597656250000e+02
7.115034179687500000e+02
7.109069824218750000e+02
7.059253540039062500e+02
7.386549072265625000e+02
7.606691284179687500e+02
8.199050903320312500e+02
8.458868408203125000e+02
8.641918945312500000e+02
7.789475097656250000e+02
7.394046020507812500e+02
7.192807617187500000e+02
7.145445556640625000e+02
7.152692260742187500e+02
7.439575195312500000e+02
7.749418945312500000e+02
8.479807128906250000e+02
8.407507324218750000e+02
8.332203979492187500e+02
7.756110839843750000e+02
7.447335205078125000e+02
7.080098266601562500e+02
7.059705200195312500e+02
6.915535278320312500e+02
7.290444946289062500e+02
7.542489624023437500e+02
8.114378051757812500e+02
8.205227661132812500e+02
8.439694824218750000e+02
7.965321655273437500e+02
7.807598876953125000e+02
7.352613525390625000e+02
7.414092407226562500e+02
7.493565673828125000e+02
7.918796386718750000e+02
8.241884765625000000e+02
8.676251831054687500e+02
8.083477172851562500e+02
7.890211791992187500e+02
7.367424316406250000e+02
7.285791015625000000e+02
7.174539794921875000e+02
7.443238525390625000e+02
7.664389648437500000e+02
8.269315185546875000e+02
8.308707275390625000e+02
8.286141357421875000e+02
7.805634765625000000e+02
7.543984375000000000e+02
7.217521362304687500e+02
7.410121459960937500e+02
7.325933837890625000e+02
7.622796630859375000e+02
8.031118164062500000e+02
8.347180786132812500e+02
8.102376708984375000e+02
8.143659667968750000e+02
7.735789184570312500e+02
7.694105834960937500e+02
7.555780639648437500e+02
7.739008178710937500e+02
7.683300170898437500e+02
8.100941772460937500e+02
7.991433105468750000e+02
8.260120849609375000e+02
7.884661865234375000e+02
7.905349731445312500e+02
7.479849243164062500e+02
7.412051391601562500e+02
7.108710937500000000e+02
7.245809326171875000e+02
7.346678466796875000e+02
7.813003540039062500e+02
7.982169189453125000e+02
8.490166015625000000e+02
8.201458129882812500e+02
8.058341674804687500e+02
7.536703491210937500e+02
7.364242553710937500e+02
6.946420288085937500e+02
7.005760498046875000e+02
6.863793334960937500e+02
6.992346801757812500e+02
7.006696777343750000e+02
7.539055175781250000e+02
7.933314208984375000e+02
8.742997436523437500e+02
8.341072387695312500e+02
8.145750732421875000e+02
7.627213134765625000e+02
7.420333862304687500e+02
7.248259277343750000e+02
7.253221435546875000e+02
7.238914794921875000e+02
7.810102539062500000e+02
8.138814086914062500e+02
8.584388427734375000e+02
8.272311401367187500e+02
8.086961669921875000e+02
7.607173461914062500e+02
7.498091430664062500e+02
7.388607177734375000e+02
7.450857543945312500e+02
7.531257324218750000e+02
8.239129028320312500e+02
8.310218505859375000e+02
8.623637695312500000e+02
7.998540039062500000e+02
7.610412597656250000e+02
7.091095581054687500e+02
7.083649291992187500e+02
6.987274780273437500e+02
7.078950805664062500e+02
7.186245117187500000e+02
7.760136718750000000e+02
8.310123901367187500e+02
9.003581542968750000e+02
8.104199829101562500e+02
7.702106323242187500e+02
7.279672241210937500e+02
7.284337158203125000e+02
7.155895996093750000e+02
7.473715820312500000e+02
7.643816528320312500e+02
8.326734619140625000e+02
8.484526367187500000e+02
8.590379638671875000e+02
7.932479248046875000e+02
7.672568969726562500e+02
7.185462646484375000e+02
7.094157714843750000e+02
7.101078491210937500e+02
7.248323974609375000e+02
7.545354614257812500e+02
8.211724243164062500e+02
8.238399658203125000e+02
8.646230468750000000e+02
7.910939941406250000e+02
7.778946533203125000e+02
7.388961791992187500e+02
7.352059326171875000e+02
7.119663085937500000e+02
7.390522460937500000e+02
7.715013427734375000e+02
8.379797363281250000e+02
8.539143066406250000e+02
8.397262573242187500e+02
7.695212402343750000e+02
7.332530517578125000e+02
7.030257568359375000e+02
7.117128906250000000e+02
7.177214965820312500e+02
7.635992431640625000e+02
7.951900634765625000e+02
8.629605712890625000e+02
8.439795532226562500e+02
8.200011596679687500e+02
7.581928100585937500e+02
7.494080810546875000e+02
7.295860595703125000e+02
7.620819091796875000e+02
7.749015502929687500e+02
8.232741699218750000e+02
8.207709350585937500e+02
8.207064208984375000e+02
7.594315795898437500e+02
7.489927978515625000e+02
7.292518920898437500e+02
7.572536010742187500e+02
7.546085815429687500e+02
8.102639770507812500e+02
8.101988525390625000e+02
8.189448242187500000e+02
7.768989257812500000e+02
7.568536376953125000e+02
7.375324096679687500e+02
7.522584838867187500e+02
7.493543090820312500e+02
7.837236328125000000e+02
7.834705810546875000e+02
8.267536621093750000e+02
8.126378173828125000e+02
8.060728149414062500e+02
7.615741577148437500e+02
7.485207519531250000e+02
7.377077636718750000e+02
7.506704711914062500e+02
7.589391479492187500e+02
8.000370483398437500e+02
7.962738037109375000e+02
8.218889770507812500e+02
7.863298339843750000e+02
7.842207641601562500e+02
7.510361328125000000e+02
7.590216674804687500e+02
7.542225952148437500e+02
7.845577392578125000e+02
7.841744384765625000e+02
8.080173339843750000e+02
7.889074707031250000e+02
8.040930175781250000e+02
7.825249633789062500e+02
8.014377441406250000e+02
7.795787963867187500e+02
7.923881835937500000e+02
7.735246582031250000e+02
7.873533935546875000e+02
7.632776489257812500e+02
7.714183959960937500e+02
7.461330566406250000e+02
7.445316772460937500e+02
7.343977661132812500e+02
7.271555175781250000e+02
7.223182373046875000e+02
7.468366699218750000e+02
7.765169677734375000e+02
8.189818115234375000e+02
8.043355102539062500e+02
8.160181274414062500e+02
7.634389648437500000e+02
7.568196411132812500e+02
7.344105224609375000e+02
7.402596435546875000e+02
7.423540649414062500e+02
7.688262329101562500e+02
7.704708862304687500e+02
8.104960937500000000e+02
8.004453125000000000e+02
8.090971679687500000e+02
7.702097167968750000e+02
7.771637573242187500e+02
7.636760864257812500e+02
7.718301391601562500e+02
7.701802978515625000e+02
7.937390136718750000e+02
7.913507690429687500e+02
8.127755737304687500e+02
7.714548339843750000e+02
7.745212402343750000e+02
7.454687500000000000e+02
7.284186401367187500e+02
7.132448120117187500e+02
7.261638793945312500e+02
7.537023315429687500e+02
8.047426757812500000e+02
8.362326660156250000e+02
8.494899902343750000e+02
7.724151611328125000e+02
7.454392700195312500e+02
6.990505371093750000e+02
6.997417602539062500e+02
6.961591796875000000e+02
7.133503417968750000e+02
7.178501586914062500e+02
7.538604125976562500e+02
7.724525146484375000e+02
8.266328125000000000e+02
8.116925659179687500e+02
8.071957397460937500e+02
7.649561767578125000e+02
7.588624877929687500e+02
7.354281005859375000e+02
7.522938232421875000e+02
7.596405639648437500e+02
7.885680541992187500e+02
7.934237670898437500e+02
8.236224365234375000e+02
7.843530883789062500e+02
7.776658325195312500e+02
7.381261596679687500e+02
7.381907348632812500e+02
7.148609008789062500e+02
7.245640869140625000e+02
7.296777954101562500e+02
7.745648193359375000e+02
7.921945800781250000e+02
8.417205810546875000e+02
8.180344848632812500e+02
8.111206665039062500e+02
7.550549926757812500e+02
7.275751342773437500e+02
7.113369750976562500e+02
7.110828247070312500e+02
7.174547119140625000e+02
7.579859008789062500e+02
7.868314208984375000e+02
8.543095703125000000e+02
8.240205078125000000e+02
8.017085571289062500e+02
7.378406372070312500e+02
7.223344726562500000e+02
6.941740722656250000e+02
7.221462402343750000e+02
7.389946289062500000e+02
7.900615844726562500e+02
8.183043823242187500e+02
8.672319946289062500e+02
8.048734741210937500e+02
7.742866821289062500e+02
7.210612182617187500e+02
7.147837524414062500e+02
6.977281494140625000e+02
7.259140014648437500e+02
7.563059082031250000e+02
8.253920898437500000e+02
8.419954223632812500e+02
8.558597412109375000e+02
7.766231689453125000e+02
7.373699951171875000e+02
7.036262207031250000e+02
7.048736572265625000e+02
7.126457519531250000e+02
7.433566284179687500e+02
7.796649780273437500e+02
8.434026489257812500e+02
8.363356323242187500e+02
8.249559936523437500e+02
7.583035888671875000e+02
7.228468017578125000e+02
6.859562988281250000e+02
7.013722534179687500e+02
7.094487304687500000e+02
7.567451782226562500e+02
8.081000976562500000e+02
8.807263793945312500e+02
8.402251586914062500e+02
7.987280883789062500e+02
7.500349121093750000e+02
7.331660766601562500e+02
7.218171386718750000e+02
7.497311401367187500e+02
7.784813232421875000e+02
8.482706298828125000e+02
8.350695190429687500e+02
8.115382690429687500e+02
7.459051513671875000e+02
7.281514282226562500e+02
7.066177978515625000e+02
7.349883422851562500e+02
7.485123291015625000e+02
8.248067626953125000e+02
8.421674194335937500e+02
8.712061767578125000e+02
7.974165649414062500e+02
7.625917358398437500e+02
7.353220825195312500e+02
7.375310668945312500e+02
7.442045898437500000e+02
7.748510131835937500e+02
7.916798095703125000e+02
8.557086791992187500e+02
8.067070922851562500e+02
7.990837402343750000e+02
7.490632324218750000e+02
7.490363159179687500e+02
7.293657226562500000e+02
7.397538452148437500e+02
7.240269775390625000e+02
7.728223266601562500e+02
7.867402343750000000e+02
8.212397460937500000e+02
8.024947509765625000e+02
8.020714721679687500e+02
7.672212524414062500e+02
7.812486572265625000e+02
7.531845092773437500e+02
7.620081787109375000e+02
7.572514038085937500e+02
7.857296752929687500e+02
7.786190185546875000e+02
8.272153320312500000e+02
7.962534790039062500e+02
7.928551025390625000e+02
7.572080078125000000e+02
7.458551635742187500e+02
7.263898925781250000e+02
7.368340454101562500e+02
7.310313110351562500e+02
7.490392456054687500e+02
7.608636474609375000e+02
7.919466552734375000e+02
7.925210571289062500e+02
8.343721313476562500e+02
7.922285156250000000e+02
7.821909179687500000e+02
7.411641845703125000e+02
7.405417480468750000e+02
7.237607421875000000e+02
7.327188110351562500e+02
7.416204833984375000e+02
7.740136718750000000e+02
7.793832397460937500e+02
8.252968139648437500e+02
8.026248168945312500e+02
8.073590698242187500e+02
7.624383544921875000e+02
7.519669799804687500e+02
7.209662475585937500e+02
7.363155517578125000e+02
7.365901489257812500e+02
7.618499145507812500e+02
7.734318237304687500e+02
7.938942260742187500e+02
7.658355102539062500e+02
7.725059814453125000e+02
7.613665161132812500e+02
7.802954101562500000e+02
7.631992187500000000e+02
7.783540649414062500e+02
7.582969970703125000e+02
7.804861450195312500e+02
7.665314331054687500e+02
7.810186767578125000e+02
7.627937622070312500e+02
7.728656005859375000e+02
7.516317138671875000e+02
7.727982177734375000e+02
7.554082641601562500e+02
7.792844238281250000e+02
7.696873168945312500e+02
7.957896728515625000e+02
7.838093261718750000e+02
8.060170898437500000e+02
7.720983276367187500e+02
7.616589965820312500e+02
7.256741333007812500e+02
7.273485717773437500e+02
7.121998901367187500e+02
7.312600708007812500e+02
7.323720703125000000e+02
7.621782226562500000e+02
7.787921752929687500e+02
8.196514892578125000e+02
7.961419067382812500e+02
8.080942993164062500e+02
7.744987182617187500e+02
7.649295043945312500e+02
7.367931518554687500e+02
7.318198852539062500e+02
7.076647338867187500e+02
7.145758056640625000e+02
7.131670532226562500e+02
7.359080810546875000e+02
7.500458984375000000e+02
8.168223266601562500e+02
8.155390625000000000e+02
8.205013427734375000e+02
7.710812377929687500e+02
7.591016845703125000e+02
7.366863403320312500e+02
7.424471435546875000e+02
7.369349365234375000e+02
7.621482543945312500e+02
7.714392700195312500e+02
8.173234252929687500e+02
8.033893432617187500e+02
8.263976440429687500e+02
7.930201416015625000e+02
7.988738403320312500e+02
7.687732543945312500e+02
7.879578857421875000e+02
7.846221313476562500e+02
8.062118530273437500e+02
7.914412231445312500e+02
7.963460083007812500e+02
7.769528198242187500e+02
7.753175048828125000e+02
7.585156860351562500e+02
7.729426879882812500e+02
7.575532226562500000e+02
7.674178466796875000e+02
7.569057617187500000e+02
7.854042358398437500e+02
7.754831542968750000e+02
8.092402343750000000e+02
7.919913940429687500e+02
7.969275512695312500e+02
7.575833129882812500e+02
7.523004150390625000e+02
7.253617553710937500e+02
7.361109008789062500e+02
7.256613159179687500e+02
7.524577636718750000e+02
7.521699829101562500e+02
7.870821533203125000e+02
7.823232421875000000e+02
8.091571044921875000e+02
7.761001586914062500e+02
7.755632324218750000e+02
7.413104248046875000e+02
7.379749145507812500e+02
7.139313354492187500e+02
7.155837402343750000e+02
7.038616333007812500e+02
7.176787719726562500e+02
7.269251708984375000e+02
7.730757446289062500e+02
7.733754272460937500e+02
8.168389892578125000e+02
7.918877563476562500e+02
7.947897338867187500e+02
7.688937377929687500e+02
7.808925170898437500e+02
7.479644775390625000e+02
7.512716674804687500e+02
7.385778808593750000e+02
7.534451293945312500e+02
7.551929321289062500e+02
7.711861572265625000e+02
7.640378417968750000e+02
7.849459838867187500e+02
7.778670654296875000e+02
8.231204223632812500e+02
8.036809082031250000e+02
8.124330444335937500e+02
7.637915649414062500e+02
7.518619995117187500e+02
7.245702514648437500e+02
7.342483520507812500e+02
7.061065063476562500e+02
7.264467163085937500e+02
7.331622314453125000e+02
7.798358154296875000e+02
7.806886596679687500e+02
8.102907714843750000e+02
7.972694091796875000e+02
8.199130859375000000e+02
7.734179077148437500e+02
7.881592407226562500e+02
7.551170654296875000e+02
7.461605224609375000e+02
7.226104736328125000e+02
7.175557250976562500e+02
7.172021484375000000e+02
7.570922241210937500e+02
7.867929687500000000e+02
8.685008544921875000e+02
8.166843261718750000e+02
7.866873779296875000e+02
7.295244750976562500e+02
7.144352416992187500e+02
6.946243896484375000e+02
7.013615112304687500e+02
7.014816894531250000e+02
7.448603515625000000e+02
7.607291870117187500e+02
8.308200683593750000e+02
8.165252685546875000e+02
8.335057373046875000e+02
7.676629638671875000e+02
7.555360717773437500e+02
7.088197631835937500e+02
7.032175903320312500e+02
6.956875000000000000e+02
7.255652465820312500e+02
7.572823486328125000e+02
8.277773437500000000e+02
8.431441650390625000e+02
8.434791870117187500e+02
7.561540527343750000e+02
7.283549804687500000e+02
7.094656372070312500e+02
7.240499877929687500e+02
7.384588012695312500e+02
7.871262207031250000e+02
8.050826416015625000e+02
8.449129638671875000e+02
8.062587280273437500e+02
7.850390014648437500e+02
7.299429321289062500e+02
7.175262451171875000e+02
7.117059936523437500e+02
7.318804931640625000e+02
7.425627441406250000e+02
7.928533935546875000e+02
8.017155761718750000e+02
8.430864868164062500e+02
7.924525146484375000e+02
7.803703002929687500e+02
7.321804809570312500e+02
7.272015991210937500e+02
7.105582275390625000e+02
7.342287597656250000e+02
7.410833129882812500e+02
7.925189819335937500e+02
7.831076660156250000e+02
8.117632446289062500e+02
7.861486816406250000e+02
7.946505126953125000e+02
7.618872680664062500e+02
7.657331542968750000e+02
7.537408447265625000e+02
7.799132690429687500e+02
7.866582641601562500e+02
8.240543823242187500e+02
8.040332641601562500e+02
8.008703002929687500e+02
7.559436645507812500e+02
7.609395141601562500e+02
7.331651611328125000e+02
7.533015136718750000e+02
7.327445068359375000e+02
7.694357299804687500e+02
7.807208251953125000e+02
8.213881835937500000e+02
7.990791015625000000e+02
7.887056884765625000e+02
7.360364990234375000e+02
7.211236572265625000e+02
6.951166381835937500e+02
7.053724365234375000e+02
7.105405883789062500e+02
7.488389892578125000e+02
7.760637207031250000e+02
8.143727416992187500e+02
7.913250122070312500e+02
7.922550659179687500e+02
7.632263793945312500e+02
7.703968505859375000e+02
7.539594116210937500e+02
7.726608276367187500e+02
7.606185913085937500e+02
7.743656005859375000e+02
7.552448120117187500e+02
7.640017700195312500e+02
7.419033203125000000e+02
7.527385864257812500e+02
7.353630981445312500e+02
7.554097290039062500e+02
7.342559204101562500e+02
7.562370605468750000e+02
7.624687500000000000e+02
8.069398193359375000e+02
7.839160156250000000e+02
7.992163085937500000e+02
7.604232177734375000e+02
7.518684692382812500e+02
7.251229858398437500e+02
7.429687500000000000e+02
7.348155517578125000e+02
7.825635986328125000e+02
7.808604736328125000e+02
8.049750976562500000e+02
7.833366699218750000e+02
7.871968994140625000e+02
7.577523803710937500e+02
7.584177246093750000e+02
7.504518432617187500e+02
7.695086669921875000e+02
7.624902954101562500e+02
8.026096801757812500e+02
7.787597656250000000e+02
7.936755981445312500e+02
7.724174804687500000e+02
7.690034179687500000e+02
7.457568359375000000e+02
7.711607666015625000e+02
7.524566040039062500e+02
7.606699829101562500e+02
7.428624877929687500e+02
7.662452392578125000e+02
7.509037475585937500e+02
7.686914062500000000e+02
7.708340454101562500e+02
7.985399169921875000e+02
7.755979614257812500e+02
7.757143554687500000e+02
7.588660888671875000e+02
7.739917602539062500e+02
7.657601318359375000e+02
7.848950805664062500e+02
7.644271850585937500e+02
7.722755126953125000e+02
7.333742675781250000e+02
7.444439697265625000e+02
7.310219726562500000e+02
7.350614624023437500e+02
7.305844726562500000e+02
7.532497558593750000e+02
7.548991699218750000e+02
7.888292236328125000e+02
7.829461669921875000e+02
8.142446289062500000e+02
7.817109375000000000e+02
7.644667358398437500e+02
7.291209716796875000e+02
7.167277221679687500e+02
6.994404907226562500e+02
7.159367675781250000e+02
7.189395751953125000e+02
7.570176391601562500e+02
7.706010131835937500e+02
8.117651367187500000e+02
7.963442993164062500e+02
8.157167968750000000e+02
7.762255859375000000e+02
7.757440795898437500e+02
7.639558105468750000e+02
7.662343139648437500e+02
7.434581298828125000e+02
7.562337646484375000e+02
7.480800170898437500e+02
7.565349731445312500e+02
7.537844848632812500e+02
7.613294067382812500e+02
7.647098999023437500e+02
7.949723510742187500e+02
7.686512451171875000e+02
7.830704956054687500e+02
7.618652343750000000e+02
7.867215576171875000e+02
7.813235473632812500e+02
8.110631713867187500e+02
7.890004272460937500e+02
7.884584960937500000e+02
7.420550537109375000e+02
7.180985717773437500e+02
6.872158203125000000e+02
6.891757202148437500e+02
6.860977172851562500e+02
6.997044067382812500e+02
7.151019287109375000e+02
7.671393432617187500e+02
8.059686279296875000e+02
8.363848876953125000e+02
7.713850097656250000e+02
7.458133544921875000e+02
7.241017456054687500e+02
7.339541625976562500e+02
7.332703247070312500e+02
7.698832397460937500e+02
7.780106811523437500e+02
8.239193115234375000e+02
7.965914916992187500e+02
8.004573364257812500e+02
7.512001342773437500e+02
7.308186035156250000e+02
7.019559326171875000e+02
7.125903320312500000e+02
7.178934936523437500e+02
7.859555664062500000e+02
8.082449951171875000e+02
8.505805053710937500e+02
7.889270629882812500e+02
7.703318481445312500e+02
7.350765991210937500e+02
7.003850097656250000e+02
6.821690063476562500e+02
7.031186523437500000e+02
7.213977661132812500e+02
7.870620727539062500e+02
8.415169067382812500e+02
8.711638793945312500e+02
7.773629150390625000e+02
7.295917968750000000e+02
6.757601318359375000e+02
6.556226806640625000e+02
6.293460083007812500e+02
6.266672973632812500e+02
6.235940551757812500e+02
6.230980224609375000e+02
6.194730224609375000e+02
6.371653442382812500e+02
6.671514282226562500e+02
7.476499023437500000e+02
8.606040039062500000e+02
9.100325927734375000e+02
7.918758544921875000e+02
7.245686035156250000e+02
6.745097656250000000e+02
6.739930419921875000e+02
6.725537109375000000e+02
6.957874145507812500e+02
7.313779907226562500e+02
8.249390869140625000e+02
8.842977294921875000e+02
9.077858276367187500e+02
7.785463867187500000e+02
7.154379272460937500e+02
6.791528930664062500e+02
6.801560668945312500e+02
7.036936035156250000e+02
7.644826049804687500e+02
8.288496704101562500e+02
9.248939819335937500e+02
8.238192138671875000e+02
7.638722534179687500e+02
7.033613281250000000e+02
7.005070190429687500e+02
7.112924194335937500e+02
7.845308837890625000e+02
8.484003295898437500e+02
8.829772338867187500e+02
7.949741821289062500e+02
7.711563110351562500e+02
7.311489868164062500e+02
7.430458374023437500e+02
7.622824096679687500e+02
8.274418945312500000e+02
8.452631835937500000e+02
8.300652465820312500e+02
7.691431884765625000e+02
7.598908081054687500e+02
7.403748168945312500e+02
7.609884033203125000e+02
7.542357177734375000e+02
7.908239135742187500e+02
8.059796752929687500e+02
8.316710815429687500e+02
7.949882202148437500e+02
7.971127319335937500e+02
7.656159057617187500e+02
7.838048095703125000e+02
7.746937255859375000e+02
8.008835449218750000e+02
7.782689208984375000e+02
8.105527343750000000e+02
7.943786621093750000e+02
8.079954833984375000e+02
7.702732543945312500e+02
7.773642578125000000e+02
7.601598510742187500e+02
7.741645507812500000e+02
7.562473144531250000e+02
7.826434936523437500e+02
7.623716430664062500e+02
8.034172363281250000e+02
7.891514892578125000e+02
7.983533325195312500e+02
7.727418212890625000e+02
7.718999023437500000e+02
7.448084716796875000e+02
7.662489013671875000e+02
7.696228027343750000e+02
7.825671386718750000e+02
7.599001464843750000e+02
7.769739379882812500e+02
7.461140747070312500e+02
7.405339355468750000e+02
7.274367675781250000e+02
7.465162353515625000e+02
7.457082519531250000e+02
7.791774291992187500e+02
7.846936035156250000e+02
8.148332519531250000e+02
7.724142456054687500e+02
7.555411376953125000e+02
7.020876464843750000e+02
7.121608276367187500e+02
6.935103759765625000e+02
7.070328369140625000e+02
7.283857421875000000e+02
7.873074951171875000e+02
8.040367431640625000e+02
8.487164916992187500e+02
7.787915039062500000e+02
7.472933349609375000e+02
6.935818481445312500e+02
6.837164306640625000e+02
6.676444091796875000e+02
6.940004882812500000e+02
7.112899780273437500e+02
7.644095458984375000e+02
7.682319946289062500e+02
8.182781372070312500e+02
7.950598144531250000e+02
7.947500000000000000e+02
7.553027954101562500e+02
7.475216674804687500e+02
7.186860961914062500e+02
7.125930786132812500e+02
7.144102172851562500e+02
7.449786376953125000e+02
7.475571289062500000e+02
8.112357177734375000e+02
8.052078247070312500e+02
8.098944702148437500e+02
7.523203125000000000e+02
7.340435180664062500e+02
6.957097167968750000e+02
7.065720825195312500e+02
6.996857299804687500e+02
7.340831298828125000e+02
7.814208984375000000e+02
8.680538330078125000e+02
8.146595458984375000e+02
7.728554077148437500e+02
7.210591430664062500e+02
7.007629394531250000e+02
6.855507812500000000e+02
6.923283081054687500e+02
6.956816406250000000e+02
7.401191406250000000e+02
7.735800170898437500e+02
8.415516357421875000e+02
8.109891357421875000e+02
8.154674682617187500e+02
7.589763793945312500e+02
7.500308227539062500e+02
7.205239257812500000e+02
7.191272583007812500e+02
7.251494750976562500e+02
7.776423950195312500e+02
8.140258178710937500e+02
8.572041625976562500e+02
8.038292236328125000e+02
7.714244384765625000e+02
7.135693359375000000e+02
7.044352416992187500e+02
6.894580078125000000e+02
7.188059082031250000e+02
7.402734375000000000e+02
8.228693847656250000e+02
8.406840820312500000e+02
8.402035522460937500e+02
7.626054077148437500e+02
7.408237304687500000e+02
6.979244384765625000e+02
6.988051147460937500e+02
7.059313354492187500e+02
7.426432495117187500e+02
7.684250488281250000e+02
8.268108520507812500e+02
8.175643920898437500e+02
8.125205078125000000e+02
7.530471801757812500e+02
7.367979125976562500e+02
7.070408325195312500e+02
7.280523071289062500e+02
7.386458129882812500e+02
8.076092529296875000e+02
8.312257690429687500e+02
8.406546630859375000e+02
7.677931518554687500e+02
7.324141845703125000e+02
6.856691284179687500e+02
6.678222656250000000e+02
6.703109130859375000e+02
6.949012451171875000e+02
7.464641723632812500e+02
8.357438964843750000e+02
8.419492187500000000e+02
8.454304809570312500e+02
7.560566406250000000e+02
7.157096557617187500e+02
6.744499511718750000e+02
6.657341308593750000e+02
6.630375976562500000e+02
6.834356689453125000e+02
7.103312988281250000e+02
8.124576416015625000e+02
8.731351318359375000e+02
8.700975952148437500e+02
7.538805541992187500e+02
7.030578002929687500e+02
6.673535766601562500e+02
6.749820556640625000e+02
7.043135986328125000e+02
7.807335815429687500e+02
8.514325561523437500e+02
8.870592651367187500e+02
7.926376342773437500e+02
7.544594116210937500e+02
7.171154785156250000e+02
7.089301757812500000e+02
7.074348144531250000e+02
7.511862182617187500e+02
7.956975097656250000e+02
8.649770507812500000e+02
8.293601684570312500e+02
7.914786376953125000e+02
7.400928955078125000e+02
7.205411376953125000e+02
6.980499267578125000e+02
7.170325927734375000e+02
7.413109741210937500e+02
8.199854125976562500e+02
8.571030883789062500e+02
8.439387207031250000e+02
7.724514770507812500e+02
7.343555908203125000e+02
6.849898681640625000e+02
6.750252075195312500e+02
6.713800048828125000e+02
6.945296020507812500e+02
7.072404174804687500e+02
7.950763549804687500e+02
8.471538085937500000e+02
8.782573852539062500e+02
7.634180908203125000e+02
7.067393798828125000e+02
6.709111328125000000e+02
6.599901733398437500e+02
6.691350097656250000e+02
7.077732543945312500e+02
7.606845703125000000e+02
8.504050903320312500e+02
8.510315551757812500e+02
8.102321777343750000e+02
7.339979248046875000e+02
6.950605468750000000e+02
6.658801879882812500e+02
6.795217285156250000e+02
6.852673339843750000e+02
7.282333984375000000e+02
7.924564208984375000e+02
8.922910156250000000e+02
8.320534057617187500e+02
7.708269653320312500e+02
7.078294677734375000e+02
6.792290039062500000e+02
