1.107664296875000000e+05
9.973906250000000000e+04
8.885330468750000000e+04
7.790333593750000000e+04
6.723464843750000000e+04
5.696866015625000000e+04
4.773925781250000000e+04
3.990989453125000000e+04
3.363678515625000000e+04
2.897865234375000000e+04
2.662715234375000000e+04
2.627821484375000000e+04
2.723526562500000000e+04
2.958681640625000000e+04
3.194694921875000000e+04
3.417368359375000000e+04
3.529523046875000000e+04
3.547036718750000000e+04
3.483253125000000000e+04
3.326484375000000000e+04
3.140853515625000000e+04
2.940828515625000000e+04
2.797350195312500000e+04
2.690746679687500000e+04
2.622854687500000000e+04
2.590303906250000000e+04
2.608755664062500000e+04
2.631759960937500000e+04
2.676604687500000000e+04
2.727327734375000000e+04
2.743125585937500000e+04
2.778839257812500000e+04
2.774412695312500000e+04
2.770817578125000000e+04
2.740895703125000000e+04
2.696740234375000000e+04
2.656423437500000000e+04
2.625961132812500000e+04
2.608044531250000000e+04
2.580344335937500000e+04
2.565871679687500000e+04
2.557081835937500000e+04
2.561317773437500000e+04
2.573600000000000000e+04
2.593673632812500000e+04
2.579146875000000000e+04
2.593785546875000000e+04
2.600123437500000000e+04
2.576268945312500000e+04
2.571089843750000000e+04
2.560640039062500000e+04
2.550174414062500000e+04
2.533798632812500000e+04
2.541403906250000000e+04
2.530886132812500000e+04
2.527167968750000000e+04
2.508818164062500000e+04
2.528458593750000000e+04
2.529683203125000000e+04
2.514581054687500000e+04
2.520856835937500000e+04
2.531048437500000000e+04
2.509127929687500000e+04
2.501464453125000000e+04
2.488375000000000000e+04
2.491975976562500000e+04
2.475832031250000000e+04
2.482544726562500000e+04
2.487366601562500000e+04
2.463803906250000000e+04
2.471716015625000000e+04
2.461722656250000000e+04
2.455768554687500000e+04
2.453556250000000000e+04
2.449713867187500000e+04
2.453278125000000000e+04
2.443121289062500000e+04
2.427589062500000000e+04
2.432763476562500000e+04
2.429432812500000000e+04
2.417895703125000000e+04
2.410614648437500000e+04
2.406154687500000000e+04
2.393811132812500000e+04
2.383138085937500000e+04
2.381625781250000000e+04
2.369616796875000000e+04
2.360791210937500000e+04
2.360281250000000000e+04
2.354299804687500000e+04
2.348054101562500000e+04
2.337850585937500000e+04
2.321443750000000000e+04
2.330376757812500000e+04
2.314868164062500000e+04
2.285765039062500000e+04
2.302225585937500000e+04
2.269422851562500000e+04
2.266910546875000000e+04
2.260007617187500000e+04
2.241733789062500000e+04
2.237821093750000000e+04
2.225987304687500000e+04
2.220246289062500000e+04
2.197583789062500000e+04
2.186571484375000000e+04
2.186352343750000000e+04
2.171511132812500000e+04
2.146519140625000000e+04
2.135892578125000000e+04
2.121098632812500000e+04
2.107010546875000000e+04
2.088063671875000000e+04
2.074550195312500000e+04
2.062580273437500000e+04
2.049122656250000000e+04
2.027961914062500000e+04
2.008057421875000000e+04
2.000263867187500000e+04
1.982500976562500000e+04
1.968876171875000000e+04
1.948934570312500000e+04
1.925433203125000000e+04
1.904543554687500000e+04
1.889695703125000000e+04
1.856812109375000000e+04
1.843858398437500000e+04
1.821008984375000000e+04
1.799708398437500000e+04
1.775842773437500000e+04
1.767758789062500000e+04
1.729743359375000000e+04
1.708782421875000000e+04
1.682319531250000000e+04
1.651409765625000000e+04
1.631027343750000000e+04
1.609937304687500000e+04
1.584410546875000000e+04
1.554211425781250000e+04
1.533271582031250000e+04
1.494287402343750000e+04
1.468212890625000000e+04
1.441059472656250000e+04
1.410795996093750000e+04
1.390305761718750000e+04
1.360489453125000000e+04
1.329371875000000000e+04
1.296104394531250000e+04
1.272471289062500000e+04
1.243826953125000000e+04
1.226109960937500000e+04
1.198388476562500000e+04
1.173844824218750000e+04
1.149859960937500000e+04
1.126994921875000000e+04
1.110414355468750000e+04
1.083708007812500000e+04
1.077661914062500000e+04
1.058946289062500000e+04
1.040153417968750000e+04
1.021045605468750000e+04
1.004394140625000000e+04
9.956271484375000000e+03
9.851625976562500000e+03
9.630957031250000000e+03
9.485053710937500000e+03
9.400061523437500000e+03
9.234143554687500000e+03
9.106685546875000000e+03
9.024902343750000000e+03
8.839990234375000000e+03
8.760501953125000000e+03
8.636809570312500000e+03
8.515600585937500000e+03
8.413837890625000000e+03
8.314860351562500000e+03
8.196864257812500000e+03
8.058797363281250000e+03
7.980397949218750000e+03
7.810162597656250000e+03
7.743370605468750000e+03
7.656041992187500000e+03
7.595679199218750000e+03
7.457983886718750000e+03
7.385994628906250000e+03
7.337810058593750000e+03
7.236543945312500000e+03
7.199029296875000000e+03
7.139058593750000000e+03
7.051790527343750000e+03
6.954753906250000000e+03
6.907817382812500000e+03
6.856725097656250000e+03
6.842914550781250000e+03
6.790249023437500000e+03
6.763469726562500000e+03
6.685226074218750000e+03
6.625169433593750000e+03
6.581875488281250000e+03
6.517969238281250000e+03
6.525875976562500000e+03
6.455120117187500000e+03
6.422478515625000000e+03
6.411874511718750000e+03
6.354362792968750000e+03
6.345637695312500000e+03
6.343049316406250000e+03
6.323737304687500000e+03
6.302910156250000000e+03
6.275377441406250000e+03
6.254131347656250000e+03
6.228258789062500000e+03
6.247291503906250000e+03
6.229354492187500000e+03
6.177290527343750000e+03
6.192713867187500000e+03
6.146379882812500000e+03
6.150182128906250000e+03
6.137979980468750000e+03
6.079753417968750000e+03
6.076139160156250000e+03
6.032673339843750000e+03
6.016015136718750000e+03
6.026971191406250000e+03
5.996437988281250000e+03
6.007165039062500000e+03
5.972640625000000000e+03
5.973095703125000000e+03
5.972118652343750000e+03
5.935973144531250000e+03
5.933786132812500000e+03
5.940281250000000000e+03
5.894095214843750000e+03
5.852350097656250000e+03
5.826397460937500000e+03
5.847129394531250000e+03
5.797761230468750000e+03
5.794233398437500000e+03
5.797539062500000000e+03
5.775974121093750000e+03
5.738330566406250000e+03
5.729339843750000000e+03
5.732856445312500000e+03
5.714511718750000000e+03
5.668504394531250000e+03
5.627556640625000000e+03
5.631188476562500000e+03
5.601065917968750000e+03
5.610609863281250000e+03
5.564377929687500000e+03
5.559657714843750000e+03
5.537785156250000000e+03
5.543647460937500000e+03
5.528574218750000000e+03
5.503711425781250000e+03
5.505634277343750000e+03
5.494561523437500000e+03
5.469050781250000000e+03
5.427373046875000000e+03
5.427087890625000000e+03
5.464844726562500000e+03
5.405913085937500000e+03
5.351558593750000000e+03
5.375825683593750000e+03
5.324364746093750000e+03
5.309896484375000000e+03
5.329510253906250000e+03
5.271388183593750000e+03
5.278843261718750000e+03
5.270294921875000000e+03
5.243658203125000000e+03
5.267980468750000000e+03
5.246855468750000000e+03
5.206889160156250000e+03
5.199253417968750000e+03
5.164708496093750000e+03
5.164886230468750000e+03
5.154817871093750000e+03
5.114652832031250000e+03
5.113305175781250000e+03
5.114166503906250000e+03
5.063527343750000000e+03
5.053183105468750000e+03
5.067099609375000000e+03
5.017165039062500000e+03
5.022372070312500000e+03
4.992926757812500000e+03
5.002798828125000000e+03
4.943597167968750000e+03
4.963316894531250000e+03
4.947432128906250000e+03
4.916530273437500000e+03
4.886748535156250000e+03
4.878513671875000000e+03
4.888846191406250000e+03
4.862981445312500000e+03
4.846422363281250000e+03
4.857868164062500000e+03
4.820126953125000000e+03
4.778368164062500000e+03
4.772983886718750000e+03
4.786265625000000000e+03
4.781173828125000000e+03
4.722286132812500000e+03
4.782365722656250000e+03
4.720196777343750000e+03
4.711554687500000000e+03
4.669063476562500000e+03
4.653525390625000000e+03
4.649090820312500000e+03
4.627280761718750000e+03
4.604082031250000000e+03
4.581312988281250000e+03
4.616053222656250000e+03
4.578153808593750000e+03
4.551731445312500000e+03
4.560160156250000000e+03
4.536311523437500000e+03
4.522929687500000000e+03
4.499403808593750000e+03
4.514809570312500000e+03
4.457585449218750000e+03
4.483696777343750000e+03
4.449705566406250000e+03
4.459618164062500000e+03
4.401722656250000000e+03
4.402452148437500000e+03
4.382740234375000000e+03
4.379794433593750000e+03
4.383075195312500000e+03
4.321348144531250000e+03
4.332278808593750000e+03
4.336208496093750000e+03
4.314062988281250000e+03
4.288812011718750000e+03
4.269989257812500000e+03
4.286462402343750000e+03
4.267591308593750000e+03
4.262579101562500000e+03
4.216517089843750000e+03
4.211395996093750000e+03
4.217989746093750000e+03
4.198504394531250000e+03
4.173851074218750000e+03
4.143019042968750000e+03
4.117792480468750000e+03
4.148948242187500000e+03
4.112214843750000000e+03
4.114512695312500000e+03
4.103524414062500000e+03
4.078046630859375000e+03
4.084575195312500000e+03
4.086108886718750000e+03
4.054288574218750000e+03
4.041929687500000000e+03
4.017155273437500000e+03
4.044241699218750000e+03
4.038543701171875000e+03
4.027137695312500000e+03
3.999958984375000000e+03
3.979014404296875000e+03
3.962904541015625000e+03
3.987183349609375000e+03
3.984899902343750000e+03
3.958985595703125000e+03
3.930763671875000000e+03
3.909418212890625000e+03
3.886967041015625000e+03
3.891221679687500000e+03
3.891854003906250000e+03
3.874156250000000000e+03
3.853968261718750000e+03
3.834927978515625000e+03
3.827718994140625000e+03
3.806833007812500000e+03
3.818409912109375000e+03
3.802219970703125000e+03
3.782289306640625000e+03
3.788734375000000000e+03
3.780378906250000000e+03
3.781038330078125000e+03
3.735573974609375000e+03
3.778909667968750000e+03
3.761179199218750000e+03
3.726698242187500000e+03
3.756707031250000000e+03
3.745015380859375000e+03
3.711831054687500000e+03
3.690730224609375000e+03
3.664554931640625000e+03
3.653709716796875000e+03
3.644951416015625000e+03
3.657978271484375000e+03
3.652766601562500000e+03
3.635503662109375000e+03
3.668043945312500000e+03
3.642710205078125000e+03
3.630085205078125000e+03
3.599752685546875000e+03
3.609831054687500000e+03
3.584652587890625000e+03
3.561716552734375000e+03
3.555967041015625000e+03
3.645411865234375000e+03
3.672595947265625000e+03
3.623927978515625000e+03
3.551138671875000000e+03
3.516630371093750000e+03
3.524593750000000000e+03
3.582680664062500000e+03
3.617484375000000000e+03
3.566926513671875000e+03
3.490587646484375000e+03
3.490217529296875000e+03
3.562935302734375000e+03
3.573028564453125000e+03
3.508773193359375000e+03
3.487091552734375000e+03
3.506737060546875000e+03
3.544711914062500000e+03
3.502237304687500000e+03
3.433186279296875000e+03
3.428107177734375000e+03
3.463568359375000000e+03
3.478775390625000000e+03
3.427538574218750000e+03
3.416960693359375000e+03
3.450552001953125000e+03
3.456962402343750000e+03
3.434618408203125000e+03
3.371860351562500000e+03
3.386046875000000000e+03
3.396895263671875000e+03
3.396496582031250000e+03
3.347641601562500000e+03
3.352785888671875000e+03
3.369978515625000000e+03
3.400098388671875000e+03
3.337385253906250000e+03
3.295537597656250000e+03
3.323114990234375000e+03
3.373393554687500000e+03
3.319084960937500000e+03
3.317203369140625000e+03
3.281775390625000000e+03
3.306575927734375000e+03
3.272895996093750000e+03
3.271981201171875000e+03
3.253545654296875000e+03
3.302416259765625000e+03
3.255937011718750000e+03
3.278083007812500000e+03
3.265646240234375000e+03
3.230592529296875000e+03
3.227865234375000000e+03
3.261370361328125000e+03
3.242741943359375000e+03
3.201525634765625000e+03
3.210378906250000000e+03
3.200542236328125000e+03
3.232166259765625000e+03
3.205207519531250000e+03
3.207533935546875000e+03
3.194008544921875000e+03
3.185990234375000000e+03
3.176421875000000000e+03
3.179619628906250000e+03
3.166954589843750000e+03
3.136864990234375000e+03
3.153080078125000000e+03
3.143889648437500000e+03
3.144356933593750000e+03
3.145851074218750000e+03
3.148316894531250000e+03
3.136012695312500000e+03
3.137823242187500000e+03
3.140275390625000000e+03
3.119799560546875000e+03
3.091561279296875000e+03
3.105674072265625000e+03
3.103709716796875000e+03
3.096520019531250000e+03
3.101299560546875000e+03
3.120303955078125000e+03
3.111477050781250000e+03
3.132169189453125000e+03
3.115461181640625000e+03
3.096126220703125000e+03
3.089144042968750000e+03
3.114354980468750000e+03
3.093733886718750000e+03
3.119235595703125000e+03
3.102228027343750000e+03
3.094349609375000000e+03
3.051442626953125000e+03
3.016367187500000000e+03
3.007069335937500000e+03
3.030544677734375000e+03
3.052248535156250000e+03
3.067098632812500000e+03
3.040170410156250000e+03
3.066063964843750000e+03
3.048656250000000000e+03
3.041215087890625000e+03
3.002979003906250000e+03
3.015766845703125000e+03
3.000091308593750000e+03
2.991584960937500000e+03
2.950877929687500000e+03
2.957694335937500000e+03
2.951897705078125000e+03
2.946752685546875000e+03
2.942132568359375000e+03
2.947672363281250000e+03
2.935854248046875000e+03
2.947303955078125000e+03
2.961655273437500000e+03
2.963708740234375000e+03
2.954397705078125000e+03
2.965453369140625000e+03
2.937377929687500000e+03
2.961407714843750000e+03
2.949549560546875000e+03
2.931464599609375000e+03
2.921864990234375000e+03
2.901144531250000000e+03
2.892882324218750000e+03
2.874154052734375000e+03
2.856981689453125000e+03
2.899847412109375000e+03
2.935633544921875000e+03
2.982116943359375000e+03
3.031899658203125000e+03
3.046408203125000000e+03
3.038709228515625000e+03
2.945594970703125000e+03
2.870753417968750000e+03
2.850605224609375000e+03
2.877586181640625000e+03
2.943375244140625000e+03
2.978702392578125000e+03
2.983842041015625000e+03
2.899255615234375000e+03
2.838991943359375000e+03
2.811667968750000000e+03
2.823422363281250000e+03
2.839218750000000000e+03
2.841170898437500000e+03
2.822093261718750000e+03
2.814139892578125000e+03
2.798288330078125000e+03
2.770000732421875000e+03
2.794645751953125000e+03
2.803050292968750000e+03
2.815550537109375000e+03
2.851131591796875000e+03
2.819274414062500000e+03
2.821022216796875000e+03
2.804754638671875000e+03
2.776355224609375000e+03
2.775560546875000000e+03
2.753806640625000000e+03
2.738778808593750000e+03
2.747825683593750000e+03
2.734243408203125000e+03
2.731163574218750000e+03
2.756303710937500000e+03
2.749985351562500000e+03
2.774616455078125000e+03
2.771179199218750000e+03
2.777051025390625000e+03
2.742753906250000000e+03
2.697901367187500000e+03
2.702503662109375000e+03
2.730555419921875000e+03
2.750453369140625000e+03
2.782928222656250000e+03
2.781135742187500000e+03
2.821061523437500000e+03
2.793862548828125000e+03
2.748968261718750000e+03
2.723701904296875000e+03
2.677095458984375000e+03
2.661957763671875000e+03
2.685053710937500000e+03
2.732214355468750000e+03
2.803889892578125000e+03
2.843981933593750000e+03
2.855290527343750000e+03
2.772305664062500000e+03
2.688003417968750000e+03
2.638610595703125000e+03
2.644045898437500000e+03
2.680069824218750000e+03
2.677086425781250000e+03
2.654891357421875000e+03
2.651497558593750000e+03
2.642646240234375000e+03
2.613733154296875000e+03
2.607562011718750000e+03
2.609567382812500000e+03
2.588760009765625000e+03
2.624104248046875000e+03
2.616155029296875000e+03
2.623813720703125000e+03
2.623179443359375000e+03
2.606190185546875000e+03
2.617843017578125000e+03
2.627641601562500000e+03
2.627992187500000000e+03
2.601564208984375000e+03
2.578565185546875000e+03
2.579843505859375000e+03
2.568693603515625000e+03
2.576371093750000000e+03
2.572367431640625000e+03
2.591968261718750000e+03
2.654063720703125000e+03
2.697625244140625000e+03
2.710674560546875000e+03
2.688040039062500000e+03
2.652961181640625000e+03
2.617135009765625000e+03
2.585849853515625000e+03
2.551242919921875000e+03
2.507002685546875000e+03
2.535668212890625000e+03
2.520281250000000000e+03
2.534047363281250000e+03
2.556429931640625000e+03
2.552942138671875000e+03
2.580267089843750000e+03
2.627678466796875000e+03
2.670144531250000000e+03
2.677644531250000000e+03
2.663125488281250000e+03
2.617528076171875000e+03
2.566446777343750000e+03
2.511969482421875000e+03
2.465654785156250000e+03
2.476471435546875000e+03
2.498697753906250000e+03
2.498295654296875000e+03
2.501450927734375000e+03
2.496580566406250000e+03
2.484362060546875000e+03
2.492557861328125000e+03
2.470254394531250000e+03
2.465700195312500000e+03
2.453102050781250000e+03
2.443688232421875000e+03
2.436701416015625000e+03
2.435395263671875000e+03
2.427307373046875000e+03
2.444649658203125000e+03
2.487963867187500000e+03
2.517466064453125000e+03
2.562064697265625000e+03
2.593860595703125000e+03
2.613878173828125000e+03
2.573114013671875000e+03
2.536433593750000000e+03
2.441546386718750000e+03
2.398668701171875000e+03
2.401540039062500000e+03
2.426989746093750000e+03
2.428723388671875000e+03
2.433765380859375000e+03
2.463842529296875000e+03
2.493129394531250000e+03
2.557210205078125000e+03
2.622461425781250000e+03
2.663042724609375000e+03
2.580162109375000000e+03
2.473136718750000000e+03
2.391254394531250000e+03
2.360780761718750000e+03
2.407509277343750000e+03
2.450128173828125000e+03
2.514093017578125000e+03
2.503049560546875000e+03
2.476144531250000000e+03
2.400705566406250000e+03
2.356447753906250000e+03
2.332658203125000000e+03
2.408892578125000000e+03
2.495425292968750000e+03
2.517213378906250000e+03
2.505776855468750000e+03
2.424746582031250000e+03
2.329534423828125000e+03
2.326937011718750000e+03
2.355991943359375000e+03
2.409362304687500000e+03
2.390173095703125000e+03
2.390150390625000000e+03
2.389068359375000000e+03
2.349852783203125000e+03
2.314578369140625000e+03
2.315617431640625000e+03
2.302453613281250000e+03
2.314651123046875000e+03
2.334343017578125000e+03
2.331685546875000000e+03
2.314107421875000000e+03
2.305610595703125000e+03
2.286625000000000000e+03
2.275451416015625000e+03
2.280135253906250000e+03
2.285566894531250000e+03
2.262996337890625000e+03
2.278034912109375000e+03
2.276030761718750000e+03
2.247959472656250000e+03
2.267201904296875000e+03
2.263768554687500000e+03
2.260562988281250000e+03
2.247465820312500000e+03
2.272427734375000000e+03
2.271322509765625000e+03
2.293417724609375000e+03
2.332451416015625000e+03
2.376647705078125000e+03
2.483815185546875000e+03
2.576633544921875000e+03
2.571322021484375000e+03
2.452313232421875000e+03
2.346484375000000000e+03
2.251517578125000000e+03
2.242819580078125000e+03
2.337226806640625000e+03
2.366607177734375000e+03
2.406988525390625000e+03
2.362868408203125000e+03
2.336733398437500000e+03
2.262748291015625000e+03
2.243198730468750000e+03
2.215320800781250000e+03
2.194388183593750000e+03
2.203037597656250000e+03
2.192690429687500000e+03
2.198457031250000000e+03
2.194763671875000000e+03
2.190126708984375000e+03
2.202849121093750000e+03
2.218597167968750000e+03
2.245991943359375000e+03
2.269832519531250000e+03
2.325715820312500000e+03
2.345876708984375000e+03
2.417495361328125000e+03
2.328460449218750000e+03
2.236293212890625000e+03
2.167076904296875000e+03
2.161074462890625000e+03
2.185129394531250000e+03
2.226830566406250000e+03
2.305744384765625000e+03
2.317336914062500000e+03
2.335221435546875000e+03
2.311365478515625000e+03
2.271054687500000000e+03
2.187286865234375000e+03
2.148341552734375000e+03
2.120497558593750000e+03
2.178423095703125000e+03
2.225604248046875000e+03
2.266045166015625000e+03
2.284309082031250000e+03
2.246117187500000000e+03
2.217977050781250000e+03
2.148950927734375000e+03
2.114498535156250000e+03
2.112111572265625000e+03
2.135835449218750000e+03
2.148819824218750000e+03
2.164519531250000000e+03
2.190313964843750000e+03
2.176947753906250000e+03
2.232730468750000000e+03
2.208297607421875000e+03
2.235910400390625000e+03
2.210482910156250000e+03
2.180280273437500000e+03
2.132212402343750000e+03
2.082184326171875000e+03
2.087870117187500000e+03
2.122178222656250000e+03
2.154509521484375000e+03
2.173229492187500000e+03
2.172852539062500000e+03
2.197679443359375000e+03
2.178968505859375000e+03
2.160358886718750000e+03
2.136925048828125000e+03
2.075959228515625000e+03
2.061082031250000000e+03
2.058241699218750000e+03
2.064968261718750000e+03
2.071560302734375000e+03
2.097448486328125000e+03
2.151525878906250000e+03
2.223450683593750000e+03
2.279419921875000000e+03
2.278115722656250000e+03
2.242194091796875000e+03
2.124871093750000000e+03
2.054093994140625000e+03
2.037327148437500000e+03
2.047297607421875000e+03
2.099325927734375000e+03
2.147132568359375000e+03
2.187626953125000000e+03
2.185845703125000000e+03
2.163230712890625000e+03
2.099864013671875000e+03
2.069814941406250000e+03
2.042378173828125000e+03
2.024017944335937500e+03
2.011124267578125000e+03
2.003600830078125000e+03
2.012014282226562500e+03
2.011918945312500000e+03
2.034315673828125000e+03
2.039261352539062500e+03
2.084130615234375000e+03
2.148012207031250000e+03
2.213467285156250000e+03
2.199679199218750000e+03
2.187554687500000000e+03
2.082059570312500000e+03
2.019678955078125000e+03
1.976328857421875000e+03
2.013252929687500000e+03
2.048172363281250000e+03
2.074906005859375000e+03
2.119645263671875000e+03
2.172462158203125000e+03
2.168600585937500000e+03
2.145871582031250000e+03
2.097392089843750000e+03
2.019261596679687500e+03
1.990870483398437500e+03
1.964382690429687500e+03
1.952683105468750000e+03
1.966124023437500000e+03
1.980620117187500000e+03
2.000927368164062500e+03
2.030897827148437500e+03
2.106118896484375000e+03
2.145825195312500000e+03
2.158689208984375000e+03
2.093279785156250000e+03
2.011838500976562500e+03
1.974900512695312500e+03
1.933084106445312500e+03
1.961568969726562500e+03
2.007493530273437500e+03
2.078959960937500000e+03
2.101784912109375000e+03
2.071859863281250000e+03
1.987630981445312500e+03
1.956440185546875000e+03
1.924438842773437500e+03
1.906022705078125000e+03
1.914082641601562500e+03
1.922674682617187500e+03
1.967541625976562500e+03
2.009045166015625000e+03
2.072884521484375000e+03
2.101424560546875000e+03
2.123025146484375000e+03
2.049647705078125000e+03
1.964369506835937500e+03
1.906507202148437500e+03
1.898142089843750000e+03
1.910820190429687500e+03
1.959450927734375000e+03
2.047695922851562500e+03
2.126963867187500000e+03
2.116650390625000000e+03
2.027549316406250000e+03
1.959557861328125000e+03
1.878569702148437500e+03
1.867998291015625000e+03
1.869712036132812500e+03
1.903272705078125000e+03
1.934969360351562500e+03
1.965115356445312500e+03
2.024162475585937500e+03
2.040647338867187500e+03
1.994027343750000000e+03
1.939572631835937500e+03
1.903271362304687500e+03
1.889080444335937500e+03
1.849385986328125000e+03
1.839835205078125000e+03
1.847318481445312500e+03
1.851601928710937500e+03
1.845533691406250000e+03
1.870419311523437500e+03
1.926027465820312500e+03
2.049793945312500000e+03
2.168282958984375000e+03
2.118086914062500000e+03
1.964496948242187500e+03
1.890157470703125000e+03
1.833446655273437500e+03
1.851768676757812500e+03
1.929222656250000000e+03
1.977687866210937500e+03
2.034732299804687500e+03
2.011312988281250000e+03
1.936212158203125000e+03
1.883847656250000000e+03
1.870978637695312500e+03
1.832618530273437500e+03
1.836012329101562500e+03
1.821170288085937500e+03
1.813458007812500000e+03
1.814402465820312500e+03
1.806061035156250000e+03
1.814140014648437500e+03
1.806604858398437500e+03
1.824467773437500000e+03
1.907491455078125000e+03
1.994387329101562500e+03
2.102351318359375000e+03
2.100967041015625000e+03
2.018773925781250000e+03
1.857599121093750000e+03
1.800723510742187500e+03
1.776417358398437500e+03
1.812148925781250000e+03
1.899151855468750000e+03
1.968063598632812500e+03
1.991252807617187500e+03
1.963928466796875000e+03
1.897853515625000000e+03
1.850061645507812500e+03
1.803491699218750000e+03
1.803611450195312500e+03
1.810584106445312500e+03
1.792392456054687500e+03
1.817807983398437500e+03
1.821568969726562500e+03
1.874929321289062500e+03
1.910636596679687500e+03
1.948702148437500000e+03
1.932230102539062500e+03
1.903800659179687500e+03
1.846393676757812500e+03
1.813858276367187500e+03
1.759642089843750000e+03
1.745943969726562500e+03
1.729167602539062500e+03
1.751913330078125000e+03
1.773757446289062500e+03
1.809611938476562500e+03
1.904383178710937500e+03
2.016074462890625000e+03
2.022202148437500000e+03
1.922148315429687500e+03
1.844227783203125000e+03
1.757249267578125000e+03
1.729514770507812500e+03
1.736738647460937500e+03
1.729185668945312500e+03
1.775169921875000000e+03
1.806511962890625000e+03
1.850528686523437500e+03
1.910820190429687500e+03
1.930289428710937500e+03
1.887673706054687500e+03
1.825146484375000000e+03
1.751864501953125000e+03
1.736488037109375000e+03
1.703794311523437500e+03
1.711474609375000000e+03
1.703367431640625000e+03
1.708342773437500000e+03
1.694369873046875000e+03
1.702731201171875000e+03
1.719437622070312500e+03
1.790396606445312500e+03
1.944532836914062500e+03
2.112702636718750000e+03
1.994544921875000000e+03
1.788063476562500000e+03
1.717231689453125000e+03
1.696484863281250000e+03
1.729193847656250000e+03
1.858319335937500000e+03
1.943859130859375000e+03
1.946032592773437500e+03
1.891117797851562500e+03
1.797491699218750000e+03
1.733235595703125000e+03
1.701560668945312500e+03
1.696253784179687500e+03
1.699400756835937500e+03
1.717752197265625000e+03
1.734923828125000000e+03
1.791668457031250000e+03
1.853356201171875000e+03
1.901197265625000000e+03
1.868748657226562500e+03
1.770833496093750000e+03
1.738505859375000000e+03
1.696325195312500000e+03
1.679320922851562500e+03
1.676995483398437500e+03
1.694939941406250000e+03
1.750046142578125000e+03
1.803433959960937500e+03
1.875135864257812500e+03
1.873016113281250000e+03
1.808747436523437500e+03
1.734314208984375000e+03
1.699020263671875000e+03
1.675741821289062500e+03
1.678035766601562500e+03
1.679573974609375000e+03
1.695659790039062500e+03
1.745259277343750000e+03
1.797561767578125000e+03
1.825450195312500000e+03
1.838644775390625000e+03
1.812216186523437500e+03
1.759647949218750000e+03
1.742837646484375000e+03
1.677095092773437500e+03
1.655840332031250000e+03
1.634583129882812500e+03
1.616645141601562500e+03
1.616241088867187500e+03
1.613806152343750000e+03
1.618087280273437500e+03
1.616924194335937500e+03
1.606983520507812500e+03
1.605865600585937500e+03
1.605622192382812500e+03
1.610597534179687500e+03
1.601666992187500000e+03
1.598177368164062500e+03
1.628600341796875000e+03
1.686829467773437500e+03
1.891516357421875000e+03
2.044647827148437500e+03
1.880871093750000000e+03
1.709271972656250000e+03
1.630330810546875000e+03
1.601461669921875000e+03
1.595910156250000000e+03
1.606681274414062500e+03
1.651552612304687500e+03
1.733490600585937500e+03
1.818517822265625000e+03
1.837897460937500000e+03
1.812056152343750000e+03
1.758381347656250000e+03
1.709533203125000000e+03
1.682486450195312500e+03
1.676999755859375000e+03
1.678749511718750000e+03
1.686866088867187500e+03
1.728208618164062500e+03
1.753813476562500000e+03
1.781833374023437500e+03
1.761558349609375000e+03
1.703929809570312500e+03
1.664088134765625000e+03
1.650882934570312500e+03
1.615600097656250000e+03
1.598983520507812500e+03
1.598256835937500000e+03
1.612073852539062500e+03
1.653675537109375000e+03
1.698258789062500000e+03
1.800496948242187500e+03
1.834937622070312500e+03
1.814906982421875000e+03
1.704599975585937500e+03
1.645658447265625000e+03
1.609346923828125000e+03
1.599196777343750000e+03
1.619909667968750000e+03
1.648059204101562500e+03
1.694307128906250000e+03
1.741781616210937500e+03
1.748541015625000000e+03
1.717292114257812500e+03
1.700036621093750000e+03
1.664247314453125000e+03
1.647511352539062500e+03
1.632724365234375000e+03
1.632059814453125000e+03
1.610380859375000000e+03
1.609558471679687500e+03
1.614047973632812500e+03
1.632496826171875000e+03
1.645364624023437500e+03
1.686106323242187500e+03
1.699139038085937500e+03
1.696961669921875000e+03
1.669542480468750000e+03
1.652327270507812500e+03
1.624799316406250000e+03
1.613738769531250000e+03
1.586229614257812500e+03
1.586032348632812500e+03
1.576783325195312500e+03
1.601760131835937500e+03
1.631351196289062500e+03
1.675976440429687500e+03
1.675649658203125000e+03
1.704620605468750000e+03
1.686282592773437500e+03
1.667193115234375000e+03
1.631582519531250000e+03
1.574001831054687500e+03
1.554104614257812500e+03
1.520436645507812500e+03
1.521861328125000000e+03
1.503223876953125000e+03
1.531603637695312500e+03
1.595101196289062500e+03
1.716013427734375000e+03
1.808746459960937500e+03
1.825653320312500000e+03
1.651554687500000000e+03
1.565150756835937500e+03
1.529729614257812500e+03
1.506261352539062500e+03
1.511288696289062500e+03
1.523804809570312500e+03
1.556188964843750000e+03
1.615892333984375000e+03
1.745150634765625000e+03
1.857285278320312500e+03
1.699909423828125000e+03
1.567686767578125000e+03
1.509609375000000000e+03
1.483589599609375000e+03
1.479115356445312500e+03
1.479298095703125000e+03
1.492740844726562500e+03
1.517550659179687500e+03
1.615128173828125000e+03
1.764117309570312500e+03
1.910136596679687500e+03
1.681220703125000000e+03
1.536638793945312500e+03
1.488254516601562500e+03
1.461511840820312500e+03
1.469027709960937500e+03
1.490106323242187500e+03
1.535259521484375000e+03
1.641987426757812500e+03
1.783381347656250000e+03
1.716283935546875000e+03
1.621157348632812500e+03
1.532886352539062500e+03
1.485272094726562500e+03
1.487185424804687500e+03
1.467975463867187500e+03
1.486207153320312500e+03
1.520025024414062500e+03
1.617594360351562500e+03
1.769218139648437500e+03
1.733922973632812500e+03
1.660094604492187500e+03
1.560402709960937500e+03
1.510591430664062500e+03
1.510099487304687500e+03
1.522336181640625000e+03
1.547124755859375000e+03
1.579520263671875000e+03
1.591135009765625000e+03
1.622416625976562500e+03
1.600390625000000000e+03
1.577040771484375000e+03
1.550063964843750000e+03
1.570746948242187500e+03
1.583948852539062500e+03
1.592384033203125000e+03
1.577903930664062500e+03
1.582784790039062500e+03
1.559643310546875000e+03
1.573853149414062500e+03
1.589349975585937500e+03
1.594892089843750000e+03
1.583229858398437500e+03
1.548597167968750000e+03
1.533510131835937500e+03
1.521407104492187500e+03
1.523936157226562500e+03
1.516629638671875000e+03
1.517049194335937500e+03
1.551237670898437500e+03
1.581001098632812500e+03
1.593136596679687500e+03
1.560801635742187500e+03
1.541173828125000000e+03
1.537266113281250000e+03
1.530653686523437500e+03
1.537244506835937500e+03
1.546848022460937500e+03
1.532956298828125000e+03
1.509227172851562500e+03
1.490103271484375000e+03
1.488114501953125000e+03
1.483711791992187500e+03
1.504134033203125000e+03
1.515777832031250000e+03
1.552157592773437500e+03
1.577413696289062500e+03
1.580408691406250000e+03
1.591909179687500000e+03
1.602291015625000000e+03
1.554580932617187500e+03
1.497287841796875000e+03
1.470740966796875000e+03
1.442623535156250000e+03
1.434584594726562500e+03
1.438477172851562500e+03
1.458238159179687500e+03
1.493243164062500000e+03
1.579297119140625000e+03
1.699746948242187500e+03
1.648328369140625000e+03
1.547576782226562500e+03
1.463839355468750000e+03
1.434460937500000000e+03
1.433698852539062500e+03
1.428333984375000000e+03
1.437841674804687500e+03
1.480719970703125000e+03
1.520550659179687500e+03
1.565150268554687500e+03
1.569910034179687500e+03
1.553330322265625000e+03
1.521003540039062500e+03
1.508947265625000000e+03
1.506578613281250000e+03
1.516164794921875000e+03
1.487220703125000000e+03
1.471931762695312500e+03
1.464201660156250000e+03
1.471102294921875000e+03
1.484081176757812500e+03
1.503552612304687500e+03
1.521262207031250000e+03
1.519483154296875000e+03
1.499375122070312500e+03
1.513823120117187500e+03
1.503603271484375000e+03
1.503034301757812500e+03
1.499765625000000000e+03
1.511018432617187500e+03
1.488445678710937500e+03
1.505401855468750000e+03
1.495380371093750000e+03
1.495348022460937500e+03
1.482594360351562500e+03
1.480802978515625000e+03
1.478837280273437500e+03
1.481055297851562500e+03
1.473674438476562500e+03
1.506597290039062500e+03
1.467536132812500000e+03
1.489532958984375000e+03
1.484500000000000000e+03
1.486932373046875000e+03
1.472667968750000000e+03
1.480279174804687500e+03
1.467178466796875000e+03
1.476900756835937500e+03
1.454731323242187500e+03
1.474098632812500000e+03
1.469486938476562500e+03
1.474660156250000000e+03
1.433100830078125000e+03
1.437672119140625000e+03
1.448858764648437500e+03
1.479646118164062500e+03
1.517139282226562500e+03
1.576176025390625000e+03
1.544526611328125000e+03
1.479975463867187500e+03
1.418485595703125000e+03
1.400590454101562500e+03
1.391831542968750000e+03
1.388479736328125000e+03
1.396043945312500000e+03
1.429412475585937500e+03
1.473415283203125000e+03
1.525459472656250000e+03
1.520633666992187500e+03
1.508127319335937500e+03
1.472007934570312500e+03
1.455420654296875000e+03
1.443604614257812500e+03
1.444641113281250000e+03
1.429952026367187500e+03
1.429596801757812500e+03
1.441500488281250000e+03
1.445553833007812500e+03
1.442989501953125000e+03
1.460743652343750000e+03
1.452254516601562500e+03
1.476010620117187500e+03
1.468194091796875000e+03
1.498864501953125000e+03
1.485079833984375000e+03
1.482365844726562500e+03
1.445936279296875000e+03
1.393592895507812500e+03
1.369049926757812500e+03
1.358340454101562500e+03
1.361556518554687500e+03
1.370363769531250000e+03
1.416624023437500000e+03
1.494578491210937500e+03
1.557542968750000000e+03
1.560945800781250000e+03
1.466636108398437500e+03
1.415868286132812500e+03
1.396208862304687500e+03
1.388474609375000000e+03
1.372430419921875000e+03
1.409910644531250000e+03
1.445207275390625000e+03
1.482996826171875000e+03
1.496099121093750000e+03
1.472162597656250000e+03
1.408258178710937500e+03
1.369158203125000000e+03
1.371733276367187500e+03
1.376367187500000000e+03
1.402884033203125000e+03
1.462183349609375000e+03
1.486199340820312500e+03
1.518572998046875000e+03
1.457509521484375000e+03
1.418327026367187500e+03
1.371974243164062500e+03
1.349491210937500000e+03
1.336471435546875000e+03
1.340976440429687500e+03
1.351993896484375000e+03
1.352930175781250000e+03
1.403299194335937500e+03
1.482191650390625000e+03
1.533749267578125000e+03
1.546037109375000000e+03
1.477906372070312500e+03
1.413295654296875000e+03
1.375111694335937500e+03
1.350829345703125000e+03
1.347943481445312500e+03
1.362392700195312500e+03
1.383572998046875000e+03
1.430161987304687500e+03
1.470397094726562500e+03
1.491407592773437500e+03
1.447357666015625000e+03
1.418144287109375000e+03
1.358926025390625000e+03
1.347326782226562500e+03
1.331795043945312500e+03
1.356129394531250000e+03
1.408104125976562500e+03
1.472233032226562500e+03
1.484185180664062500e+03
1.460713623046875000e+03
1.410046875000000000e+03
1.369347534179687500e+03
1.346060668945312500e+03
1.340337524414062500e+03
1.359147460937500000e+03
1.396789184570312500e+03
1.459824829101562500e+03
1.514661987304687500e+03
1.488383789062500000e+03
1.437341796875000000e+03
1.360328613281250000e+03
1.339419189453125000e+03
1.336010864257812500e+03
1.322552612304687500e+03
1.339023071289062500e+03
1.359428344726562500e+03
1.396459228515625000e+03
1.431130371093750000e+03
1.463210693359375000e+03
1.475790039062500000e+03
1.407666259765625000e+03
1.359855102539062500e+03
1.340450805664062500e+03
1.305312500000000000e+03
1.291562377929687500e+03
1.303554321289062500e+03
1.330420532226562500e+03
1.388300781250000000e+03
1.436635375976562500e+03
1.518229125976562500e+03
1.476155273437500000e+03
1.441970092773437500e+03
1.358470214843750000e+03
1.308461425781250000e+03
1.285959594726562500e+03
1.278160278320312500e+03
1.292752807617187500e+03
1.292536376953125000e+03
1.338365478515625000e+03
1.434688964843750000e+03
1.493328369140625000e+03
1.521181518554687500e+03
1.421315307617187500e+03
1.358760009765625000e+03
1.298074829101562500e+03
1.289437255859375000e+03
1.267097167968750000e+03
1.273536865234375000e+03
1.276012329101562500e+03
1.300549682617187500e+03
1.353460205078125000e+03
1.463138305664062500e+03
1.540944824218750000e+03
1.519900756835937500e+03
1.377537719726562500e+03
1.305514526367187500e+03
1.278545410156250000e+03
1.270190551757812500e+03
1.268170043945312500e+03
1.264689086914062500e+03
1.265497192382812500e+03
1.261895629882812500e+03
1.252153686523437500e+03
1.268694946289062500e+03
1.294999877929687500e+03
1.356766845703125000e+03
1.476859375000000000e+03
1.515271972656250000e+03
1.495878173828125000e+03
1.360087646484375000e+03
1.299154663085937500e+03
1.277686523437500000e+03
1.269625122070312500e+03
1.279260131835937500e+03
1.288244018554687500e+03
1.340633544921875000e+03
1.410534545898437500e+03
1.484785522460937500e+03
1.513852783203125000e+03
1.412690673828125000e+03
1.340723999023437500e+03
1.304182373046875000e+03
1.300222900390625000e+03
1.319895629882812500e+03
1.345794311523437500e+03
1.433612792968750000e+03
1.497443481445312500e+03
1.460174804687500000e+03
1.380147705078125000e+03
1.318984497070312500e+03
1.274399780273437500e+03
1.271807495117187500e+03
1.257980102539062500e+03
1.287449951171875000e+03
1.345115112304687500e+03
1.450076782226562500e+03
1.556654785156250000e+03
1.493976196289062500e+03
1.405937133789062500e+03
1.318607543945312500e+03
1.273741943359375000e+03
1.257557373046875000e+03
1.260369628906250000e+03
1.269628906250000000e+03
1.296017578125000000e+03
1.376785034179687500e+03
1.472990478515625000e+03
1.494571044921875000e+03
1.420562988281250000e+03
1.329323242187500000e+03
1.279648437500000000e+03
1.254035156250000000e+03
1.245874267578125000e+03
1.259214477539062500e+03
1.285784790039062500e+03
1.330984619140625000e+03
1.429058471679687500e+03
1.500366210937500000e+03
1.479282958984375000e+03
1.364708374023437500e+03
1.276412475585937500e+03
1.252930664062500000e+03
1.232059570312500000e+03
1.237839843750000000e+03
1.216862792968750000e+03
1.255483764648437500e+03
1.311587280273437500e+03
1.406346191406250000e+03
1.514016113281250000e+03
1.515832275390625000e+03
1.362535034179687500e+03
1.281786010742187500e+03
1.231390380859375000e+03
1.223346557617187500e+03
1.220026855468750000e+03
1.222939208984375000e+03
1.240408447265625000e+03
1.294332763671875000e+03
1.377813354492187500e+03
1.499015014648437500e+03
1.525612792968750000e+03
1.392125488281250000e+03
1.294692016601562500e+03
1.245807495117187500e+03
1.232025024414062500e+03
1.222985839843750000e+03
1.226521850585937500e+03
1.243885864257812500e+03
1.264275390625000000e+03
1.286781127929687500e+03
1.355380371093750000e+03
1.449513183593750000e+03
1.511225097656250000e+03
1.385284423828125000e+03
1.295439819335937500e+03
1.241658691406250000e+03
1.225060546875000000e+03
1.219269531250000000e+03
1.204175292968750000e+03
1.209856323242187500e+03
1.218477783203125000e+03
1.219305297851562500e+03
1.218764770507812500e+03
1.231519042968750000e+03
1.302136962890625000e+03
1.395483764648437500e+03
1.506772705078125000e+03
1.451234008789062500e+03
1.369578613281250000e+03
1.278036010742187500e+03
1.251547119140625000e+03
1.252819213867187500e+03
1.266183593750000000e+03
1.281968872070312500e+03
1.329609375000000000e+03
1.421880126953125000e+03
1.462115844726562500e+03
1.410725463867187500e+03
1.345080566406250000e+03
1.269564208984375000e+03
1.243620239257812500e+03
1.214124633789062500e+03
1.221266601562500000e+03
1.235779418945312500e+03
1.277579956054687500e+03
1.356170532226562500e+03
1.465488037109375000e+03
1.466857177734375000e+03
1.381740600585937500e+03
1.285458740234375000e+03
1.251803222656250000e+03
1.213566528320312500e+03
1.220475708007812500e+03
1.204271484375000000e+03
1.222826049804687500e+03
1.253220825195312500e+03
1.325710815429687500e+03
1.428309936523437500e+03
1.516438842773437500e+03
1.405214355468750000e+03
1.326922485351562500e+03
1.246767456054687500e+03
1.212882934570312500e+03
1.198115478515625000e+03
1.196162109375000000e+03
1.196830566406250000e+03
1.222077880859375000e+03
1.298142456054687500e+03
1.392186523437500000e+03
1.501696166992187500e+03
1.439150878906250000e+03
1.328195678710937500e+03
1.234741943359375000e+03
1.195063110351562500e+03
1.189868286132812500e+03
1.201298461914062500e+03
1.220735717773437500e+03
1.285363159179687500e+03
1.397218627929687500e+03
1.512691650390625000e+03
1.464830444335937500e+03
1.321035278320312500e+03
1.233582763671875000e+03
1.191669677734375000e+03
1.181300781250000000e+03
1.173400756835937500e+03
1.196578125000000000e+03
1.275718872070312500e+03
1.387006958007812500e+03
1.502405639648437500e+03
1.439625976562500000e+03
1.326004394531250000e+03
1.259165161132812500e+03
1.225994628906250000e+03
1.215023681640625000e+03
1.214535888671875000e+03
1.220480102539062500e+03
1.232051269531250000e+03
1.288702270507812500e+03
1.361327880859375000e+03
1.452846923828125000e+03
1.435615112304687500e+03
1.310933593750000000e+03
1.238589843750000000e+03
1.195445190429687500e+03
1.172110595703125000e+03
1.181792358398437500e+03
1.180246215820312500e+03
1.234132690429687500e+03
1.297049682617187500e+03
1.395879760742187500e+03
1.436421875000000000e+03
1.390519409179687500e+03
1.287092895507812500e+03
1.220828247070312500e+03
1.198439941406250000e+03
1.187284301757812500e+03
1.187992675781250000e+03
1.192846557617187500e+03
1.254315185546875000e+03
1.320224121093750000e+03
1.406250610351562500e+03
1.426307006835937500e+03
1.329183471679687500e+03
1.253542724609375000e+03
1.204058349609375000e+03
1.177998535156250000e+03
1.179384033203125000e+03
1.178288818359375000e+03
1.174443115234375000e+03
1.192877441406250000e+03
1.236960327148437500e+03
1.343260253906250000e+03
1.458964599609375000e+03
1.435003295898437500e+03
1.355025634765625000e+03
1.255413330078125000e+03
1.208193847656250000e+03
1.174685546875000000e+03
1.167864379882812500e+03
1.162765502929687500e+03
1.170077270507812500e+03
1.167227905273437500e+03
1.174632568359375000e+03
1.200530883789062500e+03
1.276252441406250000e+03
1.429755615234375000e+03
1.482158203125000000e+03
1.393965698242187500e+03
1.247593627929687500e+03
1.184440185546875000e+03
1.158447631835937500e+03
1.156639526367187500e+03
1.200867919921875000e+03
1.273067504882812500e+03
1.390073608398437500e+03
1.458160522460937500e+03
1.382321777343750000e+03
1.256005737304687500e+03
1.197677856445312500e+03
1.171522338867187500e+03
1.156081542968750000e+03
1.156617431640625000e+03
1.152683349609375000e+03
1.157236206054687500e+03
1.162950805664062500e+03
1.176826904296875000e+03
1.206142578125000000e+03
1.296142211914062500e+03
1.442596679687500000e+03
1.507533935546875000e+03
1.307624023437500000e+03
1.211432128906250000e+03
1.163479858398437500e+03
1.157408325195312500e+03
1.196310302734375000e+03
1.261822265625000000e+03
1.363025268554687500e+03
1.444864624023437500e+03
1.405850830078125000e+03
1.315193969726562500e+03
1.227927246093750000e+03
1.188079956054687500e+03
1.166986450195312500e+03
1.155240600585937500e+03
1.157231567382812500e+03
1.157419555664062500e+03
1.152855346679687500e+03
1.146516845703125000e+03
1.139678344726562500e+03
1.144513305664062500e+03
1.146953857421875000e+03
1.147999511718750000e+03
1.152114013671875000e+03
1.150089111328125000e+03
1.169971801757812500e+03
1.183451049804687500e+03
1.250290283203125000e+03
1.354544433593750000e+03
1.437575683593750000e+03
1.447358764648437500e+03
1.301931518554687500e+03
1.223843994140625000e+03
1.174157348632812500e+03
1.169010253906250000e+03
1.145522949218750000e+03
1.149935180664062500e+03
1.149000732421875000e+03
1.171503540039062500e+03
1.207482177734375000e+03
1.323692871093750000e+03
1.475346435546875000e+03
1.493619628906250000e+03
1.301869018554687500e+03
1.197207031250000000e+03
1.148648559570312500e+03
1.139314941406250000e+03
1.193859008789062500e+03
1.296488891601562500e+03
1.460416137695312500e+03
1.446620361328125000e+03
1.326541137695312500e+03
1.214689208984375000e+03
1.163889892578125000e+03
1.154306396484375000e+03
1.155886718750000000e+03
1.153330566406250000e+03
1.166002685546875000e+03
1.180052856445312500e+03
1.228984375000000000e+03
1.318892578125000000e+03
1.454519531250000000e+03
1.424699340820312500e+03
1.329310302734375000e+03
1.230797119140625000e+03
1.163910522460937500e+03
1.150731567382812500e+03
1.135009033203125000e+03
1.129084350585937500e+03
1.133594360351562500e+03
1.145759765625000000e+03
1.171285522460937500e+03
1.204510375976562500e+03
1.317711181640625000e+03
1.432249145507812500e+03
1.443278930664062500e+03
1.276492797851562500e+03
1.190458984375000000e+03
1.144827026367187500e+03
1.131611694335937500e+03
1.123055541992187500e+03
1.137260986328125000e+03
1.183305786132812500e+03
1.255067016601562500e+03
1.378057983398437500e+03
1.465490966796875000e+03
1.363620239257812500e+03
1.241675781250000000e+03
1.171052368164062500e+03
1.135650268554687500e+03
1.129907226562500000e+03
1.123730957031250000e+03
1.163479858398437500e+03
1.228090332031250000e+03
1.353756225585937500e+03
1.435961303710937500e+03
1.345021850585937500e+03
1.267213623046875000e+03
1.197400512695312500e+03
1.169672851562500000e+03
1.162521606445312500e+03
1.163180664062500000e+03
1.158622436523437500e+03
1.178353637695312500e+03
1.209753540039062500e+03
1.289991699218750000e+03
1.367372680664062500e+03
1.376418945312500000e+03
1.304463256835937500e+03
1.239187744140625000e+03
1.182376098632812500e+03
1.141813720703125000e+03
1.125043945312500000e+03
1.121191162109375000e+03
1.113444458007812500e+03
1.118716430664062500e+03
1.114939453125000000e+03
1.136035400390625000e+03
1.161347290039062500e+03
1.235605102539062500e+03
1.377726806640625000e+03
1.437955444335937500e+03
1.372772094726562500e+03
1.193340454101562500e+03
1.128456420898437500e+03
1.121711914062500000e+03
1.148214233398437500e+03
1.213969848632812500e+03
1.347364135742187500e+03
1.430122436523437500e+03
1.346654418945312500e+03
1.236456176757812500e+03
1.169643188476562500e+03
1.121760375976562500e+03
1.112666748046875000e+03
1.101702026367187500e+03
1.121201293945312500e+03
1.120550292968750000e+03
1.168281616210937500e+03
1.254461303710937500e+03
1.407407592773437500e+03
1.412919433593750000e+03
1.304816040039062500e+03
1.191066772460937500e+03
1.135089965820312500e+03
1.124744140625000000e+03
1.116586547851562500e+03
1.101416381835937500e+03
1.104064697265625000e+03
1.112135131835937500e+03
1.106419921875000000e+03
1.109122558593750000e+03
1.100782714843750000e+03
1.106677124023437500e+03
1.139326782226562500e+03
1.169351196289062500e+03
1.248797851562500000e+03
1.320059448242187500e+03
1.367952758789062500e+03
1.308291381835937500e+03
1.233388427734375000e+03
1.169130859375000000e+03
1.141716796875000000e+03
1.133127807617187500e+03
1.140138061523437500e+03
1.161333618164062500e+03
1.243830810546875000e+03
1.360065185546875000e+03
1.394426147460937500e+03
1.315566772460937500e+03
1.228446289062500000e+03
1.149878784179687500e+03
1.135814086914062500e+03
1.115704956054687500e+03
1.101528320312500000e+03
1.102503906250000000e+03
1.108672607421875000e+03
1.114799438476562500e+03
1.119713134765625000e+03
1.158281860351562500e+03
1.259377441406250000e+03
1.412995605468750000e+03
1.450488647460937500e+03
1.279391601562500000e+03
1.161410156250000000e+03
1.102452270507812500e+03
1.114406982421875000e+03
1.183614746093750000e+03
1.319419311523437500e+03
1.441689453125000000e+03
1.339259033203125000e+03
1.197835205078125000e+03
1.120857788085937500e+03
1.092910156250000000e+03
1.094682861328125000e+03
1.092947021484375000e+03
1.102479614257812500e+03
1.095934570312500000e+03
1.113333129882812500e+03
1.144004638671875000e+03
1.222043457031250000e+03
1.329632690429687500e+03
1.436146972656250000e+03
1.339768066406250000e+03
1.228732666015625000e+03
1.145609008789062500e+03
1.113241455078125000e+03
1.095289550781250000e+03
1.094680786132812500e+03
1.082740966796875000e+03
1.100922119140625000e+03
1.103678955078125000e+03
1.100015869140625000e+03
1.126919189453125000e+03
1.195572875976562500e+03
1.309764892578125000e+03
1.414029174804687500e+03
1.389041015625000000e+03
1.242458374023437500e+03
1.163245727539062500e+03
1.102804565429687500e+03
1.081947631835937500e+03
1.102843261718750000e+03
1.155486206054687500e+03
1.264609375000000000e+03
1.371772094726562500e+03
1.382939941406250000e+03
1.247844116210937500e+03
1.181800781250000000e+03
1.146531005859375000e+03
1.130438964843750000e+03
1.109021362304687500e+03
1.117191894531250000e+03
1.100179931640625000e+03
1.115301269531250000e+03
1.143964843750000000e+03
1.213955444335937500e+03
1.336787231445312500e+03
1.426611328125000000e+03
1.288204711914062500e+03
1.186243408203125000e+03
1.121075195312500000e+03
1.113296020507812500e+03
1.090067871093750000e+03
1.084653564453125000e+03
1.077419677734375000e+03
1.085064453125000000e+03
1.080411865234375000e+03
1.085522705078125000e+03
1.136152954101562500e+03
1.199348510742187500e+03
1.359046875000000000e+03
1.398775512695312500e+03
1.306852294921875000e+03
1.147611083984375000e+03
1.092562866210937500e+03
1.076345581054687500e+03
1.109570190429687500e+03
1.201540771484375000e+03
1.373863891601562500e+03
1.436167846679687500e+03
1.263917968750000000e+03
1.131017456054687500e+03
1.085670532226562500e+03
1.073215454101562500e+03
1.078066894531250000e+03
1.083371948242187500e+03
1.099737304687500000e+03
1.128775878906250000e+03
1.188473632812500000e+03
1.296358032226562500e+03
1.389038574218750000e+03
1.313456176757812500e+03
1.219436889648437500e+03
1.139534912109375000e+03
1.114969360351562500e+03
1.104542602539062500e+03
1.094942382812500000e+03
1.098705688476562500e+03
1.118259521484375000e+03
1.156253295898437500e+03
1.253055786132812500e+03
1.358163452148437500e+03
1.391614501953125000e+03
1.257617309570312500e+03
1.165036376953125000e+03
1.105694091796875000e+03
1.081979858398437500e+03
1.076410034179687500e+03
1.066465942382812500e+03
1.062432373046875000e+03
1.074994506835937500e+03
1.079760131835937500e+03
1.074841430664062500e+03
1.070312011718750000e+03
1.072863281250000000e+03
1.070599487304687500e+03
1.071035522460937500e+03
1.075131835937500000e+03
1.082885498046875000e+03
1.148832153320312500e+03
1.280064819335937500e+03
1.450119995117187500e+03
1.337916992187500000e+03
1.192920776367187500e+03
1.117978881835937500e+03
1.078262817382812500e+03
1.073906250000000000e+03
1.065809936523437500e+03
1.077417114257812500e+03
1.089037597656250000e+03
1.128693481445312500e+03
1.235244018554687500e+03
1.392702514648437500e+03
1.375506469726562500e+03
1.265047973632812500e+03
1.164541625976562500e+03
1.108505371093750000e+03
1.077917602539062500e+03
1.070607543945312500e+03
1.067143310546875000e+03
1.068033081054687500e+03
1.079806884765625000e+03
1.113686889648437500e+03
1.199150756835937500e+03
1.356989624023437500e+03
1.392447998046875000e+03
1.296616455078125000e+03
1.174179687500000000e+03
1.129176879882812500e+03
1.084911499023437500e+03
1.066401000976562500e+03
1.052262084960937500e+03
1.064587768554687500e+03
1.097300659179687500e+03
1.155647949218750000e+03
1.304991455078125000e+03
1.398328857421875000e+03
1.321732543945312500e+03
1.181607055664062500e+03
1.114998779296875000e+03
1.087162597656250000e+03
1.057280517578125000e+03
1.061185180664062500e+03
1.066289916992187500e+03
1.051165771484375000e+03
1.065302124023437500e+03
1.065168457031250000e+03
1.069895263671875000e+03
1.090559082031250000e+03
1.158520507812500000e+03
1.315016967773437500e+03
1.459285156250000000e+03
1.280507690429687500e+03
1.119682006835937500e+03
1.060360961914062500e+03
1.071278930664062500e+03
1.139494384765625000e+03
1.306436035156250000e+03
1.418836181640625000e+03
1.287030517578125000e+03
1.142981689453125000e+03
1.083867797851562500e+03
1.057254272460937500e+03
1.055793701171875000e+03
1.060204101562500000e+03
1.054389038085937500e+03
1.046368286132812500e+03
1.053563110351562500e+03
1.054932495117187500e+03
1.049919677734375000e+03
1.049894042968750000e+03
1.065703857421875000e+03
1.073426635742187500e+03
1.135060058593750000e+03
1.232710449218750000e+03
1.366305908203125000e+03
1.384362792968750000e+03
1.214913208007812500e+03
1.130086914062500000e+03
1.076193603515625000e+03
1.058814086914062500e+03
1.052704345703125000e+03
1.051898803710937500e+03
1.072675292968750000e+03
1.099356811523437500e+03
1.176036376953125000e+03
1.283007812500000000e+03
1.354177978515625000e+03
1.300218261718750000e+03
1.191202514648437500e+03
1.121944580078125000e+03
1.086185546875000000e+03
1.056618041992187500e+03
1.047859619140625000e+03
1.050029541015625000e+03
1.042035034179687500e+03
1.050486938476562500e+03
1.073595581054687500e+03
1.121254028320312500e+03
1.278307128906250000e+03
1.476289794921875000e+03
1.285755004882812500e+03
1.137904663085937500e+03
1.063194580078125000e+03
1.050719116210937500e+03
1.050028076171875000e+03
1.076669921875000000e+03
1.137888916015625000e+03
1.255818115234375000e+03
1.367118286132812500e+03
1.272484741210937500e+03
1.168713134765625000e+03
1.115256713867187500e+03
1.081703247070312500e+03
1.054506103515625000e+03
1.046730712890625000e+03
1.044201660156250000e+03
1.033195678710937500e+03
1.031786376953125000e+03
1.044501220703125000e+03
1.045387084960937500e+03
1.054588500976562500e+03
1.074410278320312500e+03
1.136186645507812500e+03
1.269161010742187500e+03
1.373014404296875000e+03
1.348096801757812500e+03
1.174925415039062500e+03
1.096819335937500000e+03
1.060037597656250000e+03
1.037582275390625000e+03
1.044870849609375000e+03
1.039868896484375000e+03
1.041801269531250000e+03
1.040227416992187500e+03
1.061471069335937500e+03
1.128620117187500000e+03
1.288659179687500000e+03
1.425768432617187500e+03
1.337797607421875000e+03
1.137791137695312500e+03
1.049574218750000000e+03
1.042183471679687500e+03
1.066749145507812500e+03
1.178856933593750000e+03
1.344087768554687500e+03
1.371657470703125000e+03
1.207488769531250000e+03
1.097040283203125000e+03
1.049198242187500000e+03
1.039360107421875000e+03
1.036946777343750000e+03
1.030110107421875000e+03
1.038744628906250000e+03
1.024261474609375000e+03
1.024937011718750000e+03
1.028039062500000000e+03
1.038795410156250000e+03
1.032169311523437500e+03
1.045482543945312500e+03
1.058739501953125000e+03
1.123220458984375000e+03
1.279792236328125000e+03
1.429655151367187500e+03
1.278696655273437500e+03
1.139420654296875000e+03
1.066064208984375000e+03
1.035019775390625000e+03
1.029572143554687500e+03
1.028805175781250000e+03
1.027885131835937500e+03
1.048078369140625000e+03
1.114647094726562500e+03
1.275650390625000000e+03
1.444005004882812500e+03
1.275857421875000000e+03
1.144317626953125000e+03
1.066225708007812500e+03
1.031711303710937500e+03
1.032010131835937500e+03
1.043534912109375000e+03
1.091559936523437500e+03
1.228464843750000000e+03
1.402838378906250000e+03
1.306955932617187500e+03
1.154400878906250000e+03
1.081526245117187500e+03
1.063900146484375000e+03
1.069944946289062500e+03
1.093498779296875000e+03
1.139806884765625000e+03
1.219262695312500000e+03
1.269103271484375000e+03
1.290309448242187500e+03
1.210138061523437500e+03
1.164120117187500000e+03
1.127809204101562500e+03
1.123519531250000000e+03
1.130291748046875000e+03
1.171417358398437500e+03
1.220123168945312500e+03
1.223207519531250000e+03
1.206550781250000000e+03
1.160916381835937500e+03
1.133440795898437500e+03
1.116097290039062500e+03
1.114535644531250000e+03
1.130220947265625000e+03
1.170157104492187500e+03
1.191109741210937500e+03
1.226155151367187500e+03
1.223291137695312500e+03
1.196383300781250000e+03
1.168616943359375000e+03
1.137092041015625000e+03
1.124870483398437500e+03
1.124906494140625000e+03
1.149639038085937500e+03
1.179180541992187500e+03
1.199486938476562500e+03
1.205781127929687500e+03
1.176947631835937500e+03
1.132503173828125000e+03
1.127609863281250000e+03
1.123796997070312500e+03
1.145644287109375000e+03
1.170040405273437500e+03
1.190117187500000000e+03
1.185173583984375000e+03
1.169554687500000000e+03
1.154539428710937500e+03
1.160184448242187500e+03
1.152999877929687500e+03
1.149142211914062500e+03
1.142316406250000000e+03
1.129036865234375000e+03
1.107587280273437500e+03
1.099174194335937500e+03
1.115804199218750000e+03
1.136797119140625000e+03
1.178228759765625000e+03
1.224606201171875000e+03
1.209213012695312500e+03
1.166656860351562500e+03
1.123833251953125000e+03
1.081049682617187500e+03
1.075383544921875000e+03
1.064356933593750000e+03
1.072872558593750000e+03
1.106285278320312500e+03
1.155199096679687500e+03
1.233213134765625000e+03
1.229043090820312500e+03
1.175103515625000000e+03
1.133459350585937500e+03
1.091706298828125000e+03
1.066318359375000000e+03
1.067072021484375000e+03
1.071015380859375000e+03
1.089604736328125000e+03
1.122528320312500000e+03
1.167216186523437500e+03
1.214719726562500000e+03
1.239054199218750000e+03
1.168930908203125000e+03
1.098225097656250000e+03
1.049329956054687500e+03
1.030751953125000000e+03
1.018625305175781250e+03
1.011152709960937500e+03
1.007285766601562500e+03
1.011910644531250000e+03
1.014499267578125000e+03
1.025578613281250000e+03
1.058508789062500000e+03
1.141516601562500000e+03
1.256865844726562500e+03
1.281240844726562500e+03
1.189447143554687500e+03
1.092855102539062500e+03
1.040038818359375000e+03
1.014871398925781250e+03
1.013904479980468750e+03
1.006424804687500000e+03
1.008471008300781250e+03
1.015922729492187500e+03
1.009616149902343750e+03
1.026785522460937500e+03
1.069514770507812500e+03
1.152968017578125000e+03
1.250066772460937500e+03
1.289690185546875000e+03
1.185759277343750000e+03
1.105690795898437500e+03
1.053893432617187500e+03
1.033171630859375000e+03
1.029557739257812500e+03
1.025509643554687500e+03
1.063091430664062500e+03
1.099585327148437500e+03
1.198022583007812500e+03
1.289802734375000000e+03
1.240682861328125000e+03
1.142489501953125000e+03
1.072604614257812500e+03
1.056858032226562500e+03
1.024474243164062500e+03
1.034756713867187500e+03
1.029546020507812500e+03
1.063768676757812500e+03
1.110455810546875000e+03
1.205561401367187500e+03
1.242960693359375000e+03
1.207087646484375000e+03
1.135831054687500000e+03
1.077748779296875000e+03
1.055902343750000000e+03
1.051917724609375000e+03
1.070256958007812500e+03
1.095376342773437500e+03
1.128806274414062500e+03
1.194141235351562500e+03
1.199742187500000000e+03
1.184047607421875000e+03
1.133130004882812500e+03
1.088613769531250000e+03
1.058505615234375000e+03
1.046745239257812500e+03
1.036738037109375000e+03
1.055807373046875000e+03
1.083687377929687500e+03
1.144751831054687500e+03
1.209184448242187500e+03
1.231117187500000000e+03
1.167159057617187500e+03
1.114615356445312500e+03
1.070454345703125000e+03
1.048021484375000000e+03
1.037382202148437500e+03
1.017046386718750000e+03
1.009992431640625000e+03
1.013279602050781250e+03
1.009331665039062500e+03
1.040193359375000000e+03
1.096585205078125000e+03
1.181542480468750000e+03
1.246659790039062500e+03
1.220890014648437500e+03
1.129873901367187500e+03
1.070542480468750000e+03
1.028765869140625000e+03
1.009036376953125000e+03
1.006645568847656250e+03
9.985350952148437500e+02
1.003948303222656250e+03
1.028648559570312500e+03
1.062644775390625000e+03
1.175758666992187500e+03
1.275062255859375000e+03
1.255659667968750000e+03
1.118443115234375000e+03
1.030937255859375000e+03
9.957525024414062500e+02
9.991965942382812500e+02
1.061610839843750000e+03
1.162678222656250000e+03
1.276069702148437500e+03
1.216756713867187500e+03
1.122952636718750000e+03
1.054402832031250000e+03
1.037420288085937500e+03
1.045456787109375000e+03
1.075883544921875000e+03
1.114109741210937500e+03
1.191830444335937500e+03
1.230394042968750000e+03
1.202999023437500000e+03
1.114489257812500000e+03
1.054602905273437500e+03
1.047191284179687500e+03
1.037111694335937500e+03
1.031754516601562500e+03
1.065679199218750000e+03
1.119091430664062500e+03
1.208411621093750000e+03
1.229753295898437500e+03
1.181983886718750000e+03
1.090042358398437500e+03
1.046824707031250000e+03
1.021137145996093750e+03
1.016210144042968750e+03
1.015384460449218750e+03
1.040490356445312500e+03
1.082927001953125000e+03
1.154054443359375000e+03
1.203447875976562500e+03
1.213918579101562500e+03
1.150155517578125000e+03
1.085653930664062500e+03
1.047093994140625000e+03
1.016214965820312500e+03
1.014299926757812500e+03
1.001614685058593750e+03
1.008114562988281250e+03
1.018995056152343750e+03
1.066577392578125000e+03
1.147867675781250000e+03
1.213069824218750000e+03
1.213448730468750000e+03
1.123581054687500000e+03
1.080021972656250000e+03
1.044146362304687500e+03
1.010940307617187500e+03
9.982359008789062500e+02
9.971181640625000000e+02
1.001483886718750000e+03
1.022556518554687500e+03
1.058725830078125000e+03
1.151832885742187500e+03
1.229606933593750000e+03
1.234317260742187500e+03
1.127226196289062500e+03
1.042944091796875000e+03
1.005383239746093750e+03
9.838588867187500000e+02
9.870319824218750000e+02
9.887008056640625000e+02
9.770194091796875000e+02
9.823591308593750000e+02
9.941798095703125000e+02
1.021496887207031250e+03
1.081358764648437500e+03
1.183759765625000000e+03
1.248841186523437500e+03
1.181939453125000000e+03
1.076635864257812500e+03
1.022339477539062500e+03
9.914017944335937500e+02
9.757384033203125000e+02
9.752352294921875000e+02
9.807595825195312500e+02
9.937573242187500000e+02
1.024644531250000000e+03
1.107617431640625000e+03
1.252966430664062500e+03
1.306044555664062500e+03
1.139579345703125000e+03
1.029614135742187500e+03
9.926017456054687500e+02
9.830286865234375000e+02
1.046810668945312500e+03
1.179717407226562500e+03
1.330698486328125000e+03
1.174851928710937500e+03
1.054856201171875000e+03
9.932086791992187500e+02
9.838910522460937500e+02
9.697917480468750000e+02
9.735559692382812500e+02
1.000378906250000000e+03
1.036767700195312500e+03
1.149134521484375000e+03
1.283301879882812500e+03
1.270422973632812500e+03
1.106817260742187500e+03
1.015646057128906250e+03
9.942399902343750000e+02
9.808246459960937500e+02
9.764353027343750000e+02
9.856372680664062500e+02
1.004139404296875000e+03
1.042861938476562500e+03
1.141046875000000000e+03
1.264349975585937500e+03
1.202052368164062500e+03
1.084023803710937500e+03
1.017654602050781250e+03
9.907580566406250000e+02
9.802769775390625000e+02
9.709934082031250000e+02
9.755353393554687500e+02
9.899328002929687500e+02
1.046344604492187500e+03
1.162991455078125000e+03
1.246113769531250000e+03
1.219761962890625000e+03
1.113095703125000000e+03
1.053588256835937500e+03
1.007518920898437500e+03
9.957409667968750000e+02
9.748850097656250000e+02
9.733402099609375000e+02
9.866376342773437500e+02
1.032222534179687500e+03
1.131263061523437500e+03
1.279399780273437500e+03
1.235116333007812500e+03
1.102604492187500000e+03
1.040832641601562500e+03
1.007197387695312500e+03
9.755413208007812500e+02
9.725558471679687500e+02
9.698652954101562500e+02
9.783784790039062500e+02
9.953982543945312500e+02
1.062460937500000000e+03
1.211947509765625000e+03
1.311756591796875000e+03
1.149723632812500000e+03
1.039083740234375000e+03
9.814488525390625000e+02
9.734714355468750000e+02
9.751372680664062500e+02
9.572794799804687500e+02
9.649699096679687500e+02
9.626799316406250000e+02
9.851939086914062500e+02
1.026057617187500000e+03
1.158403686523437500e+03
1.319963012695312500e+03
1.204824340820312500e+03
1.062089965820312500e+03
9.953789062500000000e+02
9.679078369140625000e+02
9.606414184570312500e+02
9.614406738281250000e+02
1.014539245605468750e+03
1.130375610351562500e+03
1.285910278320312500e+03
1.211445556640625000e+03
1.090675292968750000e+03
1.031789672851562500e+03
1.022632141113281250e+03
1.012572631835937500e+03
1.032672241210937500e+03
1.063058105468750000e+03
1.135149780273437500e+03
1.194824707031250000e+03
1.200960205078125000e+03
1.111829956054687500e+03
1.050147705078125000e+03
1.009643066406250000e+03
1.009023315429687500e+03
1.033240600585937500e+03
1.078325683593750000e+03
1.145235107421875000e+03
1.212300537109375000e+03
1.167362182617187500e+03
1.077637817382812500e+03
1.031636352539062500e+03
9.989564208984375000e+02
1.010536010742187500e+03
1.034061279296875000e+03
1.118816894531250000e+03
1.201078857421875000e+03
1.176952148437500000e+03
1.103803955078125000e+03
1.061493652343750000e+03
1.041499145507812500e+03
1.042892822265625000e+03
1.057240844726562500e+03
1.097744873046875000e+03
1.133945434570312500e+03
1.132484497070312500e+03
1.118499633789062500e+03
1.085057861328125000e+03
1.053541625976562500e+03
1.037800292968750000e+03
1.040342285156250000e+03
1.070289062500000000e+03
1.122899536132812500e+03
1.148997436523437500e+03
1.147359008789062500e+03
1.101515380859375000e+03
1.057349121093750000e+03
1.041844360351562500e+03
1.037735961914062500e+03
1.053658203125000000e+03
1.086789672851562500e+03
1.125260498046875000e+03
1.134296020507812500e+03
1.114975585937500000e+03
1.074819458007812500e+03
1.077306762695312500e+03
1.049031738281250000e+03
1.026134765625000000e+03
1.042614624023437500e+03
1.037300781250000000e+03
1.069955810546875000e+03
1.097348388671875000e+03
1.119546630859375000e+03
1.102689453125000000e+03
1.065172729492187500e+03
1.033022949218750000e+03
1.019642639160156250e+03
1.011674377441406250e+03
1.020601135253906250e+03
1.039885253906250000e+03
1.086763183593750000e+03
1.133778930664062500e+03
1.152682617187500000e+03
1.118058837890625000e+03
1.057875366210937500e+03
1.021905395507812500e+03
1.008025573730468750e+03
1.012263732910156250e+03
1.022225891113281250e+03
1.062116210937500000e+03
1.099619018554687500e+03
1.122909545898437500e+03
1.100726684570312500e+03
1.066211791992187500e+03
1.052561523437500000e+03
1.041881713867187500e+03
1.059264282226562500e+03
1.077955444335937500e+03
1.083221557617187500e+03
1.082517089843750000e+03
1.061795654296875000e+03
1.056698364257812500e+03
1.061133422851562500e+03
1.069413452148437500e+03
1.082340942382812500e+03
1.085022216796875000e+03
1.086981933593750000e+03
1.078359497070312500e+03
1.057211425781250000e+03
1.053209594726562500e+03
1.059199096679687500e+03
1.063078979492187500e+03
1.061005126953125000e+03
1.070008300781250000e+03
1.070174926757812500e+03
1.062156860351562500e+03
1.077777099609375000e+03
1.058073730468750000e+03
1.055949462890625000e+03
1.047978637695312500e+03
1.063182128906250000e+03
1.082414550781250000e+03
1.100145263671875000e+03
1.093054199218750000e+03
1.071992797851562500e+03
1.062481445312500000e+03
1.056186035156250000e+03
1.036946411132812500e+03
1.040100463867187500e+03
1.045989624023437500e+03
1.067944824218750000e+03
1.082052490234375000e+03
1.095550415039062500e+03
1.068675292968750000e+03
1.037280761718750000e+03
1.022930908203125000e+03
1.023861083984375000e+03
1.038349853515625000e+03
1.054907836914062500e+03
1.067157104492187500e+03
1.096471191406250000e+03
1.076726318359375000e+03
1.069688598632812500e+03
1.065645141601562500e+03
1.065711303710937500e+03
1.040925292968750000e+03
1.037447875976562500e+03
1.032995605468750000e+03
1.024528686523437500e+03
1.019795410156250000e+03
1.031579956054687500e+03
1.069979125976562500e+03
1.109785644531250000e+03
1.099871459960937500e+03
1.063422119140625000e+03
1.018610717773437500e+03
9.831035156250000000e+02
9.591622314453125000e+02
9.586528320312500000e+02
9.508471679687500000e+02
9.589949340820312500e+02
9.663372192382812500e+02
1.003967834472656250e+03
1.059563598632812500e+03
1.141567260742187500e+03
1.134714843750000000e+03
1.093927856445312500e+03
1.050615112304687500e+03
1.009495422363281250e+03
9.846934204101562500e+02
9.891625976562500000e+02
1.013462341308593750e+03
1.057349121093750000e+03
1.108172119140625000e+03
1.141324829101562500e+03
1.092667846679687500e+03
1.027748535156250000e+03
9.927502441406250000e+02
9.932162475585937500e+02
1.006553833007812500e+03
1.022852600097656250e+03
1.079006958007812500e+03
1.086899536132812500e+03
1.076321655273437500e+03
1.044241455078125000e+03
1.027356689453125000e+03
1.027109375000000000e+03
1.035800170898437500e+03
1.066929687500000000e+03
1.074357299804687500e+03
1.086652465820312500e+03
1.057660156250000000e+03
1.036332275390625000e+03
1.027828857421875000e+03
1.035142578125000000e+03
1.031786254882812500e+03
1.040279296875000000e+03
1.049817871093750000e+03
1.071610961914062500e+03
1.055076660156250000e+03
1.052845092773437500e+03
1.048265014648437500e+03
1.039431274414062500e+03
1.021996154785156250e+03
1.016004882812500000e+03
1.018113647460937500e+03
1.045630859375000000e+03
1.088506835937500000e+03
1.106862060546875000e+03
1.081486328125000000e+03
1.054000122070312500e+03
1.025029907226562500e+03
1.016547546386718750e+03
1.025263671875000000e+03
1.036063720703125000e+03
1.039944580078125000e+03
1.056838745117187500e+03
1.069132934570312500e+03
1.060018432617187500e+03
1.034317749023437500e+03
1.025377563476562500e+03
1.008382141113281250e+03
1.016465209960937500e+03
1.023236999511718750e+03
1.035920043945312500e+03
1.037074951171875000e+03
1.052917114257812500e+03
1.050755981445312500e+03
1.050707275390625000e+03
1.052395629882812500e+03
1.040510375976562500e+03
1.026627563476562500e+03
1.033219970703125000e+03
1.030056030273437500e+03
1.045344116210937500e+03
1.061934082031250000e+03
1.056837158203125000e+03
1.038853027343750000e+03
1.028067016601562500e+03
1.020693969726562500e+03
1.014994628906250000e+03
1.017669128417968750e+03
1.028757812500000000e+03
1.049457519531250000e+03
1.073878295898437500e+03
1.068574829101562500e+03
1.056234863281250000e+03
1.019985351562500000e+03
1.001778137207031250e+03
1.001496826171875000e+03
1.008391479492187500e+03
1.022018493652343750e+03
1.039521606445312500e+03
1.064106445312500000e+03
1.078520263671875000e+03
1.064050659179687500e+03
1.022694213867187500e+03
1.010069152832031250e+03
1.007307250976562500e+03
1.000759765625000000e+03
1.008810180664062500e+03
1.037129882812500000e+03
1.085966430664062500e+03
1.083020263671875000e+03
1.059102905273437500e+03
1.028959716796875000e+03
1.001043395996093750e+03
9.839030761718750000e+02
9.874276733398437500e+02
1.007472229003906250e+03
1.059225463867187500e+03
1.106699096679687500e+03
1.097824096679687500e+03
1.045150512695312500e+03
1.002028930664062500e+03
9.600061645507812500e+02
9.465839233398437500e+02
9.507433471679687500e+02
9.569544677734375000e+02
9.709799804687500000e+02
1.023309814453125000e+03
1.098896118164062500e+03
1.149650146484375000e+03
1.085476806640625000e+03
1.011782043457031250e+03
9.694488525390625000e+02
9.366576538085937500e+02
9.328239746093750000e+02
9.356434936523437500e+02
9.341323242187500000e+02
9.521882934570312500e+02
9.802473144531250000e+02
1.040849975585937500e+03
1.086371582031250000e+03
1.124616943359375000e+03
1.089037597656250000e+03
1.016088928222656250e+03
9.818925170898437500e+02
9.629254150390625000e+02
9.703885498046875000e+02
9.676398315429687500e+02
1.023452575683593750e+03
1.067291870117187500e+03
1.080155761718750000e+03
1.078351684570312500e+03
1.041575683593750000e+03
1.010580261230468750e+03
9.905942382812500000e+02
9.943211669921875000e+02
1.023649291992187500e+03
1.052750610351562500e+03
1.080481445312500000e+03
1.082583496093750000e+03
1.041873046875000000e+03
1.028954223632812500e+03
1.006983337402343750e+03
1.002531921386718750e+03
1.003227905273437500e+03
1.025951049804687500e+03
1.067418334960937500e+03
1.076498779296875000e+03
1.045462402343750000e+03
1.030781372070312500e+03
9.920722656250000000e+02
9.795587158203125000e+02
1.002801269531250000e+03
1.029730102539062500e+03
1.079279296875000000e+03
1.069461914062500000e+03
1.026248291015625000e+03
1.001359680175781250e+03
9.991613159179687500e+02
1.001984313964843750e+03
1.010416931152343750e+03
1.035724731445312500e+03
1.034405639648437500e+03
1.028555541992187500e+03
1.029439819335937500e+03
1.025533691406250000e+03
1.016959472656250000e+03
9.992257690429687500e+02
9.993488159179687500e+02
1.015033264160156250e+03
1.044097778320312500e+03
1.069466186523437500e+03
1.045861450195312500e+03
1.017498718261718750e+03
9.852062988281250000e+02
9.696930541992187500e+02
9.624199829101562500e+02
9.699183349609375000e+02
9.910876464843750000e+02
1.029542602539062500e+03
1.052330444335937500e+03
1.076204711914062500e+03
1.063864624023437500e+03
1.037080078125000000e+03
1.017300292968750000e+03
9.944585571289062500e+02
9.751282348632812500e+02
9.773444824218750000e+02
9.881895141601562500e+02
1.013712768554687500e+03
1.033180786132812500e+03
1.052180053710937500e+03
1.048299438476562500e+03
1.019394042968750000e+03
9.943823852539062500e+02
9.919019775390625000e+02
1.003076843261718750e+03
9.912240600585937500e+02
1.001695922851562500e+03
1.004366760253906250e+03
1.034993041992187500e+03
1.051843505859375000e+03
1.047684692382812500e+03
1.017276489257812500e+03
9.945190429687500000e+02
9.830496826171875000e+02
1.000466735839843750e+03
1.013666625976562500e+03
1.023108581542968750e+03
1.032110961914062500e+03
1.037321044921875000e+03
1.026169067382812500e+03
1.015459655761718750e+03
1.012723144531250000e+03
1.002033813476562500e+03
1.003637084960937500e+03
9.955023803710937500e+02
9.909813232421875000e+02
9.833873291015625000e+02
1.005756713867187500e+03
1.019716735839843750e+03
1.040811523437500000e+03
1.049535278320312500e+03
1.048772460937500000e+03
1.002906066894531250e+03
1.001318664550781250e+03
9.916122436523437500e+02
9.959665527343750000e+02
9.912731323242187500e+02
1.006622985839843750e+03
1.031862548828125000e+03
1.051309448242187500e+03
1.036097900390625000e+03
1.026040039062500000e+03
9.913426513671875000e+02
9.622787475585937500e+02
9.536773071289062500e+02
9.690426635742187500e+02
9.876069335937500000e+02
1.048210571289062500e+03
1.074513305664062500e+03
1.066181274414062500e+03
1.021049011230468750e+03
9.793383789062500000e+02
9.597647094726562500e+02
9.480908203125000000e+02
9.693820190429687500e+02
9.846724853515625000e+02
1.016353088378906250e+03
1.061296264648437500e+03
1.055498413085937500e+03
1.017691589355468750e+03
9.726620483398437500e+02
9.522305908203125000e+02
9.523467407226562500e+02
9.621464843750000000e+02
9.839532470703125000e+02
1.033953857421875000e+03
1.064887451171875000e+03
1.054970214843750000e+03
1.014250183105468750e+03
9.857370605468750000e+02
9.668877563476562500e+02
9.630455932617187500e+02
9.671585693359375000e+02
9.969243774414062500e+02
1.015480468750000000e+03
1.023916503906250000e+03
1.019301330566406250e+03
1.021487304687500000e+03
9.820368041992187500e+02
9.784979858398437500e+02
9.608460693359375000e+02
9.673549804687500000e+02
9.808134155273437500e+02
1.030894409179687500e+03
1.050391845703125000e+03
1.046867187500000000e+03
9.995089721679687500e+02
9.806284179687500000e+02
9.778823852539062500e+02
1.017853210449218750e+03
1.031186645507812500e+03
1.052432617187500000e+03
1.021066345214843750e+03
9.922843017578125000e+02
9.710256347656250000e+02
9.652734985351562500e+02
9.838081665039062500e+02
1.008644409179687500e+03
1.025376953125000000e+03
1.032653198242187500e+03
1.028691040039062500e+03
1.018217834472656250e+03
9.876035766601562500e+02
9.660225830078125000e+02
9.479596557617187500e+02
9.419404907226562500e+02
9.680999145507812500e+02
1.016099914550781250e+03
1.046873535156250000e+03
1.061137817382812500e+03
1.008414001464843750e+03
9.763684082031250000e+02
9.609897460937500000e+02
9.620697631835937500e+02
9.765458984375000000e+02
1.005262145996093750e+03
1.029092651367187500e+03
1.032175659179687500e+03
1.005719299316406250e+03
1.004298095703125000e+03
9.910269775390625000e+02
9.766619873046875000e+02
9.793145751953125000e+02
9.971733398437500000e+02
1.021096069335937500e+03
1.032487182617187500e+03
1.028827270507812500e+03
1.010921081542968750e+03
9.748909301757812500e+02
9.670023803710937500e+02
9.644073486328125000e+02
9.757215576171875000e+02
1.008321594238281250e+03
1.026259399414062500e+03
1.025415283203125000e+03
1.005341308593750000e+03
9.950084228515625000e+02
1.000063903808593750e+03
1.001291564941406250e+03
1.002656250000000000e+03
9.926433105468750000e+02
9.818040771484375000e+02
9.813797607421875000e+02
9.926527099609375000e+02
9.800062255859375000e+02
9.882858886718750000e+02
9.967062988281250000e+02
1.015198669433593750e+03
1.020272216796875000e+03
1.012002075195312500e+03
9.964190673828125000e+02
9.803009643554687500e+02
9.683608398437500000e+02
9.732360839843750000e+02
9.866137695312500000e+02
1.010066223144531250e+03
1.023354797363281250e+03
1.032697875976562500e+03
1.009969726562500000e+03
9.859130859375000000e+02
9.632540893554687500e+02
9.672211303710937500e+02
9.722427978515625000e+02
1.002835144042968750e+03
9.928720703125000000e+02
9.838779907226562500e+02
9.714213256835937500e+02
9.723015747070312500e+02
9.810684814453125000e+02
1.003549743652343750e+03
1.020590515136718750e+03
1.016524291992187500e+03
9.882581787109375000e+02
9.865288085937500000e+02
9.698972167968750000e+02
9.748916015625000000e+02
1.001189331054687500e+03
1.028799316406250000e+03
1.022736633300781250e+03
1.015489074707031250e+03
9.770324707031250000e+02
9.543864135742187500e+02
9.468855590820312500e+02
9.846964111328125000e+02
1.017066894531250000e+03
1.029519409179687500e+03
1.015528808593750000e+03
1.001434326171875000e+03
9.865378417968750000e+02
9.756099853515625000e+02
9.749058227539062500e+02
9.834473266601562500e+02
9.860970458984375000e+02
1.012461242675781250e+03
1.005155151367187500e+03
9.934430541992187500e+02
9.719188842773437500e+02
9.752910766601562500e+02
9.774468994140625000e+02
1.001253479003906250e+03
1.017035644531250000e+03
1.011325378417968750e+03
9.925209960937500000e+02
9.931964111328125000e+02
9.864241333007812500e+02
9.821134643554687500e+02
9.807363281250000000e+02
9.941273803710937500e+02
9.795123291015625000e+02
9.708215942382812500e+02
9.585133056640625000e+02
9.426179809570312500e+02
9.483276367187500000e+02
9.576412963867187500e+02
9.769036865234375000e+02
1.025093872070312500e+03
1.022991210937500000e+03
1.013524291992187500e+03
9.803215942382812500e+02
9.791508789062500000e+02
9.682400512695312500e+02
9.610025024414062500e+02
9.633745727539062500e+02
9.890890502929687500e+02
1.004401916503906250e+03
1.012560913085937500e+03
1.012055419921875000e+03
1.006785095214843750e+03
9.720533447265625000e+02
9.750604858398437500e+02
9.517749633789062500e+02
9.627270507812500000e+02
9.782760620117187500e+02
9.918386840820312500e+02
1.006756835937500000e+03
1.013783325195312500e+03
1.001163818359375000e+03
9.907295532226562500e+02
9.818206787109375000e+02
9.837970581054687500e+02
9.912502441406250000e+02
9.908962402343750000e+02
9.808562622070312500e+02
9.691067504882812500e+02
9.660844726562500000e+02
9.653358154296875000e+02
9.692128906250000000e+02
9.793233032226562500e+02
9.951042480468750000e+02
1.001436218261718750e+03
9.903383789062500000e+02
9.721477661132812500e+02
9.690895996093750000e+02
9.566197509765625000e+02
9.545167236328125000e+02
9.754283447265625000e+02
9.929908447265625000e+02
1.014853149414062500e+03
1.011102050781250000e+03
9.759744873046875000e+02
9.652523193359375000e+02
9.576397094726562500e+02
9.607711791992187500e+02
9.776215820312500000e+02
9.979340820312500000e+02
1.009428894042968750e+03
9.990595703125000000e+02
9.952214355468750000e+02
9.612714843750000000e+02
9.444467163085937500e+02
9.427448120117187500e+02
9.525372314453125000e+02
9.700985717773437500e+02
9.950903320312500000e+02
1.006517761230468750e+03
9.963074951171875000e+02
9.846295776367187500e+02
9.696382446289062500e+02
9.656029663085937500e+02
9.644812622070312500e+02
9.638281860351562500e+02
9.698414306640625000e+02
9.906604614257812500e+02
1.008452514648437500e+03
9.971229248046875000e+02
9.952194213867187500e+02
9.630399169921875000e+02
9.651614990234375000e+02
9.582055053710937500e+02
9.422486572265625000e+02
9.440097656250000000e+02
9.790187988281250000e+02
9.886266479492187500e+02
1.004079223632812500e+03
9.881405029296875000e+02
9.866702270507812500e+02
9.684488525390625000e+02
9.729379272460937500e+02
9.736079711914062500e+02
9.642792358398437500e+02
9.625401611328125000e+02
9.680285034179687500e+02
9.681742553710937500e+02
9.635752563476562500e+02
9.540764770507812500e+02
9.742420043945312500e+02
9.727201538085937500e+02
1.012127014160156250e+03
1.009951599121093750e+03
9.935812377929687500e+02
9.671230468750000000e+02
9.675900878906250000e+02
9.593460693359375000e+02
9.471900024414062500e+02
9.358302612304687500e+02
9.640715942382812500e+02
9.824353027343750000e+02
1.007298461914062500e+03
1.011604919433593750e+03
1.002978332519531250e+03
9.707877197265625000e+02
9.543026733398437500e+02
9.263720092773437500e+02
9.191242675781250000e+02
9.284611816406250000e+02
9.461829223632812500e+02
9.881010131835937500e+02
1.029905151367187500e+03
1.028851684570312500e+03
1.010112182617187500e+03
9.654756469726562500e+02
9.386872558593750000e+02
9.329329223632812500e+02
9.277059936523437500e+02
9.452447509765625000e+02
9.812288208007812500e+02
1.004543884277343750e+03
1.014169799804687500e+03
9.781074829101562500e+02
9.545517578125000000e+02
9.427651367187500000e+02
9.460579833984375000e+02
9.728002929687500000e+02
9.882517089843750000e+02
9.895144042968750000e+02
9.714409179687500000e+02
9.425186767578125000e+02
9.381519775390625000e+02
9.341832275390625000e+02
9.668272094726562500e+02
9.799992675781250000e+02
9.987409057617187500e+02
9.977376708984375000e+02
9.914669799804687500e+02
9.891318359375000000e+02
9.804729003906250000e+02
9.764782104492187500e+02
9.751365966796875000e+02
9.848180541992187500e+02
9.768939208984375000e+02
9.437189331054687500e+02
9.437287597656250000e+02
9.332926025390625000e+02
9.715097656250000000e+02
9.824213867187500000e+02
1.010546569824218750e+03
9.977185058593750000e+02
9.801371459960937500e+02
9.400798339843750000e+02
9.272817993164062500e+02
9.180311279296875000e+02
9.412983398437500000e+02
9.544283447265625000e+02
9.973408813476562500e+02
1.003010803222656250e+03
9.817182617187500000e+02
9.510214843750000000e+02
9.296914062500000000e+02
9.303690185546875000e+02
9.348515625000000000e+02
9.478425903320312500e+02
9.568557128906250000e+02
9.764185791015625000e+02
1.006920410156250000e+03
9.918488769531250000e+02
9.811160888671875000e+02
9.532842407226562500e+02
9.388720703125000000e+02
9.272969970703125000e+02
9.337802124023437500e+02
9.446001586914062500e+02
9.708213500976562500e+02
9.926233520507812500e+02
1.004498413085937500e+03
9.902861328125000000e+02
9.693663330078125000e+02
9.446843872070312500e+02
9.354443359375000000e+02
9.404505004882812500e+02
9.530611572265625000e+02
9.672000122070312500e+02
9.817030639648437500e+02
9.488353271484375000e+02
9.505966796875000000e+02
9.390962524414062500e+02
9.272477416992187500e+02
9.256162109375000000e+02
9.538439331054687500e+02
9.703893432617187500e+02
9.986179199218750000e+02
9.868667602539062500e+02
9.523230590820312500e+02
9.359658203125000000e+02
9.276982421875000000e+02
9.151615600585937500e+02
9.258358764648437500e+02
9.507210693359375000e+02
9.829140625000000000e+02
9.775997314453125000e+02
9.736704711914062500e+02
9.572219238281250000e+02
9.570469360351562500e+02
9.445739135742187500e+02
9.536383056640625000e+02
9.449624633789062500e+02
9.585976562500000000e+02
9.536948852539062500e+02
9.663309936523437500e+02
9.600025024414062500e+02
9.706781616210937500e+02
9.525597534179687500e+02
9.714386596679687500e+02
9.805153198242187500e+02
9.934293212890625000e+02
9.674284667968750000e+02
9.408271484375000000e+02
9.200275878906250000e+02
9.088197631835937500e+02
9.094450683593750000e+02
9.352068481445312500e+02
9.658200073242187500e+02
1.004086914062500000e+03
1.001843505859375000e+03
9.894199218750000000e+02
9.524915161132812500e+02
9.342376708984375000e+02
9.382694091796875000e+02
9.615299072265625000e+02
9.847324218750000000e+02
1.007853576660156250e+03
9.579948120117187500e+02
9.303576660156250000e+02
9.177758178710937500e+02
9.127742309570312500e+02
9.315365600585937500e+02
9.733948364257812500e+02
1.006280883789062500e+03
9.901212158203125000e+02
9.530933837890625000e+02
9.380285034179687500e+02
9.300852661132812500e+02
9.490278930664062500e+02
9.637000732421875000e+02
9.731361694335937500e+02
9.773380126953125000e+02
9.690844116210937500e+02
9.466467285156250000e+02
9.326815185546875000e+02
9.328373413085937500e+02
9.568638916015625000e+02
9.578168334960937500e+02
9.632582397460937500e+02
9.502163085937500000e+02
9.373444824218750000e+02
9.375465087890625000e+02
9.618618774414062500e+02
9.662291259765625000e+02
9.718740844726562500e+02
9.589699707031250000e+02
9.484810180664062500e+02
9.380857543945312500e+02
9.325583496093750000e+02
9.309225463867187500e+02
9.401875610351562500e+02
9.374791870117187500e+02
9.504325561523437500e+02
9.452341308593750000e+02
9.501312255859375000e+02
9.529945068359375000e+02
9.398227539062500000e+02
9.309498901367187500e+02
9.403558959960937500e+02
9.448105468750000000e+02
9.542553100585937500e+02
9.480889282226562500e+02
9.588782348632812500e+02
9.428524780273437500e+02
9.416329956054687500e+02
9.177517700195312500e+02
9.213007202148437500e+02
9.203748168945312500e+02
9.523708496093750000e+02
9.485930175781250000e+02
9.635164794921875000e+02
9.569769897460937500e+02
9.547418212890625000e+02
9.456173095703125000e+02
9.415009155273437500e+02
9.293542480468750000e+02
9.460625610351562500e+02
9.433139038085937500e+02
9.605563964843750000e+02
9.795876464843750000e+02
9.856743164062500000e+02
9.539030151367187500e+02
9.309658203125000000e+02
9.240046386718750000e+02
9.251741333007812500e+02
9.203687133789062500e+02
9.339780883789062500e+02
9.505455932617187500e+02
9.795958862304687500e+02
9.577034912109375000e+02
9.351428222656250000e+02
9.238659667968750000e+02
9.250906372070312500e+02
9.688796386718750000e+02
9.891181030273437500e+02
9.671489257812500000e+02
9.504955444335937500e+02
9.175207519531250000e+02
9.176555175781250000e+02
9.212108154296875000e+02
9.392468261718750000e+02
9.642299804687500000e+02
9.920029296875000000e+02
9.762557373046875000e+02
9.527975463867187500e+02
9.182482299804687500e+02
9.085616455078125000e+02
9.218732299804687500e+02
9.528676757812500000e+02
9.549249877929687500e+02
9.856871337890625000e+02
9.726593017578125000e+02
9.381478881835937500e+02
9.192322998046875000e+02
9.200325927734375000e+02
9.262675781250000000e+02
9.428634033203125000e+02
9.406656494140625000e+02
9.467575683593750000e+02
9.304884033203125000e+02
9.212994995117187500e+02
9.140164184570312500e+02
9.292672119140625000e+02
9.394321289062500000e+02
9.578424682617187500e+02
9.551118774414062500e+02
9.524318847656250000e+02
9.393787231445312500e+02
9.358357543945312500e+02
9.321613769531250000e+02
9.446820068359375000e+02
9.327851562500000000e+02
9.213121337890625000e+02
9.208877563476562500e+02
9.166746826171875000e+02
9.125681762695312500e+02
9.290113525390625000e+02
9.592810668945312500e+02
9.897229003906250000e+02
9.700921020507812500e+02
9.469413452148437500e+02
9.293605957031250000e+02
9.373560791015625000e+02
9.286087646484375000e+02
9.497500000000000000e+02
9.551154785156250000e+02
9.598660888671875000e+02
9.466188354492187500e+02
9.428923950195312500e+02
9.341240844726562500e+02
9.166093139648437500e+02
9.179373779296875000e+02
9.206389770507812500e+02
9.289418334960937500e+02
9.596948852539062500e+02
9.669234008789062500e+02
9.688508300781250000e+02
9.393654785156250000e+02
9.496492309570312500e+02
9.397783813476562500e+02
9.423865966796875000e+02
9.300104980468750000e+02
9.248401489257812500e+02
9.261888427734375000e+02
9.528513793945312500e+02
9.509028930664062500e+02
9.695653076171875000e+02
9.413308105468750000e+02
9.353099365234375000e+02
9.226378173828125000e+02
9.385687255859375000e+02
9.354490966796875000e+02
9.485586547851562500e+02
9.385734252929687500e+02
9.350098876953125000e+02
9.119028320312500000e+02
9.172392578125000000e+02
9.303134765625000000e+02
9.572142944335937500e+02
9.710307617187500000e+02
9.678751831054687500e+02
9.387916870117187500e+02
9.138087158203125000e+02
8.977487182617187500e+02
8.993181762695312500e+02
9.013544311523437500e+02
9.261500854492187500e+02
9.516890869140625000e+02
9.652361450195312500e+02
9.507233276367187500e+02
9.328965454101562500e+02
9.202694702148437500e+02
9.358940429687500000e+02
9.309516601562500000e+02
9.373540649414062500e+02
9.426707153320312500e+02
9.516450805664062500e+02
9.376222534179687500e+02
9.334621582031250000e+02
9.202344360351562500e+02
9.235599365234375000e+02
9.183542480468750000e+02
9.164142456054687500e+02
9.272510986328125000e+02
9.401900024414062500e+02
9.350950927734375000e+02
9.208268432617187500e+02
9.234512329101562500e+02
9.182078857421875000e+02
9.185328369140625000e+02
9.310004882812500000e+02
9.361488037109375000e+02
9.503988037109375000e+02
9.549395751953125000e+02
9.464254760742187500e+02
9.183266601562500000e+02
9.162441406250000000e+02
9.161160888671875000e+02
9.328526000976562500e+02
9.295673828125000000e+02
9.470561523437500000e+02
9.494812622070312500e+02
9.546407470703125000e+02
9.385100708007812500e+02
9.182791748046875000e+02
9.033380737304687500e+02
9.059484252929687500e+02
8.908688354492187500e+02
9.237740478515625000e+02
9.379984130859375000e+02
9.609891357421875000e+02
9.491161499023437500e+02
9.278776855468750000e+02
9.145089721679687500e+02
9.057975463867187500e+02
9.137609252929687500e+02
9.280516357421875000e+02
9.554094238281250000e+02
9.674300537109375000e+02
9.409514160156250000e+02
9.153320922851562500e+02
9.017528076171875000e+02
9.178611450195312500e+02
9.271056518554687500e+02
9.406366577148437500e+02
9.508098144531250000e+02
9.673285522460937500e+02
9.586210937500000000e+02
9.384962158203125000e+02
8.982714843750000000e+02
8.959263305664062500e+02
8.788541870117187500e+02
8.941065673828125000e+02
9.312313842773437500e+02
9.784836425781250000e+02
9.738649902343750000e+02
9.529669189453125000e+02
9.116400146484375000e+02
9.062185058593750000e+02
8.868608398437500000e+02
8.853479614257812500e+02
8.934090576171875000e+02
9.157742309570312500e+02
9.380473022460937500e+02
9.579955444335937500e+02
9.562157592773437500e+02
9.437954711914062500e+02
9.131261596679687500e+02
9.193546752929687500e+02
9.114739990234375000e+02
9.227536621093750000e+02
9.083951416015625000e+02
9.063594970703125000e+02
8.979445190429687500e+02
9.047090454101562500e+02
9.109252319335937500e+02
9.431921386718750000e+02
9.236668090820312500e+02
9.275031738281250000e+02
9.256325073242187500e+02
9.368333129882812500e+02
9.339819335937500000e+02
9.192371826171875000e+02
8.918858032226562500e+02
8.866121826171875000e+02
8.891857299804687500e+02
9.127426757812500000e+02
9.473213500976562500e+02
9.812172241210937500e+02
9.366886596679687500e+02
9.128928833007812500e+02
8.699621582031250000e+02
8.716352539062500000e+02
8.730123901367187500e+02
8.893248291015625000e+02
9.295908813476562500e+02
9.764783325195312500e+02
9.672128295898437500e+02
9.547145996093750000e+02
9.177398071289062500e+02
8.880000610351562500e+02
8.711253051757812500e+02
8.964791870117187500e+02
9.042012939453125000e+02
9.524621582031250000e+02
9.365531616210937500e+02
9.475798950195312500e+02
9.135870971679687500e+02
9.118585205078125000e+02
9.061465454101562500e+02
8.975705566406250000e+02
8.941170043945312500e+02
9.052956542968750000e+02
9.150515747070312500e+02
9.545656738281250000e+02
9.480430908203125000e+02
9.271174926757812500e+02
9.038197631835937500e+02
8.961140747070312500e+02
9.101115722656250000e+02
9.185061645507812500e+02
9.224610595703125000e+02
9.597758789062500000e+02
9.618187255859375000e+02
9.583493041992187500e+02
9.025958251953125000e+02
8.919902954101562500e+02
8.832982177734375000e+02
8.988937377929687500e+02
8.990488281250000000e+02
9.235835571289062500e+02
9.434882202148437500e+02
9.428504028320312500e+02
9.198272705078125000e+02
9.191704101562500000e+02
9.049774169921875000e+02
9.095758056640625000e+02
9.089464721679687500e+02
9.371558837890625000e+02
9.205125732421875000e+02
9.237901000976562500e+02
9.071275024414062500e+02
9.045358886718750000e+02
9.004293212890625000e+02
9.036380004882812500e+02
9.039277954101562500e+02
9.224279785156250000e+02
9.201896362304687500e+02
9.300769653320312500e+02
9.238154907226562500e+02
9.214710693359375000e+02
9.082066040039062500e+02
9.163025512695312500e+02
9.008432617187500000e+02
9.148666381835937500e+02
9.262326660156250000e+02
9.437828369140625000e+02
9.448357543945312500e+02
9.441809082031250000e+02
9.179223022460937500e+02
9.009201660156250000e+02
8.842115478515625000e+02
8.972504882812500000e+02
8.991500854492187500e+02
9.171885986328125000e+02
9.117145996093750000e+02
9.180275878906250000e+02
9.113391723632812500e+02
9.389780883789062500e+02
9.154803466796875000e+02
9.154927978515625000e+02
8.989890136718750000e+02
9.081460571289062500e+02
9.225301513671875000e+02
9.475997314453125000e+02
9.403193359375000000e+02
9.280490112304687500e+02
8.805874633789062500e+02
8.636812133789062500e+02
8.545048217773437500e+02
8.734448852539062500e+02
9.067631835937500000e+02
9.550511474609375000e+02
9.556756591796875000e+02
9.598218994140625000e+02
9.216077270507812500e+02
8.988319702148437500e+02
8.747470092773437500e+02
8.817243041992187500e+02
8.945777587890625000e+02
9.245045776367187500e+02
9.310080566406250000e+02
9.398549804687500000e+02
9.276867675781250000e+02
9.210846557617187500e+02
9.037325439453125000e+02
8.998621826171875000e+02
8.979508056640625000e+02
8.948962402343750000e+02
8.876457519531250000e+02
8.926813354492187500e+02
9.013977661132812500e+02
9.129027099609375000e+02
9.045661621093750000e+02
9.141725463867187500e+02
9.135832519531250000e+02
9.182416381835937500e+02
9.129050903320312500e+02
9.301938476562500000e+02
9.229514770507812500e+02
9.176282348632812500e+02
9.148419189453125000e+02
9.169633789062500000e+02
9.008262939453125000e+02
9.064820556640625000e+02
8.965673828125000000e+02
9.019880981445312500e+02
8.990363769531250000e+02
9.157438964843750000e+02
8.985520629882812500e+02
9.085534057617187500e+02
9.118755493164062500e+02
9.259989624023437500e+02
9.106382446289062500e+02
9.087301025390625000e+02
8.813344116210937500e+02
8.865862426757812500e+02
8.842875976562500000e+02
9.079959716796875000e+02
9.023656005859375000e+02
9.428871459960937500e+02
9.496015625000000000e+02
9.385237426757812500e+02
9.097069702148437500e+02
8.939085083007812500e+02
8.755565795898437500e+02
8.825686645507812500e+02
8.850604858398437500e+02
9.108657226562500000e+02
9.146804199218750000e+02
9.307571411132812500e+02
9.101053466796875000e+02
9.003814697265625000e+02
8.669570922851562500e+02
8.782645874023437500e+02
8.794342651367187500e+02
9.033903198242187500e+02
9.287344360351562500e+02
9.560205688476562500e+02
9.223768920898437500e+02
9.025713500976562500e+02
8.777661743164062500e+02
8.677664184570312500e+02
8.760267944335937500e+02
8.931200561523437500e+02
9.046726684570312500e+02
9.328576660156250000e+02
9.142033081054687500e+02
9.138619995117187500e+02
8.889142456054687500e+02
8.886564331054687500e+02
8.856478271484375000e+02
8.978187255859375000e+02
9.110227661132812500e+02
9.321212158203125000e+02
9.191900634765625000e+02
9.064760742187500000e+02
8.821824951171875000e+02
8.720476684570312500e+02
8.672984008789062500e+02
8.850689697265625000e+02
9.245460815429687500e+02
9.634070434570312500e+02
9.297796020507812500e+02
9.008340454101562500e+02
8.557312622070312500e+02
8.619909057617187500e+02
8.536309814453125000e+02
8.847867431640625000e+02
9.135416870117187500e+02
9.630135498046875000e+02
9.361875000000000000e+02
9.219407958984375000e+02
8.829462280273437500e+02
8.828269042968750000e+02
8.751442260742187500e+02
8.875861816406250000e+02
8.989970703125000000e+02
9.270064086914062500e+02
9.337278442382812500e+02
9.391254882812500000e+02
8.984717407226562500e+02
8.967409667968750000e+02
8.686993408203125000e+02
8.700955810546875000e+02
8.858555908203125000e+02
9.217442626953125000e+02
9.349755859375000000e+02
9.450479736328125000e+02
8.875690917968750000e+02
8.657963256835937500e+02
8.540349731445312500e+02
8.540568237304687500e+02
8.524197998046875000e+02
8.851515502929687500e+02
9.065335693359375000e+02
9.482210693359375000e+02
9.377108154296875000e+02
9.244210815429687500e+02
8.923897705078125000e+02
8.815221557617187500e+02
8.822304687500000000e+02
8.928353881835937500e+02
9.063067626953125000e+02
9.355059814453125000e+02
9.240727539062500000e+02
9.164835815429687500e+02
8.931357421875000000e+02
8.938193969726562500e+02
8.842996826171875000e+02
8.988922119140625000e+02
8.976223144531250000e+02
9.120705566406250000e+02
8.887139892578125000e+02
9.028369140625000000e+02
8.914960937500000000e+02
9.026006469726562500e+02
9.188734130859375000e+02
9.354099121093750000e+02
9.095741577148437500e+02
8.986661376953125000e+02
8.753190917968750000e+02
8.729062500000000000e+02
8.643164672851562500e+02
8.760826416015625000e+02
8.893492431640625000e+02
9.256806640625000000e+02
9.175776367187500000e+02
9.180580444335937500e+02
9.030534667968750000e+02
8.729220581054687500e+02
8.520351562500000000e+02
8.365130004882812500e+02
8.474830932617187500e+02
8.718576660156250000e+02
9.201886596679687500e+02
9.738323974609375000e+02
9.479313964843750000e+02
9.043381347656250000e+02
8.672933349609375000e+02
8.627841796875000000e+02
8.626975097656250000e+02
8.894799194335937500e+02
8.948558959960937500e+02
9.077714233398437500e+02
8.936124267578125000e+02
8.989190673828125000e+02
9.001481323242187500e+02
8.989955444335937500e+02
8.951804809570312500e+02
9.089081420898437500e+02
8.996205444335937500e+02
8.921577148437500000e+02
8.943795776367187500e+02
9.059695434570312500e+02
8.889027709960937500e+02
8.879626464843750000e+02
8.694427490234375000e+02
8.773674316406250000e+02
8.596738891601562500e+02
8.676774291992187500e+02
8.677675170898437500e+02
8.895621337890625000e+02
9.066613769531250000e+02
9.449828491210937500e+02
9.388425903320312500e+02
9.255231323242187500e+02
8.783491821289062500e+02
8.569991455078125000e+02
8.339094238281250000e+02
8.522681274414062500e+02
8.796493530273437500e+02
9.038416748046875000e+02
9.136286010742187500e+02
9.367698364257812500e+02
9.167294921875000000e+02
9.142963256835937500e+02
8.764808349609375000e+02
8.738343505859375000e+02
8.632857666015625000e+02
8.677483520507812500e+02
8.860765991210937500e+02
9.161728515625000000e+02
9.282831420898437500e+02
9.320141601562500000e+02
8.909381713867187500e+02
8.801719360351562500e+02
8.653582153320312500e+02
8.759844970703125000e+02
8.790855712890625000e+02
9.013181762695312500e+02
8.853453369140625000e+02
9.028624877929687500e+02
8.865969848632812500e+02
8.984966430664062500e+02
8.874108276367187500e+02
8.946742553710937500e+02
8.834123535156250000e+02
8.968811645507812500e+02
9.012340087890625000e+02
9.113148193359375000e+02
8.795119018554687500e+02
8.749983520507812500e+02
8.679841308593750000e+02
8.688875122070312500e+02
8.680877685546875000e+02
8.842899780273437500e+02
9.016151733398437500e+02
9.391829833984375000e+02
9.118745727539062500e+02
9.069249267578125000e+02
8.551455078125000000e+02
8.452149047851562500e+02
8.292974243164062500e+02
8.450341796875000000e+02
8.617539672851562500e+02
9.125070190429687500e+02
9.251147460937500000e+02
9.429354858398437500e+02
8.997035522460937500e+02
8.690032348632812500e+02
8.481569824218750000e+02
8.531784057617187500e+02
8.513955078125000000e+02
8.741853027343750000e+02
8.763735961914062500e+02
9.153209228515625000e+02
9.129448852539062500e+02
9.272440185546875000e+02
8.932288208007812500e+02
8.761542968750000000e+02
8.649451293945312500e+02
8.772393798828125000e+02
8.597669067382812500e+02
8.794359130859375000e+02
8.899429321289062500e+02
9.050169677734375000e+02
9.009210815429687500e+02
9.097938232421875000e+02
8.854100952148437500e+02
8.820693359375000000e+02
8.728570556640625000e+02
8.624277343750000000e+02
8.731165161132812500e+02
8.834372558593750000e+02
8.822393798828125000e+02
9.084761352539062500e+02
9.031054687500000000e+02
9.040830688476562500e+02
8.861069335937500000e+02
8.932053222656250000e+02
8.797390136718750000e+02
8.883894653320312500e+02
8.693153076171875000e+02
8.774811401367187500e+02
8.728713378906250000e+02
8.830921630859375000e+02
8.740144653320312500e+02
8.978750610351562500e+02
8.882918090820312500e+02
9.040003051757812500e+02
8.789172973632812500e+02
8.904856567382812500e+02
8.738438110351562500e+02
8.839762573242187500e+02
8.832340087890625000e+02
8.984230957031250000e+02
8.771507568359375000e+02
8.846807250976562500e+02
8.736400146484375000e+02
8.689188842773437500e+02
8.666640014648437500e+02
8.766640625000000000e+02
8.748334960937500000e+02
8.973932495117187500e+02
9.038355102539062500e+02
9.069730834960937500e+02
8.837415161132812500e+02
8.806024780273437500e+02
8.679468383789062500e+02
8.728716430664062500e+02
8.580960693359375000e+02
8.912666625976562500e+02
9.026728515625000000e+02
9.175814819335937500e+02
8.788296508789062500e+02
8.592041015625000000e+02
8.454517211914062500e+02
8.441711425781250000e+02
8.525028076171875000e+02
8.822929687500000000e+02
8.905246582031250000e+02
8.944953002929687500e+02
8.804425659179687500e+02
8.906275634765625000e+02
8.789128417968750000e+02
8.821864624023437500e+02
8.720183105468750000e+02
8.669790649414062500e+02
8.504416503906250000e+02
8.573362426757812500e+02
8.579933471679687500e+02
8.749813842773437500e+02
8.661527709960937500e+02
8.749551391601562500e+02
8.747465209960937500e+02
8.881781616210937500e+02
8.821392211914062500e+02
8.886985473632812500e+02
8.696181640625000000e+02
8.639988403320312500e+02
8.757373046875000000e+02
9.053643798828125000e+02
8.974334106445312500e+02
8.882890014648437500e+02
8.664003295898437500e+02
8.594450073242187500e+02
8.392011718750000000e+02
8.427098999023437500e+02
8.662803344726562500e+02
9.194801635742187500e+02
9.273859863281250000e+02
9.195457153320312500e+02
8.679091796875000000e+02
8.397891845703125000e+02
8.198317260742187500e+02
8.344580688476562500e+02
8.389364013671875000e+02
8.822080688476562500e+02
9.041705932617187500e+02
9.553408813476562500e+02
8.972978515625000000e+02
8.674974365234375000e+02
8.396455078125000000e+02
8.164571533203125000e+02
8.224442138671875000e+02
8.492474365234375000e+02
8.610549316406250000e+02
9.093161621093750000e+02
9.191777954101562500e+02
9.291519165039062500e+02
8.948755493164062500e+02
8.882301635742187500e+02
8.624725952148437500e+02
8.674598388671875000e+02
8.497283325195312500e+02
8.539845581054687500e+02
8.526414184570312500e+02
8.528741455078125000e+02
8.777584838867187500e+02
8.944824829101562500e+02
8.878865966796875000e+02
8.864385986328125000e+02
8.600927124023437500e+02
8.636428833007812500e+02
8.534025878906250000e+02
8.741350097656250000e+02
8.868075561523437500e+02
9.303765869140625000e+02
9.118284912109375000e+02
8.959240722656250000e+02
8.576854858398437500e+02
8.431329345703125000e+02
8.355948486328125000e+02
8.546732177734375000e+02
8.691337280273437500e+02
8.840166015625000000e+02
8.864689941406250000e+02
8.973479003906250000e+02
8.758320922851562500e+02
8.965695190429687500e+02
8.657431030273437500e+02
8.728729858398437500e+02
8.631265869140625000e+02
8.700595092773437500e+02
8.724265136718750000e+02
8.835550537109375000e+02
8.647337646484375000e+02
8.645310058593750000e+02
8.466015014648437500e+02
8.655562133789062500e+02
8.668186035156250000e+02
8.772796630859375000e+02
8.819188842773437500e+02
9.066165161132812500e+02
8.911692504882812500e+02
8.929197998046875000e+02
8.654898071289062500e+02
8.600310058593750000e+02
8.428854370117187500e+02
8.466667480468750000e+02
8.545145874023437500e+02
8.937538452148437500e+02
9.033894653320312500e+02
9.223068237304687500e+02
8.674227294921875000e+02
8.428937988281250000e+02
8.166685791015625000e+02
8.109723510742187500e+02
8.188326416015625000e+02
8.454046630859375000e+02
8.736459350585937500e+02
9.219856567382812500e+02
9.023585815429687500e+02
8.905490722656250000e+02
8.399523925781250000e+02
8.062743530273437500e+02
7.870712280273437500e+02
7.857438354492187500e+02
8.016486816406250000e+02
8.558428344726562500e+02
8.991233520507812500e+02
9.393215942382812500e+02
9.054541015625000000e+02
8.660995483398437500e+02
8.312550659179687500e+02
8.367995605468750000e+02
8.523487548828125000e+02
8.946099243164062500e+02
9.076154174804687500e+02
9.216213378906250000e+02
8.827858276367187500e+02
8.789136352539062500e+02
8.396134033203125000e+02
8.426138916015625000e+02
8.551473388671875000e+02
8.940135498046875000e+02
8.907764892578125000e+02
8.857937622070312500e+02
8.591469726562500000e+02
8.622594604492187500e+02
8.470426635742187500e+02
8.528524169921875000e+02
8.614094848632812500e+02
8.900780639648437500e+02
8.863605957031250000e+02
8.834355468750000000e+02
8.598839111328125000e+02
8.609067993164062500e+02
8.404299316406250000e+02
8.542130126953125000e+02
8.559409179687500000e+02
8.814500732421875000e+02
8.850559692382812500e+02
8.903677368164062500e+02
8.706051025390625000e+02
8.544146728515625000e+02
8.447653808593750000e+02
8.647774658203125000e+02
8.544174194335937500e+02
8.751581420898437500e+02
8.621245727539062500e+02
8.710942993164062500e+02
8.600731811523437500e+02
8.772492675781250000e+02
8.634237670898437500e+02
8.886834716796875000e+02
8.870698852539062500e+02
8.849599609375000000e+02
8.621743774414062500e+02
8.418555908203125000e+02
8.317489624023437500e+02
8.545404663085937500e+02
8.677738037109375000e+02
9.307035522460937500e+02
9.304472656250000000e+02
9.159044799804687500e+02
8.404875488281250000e+02
8.057513427734375000e+02
7.858621826171875000e+02
7.943629760742187500e+02
8.122962646484375000e+02
8.596797485351562500e+02
8.969887695312500000e+02
9.447668457031250000e+02
8.881521606445312500e+02
8.447879028320312500e+02
8.125616455078125000e+02
8.046641845703125000e+02
7.965696411132812500e+02
8.209699096679687500e+02
8.553805541992187500e+02
9.320739746093750000e+02
9.103061523437500000e+02
8.971498413085937500e+02
8.432810058593750000e+02
8.247116699218750000e+02
8.079901733398437500e+02
8.193828125000000000e+02
8.231434326171875000e+02
8.592640991210937500e+02
8.793623046875000000e+02
9.190969848632812500e+02
8.820639648437500000e+02
8.715798339843750000e+02
8.378430175781250000e+02
8.387598876953125000e+02
8.383128051757812500e+02
8.545278930664062500e+02
8.587360839843750000e+02
8.900928344726562500e+02
8.928583984375000000e+02
8.939998168945312500e+02
8.604434814453125000e+02
8.600404663085937500e+02
8.324607543945312500e+02
8.472684936523437500e+02
8.395836791992187500e+02
8.669064941406250000e+02
8.603906860351562500e+02
8.747705688476562500e+02
8.725352172851562500e+02
8.808663940429687500e+02
8.584497680664062500e+02
8.522794799804687500e+02
8.330787963867187500e+02
8.513615722656250000e+02
8.673856811523437500e+02
9.216201782226562500e+02
8.877164306640625000e+02
8.762816772460937500e+02
8.393926391601562500e+02
8.321115112304687500e+02
8.226109008789062500e+02
8.466761474609375000e+02
8.691248779296875000e+02
8.990413208007812500e+02
8.887242431640625000e+02
9.025773315429687500e+02
8.615214843750000000e+02
8.457626342773437500e+02
8.287648925781250000e+02
8.428889160156250000e+02
8.558346557617187500e+02
8.954221801757812500e+02
8.781464843750000000e+02
8.699886474609375000e+02
8.427849121093750000e+02
8.361345825195312500e+02
8.416512451171875000e+02
8.662306518554687500e+02
8.632712402343750000e+02
8.928646850585937500e+02
8.817996826171875000e+02
8.870755004882812500e+02
8.346909790039062500e+02
8.233441772460937500e+02
7.966303100585937500e+02
8.026199951171875000e+02
8.338572998046875000e+02
8.777974243164062500e+02
8.912333984375000000e+02
8.967717285156250000e+02
8.598221435546875000e+02
8.380168457031250000e+02
8.280436401367187500e+02
8.401599121093750000e+02
8.494000854492187500e+02
8.641515502929687500e+02
8.555470581054687500e+02
8.496964111328125000e+02
8.328939819335937500e+02
8.285369262695312500e+02
8.279192504882812500e+02
8.587650146484375000e+02
8.781018066406250000e+02
9.028817138671875000e+02
8.694281005859375000e+02
8.480973510742187500e+02
8.188163452148437500e+02
8.311561279296875000e+02
8.379631347656250000e+02
8.629445190429687500e+02
8.686589355468750000e+02
8.787377319335937500e+02
8.581328125000000000e+02
8.508704833984375000e+02
8.216749877929687500e+02
8.243372192382812500e+02
8.474479370117187500e+02
8.807743530273437500e+02
8.861932983398437500e+02
8.996712646484375000e+02
8.571407470703125000e+02
8.375456542968750000e+02
8.054562988281250000e+02
8.149671020507812500e+02
8.220107421875000000e+02
8.346615600585937500e+02
8.517589111328125000e+02
8.893499755859375000e+02
8.866994018554687500e+02
8.855073852539062500e+02
8.512984008789062500e+02
8.559505615234375000e+02
8.386595458984375000e+02
8.718200073242187500e+02
8.644968261718750000e+02
8.776154174804687500e+02
8.548852539062500000e+02
8.607368774414062500e+02
8.482919921875000000e+02
8.662192993164062500e+02
8.493961791992187500e+02
8.556968383789062500e+02
8.262112426757812500e+02
8.364169311523437500e+02
8.224509887695312500e+02
8.472606811523437500e+02
8.378489990234375000e+02
8.724851684570312500e+02
8.685534667968750000e+02
8.772420043945312500e+02
8.578682250976562500e+02
8.586898193359375000e+02
8.422491455078125000e+02
8.470032958984375000e+02
8.240278930664062500e+02
8.444658203125000000e+02
8.491134033203125000e+02
8.646318969726562500e+02
8.542288818359375000e+02
8.561127319335937500e+02
8.348296508789062500e+02
8.279692382812500000e+02
8.207808837890625000e+02
8.278355102539062500e+02
8.456414184570312500e+02
8.623549804687500000e+02
8.543959960937500000e+02
8.662735595703125000e+02
8.564931030273437500e+02
8.490534057617187500e+02
8.375726318359375000e+02
8.251879882812500000e+02
8.055778808593750000e+02
8.176397705078125000e+02
8.232299804687500000e+02
8.551270141601562500e+02
8.527927246093750000e+02
8.651745605468750000e+02
8.519404296875000000e+02
8.531888427734375000e+02
8.268112182617187500e+02
8.219633789062500000e+02
8.241530761718750000e+02
8.278887329101562500e+02
8.206098022460937500e+02
8.433034667968750000e+02
8.375465087890625000e+02
8.696102294921875000e+02
8.706767578125000000e+02
8.919471435546875000e+02
8.598032226562500000e+02
8.359224853515625000e+02
8.063341674804687500e+02
8.150481567382812500e+02
8.093108520507812500e+02
8.345798950195312500e+02
8.307167968750000000e+02
8.585675659179687500e+02
8.484837646484375000e+02
8.648350830078125000e+02
8.493065185546875000e+02
8.467454833984375000e+02
8.330664062500000000e+02
8.441003417968750000e+02
8.413937377929687500e+02
8.444312133789062500e+02
8.313801879882812500e+02
8.396811523437500000e+02
8.207268066406250000e+02
8.261989746093750000e+02
8.353319091796875000e+02
8.600944213867187500e+02
8.579870605468750000e+02
8.758284301757812500e+02
8.578724975585937500e+02
8.490565795898437500e+02
8.342821044921875000e+02
8.427276000976562500e+02
8.342666625976562500e+02
8.583546752929687500e+02
8.455132446289062500e+02
8.602219238281250000e+02
8.553950805664062500e+02
8.569343261718750000e+02
8.293814086914062500e+02
8.387575073242187500e+02
8.402918090820312500e+02
8.591679687500000000e+02
8.488193969726562500e+02
8.588347167968750000e+02
8.291980590820312500e+02
8.319142456054687500e+02
8.231362304687500000e+02
8.475016479492187500e+02
8.363863525390625000e+02
8.465728149414062500e+02
8.304364013671875000e+02
8.507180175781250000e+02
8.423657226562500000e+02
8.606058349609375000e+02
8.447037963867187500e+02
8.494362182617187500e+02
8.374307250976562500e+02
8.400691528320312500e+02
8.275784301757812500e+02
8.486029052734375000e+02
8.540507202148437500e+02
8.635825805664062500e+02
8.440798339843750000e+02
8.502648315429687500e+02
8.251666870117187500e+02
8.383867187500000000e+02
8.280249633789062500e+02
8.365071411132812500e+02
8.478436279296875000e+02
8.777778930664062500e+02
8.738873901367187500e+02
8.747449951171875000e+02
8.349845581054687500e+02
8.211304931640625000e+02
8.030766601562500000e+02
8.181736450195312500e+02
8.254625854492187500e+02
8.556267700195312500e+02
8.525219726562500000e+02
8.681096801757812500e+02
8.574553833007812500e+02
8.668832397460937500e+02
8.415710449218750000e+02
8.311288452148437500e+02
8.189257202148437500e+02
8.303878173828125000e+02
8.403273315429687500e+02
8.512188110351562500e+02
8.454912109375000000e+02
8.646895141601562500e+02
8.430287475585937500e+02
8.512086791992187500e+02
8.388709716796875000e+02
8.389302368164062500e+02
8.260535888671875000e+02
8.369089355468750000e+02
8.234917602539062500e+02
8.320097656250000000e+02
8.323107299804687500e+02
8.608802490234375000e+02
8.548168945312500000e+02
8.635143432617187500e+02
8.334393310546875000e+02
8.224795532226562500e+02
8.145135498046875000e+02
8.270664062500000000e+02
8.252034912109375000e+02
8.381417236328125000e+02
8.458922119140625000e+02
8.688372192382812500e+02
8.461185913085937500e+02
8.564816284179687500e+02
8.447438964843750000e+02
8.535977172851562500e+02
8.271711425781250000e+02
8.227724609375000000e+02
8.113021850585937500e+02
8.146682128906250000e+02
8.085315551757812500e+02
8.410357666015625000e+02
8.512503051757812500e+02
8.701006469726562500e+02
8.549116821289062500e+02
8.466816406250000000e+02
8.211995849609375000e+02
8.188271484375000000e+02
8.147399291992187500e+02
8.583439941406250000e+02
8.537714233398437500e+02
8.700354614257812500e+02
8.432122192382812500e+02
8.385682983398437500e+02
8.138477172851562500e+02
8.314620971679687500e+02
8.282597656250000000e+02
8.518981323242187500e+02
8.319031372070312500e+02
8.452687377929687500e+02
8.351158447265625000e+02
8.357051391601562500e+02
8.249879150390625000e+02
8.397817993164062500e+02
8.329258422851562500e+02
8.453439941406250000e+02
8.292443847656250000e+02
8.587803955078125000e+02
8.397178955078125000e+02
8.465317993164062500e+02
8.418511352539062500e+02
8.462293090820312500e+02
8.272139892578125000e+02
8.379235839843750000e+02
8.163006591796875000e+02
8.105972290039062500e+02
8.028013305664062500e+02
8.230673217773437500e+02
8.248200683593750000e+02
8.702162475585937500e+02
8.503683471679687500e+02
8.545816650390625000e+02
8.217844238281250000e+02
8.252875976562500000e+02
8.092021484375000000e+02
8.221499023437500000e+02
8.190047607421875000e+02
8.530354003906250000e+02
8.476156005859375000e+02
8.664503784179687500e+02
8.499420776367187500e+02
8.538869018554687500e+02
8.222830200195312500e+02
8.147702636718750000e+02
8.181015014648437500e+02
8.409650878906250000e+02
8.406460571289062500e+02
8.572575683593750000e+02
8.356387329101562500e+02
8.346636352539062500e+02
8.009122314453125000e+02
7.955867309570312500e+02
7.804416503906250000e+02
7.915535888671875000e+02
7.964714355468750000e+02
8.520187988281250000e+02
8.732849121093750000e+02
8.838863525390625000e+02
8.397221679687500000e+02
8.251230468750000000e+02
7.996162109375000000e+02
8.076668090820312500e+02
8.157108154296875000e+02
8.573506469726562500e+02
8.503264770507812500e+02
8.635333251953125000e+02
8.357476806640625000e+02
8.262223510742187500e+02
7.991212158203125000e+02
8.003129882812500000e+02
8.128598022460937500e+02
8.495170898437500000e+02
8.656768188476562500e+02
8.913551025390625000e+02
8.550661621093750000e+02
8.418834228515625000e+02
7.995585937500000000e+02
8.008167114257812500e+02
7.745969238281250000e+02
7.895114746093750000e+02
7.873196411132812500e+02
8.272783203125000000e+02
8.405394287109375000e+02
8.732358398437500000e+02
8.457156372070312500e+02
8.363189086914062500e+02
8.051565551757812500e+02
8.183624877929687500e+02
8.012158813476562500e+02
8.189323120117187500e+02
8.099590454101562500e+02
8.380156860351562500e+02
8.351146850585937500e+02
8.478387451171875000e+02
8.183623046875000000e+02
8.153385620117187500e+02
8.296389770507812500e+02
8.392465820312500000e+02
8.390265502929687500e+02
8.565110473632812500e+02
8.476065063476562500e+02
8.504030151367187500e+02
8.261799926757812500e+02
8.282281494140625000e+02
8.144331665039062500e+02
8.112652587890625000e+02
8.032643432617187500e+02
8.294379272460937500e+02
8.229114379882812500e+02
8.259383544921875000e+02
8.079962158203125000e+02
8.109957275390625000e+02
8.195130004882812500e+02
8.558282470703125000e+02
8.558516845703125000e+02
8.632304687500000000e+02
8.260952148437500000e+02
8.082407226562500000e+02
7.808460693359375000e+02
7.749912719726562500e+02
7.795214233398437500e+02
8.061279296875000000e+02
8.294270629882812500e+02
8.715870971679687500e+02
8.641900024414062500e+02
8.603093872070312500e+02
8.090590209960937500e+02
7.974844970703125000e+02
7.847377319335937500e+02
8.026054077148437500e+02
8.268528442382812500e+02
8.538139648437500000e+02
8.465773925781250000e+02
8.502197265625000000e+02
8.231561279296875000e+02
8.205413208007812500e+02
7.923984375000000000e+02
8.174995727539062500e+02
8.205990600585937500e+02
8.386597290039062500e+02
8.316560058593750000e+02
8.448369750976562500e+02
8.196336669921875000e+02
8.319181518554687500e+02
8.132922973632812500e+02
8.349951782226562500e+02
8.179583129882812500e+02
8.395700683593750000e+02
8.135106811523437500e+02
8.260150756835937500e+02
8.255381469726562500e+02
8.305795898437500000e+02
8.391495971679687500e+02
8.695059204101562500e+02
8.426768188476562500e+02
8.376102294921875000e+02
8.005237426757812500e+02
7.814238891601562500e+02
7.724494628906250000e+02
7.757380981445312500e+02
7.880935668945312500e+02
8.427786865234375000e+02
8.799785766601562500e+02
9.034405517578125000e+02
8.367504882812500000e+02
8.047337646484375000e+02
7.803312377929687500e+02
7.974868164062500000e+02
8.050480957031250000e+02
8.403869628906250000e+02
8.319124145507812500e+02
8.643269653320312500e+02
8.357584838867187500e+02
8.294768066406250000e+02
8.049750976562500000e+02
8.083978271484375000e+02
8.013999023437500000e+02
8.218818359375000000e+02
8.259712524414062500e+02
8.495109863281250000e+02
8.475618286132812500e+02
8.471361694335937500e+02
8.191774902343750000e+02
8.239766845703125000e+02
8.124598388671875000e+02
8.197084350585937500e+02
8.104995727539062500e+02
8.300023803710937500e+02
8.290134887695312500e+02
8.391147460937500000e+02
8.179671020507812500e+02
8.207211303710937500e+02
8.039365844726562500e+02
8.147131347656250000e+02
7.908007202148437500e+02
7.990272216796875000e+02
7.823897705078125000e+02
7.984985961914062500e+02
8.049502563476562500e+02
8.517094726562500000e+02
8.538259277343750000e+02
8.670974121093750000e+02
8.460659179687500000e+02
8.389545898437500000e+02
8.079177246093750000e+02
8.141267700195312500e+02
8.040474853515625000e+02
8.381271362304687500e+02
8.160101318359375000e+02
8.347940063476562500e+02
8.199557495117187500e+02
8.188414916992187500e+02
8.105623168945312500e+02
8.349984741210937500e+02
8.223490600585937500e+02
8.217067260742187500e+02
7.985880737304687500e+02
8.076046752929687500e+02
7.961622314453125000e+02
8.107241821289062500e+02
8.083901367187500000e+02
8.282947387695312500e+02
8.378319091796875000e+02
8.462060546875000000e+02
8.397727661132812500e+02
8.391267700195312500e+02
8.142728271484375000e+02
8.148504028320312500e+02
8.035054321289062500e+02
8.157508544921875000e+02
8.043154907226562500e+02
8.222529296875000000e+02
8.083946533203125000e+02
8.233786010742187500e+02
8.150714721679687500e+02
8.406728515625000000e+02
8.468231811523437500e+02
8.649870605468750000e+02
8.295670776367187500e+02
8.152440185546875000e+02
7.836730957031250000e+02
8.051875000000000000e+02
7.991597290039062500e+02
8.192777709960937500e+02
8.144755859375000000e+02
8.318348999023437500e+02
8.126193237304687500e+02
8.194398803710937500e+02
8.135303344726562500e+02
8.324935913085937500e+02
8.117931518554687500e+02
8.232642211914062500e+02
8.030894775390625000e+02
7.983836669921875000e+02
7.793659667968750000e+02
7.958248901367187500e+02
7.898945922851562500e+02
8.134696655273437500e+02
8.476192626953125000e+02
8.742861328125000000e+02
8.506838378906250000e+02
8.372529907226562500e+02
8.090532226562500000e+02
8.119202270507812500e+02
7.972871704101562500e+02
7.986517944335937500e+02
7.914593505859375000e+02
8.147056274414062500e+02
8.137640991210937500e+02
8.416296386718750000e+02
8.214152221679687500e+02
8.406817626953125000e+02
8.270027465820312500e+02
8.147565917968750000e+02
7.978598022460937500e+02
8.278984985351562500e+02
8.228469848632812500e+02
8.382445678710937500e+02
8.206364746093750000e+02
8.231734008789062500e+02
7.880759277343750000e+02
7.863809204101562500e+02
7.806681518554687500e+02
7.811448974609375000e+02
7.914701538085937500e+02
8.249559326171875000e+02
8.334633178710937500e+02
8.522841796875000000e+02
8.144320678710937500e+02
7.945086669921875000e+02
7.624819335937500000e+02
7.667390136718750000e+02
7.606422119140625000e+02
7.919489746093750000e+02
7.911927490234375000e+02
8.302758789062500000e+02
8.294224243164062500e+02
8.590550537109375000e+02
8.375645141601562500e+02
8.205529785156250000e+02
7.947482299804687500e+02
7.872341308593750000e+02
7.701076049804687500e+02
7.842565917968750000e+02
7.873473510742187500e+02
8.280045166015625000e+02
8.401109619140625000e+02
8.659454345703125000e+02
8.264324951171875000e+02
8.255085449218750000e+02
7.790073242187500000e+02
7.688416748046875000e+02
7.618510742187500000e+02
7.711456298828125000e+02
7.786939086914062500e+02
8.384744873046875000e+02
8.452942504882812500e+02
8.543748779296875000e+02
8.179532470703125000e+02
8.046154174804687500e+02
7.720152587890625000e+02
7.817913208007812500e+02
7.731585693359375000e+02
8.038171386718750000e+02
8.209669799804687500e+02
8.361731567382812500e+02
8.336571655273437500e+02
8.334651489257812500e+02
8.096642456054687500e+02
8.182131347656250000e+02
7.994757690429687500e+02
8.153685913085937500e+02
8.088036499023437500e+02
8.234508056640625000e+02
8.235985107421875000e+02
8.430114746093750000e+02
8.248661499023437500e+02
8.194963378906250000e+02
7.925313110351562500e+02
7.867311401367187500e+02
7.766531372070312500e+02
8.041845703125000000e+02
8.295385742187500000e+02
8.669140625000000000e+02
8.445627441406250000e+02
8.419505004882812500e+02
7.937678222656250000e+02
7.835840454101562500e+02
7.713588867187500000e+02
7.990125122070312500e+02
7.882108154296875000e+02
8.175845947265625000e+02
8.215271606445312500e+02
8.327126464843750000e+02
8.125046386718750000e+02
7.917214965820312500e+02
7.811432495117187500e+02
7.814073486328125000e+02
7.762186279296875000e+02
8.011278076171875000e+02
8.093881835937500000e+02
8.265325927734375000e+02
8.333692626953125000e+02
8.482196044921875000e+02
8.145659179687500000e+02
8.142561035156250000e+02
7.817616577148437500e+02
7.915375976562500000e+02
7.856325073242187500e+02
8.066008911132812500e+02
8.026341552734375000e+02
8.205267944335937500e+02
8.063963012695312500e+02
8.306333007812500000e+02
8.256482543945312500e+02
8.261271362304687500e+02
7.938414916992187500e+02
7.946079711914062500e+02
7.855038452148437500e+02
7.970110473632812500e+02
7.962814331054687500e+02
8.390181274414062500e+02
8.229091796875000000e+02
8.230331420898437500e+02
7.912903442382812500e+02
7.927182617187500000e+02
7.659736328125000000e+02
7.600515136718750000e+02
7.575504150390625000e+02
7.761670532226562500e+02
8.008590087890625000e+02
8.674824829101562500e+02
8.696465454101562500e+02
8.516395874023437500e+02
8.004718017578125000e+02
7.689560546875000000e+02
7.584779052734375000e+02
7.720825805664062500e+02
7.794521484375000000e+02
8.321502685546875000e+02
8.393065795898437500e+02
8.760689086914062500e+02
8.355691528320312500e+02
8.159765625000000000e+02
7.786806030273437500e+02
7.722144775390625000e+02
7.612453002929687500e+02
8.029144897460937500e+02
8.273741455078125000e+02
8.848912353515625000e+02
8.453298339843750000e+02
8.202523803710937500e+02
7.805441284179687500e+02
7.824335937500000000e+02
7.670903320312500000e+02
7.900791015625000000e+02
7.961026000976562500e+02
8.235748291015625000e+02
8.220406494140625000e+02
8.296102294921875000e+02
8.132753906250000000e+02
8.239854736328125000e+02
7.991428222656250000e+02
8.004763183593750000e+02
7.779078979492187500e+02
7.920905151367187500e+02
7.975283813476562500e+02
8.288349609375000000e+02
8.333638305664062500e+02
8.460360717773437500e+02
8.187148437500000000e+02
8.101726684570312500e+02
7.803591308593750000e+02
7.845785522460937500e+02
7.804274902343750000e+02
8.067174072265625000e+02
8.168935546875000000e+02
8.573417358398437500e+02
8.248843994140625000e+02
8.199482421875000000e+02
7.838845214843750000e+02
7.914181518554687500e+02
7.754293823242187500e+02
7.780270996093750000e+02
7.727124023437500000e+02
8.012673950195312500e+02
8.039003906250000000e+02
8.324022216796875000e+02
8.210802612304687500e+02
8.299808349609375000e+02
8.051870117187500000e+02
8.147402954101562500e+02
8.060620727539062500e+02
8.266177368164062500e+02
8.163358154296875000e+02
8.267508544921875000e+02
8.020747680664062500e+02
7.933544921875000000e+02
7.595120849609375000e+02
7.532702636718750000e+02
7.519708862304687500e+02
7.662514648437500000e+02
7.861686401367187500e+02
8.365192260742187500e+02
8.404835205078125000e+02
8.516914062500000000e+02
8.001724853515625000e+02
7.741342163085937500e+02
7.393847656250000000e+02
7.456773071289062500e+02
7.456346435546875000e+02
7.762927246093750000e+02
8.167393188476562500e+02
8.679114990234375000e+02
8.330710449218750000e+02
8.282088012695312500e+02
7.942996826171875000e+02
8.001172485351562500e+02
7.958357543945312500e+02
8.110258178710937500e+02
8.116086425781250000e+02
8.289692382812500000e+02
8.117999877929687500e+02
8.178156738281250000e+02
8.037868041992187500e+02
8.077000122070312500e+02
7.991416015625000000e+02
8.068520507812500000e+02
7.863423461914062500e+02
8.047953491210937500e+02
7.901060180664062500e+02
8.118825073242187500e+02
8.043713378906250000e+02
8.301109008789062500e+02
8.127593994140625000e+02
8.063687133789062500e+02
7.913043823242187500e+02
8.080939941406250000e+02
8.009949340820312500e+02
8.288556518554687500e+02
8.090728149414062500e+02
8.154708862304687500e+02
7.916295166015625000e+02
7.999342651367187500e+02
7.841250000000000000e+02
7.944003906250000000e+02
7.894667358398437500e+02
7.998154296875000000e+02
7.974019775390625000e+02
8.274049682617187500e+02
8.121298217773437500e+02
8.272557983398437500e+02
8.099594726562500000e+02
8.049036865234375000e+02
7.817714233398437500e+02
7.799215087890625000e+02
7.651621704101562500e+02
7.819188842773437500e+02
7.842835083007812500e+02
8.280253295898437500e+02
8.413765869140625000e+02
8.572318115234375000e+02
8.089737548828125000e+02
7.846315917968750000e+02
7.503594360351562500e+02
7.501268310546875000e+02
7.501041870117187500e+02
7.873687133789062500e+02
8.134453125000000000e+02
8.638897705078125000e+02
8.271705932617187500e+02
8.072582397460937500e+02
7.670294189453125000e+02
7.797312622070312500e+02
7.635158081054687500e+02
7.767880859375000000e+02
7.888759765625000000e+02
8.360114746093750000e+02
8.267514648437500000e+02
8.208084716796875000e+02
7.909185180664062500e+02
7.802330932617187500e+02
7.741738891601562500e+02
8.011162109375000000e+02
8.030164794921875000e+02
8.054033203125000000e+02
7.863002319335937500e+02
8.051065063476562500e+02
7.898312377929687500e+02
8.188431396484375000e+02
8.028668212890625000e+02
8.040552978515625000e+02
7.819021606445312500e+02
7.863585815429687500e+02
7.728857421875000000e+02
7.913872680664062500e+02
7.800385131835937500e+02
8.117042236328125000e+02
8.034501342773437500e+02
8.084324951171875000e+02
7.935360717773437500e+02
8.025014648437500000e+02
7.782962646484375000e+02
7.886337280273437500e+02
7.923953857421875000e+02
8.173436279296875000e+02
8.029371337890625000e+02
8.070164184570312500e+02
7.945571289062500000e+02
8.139400634765625000e+02
7.994984741210937500e+02
8.269561767578125000e+02
8.062503051757812500e+02
8.159701538085937500e+02
7.961329956054687500e+02
7.886060180664062500e+02
7.731453247070312500e+02
8.012826538085937500e+02
8.047489013671875000e+02
8.272872314453125000e+02
8.014089355468750000e+02
8.045319824218750000e+02
7.859937133789062500e+02
7.958945922851562500e+02
7.776070556640625000e+02
7.869780883789062500e+02
7.764295654296875000e+02
7.711856689453125000e+02
7.716270141601562500e+02
7.867463378906250000e+02
7.818411865234375000e+02
8.137763061523437500e+02
8.098662109375000000e+02
8.389069213867187500e+02
8.000614013671875000e+02
7.939984130859375000e+02
7.593659667968750000e+02
7.619619140625000000e+02
7.610687255859375000e+02
7.902335815429687500e+02
8.048394775390625000e+02
8.347192993164062500e+02
8.046476440429687500e+02
7.873280639648437500e+02
7.852100830078125000e+02
7.902089843750000000e+02
7.891911010742187500e+02
8.112486572265625000e+02
7.972262573242187500e+02
7.959352416992187500e+02
7.679208984375000000e+02
7.678056030273437500e+02
7.559393310546875000e+02
7.748814086914062500e+02
7.895919799804687500e+02
8.124161376953125000e+02
8.118321533203125000e+02
8.269025878906250000e+02
8.129881591796875000e+02
8.069844970703125000e+02
7.605201416015625000e+02
7.534093017578125000e+02
7.434756469726562500e+02
7.714131469726562500e+02
7.928455810546875000e+02
8.321541748046875000e+02
8.317557983398437500e+02
8.377609252929687500e+02
7.932057495117187500e+02
7.863246459960937500e+02
7.624044799804687500e+02
7.593400878906250000e+02
7.700370483398437500e+02
7.996672363281250000e+02
7.944603881835937500e+02
8.303040161132812500e+02
8.141072998046875000e+02
8.153743286132812500e+02
7.781975097656250000e+02
7.790114135742187500e+02
7.647445068359375000e+02
7.798557128906250000e+02
7.902970581054687500e+02
8.171121826171875000e+02
8.069213867187500000e+02
8.276076049804687500e+02
8.010466308593750000e+02
8.016068115234375000e+02
7.825896606445312500e+02
7.962495727539062500e+02
7.795717163085937500e+02
7.909884033203125000e+02
7.867114868164062500e+02
8.140946044921875000e+02
7.969371337890625000e+02
8.174553222656250000e+02
7.932412719726562500e+02
7.959888916015625000e+02
7.834186401367187500e+02
8.058489990234375000e+02
8.067999877929687500e+02
8.264101562500000000e+02
8.035465087890625000e+02
8.003145141601562500e+02
7.660367431640625000e+02
7.643578491210937500e+02
7.511849365234375000e+02
7.734608154296875000e+02
7.872015991210937500e+02
8.040281372070312500e+02
8.131270141601562500e+02
8.405482177734375000e+02
8.001668090820312500e+02
7.872313232421875000e+02
7.482516479492187500e+02
7.525905151367187500e+02
7.550034790039062500e+02
7.912297973632812500e+02
7.858725585937500000e+02
8.203244018554687500e+02
7.840474243164062500e+02
7.804982299804687500e+02
7.645479125976562500e+02
7.774263305664062500e+02
7.804300537109375000e+02
8.096072387695312500e+02
8.017059936523437500e+02
8.073273315429687500e+02
7.606859130859375000e+02
7.611551513671875000e+02
7.462335815429687500e+02
7.565776367187500000e+02
7.612243041992187500e+02
8.082482299804687500e+02
8.074807128906250000e+02
8.261820678710937500e+02
7.934818115234375000e+02
7.994977416992187500e+02
7.731861572265625000e+02
7.804074096679687500e+02
7.732365112304687500e+02
8.001227416992187500e+02
7.848562622070312500e+02
7.994351806640625000e+02
7.778538818359375000e+02
7.836801757812500000e+02
7.628474121093750000e+02
7.938085937500000000e+02
7.831235961914062500e+02
8.095837402343750000e+02
7.972912597656250000e+02
8.024293212890625000e+02
7.822201538085937500e+02
8.017832641601562500e+02
7.970655517578125000e+02
8.249252319335937500e+02
7.902256469726562500e+02
7.864744262695312500e+02
7.706832275390625000e+02
7.831690063476562500e+02
7.669185180664062500e+02
7.860839233398437500e+02
7.885158081054687500e+02
8.037390747070312500e+02
7.918624877929687500e+02
7.865906372070312500e+02
7.723865966796875000e+02
7.779813232421875000e+02
7.665546875000000000e+02
7.864610595703125000e+02
7.818088989257812500e+02
8.023255615234375000e+02
7.898583984375000000e+02
8.129512329101562500e+02
8.112591552734375000e+02
8.159106445312500000e+02
7.820260009765625000e+02
7.725623168945312500e+02
7.387874755859375000e+02
7.438093872070312500e+02
7.434224853515625000e+02
7.729024047851562500e+02
7.885491333007812500e+02
8.251267700195312500e+02
7.997066040039062500e+02
8.128529052734375000e+02
7.876462402343750000e+02
7.744274291992187500e+02
7.597293090820312500e+02
7.740460205078125000e+02
7.623164672851562500e+02
7.895278320312500000e+02
7.788127441406250000e+02
8.015345458984375000e+02
7.836386718750000000e+02
7.865664062500000000e+02
7.759692993164062500e+02
7.948988037109375000e+02
7.885910034179687500e+02
8.133798828125000000e+02
7.968163452148437500e+02
8.101152343750000000e+02
7.826678466796875000e+02
7.879476318359375000e+02
7.642075195312500000e+02
7.690691528320312500e+02
7.633619995117187500e+02
7.727929077148437500e+02
7.867030639648437500e+02
8.243388061523437500e+02
8.212465820312500000e+02
8.173919677734375000e+02
7.800108032226562500e+02
7.605817260742187500e+02
7.409860839843750000e+02
7.443581542968750000e+02
7.587836303710937500e+02
8.015592651367187500e+02
7.991604614257812500e+02
8.122963256835937500e+02
7.766250000000000000e+02
7.662175903320312500e+02
7.554519653320312500e+02
7.669866333007812500e+02
7.667174682617187500e+02
8.004468383789062500e+02
8.154901733398437500e+02
8.522981567382812500e+02
7.816595458984375000e+02
7.545703125000000000e+02
7.278869628906250000e+02
7.396603393554687500e+02
7.472579345703125000e+02
7.762381591796875000e+02
7.874044189453125000e+02
8.253609619140625000e+02
8.145404052734375000e+02
8.065366821289062500e+02
7.630832519531250000e+02
7.585186767578125000e+02
7.392041625976562500e+02
7.637255859375000000e+02
7.780667114257812500e+02
8.142557983398437500e+02
7.938362426757812500e+02
7.947319335937500000e+02
7.694224853515625000e+02
7.827602539062500000e+02
7.696932983398437500e+02
7.867280883789062500e+02
7.791090087890625000e+02
7.990844726562500000e+02
7.982105712890625000e+02
8.096645507812500000e+02
7.772739868164062500e+02
7.821754150390625000e+02
7.667337646484375000e+02
7.916312255859375000e+02
7.782369995117187500e+02
8.015645751953125000e+02
7.716279907226562500e+02
7.706080932617187500e+02
7.740715942382812500e+02
7.930042114257812500e+02
7.689216308593750000e+02
7.884586791992187500e+02
7.636624145507812500e+02
7.706891479492187500e+02
7.594895019531250000e+02
7.906333007812500000e+02
7.707450561523437500e+02
7.775100708007812500e+02
7.694589233398437500e+02
7.949976806640625000e+02
7.800641479492187500e+02
8.013277587890625000e+02
7.809901733398437500e+02
7.758442382812500000e+02
7.525474243164062500e+02
7.618289794921875000e+02
7.717974853515625000e+02
8.031806640625000000e+02
7.889852294921875000e+02
7.880713500976562500e+02
7.585812377929687500e+02
7.769960937500000000e+02
7.650692138671875000e+02
7.789157714843750000e+02
7.869425659179687500e+02
8.129359130859375000e+02
7.996239624023437500e+02
8.086072387695312500e+02
7.806792602539062500e+02
7.850360717773437500e+02
7.639306640625000000e+02
7.713725585937500000e+02
7.510620727539062500e+02
7.710828857421875000e+02
7.660800781250000000e+02
8.046119384765625000e+02
8.000604248046875000e+02
8.261238403320312500e+02
7.887650756835937500e+02
7.782734375000000000e+02
7.480825805664062500e+02
7.534962158203125000e+02
7.501395874023437500e+02
7.780036010742187500e+02
7.834653930664062500e+02
8.168234863281250000e+02
8.047852172851562500e+02
7.951984863281250000e+02
7.659876708984375000e+02
7.645018310546875000e+02
7.460581054687500000e+02
7.618748168945312500e+02
7.784129638671875000e+02
8.101904296875000000e+02
7.951004638671875000e+02
8.087003173828125000e+02
7.764564208984375000e+02
7.605593872070312500e+02
7.352753906250000000e+02
7.390693359375000000e+02
7.325679931640625000e+02
7.517260742187500000e+02
7.619567260742187500e+02
8.080922241210937500e+02
8.030390014648437500e+02
8.126202392578125000e+02
7.740521850585937500e+02
7.707611694335937500e+02
7.543215942382812500e+02
7.671177978515625000e+02
7.638195800781250000e+02
7.916708984375000000e+02
7.808880004882812500e+02
7.855239257812500000e+02
7.697700805664062500e+02
7.786258544921875000e+02
7.658715820312500000e+02
7.864826049804687500e+02
7.849236450195312500e+02
8.125534057617187500e+02
7.732395629882812500e+02
7.524934692382812500e+02
7.345912475585937500e+02
7.454556884765625000e+02
7.570831298828125000e+02
8.017926635742187500e+02
8.130540771484375000e+02
8.283168945312500000e+02
7.710395507812500000e+02
7.447283935546875000e+02
7.270090942382812500e+02
7.325752563476562500e+02
7.390551757812500000e+02
7.799083862304687500e+02
7.940265502929687500e+02
8.338492431640625000e+02
7.905708007812500000e+02
7.862005004882812500e+02
7.350133056640625000e+02
7.401451416015625000e+02
7.362935180664062500e+02
7.695732421875000000e+02
7.990914306640625000e+02
8.348558349609375000e+02
8.040580444335937500e+02
7.773925170898437500e+02
7.274098510742187500e+02
7.162933349609375000e+02
7.169966430664062500e+02
7.461057128906250000e+02
7.720956420898437500e+02
8.237753295898437500e+02
8.175513305664062500e+02
8.162155151367187500e+02
7.559829711914062500e+02
7.337194824218750000e+02
7.087338256835937500e+02
7.163609008789062500e+02
7.241040039062500000e+02
7.686362304687500000e+02
8.041090087890625000e+02
8.538460083007812500e+02
8.102580566406250000e+02
7.772019042968750000e+02
7.338631591796875000e+02
7.350767211914062500e+02
7.420791015625000000e+02
7.747445678710937500e+02
7.924514160156250000e+02
8.164215087890625000e+02
7.927789306640625000e+02
7.957873535156250000e+02
7.683168334960937500e+02
7.772949829101562500e+02
7.638741455078125000e+02
7.764066772460937500e+02
7.540912475585937500e+02
7.659445800781250000e+02
7.627708129882812500e+02
7.760021362304687500e+02
7.536796875000000000e+02
7.756234130859375000e+02
7.793125000000000000e+02
8.106766357421875000e+02
7.885056762695312500e+02
7.921710815429687500e+02
7.673493041992187500e+02
7.812941284179687500e+02
7.630140991210937500e+02
7.787568359375000000e+02
7.585214843750000000e+02
7.762527465820312500e+02
7.711569213867187500e+02
7.996357421875000000e+02
7.831913452148437500e+02
7.822301635742187500e+02
7.703715820312500000e+02
7.735739135742187500e+02
7.591674194335937500e+02
7.662986450195312500e+02
7.572169799804687500e+02
7.811864624023437500e+02
7.851128540039062500e+02
8.066608276367187500e+02
7.917014770507812500e+02
7.849539794921875000e+02
7.604988403320312500e+02
7.570147705078125000e+02
7.353465576171875000e+02
7.631502685546875000e+02
7.576555175781250000e+02
7.907267456054687500e+02
7.761740722656250000e+02
7.887189331054687500e+02
7.670748291015625000e+02
7.742912597656250000e+02
7.588977661132812500e+02
7.753854370117187500e+02
7.568601684570312500e+02
7.708238525390625000e+02
7.550017700195312500e+02
7.729329833984375000e+02
7.788885498046875000e+02
7.992212524414062500e+02
7.891740112304687500e+02
8.069406738281250000e+02
7.512734375000000000e+02
7.439010009765625000e+02
7.378123168945312500e+02
7.728672485351562500e+02
7.910225219726562500e+02
8.412864379882812500e+02
8.147034912109375000e+02
7.972767944335937500e+02
7.480795898437500000e+02
7.261965942382812500e+02
7.244185180664062500e+02
7.440989379882812500e+02
7.518806762695312500e+02
7.974087524414062500e+02
7.928417358398437500e+02
7.988189697265625000e+02
7.699639892578125000e+02
7.662201538085937500e+02
7.533101806640625000e+02
7.622165527343750000e+02
7.537587280273437500e+02
7.665623168945312500e+02
7.544252319335937500e+02
7.642835693359375000e+02
7.688873291015625000e+02
8.069703979492187500e+02
7.802279052734375000e+02
7.963619384765625000e+02
7.750621337890625000e+02
7.813151855468750000e+02
7.624778442382812500e+02
7.570739135742187500e+02
7.317160034179687500e+02
7.441777343750000000e+02
7.502577514648437500e+02
7.859017944335937500e+02
8.004069213867187500e+02
8.148506469726562500e+02
7.726843872070312500e+02
7.599219360351562500e+02
7.270751342773437500e+02
7.352237548828125000e+02
7.298801879882812500e+02
7.526427612304687500e+02
7.679763183593750000e+02
8.017278442382812500e+02
7.954157714843750000e+02
8.044918212890625000e+02
7.694331665039062500e+02
7.632712402343750000e+02
7.411024169921875000e+02
7.457611694335937500e+02
7.394030761718750000e+02
7.671734619140625000e+02
7.829624023437500000e+02
8.053431396484375000e+02
7.885985717773437500e+02
7.946188354492187500e+02
7.551694335937500000e+02
7.363802490234375000e+02
7.294896850585937500e+02
7.673245849609375000e+02
7.849403076171875000e+02
8.177632446289062500e+02
7.781569824218750000e+02
7.615836791992187500e+02
7.381697998046875000e+02
7.392936401367187500e+02
7.368075561523437500e+02
7.560351562500000000e+02
7.682536621093750000e+02
8.013909912109375000e+02
7.748353881835937500e+02
7.821931762695312500e+02
7.739858398437500000e+02
7.834957275390625000e+02
7.725429687500000000e+02
7.835771484375000000e+02
7.531346435546875000e+02
7.674144897460937500e+02
7.442578125000000000e+02
7.554073486328125000e+02
7.442422485351562500e+02
7.662753906250000000e+02
7.691254882812500000e+02
8.003008422851562500e+02
7.724507446289062500e+02
7.594436645507812500e+02
7.392529907226562500e+02
7.375008544921875000e+02
7.335830688476562500e+02
7.733934936523437500e+02
7.788036499023437500e+02
8.052075195312500000e+02
7.835775146484375000e+02
7.773594360351562500e+02
7.462812500000000000e+02
7.508847656250000000e+02
7.447133178710937500e+02
7.498838500976562500e+02
7.571563110351562500e+02
7.887970581054687500e+02
7.953497314453125000e+02
8.007810058593750000e+02
7.590501708984375000e+02
7.496662597656250000e+02
7.317753295898437500e+02
7.590218505859375000e+02
7.620593872070312500e+02
7.825283203125000000e+02
7.689427490234375000e+02
7.766213989257812500e+02
7.611359863281250000e+02
7.735631713867187500e+02
7.640128173828125000e+02
7.844766845703125000e+02
7.692212524414062500e+02
7.741704101562500000e+02
7.626070556640625000e+02
7.836978149414062500e+02
7.589418945312500000e+02
7.720914916992187500e+02
7.435482177734375000e+02
7.542855834960937500e+02
7.590354614257812500e+02
7.945227661132812500e+02
7.864989013671875000e+02
7.916145019531250000e+02
7.520618896484375000e+02
7.425401611328125000e+02
7.201998291015625000e+02
7.385491333007812500e+02
7.565840454101562500e+02
7.902420654296875000e+02
7.831549072265625000e+02
8.021606445312500000e+02
7.689352416992187500e+02
7.661243896484375000e+02
7.400109252929687500e+02
7.364874877929687500e+02
7.364985961914062500e+02
7.621740112304687500e+02
7.769612426757812500e+02
7.931672363281250000e+02
7.650303955078125000e+02
7.724600219726562500e+02
7.385584106445312500e+02
7.405737304687500000e+02
7.281838989257812500e+02
7.514497680664062500e+02
7.458184814453125000e+02
7.878058471679687500e+02
7.854644165039062500e+02
7.970252685546875000e+02
7.620310668945312500e+02
7.462648315429687500e+02
7.270381469726562500e+02
7.407526855468750000e+02
7.370170898437500000e+02
7.672589721679687500e+02
7.866623535156250000e+02
8.101904296875000000e+02
7.761280517578125000e+02
7.679320678710937500e+02
7.295512695312500000e+02
7.426256713867187500e+02
7.333560180664062500e+02
7.595980834960937500e+02
7.625085449218750000e+02
7.986264038085937500e+02
7.837161865234375000e+02
7.825508422851562500e+02
7.549350585937500000e+02
7.394927978515625000e+02
7.135370483398437500e+02
7.166724853515625000e+02
7.304592285156250000e+02
8.019794921875000000e+02
8.075205688476562500e+02
8.151646728515625000e+02
7.445976562500000000e+02
7.198305664062500000e+02
7.010791625976562500e+02
7.032014770507812500e+02
7.007113037109375000e+02
7.369566040039062500e+02
7.639802246093750000e+02
8.312717285156250000e+02
8.045621337890625000e+02
7.907792968750000000e+02
7.374268188476562500e+02
7.263727416992187500e+02
7.268693237304687500e+02
7.758811035156250000e+02
7.823340454101562500e+02
8.224840087890625000e+02
7.815242309570312500e+02
7.667493896484375000e+02
7.343685913085937500e+02
7.362426757812500000e+02
7.351325073242187500e+02
7.691323852539062500e+02
7.767621459960937500e+02
7.959852294921875000e+02
7.645494384765625000e+02
7.642877197265625000e+02
7.382025146484375000e+02
7.610426025390625000e+02
7.627949218750000000e+02
7.892728271484375000e+02
7.820036010742187500e+02
7.934343261718750000e+02
7.640360107421875000e+02
7.606681518554687500e+02
7.329891357421875000e+02
7.396979980468750000e+02
7.398225097656250000e+02
7.649030151367187500e+02
7.713878173828125000e+02
7.881539306640625000e+02
7.611884155273437500e+02
7.588740844726562500e+02
7.255166015625000000e+02
7.357545166015625000e+02
7.253161621093750000e+02
7.559710083007812500e+02
7.579904174804687500e+02
7.643108520507812500e+02
7.628953857421875000e+02
7.694580688476562500e+02
7.445388793945312500e+02
7.686079711914062500e+02
7.452160034179687500e+02
7.594749145507812500e+02
7.550340576171875000e+02
7.666011352539062500e+02
7.504008178710937500e+02
7.678251342773437500e+02
7.585103149414062500e+02
7.791012573242187500e+02
7.562410888671875000e+02
7.774633789062500000e+02
7.521126708984375000e+02
7.679807128906250000e+02
7.493298339843750000e+02
7.670603027343750000e+02
7.550403442382812500e+02
7.610261840820312500e+02
7.527999877929687500e+02
7.705462646484375000e+02
7.675985717773437500e+02
7.926564941406250000e+02
7.601610717773437500e+02
7.643478393554687500e+02
7.341817626953125000e+02
7.415776367187500000e+02
7.371998901367187500e+02
7.700345458984375000e+02
7.738845214843750000e+02
7.950006713867187500e+02
7.608255615234375000e+02
7.703693847656250000e+02
7.315888061523437500e+02
7.523111572265625000e+02
7.485018920898437500e+02
7.631685180664062500e+02
7.515915527343750000e+02
7.666775512695312500e+02
7.591029663085937500e+02
7.753190917968750000e+02
7.619984741210937500e+02
7.647908325195312500e+02
7.542700195312500000e+02
7.527869262695312500e+02
7.502987670898437500e+02
7.774155883789062500e+02
7.736759033203125000e+02
7.859979858398437500e+02
7.687451782226562500e+02
7.679854125976562500e+02
7.567830810546875000e+02
7.543362426757812500e+02
7.403549194335937500e+02
7.674674682617187500e+02
7.565588378906250000e+02
7.750977172851562500e+02
7.452805786132812500e+02
7.518451538085937500e+02
7.326464843750000000e+02
7.428115844726562500e+02
7.325291748046875000e+02
7.645449829101562500e+02
7.440261840820312500e+02
7.756427612304687500e+02
7.497310791015625000e+02
7.545133056640625000e+02
7.367335815429687500e+02
7.542333984375000000e+02
7.489591674804687500e+02
7.786831665039062500e+02
7.687791748046875000e+02
7.884279785156250000e+02
7.408817138671875000e+02
7.329397583007812500e+02
7.115670166015625000e+02
7.334756469726562500e+02
7.333151855468750000e+02
7.672693481445312500e+02
7.808264770507812500e+02
8.114502563476562500e+02
7.523587646484375000e+02
7.219156494140625000e+02
6.985590820312500000e+02
7.016408081054687500e+02
7.133355712890625000e+02
7.586711425781250000e+02
7.743191528320312500e+02
8.157483520507812500e+02
7.716829223632812500e+02
7.601395874023437500e+02
7.218208007812500000e+02
7.289374389648437500e+02
7.339551391601562500e+02
7.567825927734375000e+02
7.651109619140625000e+02
7.897196655273437500e+02
7.714878540039062500e+02
7.679160156250000000e+02
7.374186401367187500e+02
7.468247680664062500e+02
7.381341552734375000e+02
7.492800903320312500e+02
7.411571655273437500e+02
7.696419067382812500e+02
7.636142578125000000e+02
7.777707519531250000e+02
7.616079101562500000e+02
7.590085449218750000e+02
7.386585693359375000e+02
7.489299926757812500e+02
7.348945922851562500e+02
7.600495605468750000e+02
7.436695556640625000e+02
7.675843505859375000e+02
7.491821289062500000e+02
7.598122558593750000e+02
7.436890869140625000e+02
7.728959350585937500e+02
7.556222534179687500e+02
7.738870849609375000e+02
7.488198852539062500e+02
7.713617553710937500e+02
7.544555053710937500e+02
7.623815917968750000e+02
7.474766845703125000e+02
7.684233398437500000e+02
7.543487548828125000e+02
7.697474365234375000e+02
7.505971679687500000e+02
7.521128540039062500e+02
7.340054931640625000e+02
7.503885498046875000e+02
7.478520507812500000e+02
7.742678833007812500e+02
7.564100952148437500e+02
7.558980712890625000e+02
7.418348999023437500e+02
7.405570678710937500e+02
7.276707153320312500e+02
7.415877685546875000e+02
7.473583374023437500e+02
7.854849853515625000e+02
7.749557495117187500e+02
7.921435546875000000e+02
7.536245727539062500e+02
7.446564941406250000e+02
7.095554199218750000e+02
7.192785644531250000e+02
7.161797485351562500e+02
7.464354248046875000e+02
7.616085205078125000e+02
8.143351440429687500e+02
7.814040527343750000e+02
7.604513549804687500e+02
7.145321655273437500e+02
6.944570922851562500e+02
6.872307128906250000e+02
6.982326049804687500e+02
7.224060668945312500e+02
7.811369018554687500e+02
7.923451538085937500e+02
8.285679321289062500e+02
7.587657470703125000e+02
7.295529174804687500e+02
7.020738525390625000e+02
7.100214843750000000e+02
7.202577514648437500e+02
7.571669311523437500e+02
7.630064697265625000e+02
8.050942382812500000e+02
7.669446411132812500e+02
7.532233276367187500e+02
7.348330078125000000e+02
7.231918945312500000e+02
7.145039672851562500e+02
7.312861328125000000e+02
7.399624633789062500e+02
7.810298461914062500e+02
7.813209838867187500e+02
7.862088012695312500e+02
7.455082397460937500e+02
7.322155151367187500e+02
7.195350952148437500e+02
7.353168334960937500e+02
7.303172607421875000e+02
7.593630981445312500e+02
7.457991333007812500e+02
7.653775634765625000e+02
7.699411010742187500e+02
7.957286376953125000e+02
7.501605834960937500e+02
7.466905517578125000e+02
7.238795776367187500e+02
7.398681030273437500e+02
7.431343383789062500e+02
7.774493408203125000e+02
7.698854370117187500e+02
7.835499267578125000e+02
7.372295532226562500e+02
7.309713134765625000e+02
6.927725830078125000e+02
7.149238281250000000e+02
7.277156372070312500e+02
7.827868041992187500e+02
7.874680786132812500e+02
8.057589721679687500e+02
7.444568481445312500e+02
7.219496459960937500e+02
6.881181030273437500e+02
7.011412963867187500e+02
7.029642333984375000e+02
7.524702148437500000e+02
7.617420654296875000e+02
7.924266357421875000e+02
7.627835693359375000e+02
7.515255126953125000e+02
7.213557128906250000e+02
7.320595092773437500e+02
7.247717285156250000e+02
7.499240722656250000e+02
7.460310668945312500e+02
7.666166381835937500e+02
7.639083251953125000e+02
7.637225952148437500e+02
7.265075683593750000e+02
7.375472412109375000e+02
7.262936401367187500e+02
7.542114868164062500e+02
7.519537353515625000e+02
7.892055664062500000e+02
7.559990844726562500e+02
7.428241577148437500e+02
7.092084350585937500e+02
7.270148925781250000e+02
7.236450195312500000e+02
7.598930664062500000e+02
7.598905029296875000e+02
7.887761840820312500e+02
7.523478393554687500e+02
7.607512207031250000e+02
7.253625488281250000e+02
7.219071044921875000e+02
7.105228271484375000e+02
7.353994140625000000e+02
7.441672363281250000e+02
7.886707153320312500e+02
7.678645629882812500e+02
7.647936401367187500e+02
7.325636596679687500e+02
7.438058471679687500e+02
7.321900634765625000e+02
7.654098510742187500e+02
7.502326660156250000e+02
7.622161865234375000e+02
7.350451660156250000e+02
7.495453491210937500e+02
7.307529296875000000e+02
7.394454345703125000e+02
7.275818481445312500e+02
7.351706542968750000e+02
7.287188110351562500e+02
7.538686523437500000e+02
7.635413818359375000e+02
7.942686767578125000e+02
7.494912719726562500e+02
7.402625122070312500e+02
7.036203002929687500e+02
7.046185913085937500e+02
7.010864257812500000e+02
7.377413330078125000e+02
7.606024780273437500e+02
8.090084838867187500e+02
7.667199707031250000e+02
7.513864746093750000e+02
7.271094360351562500e+02
7.382917480468750000e+02
7.251671752929687500e+02
7.435608520507812500e+02
7.468311767578125000e+02
7.726928100585937500e+02
7.499553222656250000e+02
7.444039916992187500e+02
7.471409912109375000e+02
7.653647460937500000e+02
7.538551025390625000e+02
7.594481811523437500e+02
7.432895507812500000e+02
7.589525756835937500e+02
7.393892211914062500e+02
7.601437377929687500e+02
7.473757324218750000e+02
7.469326782226562500e+02
7.154924926757812500e+02
7.190906372070312500e+02
7.208125610351562500e+02
7.451273803710937500e+02
7.529989013671875000e+02
7.943786010742187500e+02
7.635345458984375000e+02
7.559074707031250000e+02
7.129674072265625000e+02
7.226212158203125000e+02
7.248225097656250000e+02
7.481430053710937500e+02
7.570001831054687500e+02
7.942619018554687500e+02
7.565958862304687500e+02
7.609509277343750000e+02
7.223276367187500000e+02
7.277037353515625000e+02
7.175917968750000000e+02
7.300084228515625000e+02
7.140893554687500000e+02
7.379149780273437500e+02
7.287580566406250000e+02
7.398507690429687500e+02
7.511279296875000000e+02
7.732734985351562500e+02
7.601951293945312500e+02
7.755850830078125000e+02
7.439806518554687500e+02
7.550208129882812500e+02
7.352149658203125000e+02
7.452573242187500000e+02
7.344766845703125000e+02
7.597484741210937500e+02
7.562120971679687500e+02
7.581716308593750000e+02
7.288159179687500000e+02
7.385485839843750000e+02
7.276277465820312500e+02
7.576498413085937500e+02
7.554760742187500000e+02
7.867215576171875000e+02
7.504181518554687500e+02
7.497336425781250000e+02
7.211826782226562500e+02
7.263545532226562500e+02
7.223807983398437500e+02
7.392014160156250000e+02
7.480827636718750000e+02
7.982855834960937500e+02
7.644032592773437500e+02
7.503571777343750000e+02
7.055840454101562500e+02
7.063859863281250000e+02
7.040255126953125000e+02
7.277604370117187500e+02
7.500020141601562500e+02
7.928369140625000000e+02
7.573305053710937500e+02
7.490736694335937500e+02
7.095979003906250000e+02
7.127400512695312500e+02
7.041936035156250000e+02
7.298549804687500000e+02
7.246386718750000000e+02
7.604532470703125000e+02
7.469176635742187500e+02
7.727375488281250000e+02
7.523688354492187500e+02
7.451245727539062500e+02
7.210692138671875000e+02
7.258679199218750000e+02
7.188275146484375000e+02
7.497061767578125000e+02
7.416619873046875000e+02
7.772128906250000000e+02
7.468037719726562500e+02
7.465964965820312500e+02
7.247412719726562500e+02
7.493800048828125000e+02
7.395679321289062500e+02
7.465871582031250000e+02
7.188070068359375000e+02
7.222858886718750000e+02
6.998587646484375000e+02
7.215997314453125000e+02
7.106586303710937500e+02
7.394491577148437500e+02
7.439421386718750000e+02
7.790468139648437500e+02
7.544102172851562500e+02
7.543811035156250000e+02
7.353640747070312500e+02
7.603643188476562500e+02
7.264244384765625000e+02
7.343380126953125000e+02
7.170877685546875000e+02
7.492983398437500000e+02
7.365427246093750000e+02
7.654993896484375000e+02
7.558700561523437500e+02
7.658531494140625000e+02
7.243986816406250000e+02
7.240270996093750000e+02
7.141729125976562500e+02
7.400588378906250000e+02
7.285688476562500000e+02
7.539453125000000000e+02
7.415706787109375000e+02
7.476060180664062500e+02
7.106607666015625000e+02
7.110584716796875000e+02
7.027244262695312500e+02
7.311585693359375000e+02
7.478624877929687500e+02
7.738505859375000000e+02
7.526085205078125000e+02
7.521347656250000000e+02
7.182865600585937500e+02
7.169553222656250000e+02
7.116702270507812500e+02
7.525055541992187500e+02
7.664277343750000000e+02
7.843779296875000000e+02
7.410441284179687500e+02
7.274188232421875000e+02
6.949710083007812500e+02
6.934782104492187500e+02
6.996329345703125000e+02
7.428599243164062500e+02
7.563701782226562500e+02
8.096947631835937500e+02
7.650937500000000000e+02
7.481060180664062500e+02
7.060187988281250000e+02
7.175321655273437500e+02
7.177328491210937500e+02
7.387384643554687500e+02
7.332726440429687500e+02
7.606364135742187500e+02
7.514346313476562500e+02
7.577246704101562500e+02
7.151300659179687500e+02
7.086392211914062500e+02
6.944998779296875000e+02
7.139510498046875000e+02
7.201936035156250000e+02
7.826864624023437500e+02
7.722557983398437500e+02
7.854340820312500000e+02
7.332985839843750000e+02
7.235061645507812500e+02
6.900819091796875000e+02
7.051649780273437500e+02
7.068821411132812500e+02
7.528565673828125000e+02
7.814778442382812500e+02
8.077249755859375000e+02
7.417990112304687500e+02
7.047811889648437500e+02
6.662360229492187500e+02
6.577848510742187500e+02
6.656734619140625000e+02
6.925574340820312500e+02
7.252436523437500000e+02
7.988609008789062500e+02
7.769686279296875000e+02
7.795561523437500000e+02
7.267522583007812500e+02
7.164878540039062500e+02
7.007061767578125000e+02
7.160990600585937500e+02
7.315286865234375000e+02
7.683508911132812500e+02
7.485250854492187500e+02
7.520960693359375000e+02
7.217642211914062500e+02
7.268084716796875000e+02
7.205006713867187500e+02
7.444446411132812500e+02
7.514833984375000000e+02
7.963788452148437500e+02
7.578960571289062500e+02
7.427118530273437500e+02
7.123200683593750000e+02
7.331693115234375000e+02
7.398707275390625000e+02
7.730937500000000000e+02
7.525998535156250000e+02
7.586373901367187500e+02
7.095135498046875000e+02
7.092265625000000000e+02
7.008182373046875000e+02
7.287333374023437500e+02
7.539748535156250000e+02
7.796774291992187500e+02
7.628945922851562500e+02
7.512823486328125000e+02
7.091734008789062500e+02
7.136047973632812500e+02
7.073629760742187500e+02
7.357239379882812500e+02
7.495686035156250000e+02
7.980089721679687500e+02
7.601320800781250000e+02
7.402051391601562500e+02
7.032044677734375000e+02
7.105806884765625000e+02
7.127025756835937500e+02
7.616957397460937500e+02
7.662714843750000000e+02
8.036444702148437500e+02
7.376809692382812500e+02
7.058673095703125000e+02
6.760004882812500000e+02
6.906478881835937500e+02
7.145333251953125000e+02
7.894832153320312500e+02
7.921695556640625000e+02
7.694680175781250000e+02
7.033327636718750000e+02
6.798781127929687500e+02
6.699121093750000000e+02
6.833756713867187500e+02
7.250429687500000000e+02
8.024575195312500000e+02
7.759532470703125000e+02
7.639739379882812500e+02
7.221615600585937500e+02
7.099603881835937500e+02
7.012028808593750000e+02
7.165475463867187500e+02
7.200511474609375000e+02
7.671395874023437500e+02
7.581642456054687500e+02
7.834368286132812500e+02
7.361327514648437500e+02
7.238237304687500000e+02
7.052224121093750000e+02
7.194915771484375000e+02
7.063513183593750000e+02
7.206054077148437500e+02
7.331300659179687500e+02
7.634503173828125000e+02
7.438310546875000000e+02
7.400988159179687500e+02
7.191181640625000000e+02
7.338773193359375000e+02
7.207554931640625000e+02
7.654397583007812500e+02
7.659660034179687500e+02
7.810109252929687500e+02
7.277033081054687500e+02
7.165340576171875000e+02
6.856591186523437500e+02
6.947420043945312500e+02
7.050850830078125000e+02
7.483168945312500000e+02
7.466286621093750000e+02
7.682026367187500000e+02
7.329243164062500000e+02
7.455374145507812500e+02
7.140388793945312500e+02
7.095096435546875000e+02
6.930684814453125000e+02
7.060046386718750000e+02
7.100766601562500000e+02
7.484014282226562500e+02
7.561245117187500000e+02
7.686508789062500000e+02
7.272835083007812500e+02
7.183499145507812500e+02
6.995734252929687500e+02
7.269802246093750000e+02
7.446451416015625000e+02
7.949998168945312500e+02
7.550038452148437500e+02
7.556600952148437500e+02
7.046763916015625000e+02
7.136767578125000000e+02
7.070745849609375000e+02
7.333999023437500000e+02
7.316850585937500000e+02
7.569494018554687500e+02
7.322332153320312500e+02
7.286788330078125000e+02
6.983135986328125000e+02
7.183828125000000000e+02
7.247382202148437500e+02
7.740570068359375000e+02
7.507413330078125000e+02
7.601574707031250000e+02
7.227973022460937500e+02
7.156501464843750000e+02
6.982853393554687500e+02
7.334014892578125000e+02
7.269436035156250000e+02
7.455723266601562500e+02
7.340725708007812500e+02
7.455161743164062500e+02
7.246459350585937500e+02
7.546870727539062500e+02
7.288690185546875000e+02
7.401080932617187500e+02
7.124284667968750000e+02
7.146222534179687500e+02
7.092913818359375000e+02
7.345930175781250000e+02
7.350521850585937500e+02
7.709769287109375000e+02
7.302532348632812500e+02
7.329985961914062500e+02
7.035277709960937500e+02
7.385859375000000000e+02
7.407628173828125000e+02
7.774776611328125000e+02
7.481795043945312500e+02
7.516553344726562500e+02
7.101785888671875000e+02
7.238225708007812500e+02
7.054874267578125000e+02
7.129047241210937500e+02
7.160382690429687500e+02
7.575861816406250000e+02
7.430296020507812500e+02
7.541660156250000000e+02
7.165014038085937500e+02
7.042886352539062500e+02
6.903698730468750000e+02
7.118486328125000000e+02
7.361423950195312500e+02
7.813244018554687500e+02
7.578826293945312500e+02
7.511275024414062500e+02
7.087009277343750000e+02
6.890369262695312500e+02
6.696278686523437500e+02
6.901058959960937500e+02
7.155843505859375000e+02
7.789573364257812500e+02
7.710912475585937500e+02
7.626679077148437500e+02
7.026088867187500000e+02
6.957108764648437500e+02
6.947792968750000000e+02
7.205424804687500000e+02
7.213842163085937500e+02
7.636571044921875000e+02
7.455568237304687500e+02
7.563407592773437500e+02
7.240445556640625000e+02
7.322819824218750000e+02
7.072805786132812500e+02
7.344832153320312500e+02
7.253634033203125000e+02
7.610994873046875000e+02
7.497482299804687500e+02
7.680842285156250000e+02
7.392550048828125000e+02
7.245172119140625000e+02
6.957497558593750000e+02
7.116718139648437500e+02
7.118776855468750000e+02
7.319331665039062500e+02
7.349334716796875000e+02
7.578671875000000000e+02
7.296185913085937500e+02
7.374201049804687500e+02
7.260472412109375000e+02
7.479228515625000000e+02
7.316488037109375000e+02
7.322910156250000000e+02
7.127001342773437500e+02
7.292113037109375000e+02
7.153917236328125000e+02
7.472730102539062500e+02
7.375050659179687500e+02
7.486140136718750000e+02
7.168077392578125000e+02
7.154256591796875000e+02
7.008390502929687500e+02
7.212727661132812500e+02
7.119711303710937500e+02
7.562053833007812500e+02
7.350503540039062500e+02
7.517221679687500000e+02
7.188530883789062500e+02
7.239819946289062500e+02
7.085198974609375000e+02
7.298424072265625000e+02
7.197185668945312500e+02
7.488672485351562500e+02
7.202477416992187500e+02
7.352296752929687500e+02
7.093168945312500000e+02
7.227114257812500000e+02
7.234769287109375000e+02
7.519826660156250000e+02
7.263934326171875000e+02
7.275012207031250000e+02
7.111765136718750000e+02
7.196295166015625000e+02
7.144989624023437500e+02
7.400128784179687500e+02
7.407401733398437500e+02
7.691954345703125000e+02
7.412429199218750000e+02
7.376606445312500000e+02
7.025091552734375000e+02
7.106412353515625000e+02
7.047992553710937500e+02
7.346668090820312500e+02
7.337627563476562500e+02
7.541524658203125000e+02
7.247540893554687500e+02
7.143357543945312500e+02
6.897968139648437500e+02
6.949628295898437500e+02
6.957348632812500000e+02
7.314118041992187500e+02
7.458264770507812500e+02
7.767051391601562500e+02
7.408522949218750000e+02
7.247935791015625000e+02
6.882979736328125000e+02
6.804402465820312500e+02
6.832933349609375000e+02
7.248847656250000000e+02
7.352546386718750000e+02
7.603038330078125000e+02
7.325186767578125000e+02
7.312495727539062500e+02
7.093265991210937500e+02
7.133890991210937500e+02
6.993458862304687500e+02
7.211100463867187500e+02
7.074080810546875000e+02
7.443878173828125000e+02
7.316434936523437500e+02
7.520043334960937500e+02
7.217561035156250000e+02
7.238197631835937500e+02
7.080563354492187500e+02
7.271172485351562500e+02
7.143845825195312500e+02
7.502942504882812500e+02
7.260269165039062500e+02
7.277683105468750000e+02
7.153853149414062500e+02
7.252691650390625000e+02
7.157180786132812500e+02
7.552500610351562500e+02
7.382227172851562500e+02
7.628708496093750000e+02
7.263903808593750000e+02
7.229359130859375000e+02
6.912498779296875000e+02
6.947385864257812500e+02
6.915375976562500000e+02
7.305255737304687500e+02
7.361345214843750000e+02
7.506179199218750000e+02
7.387109985351562500e+02
7.484049682617187500e+02
7.194360961914062500e+02
7.365599975585937500e+02
7.211171875000000000e+02
7.363143920898437500e+02
7.235300903320312500e+02
7.373260498046875000e+02
7.119126586914062500e+02
7.178068847656250000e+02
7.069422607421875000e+02
7.387848510742187500e+02
7.308697509765625000e+02
7.478391723632812500e+02
7.208006591796875000e+02
7.291081542968750000e+02
7.097639770507812500e+02
7.288078002929687500e+02
7.147262573242187500e+02
7.217894287109375000e+02
7.072107543945312500e+02
7.180894775390625000e+02
7.082240600585937500e+02
7.353758544921875000e+02
7.300061035156250000e+02
7.276202392578125000e+02
6.905508422851562500e+02
6.975466308593750000e+02
6.932686767578125000e+02
7.360061035156250000e+02
7.578489990234375000e+02
7.992604980468750000e+02
7.307987670898437500e+02
7.003287353515625000e+02
6.878745117187500000e+02
7.035067138671875000e+02
6.989717407226562500e+02
7.454037475585937500e+02
7.440801391601562500e+02
7.628067626953125000e+02
7.118433837890625000e+02
7.021457519531250000e+02
6.850738525390625000e+02
7.046925048828125000e+02
7.133843994140625000e+02
7.614922485351562500e+02
7.384635009765625000e+02
7.454631347656250000e+02
6.985255126953125000e+02
6.992871704101562500e+02
6.985383911132812500e+02
7.242173461914062500e+02
7.081856689453125000e+02
7.353579711914062500e+02
7.287322998046875000e+02
7.436484985351562500e+02
7.249201660156250000e+02
7.416033325195312500e+02
7.158182373046875000e+02
7.241586303710937500e+02
6.912032470703125000e+02
6.906013793945312500e+02
6.955775756835937500e+02
7.363442993164062500e+02
7.501672973632812500e+02
7.762870483398437500e+02
7.363755493164062500e+02
7.293155517578125000e+02
7.006946411132812500e+02
7.082728271484375000e+02
7.011586303710937500e+02
7.297380981445312500e+02
7.244548339843750000e+02
7.471470947265625000e+02
7.266191406250000000e+02
7.279773559570312500e+02
7.082800903320312500e+02
7.173863525390625000e+02
7.095996704101562500e+02
7.534904174804687500e+02
7.297472534179687500e+02
7.443231811523437500e+02
7.232742309570312500e+02
7.324924316406250000e+02
6.917244873046875000e+02
6.925769042968750000e+02
6.847960205078125000e+02
7.274545898437500000e+02
7.269537353515625000e+02
7.725155639648437500e+02
7.414010620117187500e+02
7.419694213867187500e+02
6.903363647460937500e+02
6.792164306640625000e+02
6.716914672851562500e+02
7.011623535156250000e+02
7.106544799804687500e+02
7.479970703125000000e+02
7.462021484375000000e+02
7.617561035156250000e+02
7.117899780273437500e+02
6.986763916015625000e+02
6.763142089843750000e+02
6.894324340820312500e+02
6.884954833984375000e+02
7.231315917968750000e+02
7.388950805664062500e+02
7.701400146484375000e+02
7.231488037109375000e+02
7.189373168945312500e+02
6.900861816406250000e+02
7.173562622070312500e+02
7.078910522460937500e+02
7.502636718750000000e+02
7.407118530273437500e+02
7.466603393554687500e+02
7.051640014648437500e+02
7.041607666015625000e+02
6.993012695312500000e+02
7.183775024414062500e+02
7.153552246093750000e+02
7.489186401367187500e+02
7.297713012695312500e+02
7.416544799804687500e+02
7.119951782226562500e+02
7.185230712890625000e+02
6.999863281250000000e+02
7.267249755859375000e+02
7.232839355468750000e+02
7.340778198242187500e+02
7.057347412109375000e+02
7.146163940429687500e+02
7.032902221679687500e+02
7.253916625976562500e+02
7.118620605468750000e+02
7.452432250976562500e+02
7.134582519531250000e+02
7.202006835937500000e+02
6.916289672851562500e+02
6.980606689453125000e+02
6.984301147460937500e+02
7.299094238281250000e+02
7.435946655273437500e+02
7.665303955078125000e+02
7.160666503906250000e+02
7.191880493164062500e+02
6.902994995117187500e+02
6.953834838867187500e+02
6.859185180664062500e+02
7.251149291992187500e+02
7.331090087890625000e+02
7.699733276367187500e+02
7.181177368164062500e+02
7.126605834960937500e+02
6.991782226562500000e+02
7.226983032226562500e+02
7.091806640625000000e+02
7.373847656250000000e+02
7.270839233398437500e+02
7.409698486328125000e+02
7.214253540039062500e+02
7.126026000976562500e+02
6.962421875000000000e+02
7.245134277343750000e+02
7.146950683593750000e+02
7.422743530273437500e+02
7.148460693359375000e+02
7.301070556640625000e+02
7.108568115234375000e+02
7.126635742187500000e+02
6.865808105468750000e+02
7.031914672851562500e+02
7.100312500000000000e+02
7.404611816406250000e+02
7.215232543945312500e+02
7.312828979492187500e+02
7.000965576171875000e+02
7.000828247070312500e+02
6.895820312500000000e+02
7.119354248046875000e+02
7.150360107421875000e+02
7.472085571289062500e+02
7.239141845703125000e+02
7.379107666015625000e+02
7.086389160156250000e+02
7.151140136718750000e+02
6.972625732421875000e+02
6.991136474609375000e+02
6.951250610351562500e+02
7.343362426757812500e+02
7.276465454101562500e+02
7.628120727539062500e+02
7.233266601562500000e+02
7.164639282226562500e+02
6.843531494140625000e+02
6.959958496093750000e+02
6.910546264648437500e+02
7.201133422851562500e+02
7.078425903320312500e+02
7.316331787109375000e+02
7.132127685546875000e+02
7.271747436523437500e+02
6.996555786132812500e+02
7.113681030273437500e+02
6.889115600585937500e+02
7.079243164062500000e+02
6.930056762695312500e+02
7.152570190429687500e+02
7.034249267578125000e+02
7.308011474609375000e+02
7.209881591796875000e+02
7.505380859375000000e+02
7.258368530273437500e+02
7.389460449218750000e+02
6.963674316406250000e+02
7.035468139648437500e+02
6.990471801757812500e+02
7.375356445312500000e+02
7.401476440429687500e+02
7.616200561523437500e+02
7.093615112304687500e+02
7.073229370117187500e+02
6.886812133789062500e+02
7.030629272460937500e+02
7.001006469726562500e+02
7.158208007812500000e+02
7.053066406250000000e+02
7.402785644531250000e+02
7.251389160156250000e+02
7.433892211914062500e+02
7.049098510742187500e+02
7.000189819335937500e+02
6.883919677734375000e+02
7.036118164062500000e+02
7.071256713867187500e+02
7.327165527343750000e+02
7.253051757812500000e+02
7.562774047851562500e+02
7.120235595703125000e+02
7.110333251953125000e+02
6.851408081054687500e+02
6.897476806640625000e+02
6.831431884765625000e+02
7.037333984375000000e+02
7.096997680664062500e+02
7.522048950195312500e+02
7.327461547851562500e+02
7.564123535156250000e+02
7.039901733398437500e+02
6.896696166992187500e+02
6.715574340820312500e+02
6.827183837890625000e+02
7.017908935546875000e+02
7.497041015625000000e+02
7.347463989257812500e+02
7.554909667968750000e+02
7.032730712890625000e+02
6.897792968750000000e+02
6.792957763671875000e+02
7.088608398437500000e+02
7.150928955078125000e+02
7.673677978515625000e+02
7.314749145507812500e+02
7.193221435546875000e+02
6.744489746093750000e+02
6.729860229492187500e+02
6.588205566406250000e+02
6.786085815429687500e+02
6.878135986328125000e+02
7.215911865234375000e+02
7.269218139648437500e+02
7.724245605468750000e+02
7.280559692382812500e+02
7.148698120117187500e+02
6.751820678710937500e+02
6.790443725585937500e+02
6.881534423828125000e+02
7.151897583007812500e+02
7.306216430664062500e+02
7.619811401367187500e+02
7.218370971679687500e+02
7.048421020507812500e+02
6.691386718750000000e+02
6.752081298828125000e+02
6.779072265625000000e+02
7.128670654296875000e+02
7.248595581054687500e+02
7.551019897460937500e+02
7.175493164062500000e+02
7.349698486328125000e+02
7.033400878906250000e+02
7.115606689453125000e+02
7.043676757812500000e+02
7.316384277343750000e+02
7.223485717773437500e+02
7.460257568359375000e+02
7.146610107421875000e+02
7.188375854492187500e+02
6.937952270507812500e+02
7.126247558593750000e+02
7.024012451171875000e+02
7.227874145507812500e+02
7.121258544921875000e+02
7.304400024414062500e+02
7.111134033203125000e+02
7.018948974609375000e+02
6.915279541015625000e+02
7.110160522460937500e+02
7.152066650390625000e+02
7.601713256835937500e+02
7.197760620117187500e+02
7.173460693359375000e+02
6.816813354492187500e+02
6.853283081054687500e+02
6.820399780273437500e+02
7.146252441406250000e+02
7.050470581054687500e+02
7.245985717773437500e+02
7.201398925781250000e+02
7.467664184570312500e+02
7.043999633789062500e+02
6.878226928710937500e+02
6.710932617187500000e+02
6.734506835937500000e+02
6.851034545898437500e+02
7.390736694335937500e+02
7.432189331054687500e+02
7.414584960937500000e+02
6.955460815429687500e+02
6.929083251953125000e+02
6.966587524414062500e+02
7.286743164062500000e+02
7.227752685546875000e+02
7.514619750976562500e+02
7.140123291015625000e+02
7.196036376953125000e+02
6.885379638671875000e+02
7.023207397460937500e+02
7.016527709960937500e+02
7.179551391601562500e+02
6.954236450195312500e+02
7.090394897460937500e+02
6.970258789062500000e+02
7.183112182617187500e+02
7.118348388671875000e+02
7.499758300781250000e+02
7.225302124023437500e+02
7.255661621093750000e+02
6.814602661132812500e+02
6.786911010742187500e+02
6.809680175781250000e+02
7.212655029296875000e+02
7.192938842773437500e+02
7.511255493164062500e+02
7.138095703125000000e+02
7.173948974609375000e+02
6.897689208984375000e+02
6.905548706054687500e+02
6.767310791015625000e+02
7.218671875000000000e+02
7.106815795898437500e+02
7.488960571289062500e+02
7.240806884765625000e+02
7.378165893554687500e+02
6.965362548828125000e+02
6.922563476562500000e+02
6.774912109375000000e+02
7.001747436523437500e+02
7.155430908203125000e+02
7.638203125000000000e+02
7.322576293945312500e+02
7.165408325195312500e+02
6.710256958007812500e+02
6.707027587890625000e+02
6.582871704101562500e+02
6.910390625000000000e+02
7.208742675781250000e+02
7.599585571289062500e+02
7.243291625976562500e+02
7.357190551757812500e+02
6.900568237304687500e+02
7.013715820312500000e+02
6.842055053710937500e+02
7.083544311523437500e+02
7.111243896484375000e+02
7.431292724609375000e+02
7.054886474609375000e+02
6.896486816406250000e+02
6.748031005859375000e+02
7.034671020507812500e+02
7.050687255859375000e+02
7.497854003906250000e+02
7.255917968750000000e+02
7.448111572265625000e+02
7.071111450195312500e+02
7.268124389648437500e+02
6.939892578125000000e+02
6.964341430664062500e+02
6.760986328125000000e+02
6.863963623046875000e+02
6.892105102539062500e+02
7.369765625000000000e+02
7.414185791015625000e+02
7.532363891601562500e+02
7.025995483398437500e+02
6.940466308593750000e+02
6.702458496093750000e+02
6.809370117187500000e+02
6.808643188476562500e+02
7.183316650390625000e+02
7.128784179687500000e+02
7.393602294921875000e+02
7.160582275390625000e+02
7.228697509765625000e+02
6.999876708984375000e+02
7.133163452148437500e+02
7.050280151367187500e+02
7.294881591796875000e+02
7.276293945312500000e+02
7.450232543945312500e+02
7.040556030273437500e+02
7.070046386718750000e+02
6.844663085937500000e+02
6.973555908203125000e+02
6.895857543945312500e+02
7.215490722656250000e+02
7.192329711914062500e+02
7.302852172851562500e+02
7.051786499023437500e+02
7.135729980468750000e+02
7.020358276367187500e+02
7.147133178710937500e+02
6.897384643554687500e+02
7.095784912109375000e+02
6.873181762695312500e+02
7.067847290039062500e+02
6.993208007812500000e+02
7.023843994140625000e+02
6.906098632812500000e+02
7.115641479492187500e+02
6.875360717773437500e+02
7.272995605468750000e+02
7.132774047851562500e+02
7.258145141601562500e+02
7.039983520507812500e+02
7.151713256835937500e+02
7.015822143554687500e+02
7.250431518554687500e+02
7.028966674804687500e+02
7.147600097656250000e+02
6.919563598632812500e+02
7.066330566406250000e+02
6.859171752929687500e+02
7.105524291992187500e+02
7.026715087890625000e+02
7.483455200195312500e+02
7.129502563476562500e+02
7.047762451171875000e+02
6.681224365234375000e+02
6.738389282226562500e+02
6.748388061523437500e+02
6.998859863281250000e+02
6.989177856445312500e+02
7.315751342773437500e+02
7.234080200195312500e+02
7.500734252929687500e+02
7.052952270507812500e+02
6.869323120117187500e+02
6.658963623046875000e+02
6.889287719726562500e+02
6.872373657226562500e+02
7.365479736328125000e+02
7.230471801757812500e+02
7.400495605468750000e+02
7.089998168945312500e+02
7.042384033203125000e+02
6.828276367187500000e+02
6.887946777343750000e+02
6.938263549804687500e+02
7.343282470703125000e+02
7.245631713867187500e+02
7.374451293945312500e+02
6.975101928710937500e+02
6.936446533203125000e+02
6.775709838867187500e+02
7.069010620117187500e+02
7.112886352539062500e+02
7.491868896484375000e+02
7.238672485351562500e+02
7.244503784179687500e+02
6.896030883789062500e+02
6.967995605468750000e+02
6.914145507812500000e+02
7.269776611328125000e+02
7.215362548828125000e+02
7.365505981445312500e+02
6.855861816406250000e+02
6.819348754882812500e+02
6.766142578125000000e+02
7.001456298828125000e+02
7.003900146484375000e+02
7.382437133789062500e+02
7.219735107421875000e+02
7.382077636718750000e+02
6.935381469726562500e+02
6.982593383789062500e+02
6.837740478515625000e+02
6.943281250000000000e+02
6.839648437500000000e+02
7.086904907226562500e+02
6.998328247070312500e+02
7.367545776367187500e+02
7.075324096679687500e+02
7.015753173828125000e+02
6.758164672851562500e+02
6.887070922851562500e+02
6.922733154296875000e+02
7.132295532226562500e+02
7.046425781250000000e+02
7.257096557617187500e+02
6.925072631835937500e+02
6.940628051757812500e+02
6.901314086914062500e+02
7.229447631835937500e+02
7.204918823242187500e+02
7.424295043945312500e+02
6.949168090820312500e+02
7.069600219726562500e+02
6.785462036132812500e+02
6.966223754882812500e+02
6.795775756835937500e+02
6.921040039062500000e+02
6.806348266601562500e+02
7.126123046875000000e+02
7.056508789062500000e+02
7.277640991210937500e+02
6.978515014648437500e+02
6.992128295898437500e+02
6.893822631835937500e+02
7.042291870117187500e+02
6.933279418945312500e+02
7.184035034179687500e+02
6.925645141601562500e+02
7.173511352539062500e+02
7.017636718750000000e+02
7.164854125976562500e+02
6.794951782226562500e+02
6.895034790039062500e+02
6.888101196289062500e+02
7.311419067382812500e+02
7.198750610351562500e+02
7.375642700195312500e+02
7.014450683593750000e+02
7.069356689453125000e+02
6.805412597656250000e+02
6.931150512695312500e+02
6.665725097656250000e+02
6.838333129882812500e+02
7.029525756835937500e+02
7.489219360351562500e+02
7.202513427734375000e+02
7.190723876953125000e+02
6.855606689453125000e+02
6.943892822265625000e+02
6.834888916015625000e+02
7.006331787109375000e+02
6.899106445312500000e+02
7.003316650390625000e+02
6.978374633789062500e+02
7.160002441406250000e+02
6.910248413085937500e+02
7.136433105468750000e+02
6.962434692382812500e+02
7.084822998046875000e+02
6.885945434570312500e+02
7.167336425781250000e+02
7.008646850585937500e+02
7.267570800781250000e+02
6.939804687500000000e+02
7.009763793945312500e+02
6.781577148437500000e+02
6.949187622070312500e+02
6.913894653320312500e+02
7.313073120117187500e+02
7.085196533203125000e+02
7.291923217773437500e+02
7.057763061523437500e+02
7.243663940429687500e+02
6.876436767578125000e+02
6.894552001953125000e+02
6.580885009765625000e+02
6.926046752929687500e+02
6.980457153320312500e+02
7.528972167968750000e+02
7.202758178710937500e+02
7.290374145507812500e+02
6.769976196289062500e+02
6.621799316406250000e+02
6.468231201171875000e+02
6.658871459960937500e+02
6.927191772460937500e+02
7.354506835937500000e+02
7.288519287109375000e+02
7.339434814453125000e+02
6.822573242187500000e+02
6.799700927734375000e+02
6.842233886718750000e+02
7.239945068359375000e+02
7.109738159179687500e+02
7.264803466796875000e+02
6.855072631835937500e+02
6.813254394531250000e+02
6.687489624023437500e+02
6.916484375000000000e+02
7.013070678710937500e+02
7.554840698242187500e+02
7.264364624023437500e+02
7.219812622070312500e+02
6.849244384765625000e+02
6.692018432617187500e+02
6.591354370117187500e+02
6.919389648437500000e+02
7.003195800781250000e+02
7.469820556640625000e+02
7.036782226562500000e+02
6.935230712890625000e+02
6.628224487304687500e+02
6.737485961914062500e+02
6.746580200195312500e+02
7.256287231445312500e+02
7.170825805664062500e+02
7.450262451171875000e+02
6.982585449218750000e+02
7.101334228515625000e+02
6.964459838867187500e+02
7.208646850585937500e+02
6.971656494140625000e+02
7.142424926757812500e+02
6.963193969726562500e+02
7.272113037109375000e+02
7.086750488281250000e+02
7.202903442382812500e+02
6.784750366210937500e+02
6.856544799804687500e+02
6.782039184570312500e+02
6.955576782226562500e+02
6.828977661132812500e+02
7.271026000976562500e+02
7.076072998046875000e+02
7.189737548828125000e+02
6.831401977539062500e+02
6.896369628906250000e+02
6.669982910156250000e+02
7.014125976562500000e+02
6.992753295898437500e+02
7.276409301757812500e+02
6.946228027343750000e+02
6.987714233398437500e+02
6.699375000000000000e+02
6.920338745117187500e+02
6.877666625976562500e+02
7.307120971679687500e+02
7.108570556640625000e+02
7.297382202148437500e+02
6.899005126953125000e+02
6.968786621093750000e+02
6.802969360351562500e+02
7.050709228515625000e+02
7.047399902343750000e+02
7.408720092773437500e+02
7.124094238281250000e+02
7.096191406250000000e+02
6.700712280273437500e+02
6.785783081054687500e+02
6.620354003906250000e+02
6.856022949218750000e+02
6.915003051757812500e+02
7.228991699218750000e+02
7.087698364257812500e+02
7.153989868164062500e+02
6.944343872070312500e+02
7.007023925781250000e+02
6.815449829101562500e+02
6.953015136718750000e+02
6.807643432617187500e+02
7.041539306640625000e+02
6.862319946289062500e+02
7.132788085937500000e+02
7.027975463867187500e+02
7.119716796875000000e+02
6.872289428710937500e+02
6.995362548828125000e+02
6.817423095703125000e+02
6.850516357421875000e+02
6.686345825195312500e+02
6.886356201171875000e+02
6.824329223632812500e+02
7.262157592773437500e+02
6.997680664062500000e+02
7.114317626953125000e+02
6.803179321289062500e+02
6.699442138671875000e+02
6.647420654296875000e+02
6.910836791992187500e+02
6.909206542968750000e+02
7.205994262695312500e+02
7.033931884765625000e+02
7.117395629882812500e+02
6.954396362304687500e+02
7.069401855468750000e+02
6.829468994140625000e+02
6.978762207031250000e+02
6.875082397460937500e+02
7.257340087890625000e+02
7.104027709960937500e+02
7.260596313476562500e+02
7.012472534179687500e+02
7.060410766601562500e+02
6.768636474609375000e+02
6.796536254882812500e+02
6.713067626953125000e+02
6.953007812500000000e+02
6.924196166992187500e+02
7.202984619140625000e+02
6.970088500976562500e+02
7.053592529296875000e+02
6.728433837890625000e+02
6.945098876953125000e+02
6.828860473632812500e+02
7.255383911132812500e+02
7.104040527343750000e+02
7.340020141601562500e+02
6.957150268554687500e+02
7.034739379882812500e+02
6.776305541992187500e+02
6.840972290039062500e+02
6.760748901367187500e+02
7.267902221679687500e+02
7.015231323242187500e+02
7.173595581054687500e+02
6.824550170898437500e+02
6.758992919921875000e+02
6.502145385742187500e+02
6.645752563476562500e+02
6.708605346679687500e+02
7.159448852539062500e+02
6.999907226562500000e+02
7.182485961914062500e+02
7.009999389648437500e+02
7.263147583007812500e+02
6.935369873046875000e+02
6.920334472656250000e+02
6.633884887695312500e+02
6.686359252929687500e+02
6.591466674804687500e+02
6.899290771484375000e+02
6.972153930664062500e+02
7.294020996093750000e+02
7.091915893554687500e+02
7.353016357421875000e+02
6.797943115234375000e+02
6.705156860351562500e+02
6.513696899414062500e+02
6.827208862304687500e+02
6.875941772460937500e+02
7.492111816406250000e+02
7.175446777343750000e+02
7.045773315429687500e+02
6.596679687500000000e+02
6.623630981445312500e+02
6.610925903320312500e+02
7.085373535156250000e+02
7.166976318359375000e+02
7.474479980468750000e+02
6.960838012695312500e+02
6.781231689453125000e+02
6.479359741210937500e+02
6.608723144531250000e+02
6.786199340820312500e+02
7.338845825195312500e+02
7.344486694335937500e+02
7.528427124023437500e+02
6.825793457031250000e+02
6.796739501953125000e+02
6.481935424804687500e+02
6.631170043945312500e+02
6.830147094726562500e+02
7.419300537109375000e+02
7.303524780273437500e+02
7.289423828125000000e+02
6.680913085937500000e+02
6.521693115234375000e+02
6.457888793945312500e+02
6.783309936523437500e+02
6.966585693359375000e+02
7.521099853515625000e+02
7.157026367187500000e+02
7.087131347656250000e+02
6.602324218750000000e+02
6.657839355468750000e+02
6.525637817382812500e+02
6.931085815429687500e+02
7.129525756835937500e+02
7.524434814453125000e+02
7.154513549804687500e+02
7.088346557617187500e+02
6.727446289062500000e+02
6.937423095703125000e+02
6.795145263671875000e+02
7.054817504882812500e+02
6.946303100585937500e+02
7.278787231445312500e+02
6.920369873046875000e+02
7.249485473632812500e+02
6.831544799804687500e+02
6.948222045898437500e+02
6.704245605468750000e+02
7.011604003906250000e+02
6.943535766601562500e+02
7.316095581054687500e+02
7.009448242187500000e+02
7.027141723632812500e+02
6.571680297851562500e+02
6.561788940429687500e+02
6.485097045898437500e+02
6.811535644531250000e+02
6.980368652343750000e+02
7.557120971679687500e+02
7.236687622070312500e+02
7.143231811523437500e+02
6.739188232421875000e+02
6.618522338867187500e+02
6.493064575195312500e+02
6.612304687500000000e+02
6.716666870117187500e+02
7.300664062500000000e+02
7.144502563476562500e+02
7.254979248046875000e+02
6.766175537109375000e+02
6.633552856445312500e+02
6.523320312500000000e+02
6.710323486328125000e+02
6.865149536132812500e+02
7.332825927734375000e+02
7.081505126953125000e+02
7.253143310546875000e+02
6.885601806640625000e+02
6.830108642578125000e+02
6.615578613281250000e+02
6.646786499023437500e+02
6.615567016601562500e+02
7.048588256835937500e+02
7.011097412109375000e+02
7.135869140625000000e+02
6.940408935546875000e+02
7.249897460937500000e+02
6.900020141601562500e+02
6.929950561523437500e+02
6.667805175781250000e+02
6.902575073242187500e+02
6.899598388671875000e+02
7.203483276367187500e+02
7.050775146484375000e+02
7.224080810546875000e+02
6.885942382812500000e+02
6.966184082031250000e+02
6.743609008789062500e+02
7.086170043945312500e+02
7.049019165039062500e+02
7.386647949218750000e+02
6.857813720703125000e+02
6.739228515625000000e+02
6.550408935546875000e+02
6.725084228515625000e+02
6.644088134765625000e+02
7.078220214843750000e+02
7.084358520507812500e+02
7.310066528320312500e+02
6.967911376953125000e+02
7.060812988281250000e+02
6.689882812500000000e+02
6.696184692382812500e+02
6.688973999023437500e+02
6.844531860351562500e+02
6.918221435546875000e+02
7.392033081054687500e+02
6.993647460937500000e+02
7.031207275390625000e+02
6.617322998046875000e+02
6.618011474609375000e+02
6.447980957031250000e+02
6.718545532226562500e+02
6.929097290039062500e+02
7.542894897460937500e+02
7.165709838867187500e+02
7.042655029296875000e+02
6.591022949218750000e+02
6.457492065429687500e+02
6.462397460937500000e+02
6.748052368164062500e+02
6.986749267578125000e+02
7.509892578125000000e+02
7.107864379882812500e+02
6.977958374023437500e+02
6.470921020507812500e+02
6.524880981445312500e+02
6.426539306640625000e+02
6.697893066406250000e+02
6.789427490234375000e+02
7.404213256835937500e+02
7.240520019531250000e+02
7.241961669921875000e+02
6.720885620117187500e+02
6.626441040039062500e+02
6.518735961914062500e+02
6.783623657226562500e+02
6.904897460937500000e+02
7.441493530273437500e+02
7.179112548828125000e+02
7.128232421875000000e+02
6.645456542968750000e+02
6.571785888671875000e+02
6.655639038085937500e+02
6.956137084960937500e+02
6.974238891601562500e+02
7.250390625000000000e+02
6.875390625000000000e+02
7.032167968750000000e+02
6.770549926757812500e+02
6.838399047851562500e+02
6.513200073242187500e+02
6.790568847656250000e+02
6.796303100585937500e+02
7.327705078125000000e+02
7.067888183593750000e+02
7.188926391601562500e+02
6.787953491210937500e+02
6.837953491210937500e+02
6.599588012695312500e+02
6.827053833007812500e+02
6.809243774414062500e+02
7.093800048828125000e+02
6.930060424804687500e+02
7.007850952148437500e+02
6.844219970703125000e+02
7.054875488281250000e+02
6.858480834960937500e+02
7.041389160156250000e+02
6.765928955078125000e+02
6.803561401367187500e+02
6.663267211914062500e+02
6.988256225585937500e+02
7.000935668945312500e+02
7.199279174804687500e+02
6.881760864257812500e+02
6.957045898437500000e+02
6.753729248046875000e+02
6.999942626953125000e+02
7.016898803710937500e+02
7.258285522460937500e+02
6.792280273437500000e+02
6.783046875000000000e+02
6.581287841796875000e+02
6.655337524414062500e+02
6.682435302734375000e+02
7.198378906250000000e+02
7.003483276367187500e+02
7.181859741210937500e+02
6.797044677734375000e+02
6.795452270507812500e+02
6.622603149414062500e+02
6.823054809570312500e+02
6.794455566406250000e+02
7.221658935546875000e+02
7.042463378906250000e+02
7.071828002929687500e+02
6.737507934570312500e+02
6.778912353515625000e+02
6.617166137695312500e+02
6.817196655273437500e+02
6.781984863281250000e+02
7.084769287109375000e+02
6.979132690429687500e+02
7.185480957031250000e+02
6.885582885742187500e+02
6.918729248046875000e+02
6.644996337890625000e+02
6.867573852539062500e+02
6.797036743164062500e+02
7.180057373046875000e+02
6.991729125976562500e+02
7.126375732421875000e+02
6.694909667968750000e+02
6.693183593750000000e+02
6.592821044921875000e+02
6.824402465820312500e+02
6.876492309570312500e+02
7.135855712890625000e+02
6.924020996093750000e+02
7.088829345703125000e+02
6.812073364257812500e+02
7.055551757812500000e+02
6.803242187500000000e+02
6.908175048828125000e+02
6.621541748046875000e+02
6.823338623046875000e+02
6.681641845703125000e+02
6.976683959960937500e+02
6.828611450195312500e+02
7.104868164062500000e+02
6.848217163085937500e+02
6.870063476562500000e+02
6.574343872070312500e+02
6.618190307617187500e+02
6.611841430664062500e+02
7.062181396484375000e+02
6.905811767578125000e+02
7.178346557617187500e+02
6.802102661132812500e+02
6.751403808593750000e+02
6.557646484375000000e+02
6.771389770507812500e+02
6.752165527343750000e+02
7.155240478515625000e+02
6.939163818359375000e+02
7.082597656250000000e+02
6.735404663085937500e+02
6.914855957031250000e+02
6.754536132812500000e+02
6.982798461914062500e+02
6.695166015625000000e+02
6.856615600585937500e+02
6.649090576171875000e+02
6.884584960937500000e+02
6.843634643554687500e+02
7.121633911132812500e+02
6.840567626953125000e+02
6.911159667968750000e+02
6.618066406250000000e+02
6.831330566406250000e+02
6.874121704101562500e+02
7.050819702148437500e+02
6.913936157226562500e+02
7.130559692382812500e+02
6.716030883789062500e+02
6.764470214843750000e+02
6.666004638671875000e+02
6.988541259765625000e+02
6.979671020507812500e+02
7.095935668945312500e+02
6.728775634765625000e+02
6.787720947265625000e+02
6.562847290039062500e+02
6.899040527343750000e+02
6.923034667968750000e+02
7.401401367187500000e+02
6.902346801757812500e+02
6.874387207031250000e+02
6.473361816406250000e+02
6.610620727539062500e+02
6.520181884765625000e+02
7.011326293945312500e+02
7.046551513671875000e+02
7.372153930664062500e+02
6.847318115234375000e+02
6.671094360351562500e+02
6.483553466796875000e+02
6.471610107421875000e+02
6.657567138671875000e+02
7.129237670898437500e+02
7.219751586914062500e+02
7.396520996093750000e+02
6.691298217773437500e+02
6.591808471679687500e+02
6.432034301757812500e+02
6.646470947265625000e+02
6.772456054687500000e+02
7.158648071289062500e+02
6.972090454101562500e+02
7.208205566406250000e+02
6.844843139648437500e+02
6.878989868164062500e+02
6.726838378906250000e+02
6.860751953125000000e+02
6.858059692382812500e+02
6.914605102539062500e+02
6.731907958984375000e+02
6.959922485351562500e+02
6.708612670898437500e+02
6.847849731445312500e+02
6.698581542968750000e+02
6.984737548828125000e+02
6.898549804687500000e+02
7.040267333984375000e+02
6.756142578125000000e+02
6.711193847656250000e+02
6.597240600585937500e+02
6.874717407226562500e+02
6.819750976562500000e+02
7.116381835937500000e+02
6.820363159179687500e+02
7.073782958984375000e+02
6.713319091796875000e+02
6.776203002929687500e+02
6.558556518554687500e+02
6.877509765625000000e+02
6.779934692382812500e+02
7.041677246093750000e+02
6.930271606445312500e+02
7.055497436523437500e+02
6.790630493164062500e+02
6.942552490234375000e+02
6.758651733398437500e+02
7.117621459960937500e+02
6.916229248046875000e+02
6.948119506835937500e+02
6.623959350585937500e+02
6.698723754882812500e+02
6.688684082031250000e+02
7.167069091796875000e+02
6.988067016601562500e+02
6.978864746093750000e+02
6.574825439453125000e+02
6.688174438476562500e+02
6.701016235351562500e+02
6.944225463867187500e+02
6.879615478515625000e+02
7.077406616210937500e+02
6.725499267578125000e+02
6.919645996093750000e+02
6.762001953125000000e+02
7.079628295898437500e+02
6.951436767578125000e+02
7.078173828125000000e+02
6.717160644531250000e+02
6.750404052734375000e+02
6.470133056640625000e+02
6.627429809570312500e+02
6.687569580078125000e+02
6.919562377929687500e+02
6.600760498046875000e+02
6.835520629882812500e+02
6.710330200195312500e+02
7.024535522460937500e+02
6.831748046875000000e+02
7.039644775390625000e+02
6.778322143554687500e+02
6.807493896484375000e+02
6.456951293945312500e+02
6.561107177734375000e+02
6.599525756835937500e+02
7.131085205078125000e+02
7.086788940429687500e+02
7.302077636718750000e+02
6.702208862304687500e+02
6.553263549804687500e+02
6.426066894531250000e+02
6.791588745117187500e+02
6.921483764648437500e+02
7.363677978515625000e+02
6.953830566406250000e+02
6.861345214843750000e+02
6.543331298828125000e+02
6.731917114257812500e+02
6.657417602539062500e+02
7.048032226562500000e+02
6.846678466796875000e+02
6.931639404296875000e+02
6.687476806640625000e+02
6.984290771484375000e+02
6.879884643554687500e+02
7.047553100585937500e+02
6.764825439453125000e+02
6.878369140625000000e+02
6.667127685546875000e+02
6.934690551757812500e+02
6.905675048828125000e+02
7.311513061523437500e+02
6.917730712890625000e+02
6.885265502929687500e+02
6.619080200195312500e+02
6.698395996093750000e+02
6.546199951171875000e+02
6.909965209960937500e+02
6.902870483398437500e+02
7.115029907226562500e+02
6.796342163085937500e+02
6.716159667968750000e+02
6.563725585937500000e+02
6.695556030273437500e+02
6.591984863281250000e+02
6.780885620117187500e+02
6.719921875000000000e+02
7.114758300781250000e+02
6.913412475585937500e+02
7.123903808593750000e+02
6.754542236328125000e+02
6.812808837890625000e+02
6.574711303710937500e+02
6.640621337890625000e+02
6.559948730468750000e+02
6.608430786132812500e+02
6.623687744140625000e+02
6.829241333007812500e+02
6.826649780273437500e+02
7.261637573242187500e+02
6.926008911132812500e+02
6.896438598632812500e+02
6.465200195312500000e+02
6.428522949218750000e+02
6.413422241210937500e+02
6.890607299804687500e+02
7.014331665039062500e+02
7.506468505859375000e+02
6.949741821289062500e+02
6.776611938476562500e+02
6.435800781250000000e+02
6.487706298828125000e+02
6.413327026367187500e+02
6.693615112304687500e+02
6.960809936523437500e+02
7.486957397460937500e+02
6.930737304687500000e+02
6.786747436523437500e+02
6.411650390625000000e+02
6.533554687500000000e+02
6.454465942382812500e+02
6.943243408203125000e+02
6.840013427734375000e+02
7.061979370117187500e+02
6.678842163085937500e+02
6.570770263671875000e+02
6.458388061523437500e+02
6.827551879882812500e+02
6.900980224609375000e+02
7.378558959960937500e+02
6.809608764648437500e+02
6.715496826171875000e+02
6.387805175781250000e+02
6.431571044921875000e+02
6.455754394531250000e+02
7.004351806640625000e+02
6.969826049804687500e+02
7.285518798828125000e+02
6.890379028320312500e+02
6.951981201171875000e+02
6.534616699218750000e+02
6.686603393554687500e+02
6.626437377929687500e+02
6.842738037109375000e+02
6.690236816406250000e+02
7.056765136718750000e+02
6.856809082031250000e+02
6.963497924804687500e+02
6.558710937500000000e+02
6.608927612304687500e+02
6.514805297851562500e+02
7.006854858398437500e+02
7.060255126953125000e+02
7.261843872070312500e+02
6.727148437500000000e+02
6.771346435546875000e+02
6.652190551757812500e+02
6.757940673828125000e+02
6.618000488281250000e+02
6.930867309570312500e+02
6.833527221679687500e+02
7.111307373046875000e+02
6.782291870117187500e+02
6.801605224609375000e+02
6.558750610351562500e+02
6.626087036132812500e+02
6.596480102539062500e+02
6.977097167968750000e+02
7.041907348632812500e+02
7.337662963867187500e+02
6.674880981445312500e+02
6.506725463867187500e+02
6.382373657226562500e+02
6.706775512695312500e+02
6.640388793945312500e+02
6.874838256835937500e+02
6.772811279296875000e+02
7.001666870117187500e+02
6.774498901367187500e+02
6.873446044921875000e+02
6.531579589843750000e+02
6.649902954101562500e+02
6.769753417968750000e+02
7.210258178710937500e+02
7.015082397460937500e+02
7.134367675781250000e+02
6.596221313476562500e+02
6.410929565429687500e+02
6.309532470703125000e+02
6.660244140625000000e+02
6.833264770507812500e+02
7.213593139648437500e+02
6.853685302734375000e+02
6.841517944335937500e+02
6.541682739257812500e+02
6.748594360351562500e+02
6.735809326171875000e+02
7.019638061523437500e+02
6.826641845703125000e+02
6.952276000976562500e+02
6.622025146484375000e+02
6.764520874023437500e+02
6.540622558593750000e+02
6.648151245117187500e+02
6.631784057617187500e+02
6.826207275390625000e+02
6.799461059570312500e+02
7.083059082031250000e+02
6.773380126953125000e+02
6.898532104492187500e+02
6.567747192382812500e+02
6.803695068359375000e+02
6.756582031250000000e+02
6.994630126953125000e+02
6.737156372070312500e+02
6.781098632812500000e+02
6.535665893554687500e+02
6.714879760742187500e+02
6.531998901367187500e+02
6.827559814453125000e+02
6.692963867187500000e+02
6.932619628906250000e+02
6.661723632812500000e+02
6.806721801757812500e+02
6.530563964843750000e+02
6.607473144531250000e+02
6.545341186523437500e+02
7.049687500000000000e+02
6.983200073242187500e+02
7.265408935546875000e+02
6.742122192382812500e+02
6.699711303710937500e+02
6.449575805664062500e+02
6.570862426757812500e+02
6.432138671875000000e+02
6.784103393554687500e+02
6.727000122070312500e+02
7.011446533203125000e+02
6.758817138671875000e+02
6.923983764648437500e+02
6.709744873046875000e+02
6.895952148437500000e+02
6.724087524414062500e+02
6.933057250976562500e+02
6.650648193359375000e+02
6.778345336914062500e+02
6.443699340820312500e+02
6.617711791992187500e+02
6.667500610351562500e+02
6.869707641601562500e+02
6.686318969726562500e+02
6.954406127929687500e+02
6.686401977539062500e+02
6.840763549804687500e+02
6.678497924804687500e+02
6.909217529296875000e+02
6.659038085937500000e+02
6.745545654296875000e+02
6.559826049804687500e+02
6.730977783203125000e+02
6.613955078125000000e+02
6.874915161132812500e+02
6.655575561523437500e+02
6.947822875976562500e+02
6.718247070312500000e+02
6.972866821289062500e+02
6.692437133789062500e+02
6.797780151367187500e+02
6.691216430664062500e+02
6.823530273437500000e+02
6.691508178710937500e+02
6.793637084960937500e+02
6.523534545898437500e+02
6.702831420898437500e+02
6.688246459960937500e+02
7.177899780273437500e+02
6.836012573242187500e+02
6.909721679687500000e+02
6.535231323242187500e+02
6.681818237304687500e+02
6.484620971679687500e+02
6.744580078125000000e+02
6.753312988281250000e+02
7.142974243164062500e+02
6.809019165039062500e+02
6.787710571289062500e+02
6.620970458984375000e+02
6.950981445312500000e+02
6.690401000976562500e+02
6.766367187500000000e+02
6.465787963867187500e+02
6.600028076171875000e+02
6.478726196289062500e+02
6.841748657226562500e+02
6.794163818359375000e+02
7.126118164062500000e+02
6.776939086914062500e+02
6.836644897460937500e+02
6.536060180664062500e+02
6.703606567382812500e+02
6.655828857421875000e+02
6.957437744140625000e+02
6.818503417968750000e+02
7.086670532226562500e+02
6.672835693359375000e+02
6.604355468750000000e+02
6.318695678710937500e+02
6.507780761718750000e+02
6.688793334960937500e+02
7.365791015625000000e+02
6.969534301757812500e+02
6.927401733398437500e+02
6.498073120117187500e+02
6.432742309570312500e+02
6.349515380859375000e+02
6.678458862304687500e+02
6.808082275390625000e+02
7.286403808593750000e+02
7.003476562500000000e+02
6.824221801757812500e+02
6.365109863281250000e+02
6.301653442382812500e+02
6.209279785156250000e+02
6.464655151367187500e+02
6.570185546875000000e+02
7.075527343750000000e+02
6.838959960937500000e+02
7.004725952148437500e+02
6.612050170898437500e+02
6.728896484375000000e+02
6.541069335937500000e+02
6.748821411132812500e+02
6.624945068359375000e+02
6.867253417968750000e+02
6.852549438476562500e+02
7.073840942382812500e+02
6.590477905273437500e+02
6.573778076171875000e+02
6.327933959960937500e+02
6.517780761718750000e+02
6.472440185546875000e+02
6.879291381835937500e+02
6.883994750976562500e+02
6.979157104492187500e+02
6.543908691406250000e+02
6.661951904296875000e+02
6.506929321289062500e+02
6.794575195312500000e+02
6.695940551757812500e+02
7.161322631835937500e+02
6.812061157226562500e+02
6.842590942382812500e+02
6.557454223632812500e+02
6.706584472656250000e+02
6.583350830078125000e+02
6.875307006835937500e+02
6.692831420898437500e+02
6.841068115234375000e+02
6.597727661132812500e+02
6.792893066406250000e+02
6.575563964843750000e+02
6.788530273437500000e+02
6.714635620117187500e+02
6.909163208007812500e+02
6.664462280273437500e+02
6.876558227539062500e+02
6.590729980468750000e+02
6.831532592773437500e+02
6.715676269531250000e+02
6.969224853515625000e+02
6.586019287109375000e+02
6.618985595703125000e+02
6.307183837890625000e+02
6.540989379882812500e+02
6.597454223632812500e+02
7.034811401367187500e+02
6.720640258789062500e+02
6.827937622070312500e+02
6.597225952148437500e+02
6.719624633789062500e+02
6.508284912109375000e+02
6.628980712890625000e+02
6.443186035156250000e+02
6.688530273437500000e+02
6.546502075195312500e+02
6.821398925781250000e+02
6.637493896484375000e+02
6.867590942382812500e+02
6.635268554687500000e+02
6.791626586914062500e+02
6.586993408203125000e+02
6.599358520507812500e+02
6.475210571289062500e+02
6.733495483398437500e+02
6.733113403320312500e+02
7.085794067382812500e+02
6.662770385742187500e+02
6.701748046875000000e+02
6.371284179687500000e+02
6.507399902343750000e+02
6.471924438476562500e+02
6.772126464843750000e+02
6.729258422851562500e+02
7.086633911132812500e+02
6.771210327148437500e+02
6.881570434570312500e+02
6.606318359375000000e+02
6.666970825195312500e+02
6.483460083007812500e+02
6.715552368164062500e+02
6.681466064453125000e+02
7.154575805664062500e+02
6.857696533203125000e+02
6.847434692382812500e+02
6.452725219726562500e+02
6.556580810546875000e+02
6.417484741210937500e+02
6.834642333984375000e+02
6.689403076171875000e+02
7.072915039062500000e+02
6.805357666015625000e+02
6.878244628906250000e+02
6.456250610351562500e+02
6.585490722656250000e+02
6.487742919921875000e+02
6.777670898437500000e+02
6.816379394531250000e+02
7.105108032226562500e+02
6.664367065429687500e+02
6.510554809570312500e+02
6.281608886718750000e+02
6.507160034179687500e+02
6.559389648437500000e+02
7.055226440429687500e+02
6.971583862304687500e+02
7.162229003906250000e+02
6.569849853515625000e+02
6.544005126953125000e+02
6.421557006835937500e+02
6.726140136718750000e+02
6.733734741210937500e+02
6.934501953125000000e+02
6.583425903320312500e+02
6.611040039062500000e+02
6.407960205078125000e+02
6.539874267578125000e+02
6.645867309570312500e+02
7.219296875000000000e+02
6.782044677734375000e+02
6.728157348632812500e+02
6.395270385742187500e+02
6.567586059570312500e+02
6.655840454101562500e+02
7.000678100585937500e+02
6.755545043945312500e+02
6.814792480468750000e+02
6.526130981445312500e+02
6.590222778320312500e+02
6.524328002929687500e+02
6.815938110351562500e+02
6.758408813476562500e+02
6.994916381835937500e+02
6.749371337890625000e+02
6.862064208984375000e+02
6.492197875976562500e+02
6.727748413085937500e+02
6.509964599609375000e+02
6.792948608398437500e+02
6.655248413085937500e+02
6.960635986328125000e+02
6.774130249023437500e+02
6.937582397460937500e+02
6.701704711914062500e+02
6.955106811523437500e+02
6.702863769531250000e+02
6.730768432617187500e+02
6.423947753906250000e+02
6.585473022460937500e+02
6.452124023437500000e+02
6.877011108398437500e+02
6.730001220703125000e+02
6.887825927734375000e+02
6.720825195312500000e+02
6.767790527343750000e+02
6.552849731445312500e+02
6.868122558593750000e+02
6.548135375976562500e+02
6.846138305664062500e+02
6.624233398437500000e+02
6.754564208984375000e+02
6.442808227539062500e+02
6.543880615234375000e+02
6.354406127929687500e+02
6.706333007812500000e+02
6.682189941406250000e+02
7.080935668945312500e+02
6.808835449218750000e+02
6.795784301757812500e+02
6.480066528320312500e+02
6.526371459960937500e+02
6.400090332031250000e+02
6.688226928710937500e+02
6.743659667968750000e+02
7.155921020507812500e+02
6.886205444335937500e+02
6.718034667968750000e+02
6.315626831054687500e+02
6.278374633789062500e+02
6.357555541992187500e+02
6.787051391601562500e+02
6.851977539062500000e+02
7.054502563476562500e+02
6.735607910156250000e+02
6.726813354492187500e+02
6.382351074218750000e+02
6.417288818359375000e+02
6.394442138671875000e+02
6.851187133789062500e+02
6.955661621093750000e+02
7.319874267578125000e+02
6.613280029296875000e+02
6.455743408203125000e+02
6.213153076171875000e+02
6.482918090820312500e+02
6.577307128906250000e+02
7.052882690429687500e+02
6.829281616210937500e+02
6.897775268554687500e+02
6.336672973632812500e+02
6.267893066406250000e+02
6.309267578125000000e+02
6.593648681640625000e+02
6.571827392578125000e+02
6.979401855468750000e+02
6.719613037109375000e+02
6.922241821289062500e+02
6.494344482421875000e+02
6.699404296875000000e+02
6.546027221679687500e+02
6.906367797851562500e+02
6.736494750976562500e+02
6.824232177734375000e+02
6.446140747070312500e+02
6.481326293945312500e+02
6.364193115234375000e+02
6.829570312500000000e+02
6.783266601562500000e+02
7.094841308593750000e+02
6.649291992187500000e+02
6.637944335937500000e+02
6.368884277343750000e+02
6.515153808593750000e+02
6.582874755859375000e+02
6.951745605468750000e+02
6.787672119140625000e+02
6.903248901367187500e+02
6.460261840820312500e+02
6.499620361328125000e+02
6.306831054687500000e+02
6.503198852539062500e+02
6.582559814453125000e+02
6.831948852539062500e+02
6.589882202148437500e+02
6.566123657226562500e+02
6.336348876953125000e+02
6.478464965820312500e+02
6.489570922851562500e+02
6.778881225585937500e+02
6.650122070312500000e+02
6.783993530273437500e+02
6.577725219726562500e+02
6.774124755859375000e+02
6.507204589843750000e+02
6.604428100585937500e+02
6.407376098632812500e+02
6.690512695312500000e+02
6.743342285156250000e+02
7.023532714843750000e+02
6.688098754882812500e+02
6.727590942382812500e+02
6.413726196289062500e+02
6.532782592773437500e+02
6.500668334960937500e+02
6.763398437500000000e+02
6.735208129882812500e+02
6.999060058593750000e+02
6.536484375000000000e+02
6.396517333984375000e+02
6.157499389648437500e+02
6.334476318359375000e+02
6.593536987304687500e+02
7.289828491210937500e+02
6.971523437500000000e+02
6.899085083007812500e+02
6.264385986328125000e+02
6.137785644531250000e+02
6.170986938476562500e+02
6.703135986328125000e+02
6.935038452148437500e+02
7.366053466796875000e+02
6.590845947265625000e+02
6.303612060546875000e+02
5.991763305664062500e+02
6.058521728515625000e+02
6.238640136718750000e+02
7.011752319335937500e+02
7.241699218750000000e+02
7.448891601562500000e+02
6.371593017578125000e+02
6.109337158203125000e+02
5.996914062500000000e+02
6.243025512695312500e+02
6.692192993164062500e+02
7.438600463867187500e+02
6.879162597656250000e+02
6.643421020507812500e+02
6.134470825195312500e+02
6.132205200195312500e+02
6.377076416015625000e+02
7.217135620117187500e+02
7.165042724609375000e+02
7.146217651367187500e+02
6.488760986328125000e+02
6.405270996093750000e+02
6.173607177734375000e+02
6.548851318359375000e+02
6.665970458984375000e+02
7.262349853515625000e+02
6.769710083007812500e+02
6.715646362304687500e+02
6.317344360351562500e+02
6.401250610351562500e+02
6.321488037109375000e+02
6.849741210937500000e+02
7.032393188476562500e+02
7.353062133789062500e+02
6.574712524414062500e+02
6.360600585937500000e+02
6.149860229492187500e+02
6.393270874023437500e+02
6.589985961914062500e+02
7.096705932617187500e+02
6.842521362304687500e+02
6.939765625000000000e+02
6.523898925781250000e+02
6.573344726562500000e+02
6.359137573242187500e+02
6.722478027343750000e+02
6.606656494140625000e+02
6.978029785156250000e+02
6.558353271484375000e+02
6.563416137695312500e+02
6.278750610351562500e+02
6.377303466796875000e+02
6.527223510742187500e+02
7.113788452148437500e+02
6.863042602539062500e+02
6.759609375000000000e+02
6.381763305664062500e+02
6.465877685546875000e+02
6.439099731445312500e+02
6.980578002929687500e+02
6.747643432617187500e+02
6.870873413085937500e+02
6.401896362304687500e+02
6.571478881835937500e+02
6.385434570312500000e+02
6.632731323242187500e+02
6.558569335937500000e+02
6.799810180664062500e+02
6.670026855468750000e+02
6.826070556640625000e+02
6.628486938476562500e+02
6.803291625976562500e+02
6.540551147460937500e+02
6.641740112304687500e+02
6.494016723632812500e+02
6.824287109375000000e+02
6.597774047851562500e+02
6.838344116210937500e+02
6.582268676757812500e+02
6.869136352539062500e+02
6.621293334960937500e+02
6.819464721679687500e+02
6.495282592773437500e+02
6.575919799804687500e+02
6.431146240234375000e+02
6.709171142578125000e+02
6.516908569335937500e+02
6.717787475585937500e+02
6.481491088867187500e+02
6.805366821289062500e+02
6.494435424804687500e+02
6.744033813476562500e+02
6.634095458984375000e+02
6.977660522460937500e+02
6.709480590820312500e+02
6.750733032226562500e+02
6.375265502929687500e+02
6.454953002929687500e+02
6.222848510742187500e+02
6.475189208984375000e+02
6.609882812500000000e+02
7.188216552734375000e+02
6.758751220703125000e+02
6.630487670898437500e+02
6.303021850585937500e+02
6.369175415039062500e+02
6.334258422851562500e+02
6.872151489257812500e+02
6.861488037109375000e+02
6.994852294921875000e+02
6.374458618164062500e+02
6.269948120117187500e+02
6.104980468750000000e+02
6.412089233398437500e+02
6.529445190429687500e+02
7.009555053710937500e+02
6.752988281250000000e+02
6.859412841796875000e+02
6.435230712890625000e+02
6.380670166015625000e+02
6.276638793945312500e+02
6.625884399414062500e+02
6.612935791015625000e+02
7.014751586914062500e+02
6.594700927734375000e+02
6.694780883789062500e+02
6.483733520507812500e+02
6.702269287109375000e+02
6.649056396484375000e+02
6.863022460937500000e+02
6.556409301757812500e+02
6.514031372070312500e+02
6.306246337890625000e+02
6.526677246093750000e+02
6.474564208984375000e+02
6.929433593750000000e+02
6.697300415039062500e+02
6.716436767578125000e+02
6.301024780273437500e+02
6.362333984375000000e+02
6.443148803710937500e+02
7.004213867187500000e+02
6.735269165039062500e+02
6.781567993164062500e+02
6.284703979492187500e+02
6.387004394531250000e+02
6.383045043945312500e+02
6.899995117187500000e+02
6.828734130859375000e+02
7.086405639648437500e+02
6.658091430664062500e+02
6.729155883789062500e+02
6.361425781250000000e+02
6.629598388671875000e+02
6.554783935546875000e+02
6.797127685546875000e+02
6.687506103515625000e+02
6.858716430664062500e+02
6.690731201171875000e+02
6.744315795898437500e+02
6.364313964843750000e+02
6.406547241210937500e+02
6.459694824218750000e+02
6.895631713867187500e+02
6.676679687500000000e+02
6.717989501953125000e+02
6.383666992187500000e+02
6.407153320312500000e+02
6.463775634765625000e+02
6.941633300781250000e+02
6.739877929687500000e+02
6.832645874023437500e+02
6.395535888671875000e+02
6.556742553710937500e+02
6.394172363281250000e+02
6.744013061523437500e+02
6.575969238281250000e+02
6.864000244140625000e+02
6.489692382812500000e+02
6.678369750976562500e+02
6.448964843750000000e+02
6.760098876953125000e+02
6.512830200195312500e+02
6.795488891601562500e+02
6.585535888671875000e+02
6.643376464843750000e+02
6.409279785156250000e+02
6.596618041992187500e+02
6.370072631835937500e+02
6.548834228515625000e+02
6.627625732421875000e+02
6.908828735351562500e+02
6.674788818359375000e+02
6.674036254882812500e+02
6.372035522460937500e+02
6.591879882812500000e+02
6.430603027343750000e+02
6.732174682617187500e+02
6.513251953125000000e+02
6.776145019531250000e+02
6.643410034179687500e+02
6.836405029296875000e+02
6.488855590820312500e+02
6.621478271484375000e+02
6.422081298828125000e+02
6.706646728515625000e+02
6.566060180664062500e+02
6.804183349609375000e+02
6.437034301757812500e+02
6.641405639648437500e+02
6.442980346679687500e+02
6.666731567382812500e+02
6.608129272460937500e+02
6.782910156250000000e+02
6.440035400390625000e+02
6.507339477539062500e+02
6.472236328125000000e+02
6.766461181640625000e+02
6.471681518554687500e+02
6.664924926757812500e+02
6.534196777343750000e+02
6.720893554687500000e+02
6.477174682617187500e+02
6.822308959960937500e+02
6.621682128906250000e+02
6.854229125976562500e+02
6.425536499023437500e+02
6.526281127929687500e+02
6.263024291992187500e+02
6.424518432617187500e+02
6.295321655273437500e+02
6.710209350585937500e+02
6.641204833984375000e+02
7.103159179687500000e+02
6.603157958984375000e+02
6.520402221679687500e+02
6.241697998046875000e+02
6.412485961914062500e+02
6.586959228515625000e+02
7.064397583007812500e+02
6.753707275390625000e+02
6.745023193359375000e+02
6.251533203125000000e+02
6.279705200195312500e+02
6.289969482421875000e+02
6.812493896484375000e+02
6.769982910156250000e+02
6.943677978515625000e+02
6.453298950195312500e+02
6.437814331054687500e+02
6.279958496093750000e+02
6.549744873046875000e+02
6.639282836914062500e+02
7.060755615234375000e+02
6.629883422851562500e+02
6.549562988281250000e+02
6.294888305664062500e+02
6.496493530273437500e+02
6.351495971679687500e+02
6.721439208984375000e+02
6.651126708984375000e+02
6.839161376953125000e+02
6.545793457031250000e+02
6.579354858398437500e+02
6.346097412109375000e+02
6.474331054687500000e+02
6.385888061523437500e+02
6.815056152343750000e+02
6.696885375976562500e+02
6.790643920898437500e+02
6.406365356445312500e+02
6.428939208984375000e+02
6.279046630859375000e+02
6.585217895507812500e+02
6.533465576171875000e+02
6.822651367187500000e+02
6.547827758789062500e+02
6.558453369140625000e+02
6.239635009765625000e+02
6.533414306640625000e+02
6.484288940429687500e+02
6.832603149414062500e+02
6.578848876953125000e+02
6.761719360351562500e+02
6.358603515625000000e+02
6.421591796875000000e+02
6.257081298828125000e+02
6.578574218750000000e+02
6.587125244140625000e+02
6.962429809570312500e+02
6.625715942382812500e+02
6.658743896484375000e+02
6.349912719726562500e+02
6.554090576171875000e+02
6.493566894531250000e+02
6.758488159179687500e+02
6.600067138671875000e+02
6.750430297851562500e+02
6.490297241210937500e+02
6.738620605468750000e+02
6.452943115234375000e+02
6.598765869140625000e+02
6.373742675781250000e+02
6.555706176757812500e+02
6.405746459960937500e+02
6.750870971679687500e+02
6.639398193359375000e+02
6.855263671875000000e+02
6.536044311523437500e+02
6.673690185546875000e+02
6.332163085937500000e+02
6.576795043945312500e+02
6.485304565429687500e+02
6.789432373046875000e+02
6.568338012695312500e+02
6.662207641601562500e+02
6.377487182617187500e+02
6.524566650390625000e+02
6.464152221679687500e+02
6.805640258789062500e+02
6.676021728515625000e+02
6.712489013671875000e+02
6.224448852539062500e+02
6.249216918945312500e+02
6.039887084960937500e+02
6.235143432617187500e+02
6.404628906250000000e+02
7.075516357421875000e+02
6.804934692382812500e+02
6.782718505859375000e+02
6.308541870117187500e+02
6.404573974609375000e+02
6.390786743164062500e+02
6.803812255859375000e+02
6.724804687500000000e+02
6.986585693359375000e+02
6.476337890625000000e+02
6.388677978515625000e+02
6.226245117187500000e+02
6.423837280273437500e+02
6.426325073242187500e+02
6.890934448242187500e+02
6.624207153320312500e+02
6.693978881835937500e+02
6.304385986328125000e+02
6.335319213867187500e+02
6.304468994140625000e+02
6.682525634765625000e+02
6.707587280273437500e+02
6.905424194335937500e+02
6.449301757812500000e+02
6.494251708984375000e+02
6.381467285156250000e+02
6.587086791992187500e+02
6.449694824218750000e+02
6.730191650390625000e+02
6.481301879882812500e+02
6.678651733398437500e+02
6.462833862304687500e+02
6.680895996093750000e+02
6.361284179687500000e+02
6.508185424804687500e+02
6.477205200195312500e+02
6.982742309570312500e+02
6.575454711914062500e+02
6.728720092773437500e+02
6.464238281250000000e+02
6.604251708984375000e+02
6.499111328125000000e+02
6.860768432617187500e+02
6.554602661132812500e+02
6.625657958984375000e+02
6.323199462890625000e+02
6.390108642578125000e+02
6.344615478515625000e+02
6.702763061523437500e+02
6.624671630859375000e+02
6.843056030273437500e+02
6.428018798828125000e+02
6.487180175781250000e+02
6.330488281250000000e+02
6.504991455078125000e+02
6.558909301757812500e+02
6.781593017578125000e+02
6.469207763671875000e+02
6.571434326171875000e+02
6.256342163085937500e+02
6.494791870117187500e+02
6.503353271484375000e+02
6.942597045898437500e+02
6.628355102539062500e+02
6.537143554687500000e+02
6.281785888671875000e+02
6.429547729492187500e+02
6.435396728515625000e+02
6.851137695312500000e+02
6.571027221679687500e+02
6.641365966796875000e+02
6.254990844726562500e+02
6.322583007812500000e+02
6.365040283203125000e+02
6.762480468750000000e+02
6.685125122070312500e+02
7.005559082031250000e+02
6.351681518554687500e+02
6.314895019531250000e+02
6.294116210937500000e+02
6.614863891601562500e+02
6.685991821289062500e+02
7.191517333984375000e+02
6.531713256835937500e+02
6.321705932617187500e+02
6.062509765625000000e+02
6.145794677734375000e+02
6.353574829101562500e+02
6.865136718750000000e+02
6.702487182617187500e+02
6.955100097656250000e+02
6.447502441406250000e+02
6.354614868164062500e+02
6.042810058593750000e+02
6.254658203125000000e+02
6.383821411132812500e+02
6.966765747070312500e+02
6.661628417968750000e+02
6.811823730468750000e+02
6.284705200195312500e+02
6.334603881835937500e+02
6.264171752929687500e+02
6.652018432617187500e+02
6.486942138671875000e+02
6.826028442382812500e+02
6.377331542968750000e+02
6.503982543945312500e+02
6.281552734375000000e+02
6.499233398437500000e+02
6.532254638671875000e+02
6.715433959960937500e+02
6.458898925781250000e+02
6.659047241210937500e+02
6.393421020507812500e+02
6.576174316406250000e+02
6.429148559570312500e+02
6.632250366210937500e+02
6.335245971679687500e+02
6.521253051757812500e+02
6.339719848632812500e+02
6.548540649414062500e+02
6.358309936523437500e+02
6.697066650390625000e+02
6.493759765625000000e+02
6.646961669921875000e+02
6.205371093750000000e+02
6.304501953125000000e+02
6.338367919921875000e+02
6.827991333007812500e+02
6.714278564453125000e+02
6.892777709960937500e+02
6.364124145507812500e+02
6.303051757812500000e+02
6.082553100585937500e+02
6.329297485351562500e+02
6.413549804687500000e+02
7.013031616210937500e+02
6.712927856445312500e+02
6.822099609375000000e+02
6.263938598632812500e+02
6.098267822265625000e+02
6.018995971679687500e+02
6.413262939453125000e+02
6.576038818359375000e+02
7.085169067382812500e+02
6.556433105468750000e+02
6.366885986328125000e+02
6.100605468750000000e+02
6.058294067382812500e+02
6.120171508789062500e+02
6.659839477539062500e+02
6.689552001953125000e+02
6.910739746093750000e+02
6.359276123046875000e+02
6.216999511718750000e+02
6.117791748046875000e+02
6.487767333984375000e+02
6.648054809570312500e+02
7.136066894531250000e+02
6.553545532226562500e+02
6.430473632812500000e+02
6.091864013671875000e+02
6.191292724609375000e+02
6.241559448242187500e+02
6.662604370117187500e+02
6.644250488281250000e+02
6.942474365234375000e+02
6.442198486328125000e+02
6.385712280273437500e+02
6.179082031250000000e+02
6.474862060546875000e+02
6.517265625000000000e+02
6.933170166015625000e+02
6.456301879882812500e+02
6.472219848632812500e+02
6.225299682617187500e+02
6.528104248046875000e+02
6.591665649414062500e+02
6.936672973632812500e+02
6.563872680664062500e+02
6.690017700195312500e+02
6.270227050781250000e+02
6.368826293945312500e+02
6.259183349609375000e+02
6.506972045898437500e+02
6.494172973632812500e+02
6.985610961914062500e+02
6.583347167968750000e+02
6.523977050781250000e+02
6.078488159179687500e+02
6.290087280273437500e+02
6.384404296875000000e+02
6.801818847656250000e+02
6.644745483398437500e+02
6.704190063476562500e+02
6.293612670898437500e+02
6.435281372070312500e+02
6.292200317382812500e+02
6.694909667968750000e+02
6.562669067382812500e+02
6.860773315429687500e+02
6.413164062500000000e+02
6.298153076171875000e+02
6.084483032226562500e+02
6.387067871093750000e+02
6.535111083984375000e+02
7.063504638671875000e+02
6.654404907226562500e+02
6.509348754882812500e+02
6.041726684570312500e+02
6.154969482421875000e+02
6.279498901367187500e+02
6.696549682617187500e+02
6.590540771484375000e+02
6.745650024414062500e+02
6.336066894531250000e+02
6.447055053710937500e+02
6.269661254882812500e+02
6.661940307617187500e+02
6.532971801757812500e+02
6.665686645507812500e+02
6.370545654296875000e+02
6.499172973632812500e+02
6.380952758789062500e+02
6.532694702148437500e+02
6.418446044921875000e+02
6.669541015625000000e+02
6.539808349609375000e+02
6.807675170898437500e+02
6.385061035156250000e+02
6.519996337890625000e+02
6.279455566406250000e+02
6.504896850585937500e+02
6.406536865234375000e+02
6.771043701171875000e+02
6.430544433593750000e+02
6.658901977539062500e+02
6.436047363281250000e+02
6.604343872070312500e+02
6.466586303710937500e+02
6.758063964843750000e+02
6.424023437500000000e+02
6.673397216796875000e+02
6.300575561523437500e+02
6.368637695312500000e+02
6.137341918945312500e+02
6.352888183593750000e+02
6.261932373046875000e+02
6.699544067382812500e+02
6.664137573242187500e+02
6.798685302734375000e+02
6.407058105468750000e+02
6.449024658203125000e+02
6.300713500976562500e+02
6.638538818359375000e+02
6.435611572265625000e+02
6.540247802734375000e+02
6.333555908203125000e+02
6.513276977539062500e+02
6.386179809570312500e+02
6.794056396484375000e+02
6.418312988281250000e+02
6.526218872070312500e+02
6.328231811523437500e+02
6.591815795898437500e+02
6.480855102539062500e+02
6.776541748046875000e+02
6.407411499023437500e+02
6.352512817382812500e+02
6.195119628906250000e+02
6.400150756835937500e+02
6.528574218750000000e+02
6.939210815429687500e+02
6.592119750976562500e+02
6.550881958007812500e+02
6.265234375000000000e+02
6.358021240234375000e+02
6.265106811523437500e+02
6.754392700195312500e+02
6.617102050781250000e+02
6.849176635742187500e+02
6.288037109375000000e+02
6.252308349609375000e+02
6.107522583007812500e+02
6.445623779296875000e+02
6.450055541992187500e+02
6.807021484375000000e+02
6.442459716796875000e+02
6.457602539062500000e+02
6.255585937500000000e+02
6.436565551757812500e+02
6.273764648437500000e+02
6.565217895507812500e+02
6.342907104492187500e+02
6.652046508789062500e+02
6.419060058593750000e+02
6.572192993164062500e+02
6.233657226562500000e+02
6.290313110351562500e+02
6.309412231445312500e+02
6.620960693359375000e+02
6.550335083007812500e+02
6.804506225585937500e+02
6.350713500976562500e+02
6.405990600585937500e+02
6.274145507812500000e+02
6.715071411132812500e+02
6.513465576171875000e+02
6.704232177734375000e+02
6.227074584960937500e+02
6.347026977539062500e+02
6.253334960937500000e+02
6.606139526367187500e+02
6.668984985351562500e+02
6.865307617187500000e+02
6.249108886718750000e+02
6.159536743164062500e+02
5.994929199218750000e+02
6.346553955078125000e+02
6.494462280273437500e+02
6.890437622070312500e+02
6.487604370117187500e+02
6.557435913085937500e+02
6.197355957031250000e+02
6.343178100585937500e+02
6.412689819335937500e+02
6.868500976562500000e+02
6.521648559570312500e+02
6.516647338867187500e+02
6.289601440429687500e+02
6.470440063476562500e+02
6.284224243164062500e+02
6.653727416992187500e+02
6.508789672851562500e+02
6.791011352539062500e+02
6.414776611328125000e+02
6.492797851562500000e+02
6.166969604492187500e+02
6.404459228515625000e+02
6.408729858398437500e+02
6.846837158203125000e+02
6.575190429687500000e+02
6.638781738281250000e+02
6.282691650390625000e+02
6.384725952148437500e+02
6.368060302734375000e+02
6.618900146484375000e+02
6.472250976562500000e+02
6.659959106445312500e+02
6.405665893554687500e+02
6.479499511718750000e+02
6.145341796875000000e+02
6.271286010742187500e+02
6.189643554687500000e+02
6.524761962890625000e+02
6.595519409179687500e+02
6.976276855468750000e+02
6.362318115234375000e+02
6.316788330078125000e+02
6.111702270507812500e+02
6.430816040039062500e+02
6.507003784179687500e+02
6.844460449218750000e+02
6.534490966796875000e+02
6.582724609375000000e+02
6.194354248046875000e+02
6.345794677734375000e+02
6.382095947265625000e+02
6.859405517578125000e+02
6.556947631835937500e+02
6.644760131835937500e+02
6.244381713867187500e+02
6.439348144531250000e+02
6.256888427734375000e+02
6.517173461914062500e+02
6.382326660156250000e+02
6.573702392578125000e+02
6.304882202148437500e+02
6.521193847656250000e+02
6.535383911132812500e+02
6.792555541992187500e+02
6.317517700195312500e+02
6.399392700195312500e+02
6.229248046875000000e+02
6.471734619140625000e+02
6.403640136718750000e+02
6.752283935546875000e+02
6.486021728515625000e+02
6.594208374023437500e+02
6.241547241210937500e+02
6.479168701171875000e+02
6.341556396484375000e+02
6.660265502929687500e+02
6.331600341796875000e+02
6.594898071289062500e+02
6.315778198242187500e+02
6.574937744140625000e+02
6.312262573242187500e+02
6.477048339843750000e+02
6.347760620117187500e+02
6.551980590820312500e+02
6.411922607421875000e+02
6.654833984375000000e+02
6.272301635742187500e+02
6.436106567382812500e+02
6.369752807617187500e+02
6.646253662109375000e+02
6.414913330078125000e+02
6.615898437500000000e+02
6.274052734375000000e+02
6.351852416992187500e+02
6.336950073242187500e+02
6.680709838867187500e+02
6.391342773437500000e+02
6.503211059570312500e+02
6.300682983398437500e+02
6.399793090820312500e+02
6.318344726562500000e+02
6.515861816406250000e+02
6.208502807617187500e+02
6.409653930664062500e+02
6.343376464843750000e+02
6.654826049804687500e+02
6.450045166015625000e+02
6.628519287109375000e+02
6.231380615234375000e+02
6.382687377929687500e+02
6.234600830078125000e+02
6.626144409179687500e+02
6.442738037109375000e+02
6.742731933593750000e+02
6.476203613281250000e+02
6.712852172851562500e+02
6.267114257812500000e+02
6.393407592773437500e+02
6.264492187500000000e+02
6.640065917968750000e+02
6.433632202148437500e+02
6.519108886718750000e+02
6.290022583007812500e+02
6.478455810546875000e+02
6.233360595703125000e+02
6.435484008789062500e+02
6.294675292968750000e+02
6.439692382812500000e+02
6.387681884765625000e+02
6.568280639648437500e+02
6.350117797851562500e+02
6.467412109375000000e+02
6.312192382812500000e+02
6.453988647460937500e+02
6.429936523437500000e+02
6.648313598632812500e+02
6.280364379882812500e+02
6.232808227539062500e+02
5.974802246093750000e+02
6.176849975585937500e+02
6.230871582031250000e+02
6.543872680664062500e+02
6.544446411132812500e+02
6.796957397460937500e+02
6.374592895507812500e+02
6.468139648437500000e+02
6.260265502929687500e+02
6.428902587890625000e+02
6.403482055664062500e+02
6.810816040039062500e+02
6.564339599609375000e+02
6.803093261718750000e+02
6.197242431640625000e+02
6.228533935546875000e+02
6.074609375000000000e+02
6.493137817382812500e+02
6.592827148437500000e+02
6.839776000976562500e+02
6.394080810546875000e+02
6.350373535156250000e+02
6.118102416992187500e+02
6.431476440429687500e+02
6.448060302734375000e+02
6.938065185546875000e+02
6.493877563476562500e+02
6.500495605468750000e+02
6.060158691406250000e+02
6.151659545898437500e+02
6.185645751953125000e+02
6.705972290039062500e+02
6.557401733398437500e+02
6.694791870117187500e+02
6.272067260742187500e+02
6.401038818359375000e+02
6.306296386718750000e+02
6.581649169921875000e+02
6.274385986328125000e+02
6.550870361328125000e+02
6.253965454101562500e+02
6.487167358398437500e+02
6.427951049804687500e+02
6.776691284179687500e+02
6.402903442382812500e+02
6.299257202148437500e+02
5.986178588867187500e+02
6.125759277343750000e+02
6.270476684570312500e+02
6.793459472656250000e+02
6.569906005859375000e+02
6.540711059570312500e+02
6.123021240234375000e+02
6.189948120117187500e+02
6.219924316406250000e+02
6.668627929687500000e+02
6.604479370117187500e+02
6.802528686523437500e+02
6.326206665039062500e+02
6.256896972656250000e+02
6.116564941406250000e+02
6.502924804687500000e+02
6.429838867187500000e+02
6.746431884765625000e+02
6.354721069335937500e+02
6.489706420898437500e+02
6.287631835937500000e+02
6.464861450195312500e+02
6.311136474609375000e+02
6.661939697265625000e+02
6.316961059570312500e+02
6.429026489257812500e+02
6.232241821289062500e+02
6.561873779296875000e+02
6.400355834960937500e+02
6.621654663085937500e+02
6.290987548828125000e+02
6.351403808593750000e+02
6.232482299804687500e+02
6.468637084960937500e+02
6.402605590820312500e+02
6.795410156250000000e+02
6.432258911132812500e+02
6.542312011718750000e+02
6.225153808593750000e+02
6.467465820312500000e+02
6.314388427734375000e+02
6.402736816406250000e+02
6.218735961914062500e+02
6.448786010742187500e+02
6.351018066406250000e+02
6.723673095703125000e+02
6.520685424804687500e+02
6.705741577148437500e+02
6.228594360351562500e+02
6.281903076171875000e+02
6.088213500976562500e+02
6.389248046875000000e+02
6.408713989257812500e+02
6.678090820312500000e+02
6.409530639648437500e+02
6.511465454101562500e+02
6.140413818359375000e+02
6.357170410156250000e+02
6.262126464843750000e+02
6.731836547851562500e+02
6.492840576171875000e+02
6.559860839843750000e+02
6.104354858398437500e+02
6.205006713867187500e+02
6.150482788085937500e+02
6.701497192382812500e+02
6.562233886718750000e+02
6.855245971679687500e+02
6.273626708984375000e+02
6.206525878906250000e+02
5.991516723632812500e+02
6.280382690429687500e+02
6.349365844726562500e+02
6.894089355468750000e+02
6.478314208984375000e+02
6.388170166015625000e+02
6.074344482421875000e+02
6.147061767578125000e+02
6.201365966796875000e+02
6.726673583984375000e+02
6.552055053710937500e+02
6.712075195312500000e+02
6.321871948242187500e+02
6.231771850585937500e+02
6.021950683593750000e+02
6.232938842773437500e+02
6.263369750976562500e+02
6.740410156250000000e+02
6.368305053710937500e+02
6.375554809570312500e+02
6.141934204101562500e+02
6.505808105468750000e+02
6.467904663085937500e+02
6.800656738281250000e+02
6.355227661132812500e+02
6.281580200195312500e+02
6.072010498046875000e+02
6.297359619140625000e+02
6.307066040039062500e+02
6.791696777343750000e+02
6.467830200195312500e+02
6.460117797851562500e+02
6.162726440429687500e+02
6.371396484375000000e+02
6.301610107421875000e+02
6.647101440429687500e+02
6.412211914062500000e+02
6.501287841796875000e+02
6.099302368164062500e+02
6.196308593750000000e+02
6.060576171875000000e+02
6.487723388671875000e+02
6.523789672851562500e+02
6.809877929687500000e+02
6.231888427734375000e+02
6.186784667968750000e+02
5.976392211914062500e+02
6.423436279296875000e+02
6.666897583007812500e+02
6.954075317382812500e+02
6.341495361328125000e+02
6.097609863281250000e+02
5.841126098632812500e+02
6.153013916015625000e+02
6.292578125000000000e+02
6.820376586914062500e+02
6.456801147460937500e+02
6.432584228515625000e+02
6.030341186523437500e+02
6.105878906250000000e+02
6.082844238281250000e+02
6.586110229492187500e+02
6.550743408203125000e+02
6.880303955078125000e+02
6.286289062500000000e+02
6.293378906250000000e+02
6.088158569335937500e+02
6.369570922851562500e+02
6.428670654296875000e+02
6.831074218750000000e+02
6.402369995117187500e+02
6.375825805664062500e+02
6.066192016601562500e+02
6.280563964843750000e+02
6.263134765625000000e+02
6.762452392578125000e+02
6.525780639648437500e+02
6.538925781250000000e+02
6.086259155273437500e+02
6.268659667968750000e+02
6.229105224609375000e+02
6.706476440429687500e+02
6.485006713867187500e+02
6.656560058593750000e+02
6.254240112304687500e+02
6.351795654296875000e+02
6.156940917968750000e+02
6.364120483398437500e+02
6.243502197265625000e+02
6.788605957031250000e+02
6.443719482421875000e+02
6.472206420898437500e+02
6.107006225585937500e+02
6.238691406250000000e+02
6.151508789062500000e+02
6.609193725585937500e+02
6.473655395507812500e+02
6.676853637695312500e+02
6.167424316406250000e+02
6.172930908203125000e+02
6.171569213867187500e+02
6.537955322265625000e+02
6.352158203125000000e+02
6.567131347656250000e+02
6.290364379882812500e+02
6.351555786132812500e+02
6.133039550781250000e+02
6.398263549804687500e+02
6.228228149414062500e+02
6.507595214843750000e+02
6.313784790039062500e+02
6.575665893554687500e+02
6.230453491210937500e+02
6.205512695312500000e+02
6.117750244140625000e+02
6.432658081054687500e+02
6.416002197265625000e+02
6.718980102539062500e+02
6.250093383789062500e+02
6.402666015625000000e+02
6.183328857421875000e+02
6.548469238281250000e+02
6.412045898437500000e+02
6.717312011718750000e+02
6.290457153320312500e+02
6.399697265625000000e+02
6.117695312500000000e+02
6.381913452148437500e+02
6.294433593750000000e+02
6.655408935546875000e+02
6.292198486328125000e+02
6.377020874023437500e+02
6.271225585937500000e+02
6.709799194335937500e+02
6.325033569335937500e+02
6.364324340820312500e+02
6.139225463867187500e+02
6.315063476562500000e+02
6.219826049804687500e+02
6.459257202148437500e+02
6.334676513671875000e+02
6.455048217773437500e+02
6.229097290039062500e+02
6.480288085937500000e+02
6.355642700195312500e+02
6.677075195312500000e+02
6.287160034179687500e+02
6.399705200195312500e+02
6.102538452148437500e+02
6.292706298828125000e+02
6.230133666992187500e+02
6.634938964843750000e+02
6.382385864257812500e+02
6.652073364257812500e+02
6.290264892578125000e+02
6.421494140625000000e+02
6.230122680664062500e+02
6.347545166015625000e+02
6.229371337890625000e+02
6.532429809570312500e+02
6.353457031250000000e+02
6.463857421875000000e+02
6.227873535156250000e+02
6.388727416992187500e+02
6.153513183593750000e+02
6.443367309570312500e+02
6.218977661132812500e+02
6.450055541992187500e+02
6.249979248046875000e+02
6.528792724609375000e+02
6.255120239257812500e+02
6.585807495117187500e+02
6.337670288085937500e+02
6.544748535156250000e+02
6.313353271484375000e+02
6.378518066406250000e+02
6.189945068359375000e+02
6.505040893554687500e+02
6.426903076171875000e+02
6.749131469726562500e+02
6.252138061523437500e+02
6.350575561523437500e+02
6.104372558593750000e+02
6.350297241210937500e+02
6.442631225585937500e+02
6.801320190429687500e+02
6.333035278320312500e+02
6.383624267578125000e+02
6.074876708984375000e+02
6.197245483398437500e+02
6.209764404296875000e+02
6.552436523437500000e+02
6.331432495117187500e+02
6.503983764648437500e+02
6.159650878906250000e+02
6.326439819335937500e+02
6.197826538085937500e+02
6.632740478515625000e+02
6.367507934570312500e+02
6.481322631835937500e+02
6.162506713867187500e+02
6.285425415039062500e+02
6.222983398437500000e+02
6.578632812500000000e+02
6.347497558593750000e+02
6.512387084960937500e+02
6.133754882812500000e+02
6.232194824218750000e+02
6.136623535156250000e+02
6.489647216796875000e+02
6.319069213867187500e+02
6.542228393554687500e+02
6.172550659179687500e+02
6.289155883789062500e+02
6.240604858398437500e+02
6.556830444335937500e+02
6.316912841796875000e+02
6.516914672851562500e+02
6.234631958007812500e+02
6.408978881835937500e+02
6.229074707031250000e+02
6.516174316406250000e+02
6.420346069335937500e+02
6.732041015625000000e+02
6.167955932617187500e+02
6.253755493164062500e+02
6.096047973632812500e+02
6.454080200195312500e+02
6.412509765625000000e+02
6.624829711914062500e+02
6.257137451171875000e+02
6.227705078125000000e+02
6.032729492187500000e+02
6.241449584960937500e+02
6.234191894531250000e+02
6.618070068359375000e+02
6.394810791015625000e+02
6.447271728515625000e+02
6.114016723632812500e+02
6.371426391601562500e+02
6.283914794921875000e+02
6.624541015625000000e+02
6.401448974609375000e+02
6.569617309570312500e+02
6.196348876953125000e+02
6.365374145507812500e+02
6.231569824218750000e+02
6.385421142578125000e+02
6.226746826171875000e+02
6.413545532226562500e+02
6.209489746093750000e+02
6.541351318359375000e+02
6.212950439453125000e+02
6.370776977539062500e+02
6.226287231445312500e+02
6.505630493164062500e+02
6.302471923828125000e+02
6.481971435546875000e+02
6.228937988281250000e+02
6.292995605468750000e+02
6.222111206054687500e+02
6.446052246093750000e+02
6.258461914062500000e+02
6.497576904296875000e+02
6.268762207031250000e+02
6.481832275390625000e+02
6.194570922851562500e+02
6.499876708984375000e+02
6.321242675781250000e+02
6.570055541992187500e+02
6.373990478515625000e+02
6.551710205078125000e+02
6.097835693359375000e+02
6.168912353515625000e+02
6.021959838867187500e+02
6.285411987304687500e+02
6.193345947265625000e+02
6.544690551757812500e+02
6.279686279296875000e+02
6.350429077148437500e+02
6.165285034179687500e+02
6.466845092773437500e+02
6.371968383789062500e+02
6.569926757812500000e+02
6.176187133789062500e+02
6.201016845703125000e+02
6.049368286132812500e+02
6.350940551757812500e+02
6.330543212890625000e+02
6.805236816406250000e+02
6.358184814453125000e+02
6.340206298828125000e+02
6.030040283203125000e+02
6.255907592773437500e+02
6.134332275390625000e+02
6.523654785156250000e+02
6.329674682617187500e+02
6.526686401367187500e+02
6.181379394531250000e+02
6.283739013671875000e+02
6.041339721679687500e+02
6.238095092773437500e+02
6.143334960937500000e+02
6.600552978515625000e+02
6.336115722656250000e+02
6.559857177734375000e+02
6.072528076171875000e+02
6.122965087890625000e+02
6.001900634765625000e+02
6.403862915039062500e+02
6.337361450195312500e+02
6.721166381835937500e+02
6.270823364257812500e+02
6.342073974609375000e+02
6.019933471679687500e+02
6.190269775390625000e+02
6.145735473632812500e+02
6.427124633789062500e+02
6.131469726562500000e+02
6.346024780273437500e+02
6.128461303710937500e+02
6.491829833984375000e+02
6.276542358398437500e+02
6.444418945312500000e+02
6.114035034179687500e+02
6.265801391601562500e+02
6.124072265625000000e+02
6.352473144531250000e+02
6.215244750976562500e+02
6.372496948242187500e+02
6.246334228515625000e+02
6.551448364257812500e+02
6.251761474609375000e+02
6.450707397460937500e+02
6.069774780273437500e+02
6.322703857421875000e+02
6.066403808593750000e+02
6.348834838867187500e+02
6.338937377929687500e+02
6.680323486328125000e+02
6.270687255859375000e+02
6.251047973632812500e+02
5.965583496093750000e+02
6.243964233398437500e+02
6.274918212890625000e+02
6.710084838867187500e+02
6.265245361328125000e+02
6.282426147460937500e+02
6.010133056640625000e+02
6.161250610351562500e+02
6.251309814453125000e+02
6.780169067382812500e+02
6.515889282226562500e+02
6.469279785156250000e+02
6.007369384765625000e+02
6.075010986328125000e+02
5.991925659179687500e+02
6.390874023437500000e+02
6.391422729492187500e+02
6.594124755859375000e+02
6.200274658203125000e+02
6.205206909179687500e+02
5.983893432617187500e+02
6.382474365234375000e+02
6.320147705078125000e+02
6.744814453125000000e+02
6.346774291992187500e+02
6.350714111328125000e+02
6.092565917968750000e+02
6.466452636718750000e+02
6.338172607421875000e+02
6.708741455078125000e+02
6.167252807617187500e+02
6.155285644531250000e+02
5.985439453125000000e+02
6.346050415039062500e+02
6.326545410156250000e+02
6.744096679687500000e+02
6.258348388671875000e+02
6.359592895507812500e+02
6.050880126953125000e+02
6.198623657226562500e+02
6.062193603515625000e+02
6.362269287109375000e+02
6.278898315429687500e+02
6.489815673828125000e+02
6.261401367187500000e+02
6.502921752929687500e+02
6.289237670898437500e+02
6.384163208007812500e+02
6.127582397460937500e+02
6.269981079101562500e+02
6.183239746093750000e+02
6.513003540039062500e+02
6.435889282226562500e+02
6.519147338867187500e+02
6.139018554687500000e+02
6.291538085937500000e+02
6.188756713867187500e+02
6.457015991210937500e+02
6.374689941406250000e+02
6.624370117187500000e+02
6.305725097656250000e+02
6.394383544921875000e+02
6.122093505859375000e+02
6.333903198242187500e+02
6.140427246093750000e+02
6.304513549804687500e+02
6.233693847656250000e+02
6.529044799804687500e+02
6.096468505859375000e+02
6.145684814453125000e+02
6.068637084960937500e+02
6.485184326171875000e+02
6.311108398437500000e+02
6.504068603515625000e+02
6.166304931640625000e+02
6.331138305664062500e+02
6.138426513671875000e+02
6.392373046875000000e+02
6.264458007812500000e+02
6.460006713867187500e+02
6.168193969726562500e+02
6.206999511718750000e+02
6.044264526367187500e+02
6.352418212890625000e+02
6.248392944335937500e+02
6.612807617187500000e+02
6.307001342773437500e+02
6.309320678710937500e+02
6.160884399414062500e+02
6.325290527343750000e+02
6.118103637695312500e+02
6.387730712890625000e+02
6.359793090820312500e+02
6.619584350585937500e+02
6.183617553710937500e+02
6.260562744140625000e+02
6.133696899414062500e+02
6.525148925781250000e+02
6.314805908203125000e+02
6.440913085937500000e+02
6.088118896484375000e+02
6.370217285156250000e+02
6.219230957031250000e+02
6.376013183593750000e+02
6.056531982421875000e+02
6.258876342773437500e+02
6.179237670898437500e+02
6.588020019531250000e+02
6.283236694335937500e+02
6.324454956054687500e+02
5.951138305664062500e+02
6.114441528320312500e+02
6.051148681640625000e+02
6.572982177734375000e+02
6.385924072265625000e+02
6.564650268554687500e+02
6.077622680664062500e+02
6.192110595703125000e+02
6.094089355468750000e+02
6.411195068359375000e+02
6.352228393554687500e+02
6.664844360351562500e+02
6.241826171875000000e+02
6.434080810546875000e+02
6.148715209960937500e+02
6.252683715820312500e+02
6.106224975585937500e+02
6.396044311523437500e+02
6.094431762695312500e+02
6.347442626953125000e+02
6.131593627929687500e+02
6.357697143554687500e+02
6.145004272460937500e+02
6.275731811523437500e+02
6.069708862304687500e+02
6.351495971679687500e+02
6.136254272460937500e+02
6.359641723632812500e+02
6.381686401367187500e+02
6.598984375000000000e+02
6.079837646484375000e+02
6.149931030273437500e+02
6.092329101562500000e+02
6.490991821289062500e+02
6.411856689453125000e+02
6.627828979492187500e+02
6.194900512695312500e+02
6.160256347656250000e+02
5.954069213867187500e+02
6.329509277343750000e+02
6.357988891601562500e+02
6.694119262695312500e+02
6.244197387695312500e+02
6.280453491210937500e+02
6.167744140625000000e+02
6.377885131835937500e+02
6.239925537109375000e+02
6.279031982421875000e+02
6.014595947265625000e+02
6.236943359375000000e+02
6.213426513671875000e+02
6.553729248046875000e+02
6.189431152343750000e+02
6.300718383789062500e+02
6.113721313476562500e+02
6.411052856445312500e+02
6.249873657226562500e+02
6.486549682617187500e+02
6.207161865234375000e+02
6.412709350585937500e+02
6.093415527343750000e+02
6.283165283203125000e+02
6.111250610351562500e+02
6.207885742187500000e+02
6.050693969726562500e+02
6.374799194335937500e+02
6.180391845703125000e+02
6.471808471679687500e+02
6.064334106445312500e+02
6.294943237304687500e+02
6.135910644531250000e+02
6.466328735351562500e+02
6.260158081054687500e+02
6.447865600585937500e+02
6.046951904296875000e+02
6.173026123046875000e+02
6.023927612304687500e+02
6.315280761718750000e+02
6.274953002929687500e+02
6.518503417968750000e+02
6.221600952148437500e+02
6.378624877929687500e+02
6.100422363281250000e+02
6.244105834960937500e+02
6.099972534179687500e+02
6.388319702148437500e+02
6.228756713867187500e+02
6.538862915039062500e+02
6.096278076171875000e+02
6.182102661132812500e+02
6.031470947265625000e+02
6.296980590820312500e+02
6.231364746093750000e+02
6.518590087890625000e+02
6.140821533203125000e+02
6.311631469726562500e+02
6.061326904296875000e+02
6.256636962890625000e+02
6.221873168945312500e+02
6.679705200195312500e+02
6.326187133789062500e+02
6.220629272460937500e+02
5.863653564453125000e+02
6.018508911132812500e+02
6.038386840820312500e+02
6.502803344726562500e+02
6.361402587890625000e+02
6.503073120117187500e+02
6.110109252929687500e+02
6.246281127929687500e+02
6.056863403320312500e+02
6.378359375000000000e+02
6.181571655273437500e+02
6.405016479492187500e+02
6.098970336914062500e+02
6.386948852539062500e+02
6.110233154296875000e+02
6.376403808593750000e+02
6.257773437500000000e+02
6.524650878906250000e+02
6.166850585937500000e+02
6.267553100585937500e+02
6.057879028320312500e+02
6.258297119140625000e+02
6.122456054687500000e+02
6.521593017578125000e+02
6.214418334960937500e+02
6.434627685546875000e+02
6.151956787109375000e+02
6.321264648437500000e+02
6.221120605468750000e+02
6.464376831054687500e+02
6.276111450195312500e+02
6.471547241210937500e+02
6.159787597656250000e+02
6.305896606445312500e+02
6.036022338867187500e+02
6.239508056640625000e+02
6.084691772460937500e+02
6.386268920898437500e+02
6.197132568359375000e+02
6.432567138671875000e+02
6.256599731445312500e+02
6.392859497070312500e+02
6.103168945312500000e+02
6.312933959960937500e+02
6.206010131835937500e+02
6.347468872070312500e+02
6.214672851562500000e+02
6.400588378906250000e+02
6.201552734375000000e+02
6.499116821289062500e+02
6.090085449218750000e+02
6.157617187500000000e+02
5.964122924804687500e+02
6.277195434570312500e+02
6.235768432617187500e+02
6.647607421875000000e+02
6.190218505859375000e+02
6.214791870117187500e+02
5.976267700195312500e+02
6.220966796875000000e+02
6.204425048828125000e+02
6.344752197265625000e+02
6.124622802734375000e+02
6.240576782226562500e+02
6.045426025390625000e+02
6.252317504882812500e+02
6.083264770507812500e+02
6.215408935546875000e+02
6.114736938476562500e+02
6.518700561523437500e+02
6.200491333007812500e+02
6.491417846679687500e+02
6.140082397460937500e+02
6.384927978515625000e+02
6.107550048828125000e+02
6.458323974609375000e+02
6.213038940429687500e+02
6.356385498046875000e+02
6.046547241210937500e+02
6.303106689453125000e+02
6.223608398437500000e+02
6.556268920898437500e+02
6.251488647460937500e+02
6.359572143554687500e+02
6.105559692382812500e+02
6.364102172851562500e+02
6.135817871093750000e+02
6.355987548828125000e+02
6.062312011718750000e+02
6.298513793945312500e+02
6.141879272460937500e+02
6.500413818359375000e+02
6.283408813476562500e+02
6.534614868164062500e+02
6.111454467773437500e+02
6.216434936523437500e+02
6.133344726562500000e+02
6.401522216796875000e+02
6.122243041992187500e+02
6.224144287109375000e+02
5.931515502929687500e+02
6.343719482421875000e+02
6.258908081054687500e+02
6.684934082031250000e+02
6.213098144531250000e+02
6.187760620117187500e+02
5.917793579101562500e+02
6.173521118164062500e+02
6.117528076171875000e+02
6.498031005859375000e+02
6.189438476562500000e+02
6.337872924804687500e+02
6.084348754882812500e+02
6.133038330078125000e+02
6.048791503906250000e+02
6.571907958984375000e+02
6.277640991210937500e+02
6.255891723632812500e+02
5.879733276367187500e+02
6.138755493164062500e+02
6.062025146484375000e+02
6.522737426757812500e+02
6.240748901367187500e+02
6.378546752929687500e+02
6.038269042968750000e+02
6.247719116210937500e+02
6.102182006835937500e+02
6.405532226562500000e+02
6.112919921875000000e+02
6.169561767578125000e+02
6.004288330078125000e+02
6.204595947265625000e+02
6.219123535156250000e+02
6.498164062500000000e+02
6.239515991210937500e+02
6.210540771484375000e+02
5.964081420898437500e+02
6.325581665039062500e+02
6.287402954101562500e+02
6.550033569335937500e+02
6.119099121093750000e+02
6.242667236328125000e+02
6.070449218750000000e+02
6.343670043945312500e+02
6.120001220703125000e+02
6.443824462890625000e+02
6.260338745117187500e+02
6.393808593750000000e+02
6.094883422851562500e+02
6.289625244140625000e+02
6.135670776367187500e+02
6.388124389648437500e+02
6.281021728515625000e+02
6.490016479492187500e+02
6.080226440429687500e+02
6.131054687500000000e+02
6.093341674804687500e+02
6.316325073242187500e+02
6.170773925781250000e+02
6.323179321289062500e+02
5.991165771484375000e+02
6.201047973632812500e+02
6.020899658203125000e+02
6.254535522460937500e+02
6.021817626953125000e+02
6.256112670898437500e+02
6.123132934570312500e+02
6.569570922851562500e+02
6.206642456054687500e+02
6.253870239257812500e+02
5.950745239257812500e+02
6.134395751953125000e+02
6.113401489257812500e+02
6.471945800781250000e+02
6.180334472656250000e+02
6.354799194335937500e+02
6.018312988281250000e+02
6.272478027343750000e+02
6.132837524414062500e+02
6.432508544921875000e+02
6.220153808593750000e+02
6.323663330078125000e+02
6.060223388671875000e+02
6.235545654296875000e+02
6.011817016601562500e+02
6.386047973632812500e+02
6.186887817382812500e+02
6.358742675781250000e+02
6.097717285156250000e+02
6.355625610351562500e+02
5.965448608398437500e+02
6.160498657226562500e+02
6.029266357421875000e+02
6.496644897460937500e+02
6.313470458984375000e+02
6.410661010742187500e+02
6.130847167968750000e+02
6.269411621093750000e+02
6.034084472656250000e+02
6.429357299804687500e+02
6.181798095703125000e+02
6.410690917968750000e+02
6.209859008789062500e+02
6.412907714843750000e+02
6.063659667968750000e+02
6.147995605468750000e+02
6.104613037109375000e+02
6.481683959960937500e+02
6.232655029296875000e+02
6.436566772460937500e+02
6.102086181640625000e+02
6.210878295898437500e+02
5.986494750976562500e+02
6.237055053710937500e+02
6.157807617187500000e+02
6.413787231445312500e+02
6.095850830078125000e+02
6.304954833984375000e+02
6.109795532226562500e+02
6.337375488281250000e+02
6.093461303710937500e+02
6.199098510742187500e+02
5.993445434570312500e+02
6.326922607421875000e+02
6.201213989257812500e+02
6.430153808593750000e+02
6.050983886718750000e+02
6.168162841796875000e+02
6.023310546875000000e+02
6.453318481445312500e+02
6.119658813476562500e+02
6.252792968750000000e+02
5.969575195312500000e+02
6.270983886718750000e+02
6.027456665039062500e+02
6.309593505859375000e+02
6.164461059570312500e+02
6.470364990234375000e+02
6.014082031250000000e+02
6.046380004882812500e+02
5.873125610351562500e+02
6.162584228515625000e+02
6.245473022460937500e+02
6.543024902343750000e+02
6.191849975585937500e+02
6.205057983398437500e+02
5.946443481445312500e+02
6.171096191406250000e+02
6.205275878906250000e+02
6.455975341796875000e+02
6.263495483398437500e+02
6.349790039062500000e+02
5.948862304687500000e+02
6.163062133789062500e+02
6.024075317382812500e+02
6.369707641601562500e+02
6.295056762695312500e+02
6.418021850585937500e+02
5.959490966796875000e+02
6.106599731445312500e+02
6.070180053710937500e+02
6.355388183593750000e+02
6.082951660156250000e+02
6.217411499023437500e+02
6.128378295898437500e+02
6.490269165039062500e+02
6.170956420898437500e+02
6.277287597656250000e+02
5.946315917968750000e+02
6.167527465820312500e+02
6.051126708984375000e+02
6.295151367187500000e+02
6.142658691406250000e+02
6.317318115234375000e+02
6.012949218750000000e+02
6.248523559570312500e+02
6.182686767578125000e+02
6.373443603515625000e+02
6.164575805664062500e+02
6.262391357421875000e+02
6.034422607421875000e+02
6.188591918945312500e+02
6.094231567382812500e+02
6.514702148437500000e+02
6.158159790039062500e+02
6.177488403320312500e+02
5.988756103515625000e+02
6.354711914062500000e+02
6.194075317382812500e+02
6.341791992187500000e+02
6.053455200195312500e+02
6.168512573242187500e+02
6.081074218750000000e+02
6.428810424804687500e+02
6.367399291992187500e+02
6.491349487304687500e+02
5.998103027343750000e+02
6.008861083984375000e+02
5.839028320312500000e+02
6.212739257812500000e+02
6.214562988281250000e+02
6.528615112304687500e+02
6.076105957031250000e+02
6.098732299804687500e+02
5.868831176757812500e+02
6.151423950195312500e+02
6.214066162109375000e+02
6.628257446289062500e+02
6.197750854492187500e+02
6.355728149414062500e+02
6.041741943359375000e+02
6.166278686523437500e+02
6.014119262695312500e+02
6.281117553710937500e+02
6.150377197265625000e+02
6.325364379882812500e+02
6.123604736328125000e+02
6.238935546875000000e+02
6.135319213867187500e+02
6.408916015625000000e+02
6.067760009765625000e+02
6.291268310546875000e+02
6.032327270507812500e+02
6.370881347656250000e+02
6.237457885742187500e+02
6.419796142578125000e+02
6.152708740234375000e+02
6.395842285156250000e+02
5.990738525390625000e+02
6.110303344726562500e+02
5.952458496093750000e+02
6.320037231445312500e+02
6.194782104492187500e+02
6.464240112304687500e+02
6.019237060546875000e+02
6.083591308593750000e+02
5.832832641601562500e+02
6.104826049804687500e+02
6.228366699218750000e+02
6.759907226562500000e+02
6.257861328125000000e+02
6.114797973632812500e+02
5.761676025390625000e+02
6.068045654296875000e+02
6.094783325195312500e+02
6.536734619140625000e+02
6.244556884765625000e+02
6.221342163085937500e+02
5.970297241210937500e+02
6.097063598632812500e+02
6.023563842773437500e+02
6.421101074218750000e+02
6.221825561523437500e+02
6.443785400390625000e+02
5.970282592773437500e+02
6.039332275390625000e+02
5.906858520507812500e+02
6.218024291992187500e+02
6.798779907226562500e+02
6.707437744140625000e+02
5.889902954101562500e+02
5.435762329101562500e+02
5.790706787109375000e+02
5.779846191406250000e+02
5.226232910156250000e+02
4.789065856933593750e+02
5.048382568359375000e+02
4.906187438964843750e+02
4.532232666015625000e+02
4.246901550292968750e+02
4.390369262695312500e+02
4.251581420898437500e+02
3.865645141601562500e+02
3.793495788574218750e+02
3.816978759765625000e+02
3.560782165527343750e+02
3.395379333496093750e+02
3.357541809082031250e+02
3.321434936523437500e+02
3.092597961425781250e+02
3.066397705078125000e+02
3.012094116210937500e+02
2.891303405761718750e+02
2.727661132812500000e+02
2.708655395507812500e+02
2.669919128417968750e+02
2.561008300781250000e+02
2.460613555908203125e+02
2.466877136230468750e+02
2.389427490234375000e+02
2.274422454833984375e+02
2.240713195800781250e+02
2.223200988769531250e+02
2.136213378906250000e+02
2.070177459716796875e+02
2.044696655273437500e+02
1.981144409179687500e+02
1.931364593505859375e+02
1.905461120605468750e+02
1.881578826904296875e+02
1.803460083007812500e+02
1.778616638183593750e+02
1.736249237060546875e+02
1.714750671386718750e+02
1.647870178222656250e+02
1.659108276367187500e+02
1.633427429199218750e+02
1.555349884033203125e+02
1.565492401123046875e+02
1.545430908203125000e+02
1.511410522460937500e+02
1.489752197265625000e+02
1.483954010009765625e+02
1.449722900390625000e+02
1.433995361328125000e+02
1.397891540527343750e+02
1.365350341796875000e+02
1.393984069824218750e+02
1.331858215332031250e+02
1.344493103027343750e+02
1.315171051025390625e+02
1.299607543945312500e+02
1.293735961914062500e+02
1.299536743164062500e+02
1.264900512695312500e+02
1.265967407226562500e+02
1.226326599121093750e+02
1.217520599365234375e+02
1.235505447387695312e+02
1.185844573974609375e+02
1.200231781005859375e+02
1.144300842285156250e+02
1.164090194702148438e+02
1.157953948974609375e+02
1.144635620117187500e+02
1.143899993896484375e+02
1.113352432250976562e+02
1.121087722778320312e+02
1.100495758056640625e+02
1.115958862304687500e+02
1.108554229736328125e+02
1.098591690063476562e+02
1.071697235107421875e+02
1.084521484375000000e+02
1.048279495239257812e+02
1.083356781005859375e+02
1.075590515136718750e+02
1.054192962646484375e+02
1.032006988525390625e+02
1.029568634033203125e+02
1.043002014160156250e+02
1.015116424560546875e+02
1.025552062988281250e+02
1.013308258056640625e+02
9.898498535156250000e+01
1.016642150878906250e+02
9.849788665771484375e+01
1.012726135253906250e+02
9.926679992675781250e+01
9.867192077636718750e+01
9.966096496582031250e+01
9.803347778320312500e+01
9.831712341308593750e+01
9.864177703857421875e+01
9.654325866699218750e+01
9.755960083007812500e+01
9.500527954101562500e+01
9.411591339111328125e+01
9.343399047851562500e+01
9.422450256347656250e+01
9.407523345947265625e+01
9.399409484863281250e+01
9.640103912353515625e+01
9.351482391357421875e+01
9.295426940917968750e+01
9.554492950439453125e+01
9.315187072753906250e+01
9.565620422363281250e+01
9.520761108398437500e+01
9.388550567626953125e+01
9.332120513916015625e+01
9.377326965332031250e+01
9.245061492919921875e+01
9.293618774414062500e+01
9.129817199707031250e+01
9.216111755371093750e+01
9.151134490966796875e+01
9.295463562011718750e+01
9.075774383544921875e+01
8.982424926757812500e+01
9.075033569335937500e+01
9.273042297363281250e+01
9.113200378417968750e+01
9.130107116699218750e+01
9.117988586425781250e+01
8.953947448730468750e+01
9.133734130859375000e+01
8.861888122558593750e+01
9.280049133300781250e+01
8.937799072265625000e+01
8.865993499755859375e+01
8.800828552246093750e+01
8.725861358642578125e+01
8.958862304687500000e+01
9.167702484130859375e+01
8.936943054199218750e+01
8.736923980712890625e+01
8.992945861816406250e+01
8.904783630371093750e+01
9.109960937500000000e+01
8.728306579589843750e+01
8.776557159423828125e+01
8.897356414794921875e+01
8.843243408203125000e+01
8.608253479003906250e+01
8.872444152832031250e+01
8.724919891357421875e+01
8.590991210937500000e+01
8.825900268554687500e+01
8.870444488525390625e+01
8.706077575683593750e+01
8.677973937988281250e+01
8.750099945068359375e+01
8.846101379394531250e+01
8.795657348632812500e+01
8.860412597656250000e+01
8.727223205566406250e+01
8.713294219970703125e+01
8.658222961425781250e+01
8.662138366699218750e+01
8.566954040527343750e+01
8.708312988281250000e+01
8.634299468994140625e+01
8.706561279296875000e+01
8.731002807617187500e+01
8.804956817626953125e+01
8.710327148437500000e+01
8.681171417236328125e+01
8.824834442138671875e+01
8.747436523437500000e+01
8.663404846191406250e+01
8.745212554931640625e+01
8.531227874755859375e+01
8.692317962646484375e+01
8.540512847900390625e+01
8.687308502197265625e+01
8.542681121826171875e+01
8.624880218505859375e+01
8.555509948730468750e+01
8.800527954101562500e+01
8.644179534912109375e+01
8.882881927490234375e+01
8.312660217285156250e+01
8.565873718261718750e+01
8.650955200195312500e+01
8.545061492919921875e+01
8.503430938720703125e+01
8.572592163085937500e+01
8.428989410400390625e+01
8.536047363281250000e+01
8.453030395507812500e+01
8.557841491699218750e+01
8.588757324218750000e+01
8.566593933105468750e+01
8.645228576660156250e+01
8.552685546875000000e+01
8.596601867675781250e+01
8.749544525146484375e+01
8.560775756835937500e+01
8.466214752197265625e+01
8.460761260986328125e+01
8.440463256835937500e+01
8.568738555908203125e+01
8.646961975097656250e+01
8.523567199707031250e+01
8.703358459472656250e+01
8.742210388183593750e+01
8.487405395507812500e+01
8.604393005371093750e+01
8.611826324462890625e+01
8.752519989013671875e+01
8.593362426757812500e+01
8.687286376953125000e+01
8.594716644287109375e+01
8.656498718261718750e+01
8.387228393554687500e+01
8.462700653076171875e+01
8.383451080322265625e+01
8.664153289794921875e+01
8.557529449462890625e+01
8.697885894775390625e+01
8.599608612060546875e+01
8.547486877441406250e+01
8.496063995361328125e+01
8.592774963378906250e+01
8.537419128417968750e+01
8.519481658935546875e+01
8.481343841552734375e+01
8.621247863769531250e+01
8.478610992431640625e+01
8.687664031982421875e+01
8.557626342773437500e+01
8.628454589843750000e+01
8.429158020019531250e+01
8.639035797119140625e+01
8.394773864746093750e+01
8.495413208007812500e+01
8.393936920166015625e+01
8.563213348388671875e+01
8.586162567138671875e+01
8.521914672851562500e+01
8.604346466064453125e+01
8.631784057617187500e+01
8.466465759277343750e+01
8.399233245849609375e+01
8.784945678710937500e+01
8.417266845703125000e+01
8.443989562988281250e+01
8.564161682128906250e+01
8.521728515625000000e+01
8.646415710449218750e+01
8.384021759033203125e+01
8.701620483398437500e+01
8.573793792724609375e+01
8.605160522460937500e+01
8.531040954589843750e+01
8.462877655029296875e+01
8.540484619140625000e+01
8.652595520019531250e+01
8.470423889160156250e+01
8.597113800048828125e+01
8.481917572021484375e+01
8.580355834960937500e+01
8.359272766113281250e+01
8.513459014892578125e+01
8.428765106201171875e+01
8.390447998046875000e+01
8.512457275390625000e+01
8.563598632812500000e+01
8.328506469726562500e+01
8.487621307373046875e+01
8.518438720703125000e+01
8.535281372070312500e+01
8.708377075195312500e+01
8.372489929199218750e+01
8.569981384277343750e+01
8.438664245605468750e+01
8.469743347167968750e+01
8.501593017578125000e+01
8.396220397949218750e+01
8.536181640625000000e+01
8.404209899902343750e+01
8.803115081787109375e+01
8.704260253906250000e+01
8.533010101318359375e+01
8.465967559814453125e+01
8.711101531982421875e+01
8.412136840820312500e+01
8.349009704589843750e+01
8.399729919433593750e+01
8.413310241699218750e+01
8.425654602050781250e+01
8.556735229492187500e+01
8.691059112548828125e+01
8.343437194824218750e+01
8.374502563476562500e+01
8.617307281494140625e+01
8.337285614013671875e+01
8.508937072753906250e+01
8.506885528564453125e+01
8.491998291015625000e+01
8.299170684814453125e+01
8.524141693115234375e+01
8.353350830078125000e+01
8.384421539306640625e+01
8.420580291748046875e+01
8.313262939453125000e+01
8.230909729003906250e+01
8.364049530029296875e+01
8.446089935302734375e+01
8.265380859375000000e+01
8.498030090332031250e+01
8.474131011962890625e+01
8.519868469238281250e+01
8.343494415283203125e+01
8.477028656005859375e+01
8.364673614501953125e+01
8.547933197021484375e+01
8.567176055908203125e+01
8.451640319824218750e+01
8.383863830566406250e+01
8.670166778564453125e+01
8.458745574951171875e+01
8.502090454101562500e+01
8.629936218261718750e+01
8.557557678222656250e+01
8.576596832275390625e+01
8.543208312988281250e+01
8.556977844238281250e+01
8.565683746337890625e+01
8.283934020996093750e+01
8.352574920654296875e+01
8.396534729003906250e+01
8.493348693847656250e+01
8.526700592041015625e+01
8.558934783935546875e+01
8.565122985839843750e+01
8.604905700683593750e+01
8.366623687744140625e+01
8.514995574951171875e+01
8.557993316650390625e+01
8.407623291015625000e+01
8.503170776367187500e+01
8.484815979003906250e+01
8.681909179687500000e+01
8.316938781738281250e+01
8.607413482666015625e+01
8.187958526611328125e+01
8.498634338378906250e+01
8.642900085449218750e+01
8.431610107421875000e+01
8.575717163085937500e+01
8.603657531738281250e+01
8.530999755859375000e+01
8.665885925292968750e+01
8.665887451171875000e+01
8.604117584228515625e+01
8.439714050292968750e+01
8.579705047607421875e+01
8.626425170898437500e+01
8.514547729492187500e+01
8.605289459228515625e+01
8.609562683105468750e+01
8.495116424560546875e+01
8.391756439208984375e+01
8.470444488525390625e+01
8.533592224121093750e+01
8.570463562011718750e+01
8.808452606201171875e+01
8.591687011718750000e+01
8.526810455322265625e+01
8.478517150878906250e+01
8.484301757812500000e+01
8.537693786621093750e+01
8.568922424316406250e+01
8.527722167968750000e+01
8.553998565673828125e+01
8.509630584716796875e+01
8.423318481445312500e+01
8.569475555419921875e+01
8.298727416992187500e+01
8.433699035644531250e+01
8.570197296142578125e+01
8.560751342773437500e+01
8.520314025878906250e+01
8.618170928955078125e+01
8.362644195556640625e+01
8.499285888671875000e+01
8.561398315429687500e+01
8.631650543212890625e+01
8.305036926269531250e+01
8.558399963378906250e+01
8.647461700439453125e+01
8.708251190185546875e+01
8.537174224853515625e+01
8.532907104492187500e+01
8.743882751464843750e+01
8.586749267578125000e+01
8.638212585449218750e+01
8.582675170898437500e+01
8.655284118652343750e+01
8.561169433593750000e+01
8.537413787841796875e+01
8.658299255371093750e+01
8.533950805664062500e+01
8.606005859375000000e+01
8.480805969238281250e+01
8.426786804199218750e+01
8.547957611083984375e+01
8.711110687255859375e+01
8.399631500244140625e+01
8.518743896484375000e+01
8.600122833251953125e+01
8.188191986083984375e+01
8.515486145019531250e+01
8.483509063720703125e+01
8.398821258544921875e+01
8.746588134765625000e+01
8.429692077636718750e+01
8.558156585693359375e+01
8.656820678710937500e+01
8.548971557617187500e+01
8.302931213378906250e+01
8.494286346435546875e+01
8.559148406982421875e+01
8.433444976806640625e+01
8.473937225341796875e+01
8.505220794677734375e+01
8.415443420410156250e+01
8.495578002929687500e+01
8.460105133056640625e+01
8.532723999023437500e+01
8.690959167480468750e+01
8.612923431396484375e+01
8.309500122070312500e+01
8.653311920166015625e+01
8.747367858886718750e+01
8.232433319091796875e+01
8.387866210937500000e+01
8.522117614746093750e+01
8.493105316162109375e+01
8.296724700927734375e+01
8.628851318359375000e+01
8.422065734863281250e+01
8.523377227783203125e+01
8.643321228027343750e+01
8.543972778320312500e+01
8.606554412841796875e+01
8.569208526611328125e+01
8.381490325927734375e+01
8.551845550537109375e+01
8.659204864501953125e+01
8.633550262451171875e+01
8.715030670166015625e+01
8.575051879882812500e+01
8.505798339843750000e+01
8.615394592285156250e+01
8.502024078369140625e+01
8.321762084960937500e+01
8.457231140136718750e+01
8.886093139648437500e+01
8.628894042968750000e+01
8.705842590332031250e+01
8.729389953613281250e+01
8.400426483154296875e+01
8.533526611328125000e+01
8.731874084472656250e+01
8.598457336425781250e+01
8.327127075195312500e+01
8.573696136474609375e+01
8.571984863281250000e+01
8.627435302734375000e+01
8.577484130859375000e+01
8.493357086181640625e+01
8.724609375000000000e+01
8.599795532226562500e+01
8.564260864257812500e+01
8.607081604003906250e+01
8.667744445800781250e+01
8.592797088623046875e+01
8.804190826416015625e+01
8.819876098632812500e+01
8.502378082275390625e+01
8.609780883789062500e+01
8.552246093750000000e+01
8.514335632324218750e+01
8.641033935546875000e+01
8.672201538085937500e+01
8.592664337158203125e+01
8.654228210449218750e+01
8.705310058593750000e+01
8.720022583007812500e+01
8.584581756591796875e+01
8.603203582763671875e+01
8.642314147949218750e+01
8.602333068847656250e+01
8.599583435058593750e+01
8.616758728027343750e+01
8.613917541503906250e+01
8.566341400146484375e+01
8.612612915039062500e+01
8.480595397949218750e+01
8.437405395507812500e+01
8.518022155761718750e+01
8.707070922851562500e+01
8.501825714111328125e+01
8.564921569824218750e+01
8.468290710449218750e+01
8.581864929199218750e+01
8.627973937988281250e+01
8.532130432128906250e+01
8.753828430175781250e+01
8.510787200927734375e+01
8.535090637207031250e+01
8.594178009033203125e+01
8.629589843750000000e+01
8.535619354248046875e+01
8.568418121337890625e+01
8.516388702392578125e+01
8.555238342285156250e+01
8.643264770507812500e+01
8.555910491943359375e+01
8.643395233154296875e+01
8.532584381103515625e+01
8.645107269287109375e+01
8.673753356933593750e+01
8.635372924804687500e+01
8.812312316894531250e+01
8.777856445312500000e+01
8.661392211914062500e+01
8.644280242919921875e+01
8.647528076171875000e+01
8.477021789550781250e+01
8.707227325439453125e+01
8.774520874023437500e+01
8.503413391113281250e+01
8.616013336181640625e+01
8.744570922851562500e+01
8.553440856933593750e+01
8.656035614013671875e+01
8.733682250976562500e+01
8.523755645751953125e+01
8.694756317138671875e+01
8.494820404052734375e+01
8.729985809326171875e+01
8.721409606933593750e+01
8.764499664306640625e+01
8.407766723632812500e+01
8.472863006591796875e+01
8.772711944580078125e+01
8.589025878906250000e+01
8.663477325439453125e+01
8.654676818847656250e+01
8.822781372070312500e+01
8.582352447509765625e+01
8.761933898925781250e+01
8.696627044677734375e+01
8.789485931396484375e+01
8.517765808105468750e+01
8.672705841064453125e+01
8.766738891601562500e+01
8.629209899902343750e+01
8.545700073242187500e+01
8.587441253662109375e+01
8.767329406738281250e+01
8.919499969482421875e+01
8.377175903320312500e+01
8.500746154785156250e+01
8.693360900878906250e+01
8.691746520996093750e+01
8.714922332763671875e+01
8.630678558349609375e+01
8.641967773437500000e+01
8.769758605957031250e+01
8.687319946289062500e+01
8.623249816894531250e+01
8.668058013916015625e+01
8.576541137695312500e+01
8.622475433349609375e+01
8.693630981445312500e+01
8.561916351318359375e+01
8.667603302001953125e+01
8.610633850097656250e+01
8.596653747558593750e+01
8.582561492919921875e+01
8.612703704833984375e+01
8.656764221191406250e+01
8.628999328613281250e+01
8.694792938232421875e+01
8.831159973144531250e+01
8.555638122558593750e+01
8.583483123779296875e+01
8.925418090820312500e+01
8.726168823242187500e+01
8.705371093750000000e+01
8.613617706298828125e+01
8.711425018310546875e+01
8.758548736572265625e+01
8.678008270263671875e+01
8.783369445800781250e+01
8.586464691162109375e+01
8.711076354980468750e+01
8.572489929199218750e+01
8.689099121093750000e+01
8.528941345214843750e+01
8.646714019775390625e+01
8.742002105712890625e+01
8.629002380371093750e+01
8.739430999755859375e+01
8.779294586181640625e+01
8.620481872558593750e+01
8.716212463378906250e+01
8.957543182373046875e+01
8.770381164550781250e+01
8.745316314697265625e+01
8.658650207519531250e+01
8.771534729003906250e+01
8.491618347167968750e+01
8.648904418945312500e+01
8.527857971191406250e+01
8.610607910156250000e+01
8.677076721191406250e+01
8.701055908203125000e+01
8.553146362304687500e+01
8.795086669921875000e+01
8.620222473144531250e+01
8.786660766601562500e+01
8.929335021972656250e+01
8.699827575683593750e+01
8.662615966796875000e+01
8.658321380615234375e+01
8.747123718261718750e+01
8.724464416503906250e+01
8.762845611572265625e+01
8.668714904785156250e+01
8.710639953613281250e+01
8.849925231933593750e+01
8.909645080566406250e+01
8.765132904052734375e+01
8.673831176757812500e+01
8.679827880859375000e+01
8.772841644287109375e+01
8.582235717773437500e+01
8.631726074218750000e+01
8.660591888427734375e+01
8.656062316894531250e+01
8.834683227539062500e+01
8.852203369140625000e+01
8.911531829833984375e+01
8.881977844238281250e+01
8.765854644775390625e+01
8.764877319335937500e+01
8.801860809326171875e+01
8.862945556640625000e+01
8.602947998046875000e+01
9.049356079101562500e+01
8.658589172363281250e+01
8.950445556640625000e+01
8.467716217041015625e+01
8.857307434082031250e+01
8.940533447265625000e+01
8.823896789550781250e+01
8.802809143066406250e+01
8.782715606689453125e+01
8.998340606689453125e+01
8.736553955078125000e+01
8.756394958496093750e+01
8.741593170166015625e+01
8.719284820556640625e+01
8.837548065185546875e+01
8.783235931396484375e+01
8.656465148925781250e+01
8.671998596191406250e+01
8.799458312988281250e+01
8.696062469482421875e+01
8.727388000488281250e+01
8.707868957519531250e+01
8.801828002929687500e+01
8.521173858642578125e+01
8.645452880859375000e+01
8.793146514892578125e+01
8.813957214355468750e+01
8.902508544921875000e+01
8.893264770507812500e+01
8.798680114746093750e+01
8.676198577880859375e+01
8.775123596191406250e+01
8.647404479980468750e+01
8.813661193847656250e+01
8.849555206298828125e+01
8.691734313964843750e+01
8.394221496582031250e+01
8.777710723876953125e+01
8.819610595703125000e+01
8.721306610107421875e+01
8.867769622802734375e+01
8.705488586425781250e+01
8.822050476074218750e+01
8.723194885253906250e+01
8.763393402099609375e+01
8.767324829101562500e+01
8.702997589111328125e+01
8.781116485595703125e+01
8.792238616943359375e+01
8.627755737304687500e+01
8.918716430664062500e+01
8.950668334960937500e+01
8.747483825683593750e+01
8.884294891357421875e+01
8.829858398437500000e+01
8.719267272949218750e+01
8.831039428710937500e+01
8.745413970947265625e+01
8.866468048095703125e+01
8.823965454101562500e+01
8.948803710937500000e+01
8.619918060302734375e+01
8.785568237304687500e+01
8.721223449707031250e+01
8.781121826171875000e+01
8.809306335449218750e+01
8.896891784667968750e+01
8.741140747070312500e+01
8.586174774169921875e+01
8.804747772216796875e+01
8.686587524414062500e+01
8.735149383544921875e+01
8.869977569580078125e+01
8.742250061035156250e+01
8.783059692382812500e+01
8.753261566162109375e+01
8.859771728515625000e+01
8.934699249267578125e+01
8.921025085449218750e+01
8.597525024414062500e+01
8.764338684082031250e+01
8.900770568847656250e+01
8.795661926269531250e+01
8.648542785644531250e+01
8.741304016113281250e+01
8.967978668212890625e+01
8.771031188964843750e+01
8.884039306640625000e+01
8.944709777832031250e+01
8.687455749511718750e+01
8.787652587890625000e+01
8.790766906738281250e+01
8.911833953857421875e+01
8.769648742675781250e+01
8.688061523437500000e+01
8.698038482666015625e+01
8.804672241210937500e+01
8.747481536865234375e+01
8.711077117919921875e+01
8.834394836425781250e+01
8.817215728759765625e+01
8.888980102539062500e+01
8.880079650878906250e+01
8.760797119140625000e+01
8.898207855224609375e+01
8.779721832275390625e+01
8.818577575683593750e+01
8.835852813720703125e+01
8.848895263671875000e+01
8.688964080810546875e+01
8.918955993652343750e+01
8.818180084228515625e+01
8.770548248291015625e+01
8.890882873535156250e+01
8.965183258056640625e+01
8.991531372070312500e+01
9.061074829101562500e+01
8.797453308105468750e+01
8.806524658203125000e+01
8.778196716308593750e+01
9.019068908691406250e+01
8.674603271484375000e+01
9.023809051513671875e+01
8.808567047119140625e+01
8.783059692382812500e+01
8.705636596679687500e+01
8.828131103515625000e+01
8.726254272460937500e+01
9.001833343505859375e+01
8.813121032714843750e+01
8.852937316894531250e+01
8.947963714599609375e+01
8.742462921142578125e+01
8.734394073486328125e+01
8.958657073974609375e+01
9.007260131835937500e+01
8.999961853027343750e+01
8.889086151123046875e+01
8.724456024169921875e+01
9.033254241943359375e+01
8.917207336425781250e+01
9.003877258300781250e+01
8.894812774658203125e+01
8.919375610351562500e+01
8.723244476318359375e+01
8.769068145751953125e+01
9.024555206298828125e+01
8.921459197998046875e+01
9.050449371337890625e+01
9.021073913574218750e+01
8.715780639648437500e+01
8.801658630371093750e+01
8.995459747314453125e+01
9.072526550292968750e+01
8.690496826171875000e+01
8.749232482910156250e+01
8.989962768554687500e+01
8.841156768798828125e+01
9.062377929687500000e+01
8.922611999511718750e+01
8.888660430908203125e+01
8.988539123535156250e+01
8.717697143554687500e+01
8.818223571777343750e+01
8.867668914794921875e+01
8.699621582031250000e+01
8.881176757812500000e+01
9.016220855712890625e+01
8.909437561035156250e+01
8.678392791748046875e+01
8.949072265625000000e+01
8.873571014404296875e+01
9.122066497802734375e+01
9.027293395996093750e+01
8.923484802246093750e+01
9.130697631835937500e+01
8.789606475830078125e+01
8.883311462402343750e+01
8.802921295166015625e+01
8.995113372802734375e+01
8.671998596191406250e+01
8.805147552490234375e+01
8.840660858154296875e+01
8.801521301269531250e+01
8.906575012207031250e+01
9.090586090087890625e+01
8.817765808105468750e+01
8.968983459472656250e+01
9.036322021484375000e+01
8.919719696044921875e+01
8.855717468261718750e+01
8.947064208984375000e+01
9.027377319335937500e+01
9.030934906005859375e+01
9.030535888671875000e+01
8.950511169433593750e+01
8.950527191162109375e+01
8.969453430175781250e+01
8.934020233154296875e+01
8.884550476074218750e+01
8.844970703125000000e+01
8.703727722167968750e+01
9.043542480468750000e+01
8.852864074707031250e+01
8.874040222167968750e+01
8.838603973388671875e+01
8.813539886474609375e+01
8.987101745605468750e+01
8.915089416503906250e+01
9.001605224609375000e+01
8.823272705078125000e+01
9.036921691894531250e+01
8.944098663330078125e+01
8.781900787353515625e+01
9.004108428955078125e+01
8.996894836425781250e+01
8.613623809814453125e+01
8.754752349853515625e+01
8.936920166015625000e+01
8.871806335449218750e+01
8.777313232421875000e+01
9.052201843261718750e+01
8.757193756103515625e+01
8.827763366699218750e+01
8.982823181152343750e+01
9.132761383056640625e+01
8.992755126953125000e+01
9.004669189453125000e+01
8.976771545410156250e+01
9.007573699951171875e+01
8.792832946777343750e+01
8.982160949707031250e+01
9.088715362548828125e+01
9.023315429687500000e+01
9.195187377929687500e+01
8.963765716552734375e+01
8.995209503173828125e+01
9.102321624755859375e+01
9.099337768554687500e+01
9.127330780029296875e+01
8.894158935546875000e+01
8.920249176025390625e+01
9.103676605224609375e+01
9.099360656738281250e+01
9.104167175292968750e+01
9.032248687744140625e+01
9.021843719482421875e+01
9.069384765625000000e+01
8.822415161132812500e+01
8.979927062988281250e+01
8.860969543457031250e+01
9.215160369873046875e+01
9.073983764648437500e+01
9.077492523193359375e+01
9.231510925292968750e+01
8.991574096679687500e+01
8.903376770019531250e+01
8.865292358398437500e+01
9.157054138183593750e+01
8.822702789306640625e+01
8.974987792968750000e+01
8.938790893554687500e+01
9.066162872314453125e+01
8.980537414550781250e+01
9.081998443603515625e+01
8.894114685058593750e+01
8.999497222900390625e+01
8.980938720703125000e+01
9.253564453125000000e+01
8.981858825683593750e+01
8.838183593750000000e+01
9.122845458984375000e+01
9.156690979003906250e+01
9.038831329345703125e+01
8.940667724609375000e+01
9.127375793457031250e+01
9.212426757812500000e+01
9.137150573730468750e+01
9.010485839843750000e+01
9.140135192871093750e+01
8.868003082275390625e+01
8.921566772460937500e+01
9.032991027832031250e+01
9.086171722412109375e+01
9.045300292968750000e+01
9.057858276367187500e+01
9.017156982421875000e+01
8.946954345703125000e+01
8.891236114501953125e+01
8.954850769042968750e+01
8.984109497070312500e+01
9.045832061767578125e+01
8.921968841552734375e+01
9.325125122070312500e+01
9.233081817626953125e+01
9.056094360351562500e+01
9.052682495117187500e+01
8.854360198974609375e+01
9.071215820312500000e+01
9.072021484375000000e+01
8.960264587402343750e+01
9.136649322509765625e+01
9.008738708496093750e+01
9.000557708740234375e+01
9.157329559326171875e+01
9.249530792236328125e+01
9.014436340332031250e+01
9.146953582763671875e+01
9.159096527099609375e+01
9.223817443847656250e+01
9.012127685546875000e+01
8.988362884521484375e+01
9.009165954589843750e+01
9.110195922851562500e+01
9.100627136230468750e+01
8.840457916259765625e+01
8.991516876220703125e+01
9.083339691162109375e+01
8.961913299560546875e+01
9.117813110351562500e+01
9.130438232421875000e+01
9.140178680419921875e+01
8.995253753662109375e+01
9.109669494628906250e+01
9.083555603027343750e+01
9.058359527587890625e+01
9.090048217773437500e+01
9.145857238769531250e+01
9.128474426269531250e+01
8.979899597167968750e+01
9.061952209472656250e+01
9.133316040039062500e+01
8.971945190429687500e+01
9.108469390869140625e+01
9.203419494628906250e+01
8.956751251220703125e+01
9.176814270019531250e+01
9.061551666259765625e+01
9.097183227539062500e+01
9.020520019531250000e+01
8.798858642578125000e+01
8.999739074707031250e+01
9.356514739990234375e+01
9.172064208984375000e+01
9.089294433593750000e+01
9.220426940917968750e+01
9.087979125976562500e+01
8.949227905273437500e+01
9.233265686035156250e+01
9.068769836425781250e+01
9.215338134765625000e+01
9.116305541992187500e+01
9.312494659423828125e+01
9.263380432128906250e+01
9.282521057128906250e+01
9.097680664062500000e+01
9.102069091796875000e+01
9.081660461425781250e+01
9.104540252685546875e+01
8.994274902343750000e+01
9.343208312988281250e+01
9.161341857910156250e+01
9.148729705810546875e+01
9.030361938476562500e+01
9.138830566406250000e+01
9.224597167968750000e+01
9.234593963623046875e+01
9.008868408203125000e+01
9.135203552246093750e+01
9.375804138183593750e+01
9.358071899414062500e+01
9.189833068847656250e+01
9.076744079589843750e+01
9.116222381591796875e+01
9.267430877685546875e+01
9.109963989257812500e+01
9.165194702148437500e+01
9.191548156738281250e+01
9.287223815917968750e+01
9.227951049804687500e+01
9.045891571044921875e+01
9.134953308105468750e+01
9.105865478515625000e+01
8.979701995849609375e+01
9.164971923828125000e+01
9.443000793457031250e+01
9.409127807617187500e+01
9.131141662597656250e+01
9.146664428710937500e+01
9.039558410644531250e+01
9.154905700683593750e+01
9.085041809082031250e+01
9.019028472900390625e+01
8.896318817138671875e+01
9.338304901123046875e+01
9.058168029785156250e+01
9.149791717529296875e+01
9.233530426025390625e+01
9.038578796386718750e+01
9.292377471923828125e+01
9.132833862304687500e+01
8.997979736328125000e+01
9.242881011962890625e+01
9.198030090332031250e+01
9.452778625488281250e+01
9.261027526855468750e+01
9.403379058837890625e+01
9.105073547363281250e+01
9.286941528320312500e+01
9.086958312988281250e+01
9.114368438720703125e+01
9.219287109375000000e+01
9.357318115234375000e+01
9.164280700683593750e+01
9.298043823242187500e+01
9.352175903320312500e+01
9.231491851806640625e+01
9.277267456054687500e+01
9.095283508300781250e+01
9.115558624267578125e+01
9.267906188964843750e+01
9.154064941406250000e+01
9.220933532714843750e+01
9.230200958251953125e+01
9.181141662597656250e+01
9.164347839355468750e+01
9.376289367675781250e+01
9.350920104980468750e+01
9.267810821533203125e+01
9.049132537841796875e+01
9.151635742187500000e+01
9.240760803222656250e+01
9.230255889892578125e+01
9.176142883300781250e+01
9.196420288085937500e+01
9.250808715820312500e+01
9.207128143310546875e+01
9.210376739501953125e+01
9.151683807373046875e+01
9.538740539550781250e+01
9.378692626953125000e+01
9.101589202880859375e+01
9.196771240234375000e+01
9.278841400146484375e+01
9.464413452148437500e+01
9.039817810058593750e+01
8.968920898437500000e+01
9.108636474609375000e+01
9.208624267578125000e+01
9.159840393066406250e+01
9.256182098388671875e+01
9.363796997070312500e+01
9.210221862792968750e+01
9.221250915527343750e+01
9.197581481933593750e+01
9.221240997314453125e+01
9.248515319824218750e+01
9.182293701171875000e+01
9.395927429199218750e+01
9.386618804931640625e+01
9.130322265625000000e+01
9.325967407226562500e+01
9.279512023925781250e+01
9.070661926269531250e+01
9.287388610839843750e+01
9.104580688476562500e+01
9.205799102783203125e+01
9.164453125000000000e+01
9.395019531250000000e+01
9.137170410156250000e+01
9.298233795166015625e+01
9.115904235839843750e+01
9.401902770996093750e+01
9.184349822998046875e+01
9.431626892089843750e+01
9.167227172851562500e+01
9.245585632324218750e+01
9.196487426757812500e+01
9.559500122070312500e+01
9.311792755126953125e+01
9.207142639160156250e+01
9.320603942871093750e+01
9.306497192382812500e+01
9.310727691650390625e+01
9.472207641601562500e+01
9.331911468505859375e+01
9.341467285156250000e+01
9.086804199218750000e+01
9.234447479248046875e+01
9.377193450927734375e+01
9.250321960449218750e+01
9.429594421386718750e+01
9.370587158203125000e+01
9.497481536865234375e+01
9.050057983398437500e+01
9.204302215576171875e+01
9.467356109619140625e+01
9.244998168945312500e+01
9.445974731445312500e+01
9.161077880859375000e+01
9.364133453369140625e+01
9.183930206298828125e+01
9.343118286132812500e+01
9.062641143798828125e+01
9.334056091308593750e+01
9.413494110107421875e+01
9.184249877929687500e+01
9.340393066406250000e+01
9.308656311035156250e+01
9.392645263671875000e+01
9.281683349609375000e+01
9.326812744140625000e+01
9.238277435302734375e+01
9.144245910644531250e+01
9.390231323242187500e+01
9.567586517333984375e+01
9.232498168945312500e+01
9.242557525634765625e+01
9.370126342773437500e+01
9.077426147460937500e+01
9.304475402832031250e+01
9.407502746582031250e+01
9.292550659179687500e+01
9.295443725585937500e+01
9.533689117431640625e+01
9.452750396728515625e+01
9.272933197021484375e+01
9.419230651855468750e+01
9.357334899902343750e+01
9.171702575683593750e+01
9.442970275878906250e+01
9.322236633300781250e+01
9.275859069824218750e+01
9.249784088134765625e+01
9.642617797851562500e+01
9.227879333496093750e+01
9.450476074218750000e+01
9.362648010253906250e+01
9.270288085937500000e+01
9.461888122558593750e+01
9.423422241210937500e+01
9.337006378173828125e+01
9.423173522949218750e+01
9.264177703857421875e+01
9.386289978027343750e+01
9.211019134521484375e+01
9.300030517578125000e+01
9.360423278808593750e+01
9.257818603515625000e+01
9.394372558593750000e+01
9.323817443847656250e+01
9.271743774414062500e+01
9.303169250488281250e+01
9.136462402343750000e+01
9.392820739746093750e+01
9.487358093261718750e+01
9.404838562011718750e+01
9.558930969238281250e+01
9.408793640136718750e+01
9.276726531982421875e+01
9.359130859375000000e+01
9.257144165039062500e+01
9.372183227539062500e+01
9.273356628417968750e+01
9.354622650146484375e+01
9.422368621826171875e+01
9.207997131347656250e+01
9.211198425292968750e+01
9.457728576660156250e+01
9.430598449707031250e+01
9.209885406494140625e+01
9.453291320800781250e+01
9.165812683105468750e+01
9.469025421142578125e+01
9.396246337890625000e+01
9.141748046875000000e+01
9.380998229980468750e+01
9.320774841308593750e+01
9.408224487304687500e+01
9.314148712158203125e+01
9.416825866699218750e+01
9.357405090332031250e+01
9.350523376464843750e+01
9.296279907226562500e+01
9.521981811523437500e+01
9.287335205078125000e+01
9.261827087402343750e+01
9.347158813476562500e+01
9.555906677246093750e+01
9.566613006591796875e+01
9.380364227294921875e+01
9.580199432373046875e+01
9.426367187500000000e+01
9.072908020019531250e+01
9.344773864746093750e+01
9.324195098876953125e+01
9.512858581542968750e+01
9.333969879150390625e+01
9.339586639404296875e+01
9.328381347656250000e+01
9.380593872070312500e+01
9.424223327636718750e+01
9.410099029541015625e+01
9.658152770996093750e+01
9.476655578613281250e+01
9.568069458007812500e+01
9.404810333251953125e+01
9.431748962402343750e+01
9.330476379394531250e+01
9.263923645019531250e+01
9.328770446777343750e+01
9.484880828857421875e+01
9.396625518798828125e+01
9.483585357666015625e+01
9.371766662597656250e+01
9.492414855957031250e+01
9.222836303710937500e+01
9.530931091308593750e+01
9.434643554687500000e+01
9.484814453125000000e+01
9.543592834472656250e+01
9.470767211914062500e+01
9.690093231201171875e+01
9.309962463378906250e+01
9.240027618408203125e+01
9.620277404785156250e+01
9.398815155029296875e+01
9.493013000488281250e+01
9.484285736083984375e+01
9.337140655517578125e+01
9.620281219482421875e+01
9.354958343505859375e+01
9.515284729003906250e+01
9.682865142822265625e+01
9.525969696044921875e+01
9.518586730957031250e+01
9.527050781250000000e+01
9.473574829101562500e+01
9.534584808349609375e+01
9.363830566406250000e+01
9.414788818359375000e+01
9.586353302001953125e+01
9.385147094726562500e+01
9.394181823730468750e+01
9.434457397460937500e+01
9.415681457519531250e+01
9.518802642822265625e+01
9.422158813476562500e+01
9.730676269531250000e+01
9.465366363525390625e+01
9.396090698242187500e+01
9.537686157226562500e+01
9.658087921142578125e+01
9.526673889160156250e+01
9.555967712402343750e+01
9.510719299316406250e+01
9.378527069091796875e+01
9.603651428222656250e+01
9.581884765625000000e+01
9.525131225585937500e+01
9.442929077148437500e+01
9.493833923339843750e+01
9.324599456787109375e+01
9.470968627929687500e+01
9.321544647216796875e+01
9.623149108886718750e+01
9.410913848876953125e+01
9.777494812011718750e+01
9.466242218017578125e+01
9.366036987304687500e+01
9.309100341796875000e+01
9.554463958740234375e+01
9.393790435791015625e+01
9.774398803710937500e+01
9.561936187744140625e+01
9.501448059082031250e+01
9.611060333251953125e+01
9.584725952148437500e+01
9.459078979492187500e+01
9.578981018066406250e+01
9.405570220947265625e+01
9.551406097412109375e+01
9.371066284179687500e+01
9.478724670410156250e+01
9.686303710937500000e+01
9.519011688232421875e+01
9.675225830078125000e+01
9.534217834472656250e+01
9.587046051025390625e+01
9.249676513671875000e+01
9.440745544433593750e+01
9.752256011962890625e+01
9.462947082519531250e+01
9.463529205322265625e+01
9.523571777343750000e+01
9.623487091064453125e+01
9.438428497314453125e+01
9.347701263427734375e+01
9.625675964355468750e+01
9.443440246582031250e+01
9.455134582519531250e+01
9.545009613037109375e+01
9.637366485595703125e+01
9.580760955810546875e+01
9.677623748779296875e+01
9.340972900390625000e+01
9.547692108154296875e+01
9.689703369140625000e+01
9.313554382324218750e+01
9.574114227294921875e+01
9.699879455566406250e+01
9.578591918945312500e+01
9.401483154296875000e+01
9.589288330078125000e+01
9.578854370117187500e+01
9.369955444335937500e+01
9.598626708984375000e+01
9.310984802246093750e+01
9.418117523193359375e+01
9.613730621337890625e+01
9.707872772216796875e+01
9.781365966796875000e+01
9.482650756835937500e+01
9.508699035644531250e+01
9.345055389404296875e+01
9.682839965820312500e+01
9.440690612792968750e+01
9.673254394531250000e+01
9.606791687011718750e+01
9.712661743164062500e+01
9.581488037109375000e+01
9.491319274902343750e+01
9.724311828613281250e+01
9.564027404785156250e+01
9.563256835937500000e+01
9.549420166015625000e+01
9.432746124267578125e+01
9.716795349121093750e+01
9.604233551025390625e+01
9.716668701171875000e+01
9.581186676025390625e+01
9.675440979003906250e+01
9.597183990478515625e+01
9.640386962890625000e+01
9.611656188964843750e+01
9.632028961181640625e+01
9.449028015136718750e+01
9.679191589355468750e+01
9.677019500732421875e+01
9.866743469238281250e+01
9.610363769531250000e+01
9.488640594482421875e+01
9.569888305664062500e+01
9.557168579101562500e+01
9.520709228515625000e+01
9.586262512207031250e+01
9.562200164794921875e+01
9.740126037597656250e+01
9.747081756591796875e+01
9.568870544433593750e+01
9.737593078613281250e+01
9.607771301269531250e+01
9.495590972900390625e+01
9.544728088378906250e+01
9.554296875000000000e+01
9.669468688964843750e+01
9.820831298828125000e+01
9.423545074462890625e+01
9.528686523437500000e+01
9.624168395996093750e+01
9.617452239990234375e+01
9.574069213867187500e+01
9.538995361328125000e+01
9.860766601562500000e+01
9.594261169433593750e+01
9.634654235839843750e+01
9.510456085205078125e+01
9.553070831298828125e+01
9.587910461425781250e+01
9.661101531982421875e+01
9.779273986816406250e+01
9.467071533203125000e+01
9.552210235595703125e+01
9.547284698486328125e+01
9.657147216796875000e+01
9.670390319824218750e+01
9.667625427246093750e+01
9.644242858886718750e+01
9.474715423583984375e+01
9.518941497802734375e+01
9.652633666992187500e+01
9.557820129394531250e+01
9.612177276611328125e+01
9.563580322265625000e+01
9.667920684814453125e+01
9.493865203857421875e+01
9.548943328857421875e+01
9.709716796875000000e+01
9.757360839843750000e+01
9.626872253417968750e+01
9.778971099853515625e+01
9.665071105957031250e+01
1.005073776245117188e+02
9.777519226074218750e+01
9.854463958740234375e+01
9.511779785156250000e+01
9.768482971191406250e+01
9.746775817871093750e+01
9.636814117431640625e+01
9.639656066894531250e+01
9.664556884765625000e+01
9.845556640625000000e+01
9.649710845947265625e+01
9.643235778808593750e+01
9.545965576171875000e+01
9.621582031250000000e+01
9.644433593750000000e+01
9.733465576171875000e+01
9.639540100097656250e+01
9.773297119140625000e+01
9.643105316162109375e+01
9.543064880371093750e+01
9.587389373779296875e+01
9.710241699218750000e+01
9.674980163574218750e+01
9.536657714843750000e+01
9.725992584228515625e+01
9.690565490722656250e+01
9.709105682373046875e+01
9.465910339355468750e+01
9.611567687988281250e+01
9.673079681396484375e+01
9.572690582275390625e+01
9.532487487792968750e+01
9.678619384765625000e+01
9.606114959716796875e+01
9.726308441162109375e+01
9.735945892333984375e+01
9.538915252685546875e+01
9.739199829101562500e+01
9.702993774414062500e+01
9.675363159179687500e+01
9.869944763183593750e+01
9.773628997802734375e+01
9.665541076660156250e+01
9.725108337402343750e+01
9.698542022705078125e+01
9.605596923828125000e+01
9.742340087890625000e+01
9.790449523925781250e+01
9.752252197265625000e+01
9.779869842529296875e+01
9.832971191406250000e+01
9.542353057861328125e+01
9.630892181396484375e+01
9.633253479003906250e+01
1.006122589111328125e+02
9.606618499755859375e+01
9.727390289306640625e+01
9.686759948730468750e+01
9.566587829589843750e+01
9.709461975097656250e+01
9.778536987304687500e+01
9.796088409423828125e+01
9.767385864257812500e+01
9.818389892578125000e+01
9.754474639892578125e+01
9.894923400878906250e+01
9.740553283691406250e+01
9.745983123779296875e+01
9.825813293457031250e+01
9.830164337158203125e+01
9.672019958496093750e+01
9.805463409423828125e+01
9.602207946777343750e+01
9.630929565429687500e+01
9.627870178222656250e+01
9.941250610351562500e+01
9.848683166503906250e+01
9.684551239013671875e+01
9.701065063476562500e+01
9.757147216796875000e+01
9.625365447998046875e+01
9.665837097167968750e+01
9.901098632812500000e+01
9.729306793212890625e+01
9.898054504394531250e+01
9.827644348144531250e+01
9.576068878173828125e+01
9.792372131347656250e+01
9.982432556152343750e+01
9.702612304687500000e+01
9.673513031005859375e+01
9.804087829589843750e+01
9.938719940185546875e+01
9.677645874023437500e+01
9.811985778808593750e+01
9.632923889160156250e+01
9.807608795166015625e+01
9.897852325439453125e+01
9.627658843994140625e+01
9.856763458251953125e+01
9.678871154785156250e+01
9.820162963867187500e+01
9.608219146728515625e+01
9.903851318359375000e+01
9.780780029296875000e+01
9.934140014648437500e+01
9.903193664550781250e+01
9.575213623046875000e+01
9.725698852539062500e+01
9.740302276611328125e+01
9.628559112548828125e+01
9.645673370361328125e+01
9.788719177246093750e+01
9.978010559082031250e+01
9.643403625488281250e+01
9.802553558349609375e+01
9.915352630615234375e+01
9.698025512695312500e+01
9.817510986328125000e+01
9.907012939453125000e+01
9.889884185791015625e+01
9.849511718750000000e+01
9.759601593017578125e+01
9.825952148437500000e+01
9.545851135253906250e+01
9.956872558593750000e+01
9.804782867431640625e+01
9.786460876464843750e+01
9.708392333984375000e+01
9.855471801757812500e+01
9.839855194091796875e+01
9.863986206054687500e+01
9.759520721435546875e+01
9.810179138183593750e+01
9.790876007080078125e+01
9.612905120849609375e+01
9.700309753417968750e+01
9.888912200927734375e+01
9.862571716308593750e+01
9.769653320312500000e+01
1.001677169799804688e+02
9.881121826171875000e+01
9.856802368164062500e+01
9.924287414550781250e+01
9.652349090576171875e+01
9.842806243896484375e+01
9.719896697998046875e+01
9.856572723388671875e+01
9.837951660156250000e+01
9.926155090332031250e+01
9.887174224853515625e+01
9.878352355957031250e+01
9.935054016113281250e+01
1.009336700439453125e+02
9.796401214599609375e+01
9.758765411376953125e+01
9.769378662109375000e+01
9.822993469238281250e+01
9.851647949218750000e+01
9.751487731933593750e+01
1.002216567993164062e+02
9.909180450439453125e+01
9.898337554931640625e+01
9.812360382080078125e+01
9.869771575927734375e+01
9.711891174316406250e+01
9.796984863281250000e+01
1.001970825195312500e+02
1.005479507446289062e+02
9.775280761718750000e+01
9.659115600585937500e+01
9.927465820312500000e+01
9.949012756347656250e+01
9.788012695312500000e+01
9.787150573730468750e+01
9.884428405761718750e+01
9.755147552490234375e+01
9.686304473876953125e+01
9.763549804687500000e+01
9.900981140136718750e+01
9.917854309082031250e+01
9.925281524658203125e+01
9.799229431152343750e+01
9.769879150390625000e+01
9.897496032714843750e+01
1.015066528320312500e+02
9.806067657470703125e+01
9.825166320800781250e+01
9.987477111816406250e+01
9.877438354492187500e+01
1.000984344482421875e+02
1.009112091064453125e+02
9.735316467285156250e+01
1.002775039672851562e+02
9.994245910644531250e+01
9.756017303466796875e+01
9.879792785644531250e+01
9.976175689697265625e+01
9.866338348388671875e+01
9.965950012207031250e+01
9.793913269042968750e+01
1.002418212890625000e+02
9.896340179443359375e+01
9.906430053710937500e+01
9.937541198730468750e+01
9.736768341064453125e+01
9.793466186523437500e+01
9.866870880126953125e+01
9.982539367675781250e+01
9.766316223144531250e+01
9.799347686767578125e+01
9.869767761230468750e+01
9.966477966308593750e+01
9.865052795410156250e+01
1.000488891601562500e+02
1.000173797607421875e+02
9.798218536376953125e+01
9.945861816406250000e+01
9.999858093261718750e+01
9.898829650878906250e+01
1.004936294555664062e+02
9.826126098632812500e+01
9.749740600585937500e+01
9.968868255615234375e+01
9.696759033203125000e+01
9.907662200927734375e+01
1.012607040405273438e+02
1.001005096435546875e+02
9.757029724121093750e+01
9.768166351318359375e+01
1.005313873291015625e+02
9.965327453613281250e+01
9.953479003906250000e+01
9.758312225341796875e+01
9.912965393066406250e+01
9.931999206542968750e+01
9.888438415527343750e+01
9.673480224609375000e+01
9.948851013183593750e+01
9.844572448730468750e+01
1.027462539672851562e+02
9.771320343017578125e+01
9.930778503417968750e+01
9.969600677490234375e+01
1.012093963623046875e+02
9.979835510253906250e+01
9.893009185791015625e+01
9.850949096679687500e+01
9.917008972167968750e+01
9.891038513183593750e+01
9.907061767578125000e+01
9.870641326904296875e+01
9.948970031738281250e+01
1.002499923706054688e+02
9.936416625976562500e+01
9.890169525146484375e+01
9.942628479003906250e+01
1.005117263793945312e+02
9.941815948486328125e+01
1.020027313232421875e+02
9.969627380371093750e+01
9.950357055664062500e+01
1.007903823852539062e+02
1.002020797729492188e+02
9.909490203857421875e+01
9.924479675292968750e+01
9.841442871093750000e+01
1.010126037597656250e+02
1.026823120117187500e+02
1.024410324096679688e+02
9.912660980224609375e+01
9.831474304199218750e+01
1.002213134765625000e+02
9.850182342529296875e+01
9.763876342773437500e+01
1.011601867675781250e+02
1.004109649658203125e+02
9.944790649414062500e+01
9.862364196777343750e+01
9.789544677734375000e+01
9.938217163085937500e+01
1.010478973388671875e+02
9.954743957519531250e+01
9.946043395996093750e+01
9.963606262207031250e+01
9.845170593261718750e+01
1.002304992675781250e+02
1.014534912109375000e+02
1.016963958740234375e+02
1.013964080810546875e+02
9.940350341796875000e+01
1.002046813964843750e+02
1.000980377197265625e+02
9.992295837402343750e+01
9.979373168945312500e+01
1.001068725585937500e+02
9.944116973876953125e+01
1.009751434326171875e+02
1.001299133300781250e+02
1.023742294311523438e+02
9.839105224609375000e+01
9.785660552978515625e+01
9.925724029541015625e+01
9.942436218261718750e+01
9.919625091552734375e+01
9.857273864746093750e+01
9.953103637695312500e+01
9.859498596191406250e+01
1.025006103515625000e+02
1.008491210937500000e+02
9.972406768798828125e+01
1.028273010253906250e+02
9.883360290527343750e+01
9.992582702636718750e+01
1.010958633422851562e+02
1.001182556152343750e+02
1.005634918212890625e+02
1.015073089599609375e+02
9.886804962158203125e+01
9.837652587890625000e+01
9.983906555175781250e+01
1.001115112304687500e+02
1.001939544677734375e+02
1.008827819824218750e+02
1.003892517089843750e+02
9.808885192871093750e+01
1.014650192260742188e+02
1.019618682861328125e+02
9.913308715820312500e+01
9.967633056640625000e+01
1.000011901855468750e+02
1.015010833740234375e+02
1.017740478515625000e+02
1.000293807983398438e+02
9.965487670898437500e+01
1.004335937500000000e+02
9.742639160156250000e+01
9.829520416259765625e+01
1.007206573486328125e+02
1.004365463256835938e+02
1.016465530395507812e+02
9.870140075683593750e+01
1.011124114990234375e+02
1.010778808593750000e+02
1.012331619262695312e+02
1.020377807617187500e+02
1.002114257812500000e+02
1.031583557128906250e+02
9.871869659423828125e+01
1.004585113525390625e+02
9.894998168945312500e+01
1.007468566894531250e+02
9.938290405273437500e+01
9.888587188720703125e+01
9.961830902099609375e+01
1.011564483642578125e+02
1.001795806884765625e+02
9.898735809326171875e+01
1.026333236694335938e+02
9.971067810058593750e+01
1.003422012329101562e+02
1.019237976074218750e+02
1.002628402709960938e+02
9.924800109863281250e+01
1.012509765625000000e+02
9.918646240234375000e+01
1.014559402465820312e+02
1.013008880615234375e+02
9.835495758056640625e+01
9.969976806640625000e+01
1.002795715332031250e+02
1.000181503295898438e+02
9.991334533691406250e+01
1.017354125976562500e+02
1.014267730712890625e+02
1.026781387329101562e+02
1.005441055297851562e+02
1.005695724487304688e+02
1.004395370483398438e+02
1.012895431518554688e+02
1.004326019287109375e+02
1.007247924804687500e+02
1.008376159667968750e+02
1.014143066406250000e+02
1.004425811767578125e+02
9.979158782958984375e+01
9.907237243652343750e+01
1.022970886230468750e+02
1.010955734252929688e+02
1.022036590576171875e+02
1.011087188720703125e+02
1.012191543579101562e+02
9.988050842285156250e+01
9.901987457275390625e+01
1.024143676757812500e+02
1.013646240234375000e+02
1.008309936523437500e+02
1.007566986083984375e+02
1.000805282592773438e+02
1.000565719604492188e+02
1.021251678466796875e+02
1.012405395507812500e+02
1.002494964599609375e+02
1.005428466796875000e+02
1.004667358398437500e+02
1.018169250488281250e+02
9.962989044189453125e+01
1.016262207031250000e+02
9.843610382080078125e+01
1.005009841918945312e+02
9.970085144042968750e+01
1.019829177856445312e+02
1.014223480224609375e+02
1.023083038330078125e+02
1.016372985839843750e+02
9.999246978759765625e+01
9.981652069091796875e+01
1.010666885375976562e+02
1.015926055908203125e+02
9.869066619873046875e+01
1.018959121704101562e+02
1.015663604736328125e+02
1.013322143554687500e+02
1.000790405273437500e+02
1.010022201538085938e+02
1.019672088623046875e+02
1.017439422607421875e+02
1.003528900146484375e+02
9.928949737548828125e+01
1.017216796875000000e+02
1.018637542724609375e+02
1.001743927001953125e+02
1.003622283935546875e+02
1.004482116699218750e+02
1.014632949829101562e+02
1.028357315063476562e+02
1.021286392211914062e+02
9.988212585449218750e+01
1.014796066284179688e+02
1.046133728027343750e+02
1.013925628662109375e+02
1.012841949462890625e+02
1.011917419433593750e+02
9.938599395751953125e+01
1.026196899414062500e+02
1.026169128417968750e+02
1.018544998168945312e+02
1.002894592285156250e+02
1.044745941162109375e+02
1.008610763549804688e+02
1.021512451171875000e+02
1.013793029785156250e+02
1.030143890380859375e+02
1.002618560791015625e+02
1.024113922119140625e+02
1.015429687500000000e+02
1.020020980834960938e+02
1.008664169311523438e+02
1.016441574096679688e+02
1.025717163085937500e+02
9.967773437500000000e+01
1.028771057128906250e+02
1.025104370117187500e+02
9.957626342773437500e+01
9.933023071289062500e+01
1.019109497070312500e+02
1.003485412597656250e+02
1.011790161132812500e+02
1.036536102294921875e+02
1.003187408447265625e+02
1.051999816894531250e+02
1.027809982299804688e+02
1.021671676635742188e+02
1.027318420410156250e+02
1.004630279541015625e+02
9.974671936035156250e+01
1.015839004516601562e+02
1.028111877441406250e+02
1.006720581054687500e+02
1.015087966918945312e+02
1.020716476440429688e+02
1.006290893554687500e+02
1.023665008544921875e+02
1.006772613525390625e+02
1.009428253173828125e+02
1.014570999145507812e+02
9.998687744140625000e+01
1.018423461914062500e+02
1.018342819213867188e+02
1.009836578369140625e+02
1.025754547119140625e+02
1.003512420654296875e+02
1.018773345947265625e+02
1.021349945068359375e+02
1.001708831787109375e+02
1.027829742431640625e+02
1.026441345214843750e+02
1.021361923217773438e+02
1.025353851318359375e+02
1.002888641357421875e+02
1.017056732177734375e+02
1.020329971313476562e+02
1.032228851318359375e+02
1.027988739013671875e+02
1.017683181762695312e+02
1.018005447387695312e+02
1.014853134155273438e+02
1.019081115722656250e+02
1.018486785888671875e+02
1.022866210937500000e+02
1.026346817016601562e+02
1.014394989013671875e+02
1.008839950561523438e+02
1.029578094482421875e+02
1.020117797851562500e+02
1.045458221435546875e+02
1.021288375854492188e+02
1.019747924804687500e+02
1.004707794189453125e+02
1.026026916503906250e+02
1.030707244873046875e+02
1.012836456298828125e+02
1.016632843017578125e+02
1.012683029174804688e+02
1.017506866455078125e+02
1.036398315429687500e+02
1.003283386230468750e+02
1.017475891113281250e+02
1.014067993164062500e+02
