1.107664296875000000e+05
9.973906250000000000e+04
8.885330468750000000e+04
7.790333593750000000e+04
6.723464843750000000e+04
5.696866015625000000e+04
4.773925781250000000e+04
3.990989453125000000e+04
3.363678515625000000e+04
2.897865234375000000e+04
2.662715234375000000e+04
2.627821484375000000e+04
2.723526562500000000e+04
2.958681640625000000e+04
3.194694921875000000e+04
3.417368359375000000e+04
3.529523046875000000e+04
3.547036718750000000e+04
3.483253125000000000e+04
3.326484375000000000e+04
3.140853515625000000e+04
2.940828515625000000e+04
2.797350195312500000e+04
2.690746679687500000e+04
2.622854687500000000e+04
2.590303906250000000e+04
2.608755664062500000e+04
2.631759960937500000e+04
2.676604687500000000e+04
2.727327734375000000e+04
2.743125585937500000e+04
2.778839257812500000e+04
2.774412695312500000e+04
2.770817578125000000e+04
2.740895703125000000e+04
2.696740234375000000e+04
2.656423437500000000e+04
2.625961132812500000e+04
2.608044531250000000e+04
2.580344335937500000e+04
2.565871679687500000e+04
2.557081835937500000e+04
2.561317773437500000e+04
2.573600000000000000e+04
2.593673632812500000e+04
2.579146875000000000e+04
2.593785546875000000e+04
2.600123437500000000e+04
2.576268945312500000e+04
2.571089843750000000e+04
2.560640039062500000e+04
2.550174414062500000e+04
2.533798632812500000e+04
2.541403906250000000e+04
2.530886132812500000e+04
2.527167968750000000e+04
2.508818164062500000e+04
2.528458593750000000e+04
2.529683203125000000e+04
2.514581054687500000e+04
2.520856835937500000e+04
2.531048437500000000e+04
2.509127929687500000e+04
2.501464453125000000e+04
2.488375000000000000e+04
2.491975976562500000e+04
2.475832031250000000e+04
2.482544726562500000e+04
2.487366601562500000e+04
2.463803906250000000e+04
2.471716015625000000e+04
2.461722656250000000e+04
2.455768554687500000e+04
2.453556250000000000e+04
2.449713867187500000e+04
2.453278125000000000e+04
2.443121289062500000e+04
2.427589062500000000e+04
2.432763476562500000e+04
2.429432812500000000e+04
2.417895703125000000e+04
2.410614648437500000e+04
2.406154687500000000e+04
2.393811132812500000e+04
2.383138085937500000e+04
2.381625781250000000e+04
2.369616796875000000e+04
2.360791210937500000e+04
2.360281250000000000e+04
2.354299804687500000e+04
2.348054101562500000e+04
2.337850585937500000e+04
2.321443750000000000e+04
2.330376757812500000e+04
2.314868164062500000e+04
2.285765039062500000e+04
2.302225585937500000e+04
2.269422851562500000e+04
2.266910546875000000e+04
2.260007617187500000e+04
2.241733789062500000e+04
2.237821093750000000e+04
2.225987304687500000e+04
2.220246289062500000e+04
2.197583789062500000e+04
2.186571484375000000e+04
2.186352343750000000e+04
2.171511132812500000e+04
2.146519140625000000e+04
2.135892578125000000e+04
2.121098632812500000e+04
2.107010546875000000e+04
2.088063671875000000e+04
2.074550195312500000e+04
2.062580273437500000e+04
2.049122656250000000e+04
2.027961914062500000e+04
2.008057421875000000e+04
2.000263867187500000e+04
1.982500976562500000e+04
1.968876171875000000e+04
1.948934570312500000e+04
1.925433203125000000e+04
1.904543554687500000e+04
1.889695703125000000e+04
1.856812109375000000e+04
1.843858398437500000e+04
1.821008984375000000e+04
1.799708398437500000e+04
1.775842773437500000e+04
1.767758789062500000e+04
1.729743359375000000e+04
1.708782421875000000e+04
1.682319531250000000e+04
1.651409765625000000e+04
1.631027343750000000e+04
1.609937304687500000e+04
1.584410546875000000e+04
1.554211425781250000e+04
1.533271582031250000e+04
1.494287402343750000e+04
1.468212890625000000e+04
1.441059472656250000e+04
1.410795996093750000e+04
1.390305761718750000e+04
1.360489453125000000e+04
1.329371875000000000e+04
1.296104394531250000e+04
1.272471289062500000e+04
1.243826953125000000e+04
1.226109960937500000e+04
1.198388476562500000e+04
1.173844824218750000e+04
1.149859960937500000e+04
1.126994921875000000e+04
1.110414355468750000e+04
1.083708007812500000e+04
1.077661914062500000e+04
1.058946289062500000e+04
1.040153417968750000e+04
1.021045605468750000e+04
1.004394140625000000e+04
9.956271484375000000e+03
9.851625976562500000e+03
9.630957031250000000e+03
9.485053710937500000e+03
9.400061523437500000e+03
9.234143554687500000e+03
9.106685546875000000e+03
9.024902343750000000e+03
8.839990234375000000e+03
8.760501953125000000e+03
8.636809570312500000e+03
8.515600585937500000e+03
8.413837890625000000e+03
8.314860351562500000e+03
8.196864257812500000e+03
8.058797363281250000e+03
7.980397949218750000e+03
7.810162597656250000e+03
7.743370605468750000e+03
7.656041992187500000e+03
7.595679199218750000e+03
7.457983886718750000e+03
7.385994628906250000e+03
7.337810058593750000e+03
7.236543945312500000e+03
7.199029296875000000e+03
7.139058593750000000e+03
7.051790527343750000e+03
6.954753906250000000e+03
6.907817382812500000e+03
6.856725097656250000e+03
6.842914550781250000e+03
6.790249023437500000e+03
6.763469726562500000e+03
6.685226074218750000e+03
6.625169433593750000e+03
6.581875488281250000e+03
6.517969238281250000e+03
6.525875976562500000e+03
6.455120117187500000e+03
6.422478515625000000e+03
6.411874511718750000e+03
6.354362792968750000e+03
6.345637695312500000e+03
6.343049316406250000e+03
6.323737304687500000e+03
6.302910156250000000e+03
6.275377441406250000e+03
6.254131347656250000e+03
6.228258789062500000e+03
6.247291503906250000e+03
6.229354492187500000e+03
6.177290527343750000e+03
6.192713867187500000e+03
6.146379882812500000e+03
6.150182128906250000e+03
6.137979980468750000e+03
6.079753417968750000e+03
6.076139160156250000e+03
6.032673339843750000e+03
6.016015136718750000e+03
6.026971191406250000e+03
5.996437988281250000e+03
6.007165039062500000e+03
5.972640625000000000e+03
5.973095703125000000e+03
5.972118652343750000e+03
5.935973144531250000e+03
5.933786132812500000e+03
5.940281250000000000e+03
5.894095214843750000e+03
5.852350097656250000e+03
5.826397460937500000e+03
5.847129394531250000e+03
5.797761230468750000e+03
5.794233398437500000e+03
5.797539062500000000e+03
5.775974121093750000e+03
5.738330566406250000e+03
5.729339843750000000e+03
5.732856445312500000e+03
5.714511718750000000e+03
5.668504394531250000e+03
5.627556640625000000e+03
5.631188476562500000e+03
5.601065917968750000e+03
5.610609863281250000e+03
5.564377929687500000e+03
5.559657714843750000e+03
5.537785156250000000e+03
5.543647460937500000e+03
5.528574218750000000e+03
5.503711425781250000e+03
5.505634277343750000e+03
5.494561523437500000e+03
5.469050781250000000e+03
5.427373046875000000e+03
5.427087890625000000e+03
5.464844726562500000e+03
5.405913085937500000e+03
5.351558593750000000e+03
5.375825683593750000e+03
5.324364746093750000e+03
5.309896484375000000e+03
5.329510253906250000e+03
5.271388183593750000e+03
5.278843261718750000e+03
5.270294921875000000e+03
5.243658203125000000e+03
5.267980468750000000e+03
5.246855468750000000e+03
5.206889160156250000e+03
5.199253417968750000e+03
5.164708496093750000e+03
5.164886230468750000e+03
5.154817871093750000e+03
5.114652832031250000e+03
5.113305175781250000e+03
5.114166503906250000e+03
5.063527343750000000e+03
5.053183105468750000e+03
5.067099609375000000e+03
5.017165039062500000e+03
5.022372070312500000e+03
4.992926757812500000e+03
5.002798828125000000e+03
4.943597167968750000e+03
4.963316894531250000e+03
4.947432128906250000e+03
4.916530273437500000e+03
4.886748535156250000e+03
4.878513671875000000e+03
4.888846191406250000e+03
4.862981445312500000e+03
4.846422363281250000e+03
4.857868164062500000e+03
4.820126953125000000e+03
4.778368164062500000e+03
4.772983886718750000e+03
4.786265625000000000e+03
4.781173828125000000e+03
4.722286132812500000e+03
4.782365722656250000e+03
4.720196777343750000e+03
4.711554687500000000e+03
4.669063476562500000e+03
4.653525390625000000e+03
4.649090820312500000e+03
4.627280761718750000e+03
4.604082031250000000e+03
4.581312988281250000e+03
4.616053222656250000e+03
4.578153808593750000e+03
4.551731445312500000e+03
4.560160156250000000e+03
4.536311523437500000e+03
4.522929687500000000e+03
4.499403808593750000e+03
4.514809570312500000e+03
4.457585449218750000e+03
4.483696777343750000e+03
4.449705566406250000e+03
4.459618164062500000e+03
4.401722656250000000e+03
4.402452148437500000e+03
4.382740234375000000e+03
4.379794433593750000e+03
4.383075195312500000e+03
4.321348144531250000e+03
4.332278808593750000e+03
4.336208496093750000e+03
4.314062988281250000e+03
4.288812011718750000e+03
4.269989257812500000e+03
4.286462402343750000e+03
4.267591308593750000e+03
4.262579101562500000e+03
4.216517089843750000e+03
4.211395996093750000e+03
4.217989746093750000e+03
4.198504394531250000e+03
4.173851074218750000e+03
4.143019042968750000e+03
4.117792480468750000e+03
4.148948242187500000e+03
4.112214843750000000e+03
4.114512695312500000e+03
4.103524414062500000e+03
4.078046630859375000e+03
4.084575195312500000e+03
4.086108886718750000e+03
4.054288574218750000e+03
4.041929687500000000e+03
4.017155273437500000e+03
4.044241699218750000e+03
4.038543701171875000e+03
4.027137695312500000e+03
3.999958984375000000e+03
3.979014404296875000e+03
3.962904541015625000e+03
3.987183349609375000e+03
3.984899902343750000e+03
3.958985595703125000e+03
3.930763671875000000e+03
3.909418212890625000e+03
3.886967041015625000e+03
3.891221679687500000e+03
3.891854003906250000e+03
3.874156250000000000e+03
3.853968261718750000e+03
3.834927978515625000e+03
3.827718994140625000e+03
3.806833007812500000e+03
3.818409912109375000e+03
3.802219970703125000e+03
3.782289306640625000e+03
3.788734375000000000e+03
3.780378906250000000e+03
3.781038330078125000e+03
3.735573974609375000e+03
3.778909667968750000e+03
3.761179199218750000e+03
3.726698242187500000e+03
3.756707031250000000e+03
3.745015380859375000e+03
3.711831054687500000e+03
3.690730224609375000e+03
3.664554931640625000e+03
3.653709716796875000e+03
3.644951416015625000e+03
3.657978271484375000e+03
3.652766601562500000e+03
3.635503662109375000e+03
3.668043945312500000e+03
3.642710205078125000e+03
3.630085205078125000e+03
3.599752685546875000e+03
3.609831054687500000e+03
3.584652587890625000e+03
3.561716552734375000e+03
3.555967041015625000e+03
3.645411865234375000e+03
3.672595947265625000e+03
3.623927978515625000e+03
3.551138671875000000e+03
3.516630371093750000e+03
3.524593750000000000e+03
3.582680664062500000e+03
3.617484375000000000e+03
3.566926513671875000e+03
3.490587646484375000e+03
3.490217529296875000e+03
3.562935302734375000e+03
3.573028564453125000e+03
3.508773193359375000e+03
3.487091552734375000e+03
3.506737060546875000e+03
3.544711914062500000e+03
3.502237304687500000e+03
3.433186279296875000e+03
3.428107177734375000e+03
3.463568359375000000e+03
3.478775390625000000e+03
3.427538574218750000e+03
3.416960693359375000e+03
3.450552001953125000e+03
3.456962402343750000e+03
3.434618408203125000e+03
3.371860351562500000e+03
3.386046875000000000e+03
3.396895263671875000e+03
3.396496582031250000e+03
3.347641601562500000e+03
3.352785888671875000e+03
3.369978515625000000e+03
3.400098388671875000e+03
3.337385253906250000e+03
3.295537597656250000e+03
3.323114990234375000e+03
3.373393554687500000e+03
3.319084960937500000e+03
3.317203369140625000e+03
3.281775390625000000e+03
3.306575927734375000e+03
3.272895996093750000e+03
3.271981201171875000e+03
3.253545654296875000e+03
3.302416259765625000e+03
3.255937011718750000e+03
3.278083007812500000e+03
3.265646240234375000e+03
3.230592529296875000e+03
3.227865234375000000e+03
3.261370361328125000e+03
3.242741943359375000e+03
3.201525634765625000e+03
3.210378906250000000e+03
3.200542236328125000e+03
3.232166259765625000e+03
3.205207519531250000e+03
3.207533935546875000e+03
3.194008544921875000e+03
3.185990234375000000e+03
3.176421875000000000e+03
3.179619628906250000e+03
3.166954589843750000e+03
3.136864990234375000e+03
3.153080078125000000e+03
3.143889648437500000e+03
3.144356933593750000e+03
3.145851074218750000e+03
3.148316894531250000e+03
3.136012695312500000e+03
3.137823242187500000e+03
3.140275390625000000e+03
3.119799560546875000e+03
3.091561279296875000e+03
3.105674072265625000e+03
3.103709716796875000e+03
3.096520019531250000e+03
3.101299560546875000e+03
3.120303955078125000e+03
3.111477050781250000e+03
3.132169189453125000e+03
3.115461181640625000e+03
3.096126220703125000e+03
3.089144042968750000e+03
3.114354980468750000e+03
3.093733886718750000e+03
3.119235595703125000e+03
3.102228027343750000e+03
3.094349609375000000e+03
3.051442626953125000e+03
3.016367187500000000e+03
3.007069335937500000e+03
3.030544677734375000e+03
3.052248535156250000e+03
3.067098632812500000e+03
3.040170410156250000e+03
3.066063964843750000e+03
3.048656250000000000e+03
3.041215087890625000e+03
3.002979003906250000e+03
3.015766845703125000e+03
3.000091308593750000e+03
2.991584960937500000e+03
2.950877929687500000e+03
2.957694335937500000e+03
2.951897705078125000e+03
2.946752685546875000e+03
2.942132568359375000e+03
2.947672363281250000e+03
2.935854248046875000e+03
2.947303955078125000e+03
2.961655273437500000e+03
2.963708740234375000e+03
2.954397705078125000e+03
2.965453369140625000e+03
2.937377929687500000e+03
2.961407714843750000e+03
2.949549560546875000e+03
2.931464599609375000e+03
2.921864990234375000e+03
2.901144531250000000e+03
2.892882324218750000e+03
2.874154052734375000e+03
2.856981689453125000e+03
2.899847412109375000e+03
2.935633544921875000e+03
2.982116943359375000e+03
3.031899658203125000e+03
3.046408203125000000e+03
3.038709228515625000e+03
2.945594970703125000e+03
2.870753417968750000e+03
2.850605224609375000e+03
2.877586181640625000e+03
2.943375244140625000e+03
2.978702392578125000e+03
2.983842041015625000e+03
2.899255615234375000e+03
2.838991943359375000e+03
2.811667968750000000e+03
2.823422363281250000e+03
2.839218750000000000e+03
2.841170898437500000e+03
2.822093261718750000e+03
2.814139892578125000e+03
2.798288330078125000e+03
2.770000732421875000e+03
2.794645751953125000e+03
2.803050292968750000e+03
2.815550537109375000e+03
2.851131591796875000e+03
2.819274414062500000e+03
2.821022216796875000e+03
2.804754638671875000e+03
2.776355224609375000e+03
2.775560546875000000e+03
2.753806640625000000e+03
2.738778808593750000e+03
2.747825683593750000e+03
2.734243408203125000e+03
2.731163574218750000e+03
2.756303710937500000e+03
2.749985351562500000e+03
2.774616455078125000e+03
2.771179199218750000e+03
2.777051025390625000e+03
2.742753906250000000e+03
2.697901367187500000e+03
2.702503662109375000e+03
2.730555419921875000e+03
2.750453369140625000e+03
2.782928222656250000e+03
2.781135742187500000e+03
2.821061523437500000e+03
2.793862548828125000e+03
2.748968261718750000e+03
2.723701904296875000e+03
2.677095458984375000e+03
2.661957763671875000e+03
2.685053710937500000e+03
2.732214355468750000e+03
2.803889892578125000e+03
2.843981933593750000e+03
2.855290527343750000e+03
2.772305664062500000e+03
2.688003417968750000e+03
2.638610595703125000e+03
2.644045898437500000e+03
2.680069824218750000e+03
2.677086425781250000e+03
2.654891357421875000e+03
2.651497558593750000e+03
2.642646240234375000e+03
2.613733154296875000e+03
2.607562011718750000e+03
2.609567382812500000e+03
2.588760009765625000e+03
2.624104248046875000e+03
2.616155029296875000e+03
2.623813720703125000e+03
2.623179443359375000e+03
2.606190185546875000e+03
2.617843017578125000e+03
2.627641601562500000e+03
2.627992187500000000e+03
2.601564208984375000e+03
2.578565185546875000e+03
2.579843505859375000e+03
2.568693603515625000e+03
2.576371093750000000e+03
2.572367431640625000e+03
2.591968261718750000e+03
2.654063720703125000e+03
2.697625244140625000e+03
2.710674560546875000e+03
2.688040039062500000e+03
2.652961181640625000e+03
2.617135009765625000e+03
2.585849853515625000e+03
2.551242919921875000e+03
2.507002685546875000e+03
2.535668212890625000e+03
2.520281250000000000e+03
2.534047363281250000e+03
2.556429931640625000e+03
2.552942138671875000e+03
2.580267089843750000e+03
2.627678466796875000e+03
2.670144531250000000e+03
2.677644531250000000e+03
2.663125488281250000e+03
2.617528076171875000e+03
2.566446777343750000e+03
2.511969482421875000e+03
2.465654785156250000e+03
2.476471435546875000e+03
2.498697753906250000e+03
2.498295654296875000e+03
2.501450927734375000e+03
2.496580566406250000e+03
2.484362060546875000e+03
2.492557861328125000e+03
2.470254394531250000e+03
2.465700195312500000e+03
2.453102050781250000e+03
2.443688232421875000e+03
2.436701416015625000e+03
2.435395263671875000e+03
2.427307373046875000e+03
2.444649658203125000e+03
2.487963867187500000e+03
2.517466064453125000e+03
2.562064697265625000e+03
2.593860595703125000e+03
2.613878173828125000e+03
2.573114013671875000e+03
2.536433593750000000e+03
2.441546386718750000e+03
2.398668701171875000e+03
2.401540039062500000e+03
2.426989746093750000e+03
2.428723388671875000e+03
2.433765380859375000e+03
2.463842529296875000e+03
2.493129394531250000e+03
2.557210205078125000e+03
2.622461425781250000e+03
2.663042724609375000e+03
2.580162109375000000e+03
2.473136718750000000e+03
2.391254394531250000e+03
2.360780761718750000e+03
2.407509277343750000e+03
2.450128173828125000e+03
2.514093017578125000e+03
2.503049560546875000e+03
2.476144531250000000e+03
2.400705566406250000e+03
2.356447753906250000e+03
2.332658203125000000e+03
2.408892578125000000e+03
2.495425292968750000e+03
2.517213378906250000e+03
2.505776855468750000e+03
2.424746582031250000e+03
2.329534423828125000e+03
2.326937011718750000e+03
2.355991943359375000e+03
2.409362304687500000e+03
2.390173095703125000e+03
2.390150390625000000e+03
2.389068359375000000e+03
2.349852783203125000e+03
2.314578369140625000e+03
2.315617431640625000e+03
2.302453613281250000e+03
2.314651123046875000e+03
2.334343017578125000e+03
2.331685546875000000e+03
2.314107421875000000e+03
2.305610595703125000e+03
2.286625000000000000e+03
2.275451416015625000e+03
2.280135253906250000e+03
2.285566894531250000e+03
2.262996337890625000e+03
2.278034912109375000e+03
2.276030761718750000e+03
2.247959472656250000e+03
2.267201904296875000e+03
2.263768554687500000e+03
2.260562988281250000e+03
2.247465820312500000e+03
2.272427734375000000e+03
2.271322509765625000e+03
2.293417724609375000e+03
2.332451416015625000e+03
2.376647705078125000e+03
2.483815185546875000e+03
2.576633544921875000e+03
2.571322021484375000e+03
2.452313232421875000e+03
2.346484375000000000e+03
2.251517578125000000e+03
2.242819580078125000e+03
2.337226806640625000e+03
2.366607177734375000e+03
2.406988525390625000e+03
2.362868408203125000e+03
2.336733398437500000e+03
2.262748291015625000e+03
2.243198730468750000e+03
2.215320800781250000e+03
2.194388183593750000e+03
2.203037597656250000e+03
2.192690429687500000e+03
2.198457031250000000e+03
2.194763671875000000e+03
2.190126708984375000e+03
2.202849121093750000e+03
2.218597167968750000e+03
2.245991943359375000e+03
2.269832519531250000e+03
2.325715820312500000e+03
2.345876708984375000e+03
2.417495361328125000e+03
2.328460449218750000e+03
2.236293212890625000e+03
2.167076904296875000e+03
2.161074462890625000e+03
2.185129394531250000e+03
2.226830566406250000e+03
2.305744384765625000e+03
2.317336914062500000e+03
2.335221435546875000e+03
2.311365478515625000e+03
2.271054687500000000e+03
2.187286865234375000e+03
2.148341552734375000e+03
2.120497558593750000e+03
2.178423095703125000e+03
2.225604248046875000e+03
2.266045166015625000e+03
2.284309082031250000e+03
2.246117187500000000e+03
2.217977050781250000e+03
2.148950927734375000e+03
2.114498535156250000e+03
2.112111572265625000e+03
2.135835449218750000e+03
2.148819824218750000e+03
2.164519531250000000e+03
2.190313964843750000e+03
2.176947753906250000e+03
2.232730468750000000e+03
2.208297607421875000e+03
2.235910400390625000e+03
2.210482910156250000e+03
2.180280273437500000e+03
2.132212402343750000e+03
2.082184326171875000e+03
2.087870117187500000e+03
2.122178222656250000e+03
2.154509521484375000e+03
2.173229492187500000e+03
2.172852539062500000e+03
2.197679443359375000e+03
2.178968505859375000e+03
2.160358886718750000e+03
2.136925048828125000e+03
2.075959228515625000e+03
2.061082031250000000e+03
2.058241699218750000e+03
2.064968261718750000e+03
2.071560302734375000e+03
2.097448486328125000e+03
2.151525878906250000e+03
2.223450683593750000e+03
2.279419921875000000e+03
2.278115722656250000e+03
2.242194091796875000e+03
2.124871093750000000e+03
2.054093994140625000e+03
2.037327148437500000e+03
2.047297607421875000e+03
2.099325927734375000e+03
2.147132568359375000e+03
2.187626953125000000e+03
2.185845703125000000e+03
2.163230712890625000e+03
2.099864013671875000e+03
2.069814941406250000e+03
2.042378173828125000e+03
2.024017944335937500e+03
2.011124267578125000e+03
2.003600830078125000e+03
2.012014282226562500e+03
2.011918945312500000e+03
2.034315673828125000e+03
2.039261352539062500e+03
2.084130615234375000e+03
2.148012207031250000e+03
2.213467285156250000e+03
2.199679199218750000e+03
2.187554687500000000e+03
2.082059570312500000e+03
2.019678955078125000e+03
1.976328857421875000e+03
2.013252929687500000e+03
2.048172363281250000e+03
2.074906005859375000e+03
2.119645263671875000e+03
2.172462158203125000e+03
2.168600585937500000e+03
2.145871582031250000e+03
2.097392089843750000e+03
2.019261596679687500e+03
1.990870483398437500e+03
1.964382690429687500e+03
1.952683105468750000e+03
1.966124023437500000e+03
1.980620117187500000e+03
2.000927368164062500e+03
2.030897827148437500e+03
2.106118896484375000e+03
2.145825195312500000e+03
2.158689208984375000e+03
2.093279785156250000e+03
2.011838500976562500e+03
1.974900512695312500e+03
1.933084106445312500e+03
1.961568969726562500e+03
2.007493530273437500e+03
2.078959960937500000e+03
2.101784912109375000e+03
2.071859863281250000e+03
1.987630981445312500e+03
1.956440185546875000e+03
1.924438842773437500e+03
1.906022705078125000e+03
1.914082641601562500e+03
1.922674682617187500e+03
1.967541625976562500e+03
2.009045166015625000e+03
2.072884521484375000e+03
2.101424560546875000e+03
2.123025146484375000e+03
2.049647705078125000e+03
1.964369506835937500e+03
1.906507202148437500e+03
1.898142089843750000e+03
1.910820190429687500e+03
1.959450927734375000e+03
2.047695922851562500e+03
2.126963867187500000e+03
2.116650390625000000e+03
2.027549316406250000e+03
1.959557861328125000e+03
1.878569702148437500e+03
1.867998291015625000e+03
1.869712036132812500e+03
1.903272705078125000e+03
1.934969360351562500e+03
1.965115356445312500e+03
2.024162475585937500e+03
2.040647338867187500e+03
1.994027343750000000e+03
1.939572631835937500e+03
1.903271362304687500e+03
1.889080444335937500e+03
1.849385986328125000e+03
1.839835205078125000e+03
1.847318481445312500e+03
1.851601928710937500e+03
1.845533691406250000e+03
1.870419311523437500e+03
1.926027465820312500e+03
2.049793945312500000e+03
2.168282958984375000e+03
2.118086914062500000e+03
1.964496948242187500e+03
1.890157470703125000e+03
1.833446655273437500e+03
1.851768676757812500e+03
1.929222656250000000e+03
1.977687866210937500e+03
2.034732299804687500e+03
2.011312988281250000e+03
1.936212158203125000e+03
1.883847656250000000e+03
1.870978637695312500e+03
1.832618530273437500e+03
1.836012329101562500e+03
1.821170288085937500e+03
1.813458007812500000e+03
1.814402465820312500e+03
1.806061035156250000e+03
1.814140014648437500e+03
1.806604858398437500e+03
1.824467773437500000e+03
1.907491455078125000e+03
1.994387329101562500e+03
2.102351318359375000e+03
2.100967041015625000e+03
2.018773925781250000e+03
1.857599121093750000e+03
1.800723510742187500e+03
1.776417358398437500e+03
1.812148925781250000e+03
1.899151855468750000e+03
1.968063598632812500e+03
1.991252807617187500e+03
1.963928466796875000e+03
1.897853515625000000e+03
1.850061645507812500e+03
1.803491699218750000e+03
1.803611450195312500e+03
1.810584106445312500e+03
1.792392456054687500e+03
1.817807983398437500e+03
1.821568969726562500e+03
1.874929321289062500e+03
1.910636596679687500e+03
1.948702148437500000e+03
1.932230102539062500e+03
1.903800659179687500e+03
1.846393676757812500e+03
1.813858276367187500e+03
1.759642089843750000e+03
1.745943969726562500e+03
1.729167602539062500e+03
1.751913330078125000e+03
1.773757446289062500e+03
1.809611938476562500e+03
1.904383178710937500e+03
2.016074462890625000e+03
2.022202148437500000e+03
1.922148315429687500e+03
1.844227783203125000e+03
1.757249267578125000e+03
1.729514770507812500e+03
1.736738647460937500e+03
1.729185668945312500e+03
1.775169921875000000e+03
1.806511962890625000e+03
1.850528686523437500e+03
1.910820190429687500e+03
1.930289428710937500e+03
1.887673706054687500e+03
1.825146484375000000e+03
1.751864501953125000e+03
1.736488037109375000e+03
1.703794311523437500e+03
1.711474609375000000e+03
1.703367431640625000e+03
1.708342773437500000e+03
1.694369873046875000e+03
1.702731201171875000e+03
1.719437622070312500e+03
1.790396606445312500e+03
1.944532836914062500e+03
2.112702636718750000e+03
1.994544921875000000e+03
1.788063476562500000e+03
1.717231689453125000e+03
1.696484863281250000e+03
1.729193847656250000e+03
1.858319335937500000e+03
1.943859130859375000e+03
1.946032592773437500e+03
1.891117797851562500e+03
1.797491699218750000e+03
1.733235595703125000e+03
1.701560668945312500e+03
1.696253784179687500e+03
1.699400756835937500e+03
1.717752197265625000e+03
1.734923828125000000e+03
1.791668457031250000e+03
1.853356201171875000e+03
1.901197265625000000e+03
1.868748657226562500e+03
1.770833496093750000e+03
1.738505859375000000e+03
1.696325195312500000e+03
1.679320922851562500e+03
1.676995483398437500e+03
1.694939941406250000e+03
1.750046142578125000e+03
1.803433959960937500e+03
1.875135864257812500e+03
1.873016113281250000e+03
1.808747436523437500e+03
1.734314208984375000e+03
1.699020263671875000e+03
1.675741821289062500e+03
1.678035766601562500e+03
1.679573974609375000e+03
1.695659790039062500e+03
1.745259277343750000e+03
1.797561767578125000e+03
1.825450195312500000e+03
1.838644775390625000e+03
1.812216186523437500e+03
1.759647949218750000e+03
1.742837646484375000e+03
1.677095092773437500e+03
1.655840332031250000e+03
1.634583129882812500e+03
1.616645141601562500e+03
1.616241088867187500e+03
1.613806152343750000e+03
1.618087280273437500e+03
1.616924194335937500e+03
1.606983520507812500e+03
1.605865600585937500e+03
1.605622192382812500e+03
1.610597534179687500e+03
1.601666992187500000e+03
1.598177368164062500e+03
1.628600341796875000e+03
1.686829467773437500e+03
1.891516357421875000e+03
2.044647827148437500e+03
1.880871093750000000e+03
1.709271972656250000e+03
1.630330810546875000e+03
1.601461669921875000e+03
1.595910156250000000e+03
1.606681274414062500e+03
1.651552612304687500e+03
1.733490600585937500e+03
1.818517822265625000e+03
1.837897460937500000e+03
1.812056152343750000e+03
1.758381347656250000e+03
1.709533203125000000e+03
1.682486450195312500e+03
1.676999755859375000e+03
1.678749511718750000e+03
1.686866088867187500e+03
1.728208618164062500e+03
1.753813476562500000e+03
1.781833374023437500e+03
1.761558349609375000e+03
1.703929809570312500e+03
1.664088134765625000e+03
1.650882934570312500e+03
1.615600097656250000e+03
1.598983520507812500e+03
1.598256835937500000e+03
1.612073852539062500e+03
1.653675537109375000e+03
1.698258789062500000e+03
1.800496948242187500e+03
1.834937622070312500e+03
1.814906982421875000e+03
1.704599975585937500e+03
1.645658447265625000e+03
1.609346923828125000e+03
1.599196777343750000e+03
1.619909667968750000e+03
1.648059204101562500e+03
1.694307128906250000e+03
1.741781616210937500e+03
1.748541015625000000e+03
1.717292114257812500e+03
1.700036621093750000e+03
1.664247314453125000e+03
1.647511352539062500e+03
1.632724365234375000e+03
1.632059814453125000e+03
1.610380859375000000e+03
1.609558471679687500e+03
1.614047973632812500e+03
1.632496826171875000e+03
1.645364624023437500e+03
1.686106323242187500e+03
1.699139038085937500e+03
1.696961669921875000e+03
1.669542480468750000e+03
1.652327270507812500e+03
1.624799316406250000e+03
1.613738769531250000e+03
1.586229614257812500e+03
1.586032348632812500e+03
1.576783325195312500e+03
1.601760131835937500e+03
1.631351196289062500e+03
1.675976440429687500e+03
1.675649658203125000e+03
1.704620605468750000e+03
1.686282592773437500e+03
1.667193115234375000e+03
1.631582519531250000e+03
1.574001831054687500e+03
1.554104614257812500e+03
1.520436645507812500e+03
1.521861328125000000e+03
1.503223876953125000e+03
1.531603637695312500e+03
1.595101196289062500e+03
1.716013427734375000e+03
1.808746459960937500e+03
1.825653320312500000e+03
1.651554687500000000e+03
1.565150756835937500e+03
1.529729614257812500e+03
1.506261352539062500e+03
1.511288696289062500e+03
1.523804809570312500e+03
1.556188964843750000e+03
1.615892333984375000e+03
1.745150634765625000e+03
1.857285278320312500e+03
1.699909423828125000e+03
1.567686767578125000e+03
1.509609375000000000e+03
1.483589599609375000e+03
1.479115356445312500e+03
1.479298095703125000e+03
1.492740844726562500e+03
1.517550659179687500e+03
1.615128173828125000e+03
1.764117309570312500e+03
1.910136596679687500e+03
1.681220703125000000e+03
1.536638793945312500e+03
1.488254516601562500e+03
1.461511840820312500e+03
1.469027709960937500e+03
1.490106323242187500e+03
1.535259521484375000e+03
1.641987426757812500e+03
1.783381347656250000e+03
1.716283935546875000e+03
1.621157348632812500e+03
1.532886352539062500e+03
1.485272094726562500e+03
1.487185424804687500e+03
1.467975463867187500e+03
1.486207153320312500e+03
1.520025024414062500e+03
1.617594360351562500e+03
1.769218139648437500e+03
1.733922973632812500e+03
1.660094604492187500e+03
1.560402709960937500e+03
1.510591430664062500e+03
1.510099487304687500e+03
1.522336181640625000e+03
1.547124755859375000e+03
1.579520263671875000e+03
1.591135009765625000e+03
1.622416625976562500e+03
1.600390625000000000e+03
1.577040771484375000e+03
1.550063964843750000e+03
1.570746948242187500e+03
1.583948852539062500e+03
1.592384033203125000e+03
1.577903930664062500e+03
1.582784790039062500e+03
1.559643310546875000e+03
1.573853149414062500e+03
1.589349975585937500e+03
1.594892089843750000e+03
1.583229858398437500e+03
1.548597167968750000e+03
1.533510131835937500e+03
1.521407104492187500e+03
1.523936157226562500e+03
1.516629638671875000e+03
1.517049194335937500e+03
1.551237670898437500e+03
1.581001098632812500e+03
1.593136596679687500e+03
1.560801635742187500e+03
1.541173828125000000e+03
1.537266113281250000e+03
1.530653686523437500e+03
1.537244506835937500e+03
1.546848022460937500e+03
1.532956298828125000e+03
1.509227172851562500e+03
1.490103271484375000e+03
1.488114501953125000e+03
1.483711791992187500e+03
1.504134033203125000e+03
1.515777832031250000e+03
1.552157592773437500e+03
1.577413696289062500e+03
1.580408691406250000e+03
1.591909179687500000e+03
1.602291015625000000e+03
1.554580932617187500e+03
1.497287841796875000e+03
1.470740966796875000e+03
1.442623535156250000e+03
1.434584594726562500e+03
1.438477172851562500e+03
1.458238159179687500e+03
1.493243164062500000e+03
1.579297119140625000e+03
1.699746948242187500e+03
1.648328369140625000e+03
1.547576782226562500e+03
1.463839355468750000e+03
1.434460937500000000e+03
1.433698852539062500e+03
1.428333984375000000e+03
1.437841674804687500e+03
1.480719970703125000e+03
1.520550659179687500e+03
1.565150268554687500e+03
1.569910034179687500e+03
1.553330322265625000e+03
1.521003540039062500e+03
1.508947265625000000e+03
1.506578613281250000e+03
1.516164794921875000e+03
1.487220703125000000e+03
1.471931762695312500e+03
1.464201660156250000e+03
1.471102294921875000e+03
1.484081176757812500e+03
1.503552612304687500e+03
1.521262207031250000e+03
1.519483154296875000e+03
1.499375122070312500e+03
1.513823120117187500e+03
1.503603271484375000e+03
1.503034301757812500e+03
1.499765625000000000e+03
1.511018432617187500e+03
1.488445678710937500e+03
1.505401855468750000e+03
1.495380371093750000e+03
1.495348022460937500e+03
1.482594360351562500e+03
1.480802978515625000e+03
1.478837280273437500e+03
1.481055297851562500e+03
1.473674438476562500e+03
1.506597290039062500e+03
1.467536132812500000e+03
1.489532958984375000e+03
1.484500000000000000e+03
1.486932373046875000e+03
1.472667968750000000e+03
1.480279174804687500e+03
1.467178466796875000e+03
1.476900756835937500e+03
1.454731323242187500e+03
1.474098632812500000e+03
1.469486938476562500e+03
1.474660156250000000e+03
1.433100830078125000e+03
1.437672119140625000e+03
1.448858764648437500e+03
1.479646118164062500e+03
1.517139282226562500e+03
1.576176025390625000e+03
1.544526611328125000e+03
1.479975463867187500e+03
1.418485595703125000e+03
1.400590454101562500e+03
1.391831542968750000e+03
1.388479736328125000e+03
1.396043945312500000e+03
1.429412475585937500e+03
1.473415283203125000e+03
1.525459472656250000e+03
1.520633666992187500e+03
1.508127319335937500e+03
1.472007934570312500e+03
1.455420654296875000e+03
1.443604614257812500e+03
1.444641113281250000e+03
1.429952026367187500e+03
1.429596801757812500e+03
1.441500488281250000e+03
1.445553833007812500e+03
1.442989501953125000e+03
1.460743652343750000e+03
1.452254516601562500e+03
1.476010620117187500e+03
1.468194091796875000e+03
1.498864501953125000e+03
1.485079833984375000e+03
1.482365844726562500e+03
1.445936279296875000e+03
1.393592895507812500e+03
1.369049926757812500e+03
1.358340454101562500e+03
1.361556518554687500e+03
1.370363769531250000e+03
1.416624023437500000e+03
1.494578491210937500e+03
1.557542968750000000e+03
1.560945800781250000e+03
1.466636108398437500e+03
1.415868286132812500e+03
1.396208862304687500e+03
1.388474609375000000e+03
1.372430419921875000e+03
1.409910644531250000e+03
1.445207275390625000e+03
1.482996826171875000e+03
1.496099121093750000e+03
1.472162597656250000e+03
1.408258178710937500e+03
1.369158203125000000e+03
1.371733276367187500e+03
1.376367187500000000e+03
1.402884033203125000e+03
1.462183349609375000e+03
1.486199340820312500e+03
1.518572998046875000e+03
1.457509521484375000e+03
1.418327026367187500e+03
1.371974243164062500e+03
1.349491210937500000e+03
1.336471435546875000e+03
1.340976440429687500e+03
1.351993896484375000e+03
1.352930175781250000e+03
1.403299194335937500e+03
1.482191650390625000e+03
1.533749267578125000e+03
1.546037109375000000e+03
1.477906372070312500e+03
1.413295654296875000e+03
1.375111694335937500e+03
1.350829345703125000e+03
1.347943481445312500e+03
1.362392700195312500e+03
1.383572998046875000e+03
1.430161987304687500e+03
1.470397094726562500e+03
1.491407592773437500e+03
1.447357666015625000e+03
1.418144287109375000e+03
1.358926025390625000e+03
1.347326782226562500e+03
1.331795043945312500e+03
1.356129394531250000e+03
1.408104125976562500e+03
1.472233032226562500e+03
1.484185180664062500e+03
1.460713623046875000e+03
1.410046875000000000e+03
1.369347534179687500e+03
1.346060668945312500e+03
1.340337524414062500e+03
1.359147460937500000e+03
1.396789184570312500e+03
1.459824829101562500e+03
1.514661987304687500e+03
1.488383789062500000e+03
1.437341796875000000e+03
1.360328613281250000e+03
1.339419189453125000e+03
1.336010864257812500e+03
1.322552612304687500e+03
1.339023071289062500e+03
1.359428344726562500e+03
1.396459228515625000e+03
1.431130371093750000e+03
1.463210693359375000e+03
1.475790039062500000e+03
1.407666259765625000e+03
1.359855102539062500e+03
1.340450805664062500e+03
1.305312500000000000e+03
1.291562377929687500e+03
1.303554321289062500e+03
1.330420532226562500e+03
1.388300781250000000e+03
1.436635375976562500e+03
1.518229125976562500e+03
1.476155273437500000e+03
1.441970092773437500e+03
1.358470214843750000e+03
1.308461425781250000e+03
1.285959594726562500e+03
1.278160278320312500e+03
1.292752807617187500e+03
1.292536376953125000e+03
1.338365478515625000e+03
1.434688964843750000e+03
1.493328369140625000e+03
1.521181518554687500e+03
1.421315307617187500e+03
1.358760009765625000e+03
1.298074829101562500e+03
1.289437255859375000e+03
1.267097167968750000e+03
1.273536865234375000e+03
1.276012329101562500e+03
1.300549682617187500e+03
1.353460205078125000e+03
1.463138305664062500e+03
1.540944824218750000e+03
1.519900756835937500e+03
1.377537719726562500e+03
1.305514526367187500e+03
1.278545410156250000e+03
1.270190551757812500e+03
1.268170043945312500e+03
1.264689086914062500e+03
1.265497192382812500e+03
1.261895629882812500e+03
1.252153686523437500e+03
1.268694946289062500e+03
1.294999877929687500e+03
1.356766845703125000e+03
1.476859375000000000e+03
1.515271972656250000e+03
1.495878173828125000e+03
1.360087646484375000e+03
1.299154663085937500e+03
1.277686523437500000e+03
1.269625122070312500e+03
1.279260131835937500e+03
1.288244018554687500e+03
1.340633544921875000e+03
1.410534545898437500e+03
1.484785522460937500e+03
1.513852783203125000e+03
1.412690673828125000e+03
1.340723999023437500e+03
1.304182373046875000e+03
1.300222900390625000e+03
1.319895629882812500e+03
1.345794311523437500e+03
1.433612792968750000e+03
1.497443481445312500e+03
1.460174804687500000e+03
1.380147705078125000e+03
1.318984497070312500e+03
1.274399780273437500e+03
1.271807495117187500e+03
1.257980102539062500e+03
1.287449951171875000e+03
1.345115112304687500e+03
1.450076782226562500e+03
1.556654785156250000e+03
1.493976196289062500e+03
1.405937133789062500e+03
1.318607543945312500e+03
1.273741943359375000e+03
1.257557373046875000e+03
1.260369628906250000e+03
1.269628906250000000e+03
1.296017578125000000e+03
1.376785034179687500e+03
1.472990478515625000e+03
1.494571044921875000e+03
1.420562988281250000e+03
1.329323242187500000e+03
1.279648437500000000e+03
1.254035156250000000e+03
1.245874267578125000e+03
1.259214477539062500e+03
1.285784790039062500e+03
1.330984619140625000e+03
1.429058471679687500e+03
1.500366210937500000e+03
1.479282958984375000e+03
1.364708374023437500e+03
1.276412475585937500e+03
1.252930664062500000e+03
1.232059570312500000e+03
1.237839843750000000e+03
1.216862792968750000e+03
1.255483764648437500e+03
1.311587280273437500e+03
1.406346191406250000e+03
1.514016113281250000e+03
1.515832275390625000e+03
1.362535034179687500e+03
1.281786010742187500e+03
1.231390380859375000e+03
1.223346557617187500e+03
1.220026855468750000e+03
1.222939208984375000e+03
1.240408447265625000e+03
1.294332763671875000e+03
1.377813354492187500e+03
1.499015014648437500e+03
1.525612792968750000e+03
1.392125488281250000e+03
1.294692016601562500e+03
1.245807495117187500e+03
1.232025024414062500e+03
1.222985839843750000e+03
1.226521850585937500e+03
1.243885864257812500e+03
1.264275390625000000e+03
1.286781127929687500e+03
1.355380371093750000e+03
1.449513183593750000e+03
1.511225097656250000e+03
1.385284423828125000e+03
1.295439819335937500e+03
1.241658691406250000e+03
1.225060546875000000e+03
1.219269531250000000e+03
1.204175292968750000e+03
1.209856323242187500e+03
1.218477783203125000e+03
1.219305297851562500e+03
1.218764770507812500e+03
1.231519042968750000e+03
1.302136962890625000e+03
1.395483764648437500e+03
1.506772705078125000e+03
1.451234008789062500e+03
1.369578613281250000e+03
1.278036010742187500e+03
1.251547119140625000e+03
1.252819213867187500e+03
1.266183593750000000e+03
1.281968872070312500e+03
1.329609375000000000e+03
1.421880126953125000e+03
1.462115844726562500e+03
1.410725463867187500e+03
1.345080566406250000e+03
1.269564208984375000e+03
1.243620239257812500e+03
1.214124633789062500e+03
1.221266601562500000e+03
1.235779418945312500e+03
1.277579956054687500e+03
1.356170532226562500e+03
1.465488037109375000e+03
1.466857177734375000e+03
1.381740600585937500e+03
1.285458740234375000e+03
1.251803222656250000e+03
1.213566528320312500e+03
1.220475708007812500e+03
1.204271484375000000e+03
1.222826049804687500e+03
1.253220825195312500e+03
1.325710815429687500e+03
1.428309936523437500e+03
1.516438842773437500e+03
1.405214355468750000e+03
1.326922485351562500e+03
1.246767456054687500e+03
1.212882934570312500e+03
1.198115478515625000e+03
1.196162109375000000e+03
1.196830566406250000e+03
1.222077880859375000e+03
1.298142456054687500e+03
1.392186523437500000e+03
1.501696166992187500e+03
1.439150878906250000e+03
1.328195678710937500e+03
1.234741943359375000e+03
1.195063110351562500e+03
1.189868286132812500e+03
1.201298461914062500e+03
1.220735717773437500e+03
1.285363159179687500e+03
1.397218627929687500e+03
1.512691650390625000e+03
1.464830444335937500e+03
1.321035278320312500e+03
1.233582763671875000e+03
1.191669677734375000e+03
1.181300781250000000e+03
1.173400756835937500e+03
1.196578125000000000e+03
1.275718872070312500e+03
1.387006958007812500e+03
1.502405639648437500e+03
1.439625976562500000e+03
1.326004394531250000e+03
1.259165161132812500e+03
1.225994628906250000e+03
1.215023681640625000e+03
1.214535888671875000e+03
1.220480102539062500e+03
1.232051269531250000e+03
1.288702270507812500e+03
1.361327880859375000e+03
1.452846923828125000e+03
1.435615112304687500e+03
1.310933593750000000e+03
1.238589843750000000e+03
1.195445190429687500e+03
1.172110595703125000e+03
1.181792358398437500e+03
1.180246215820312500e+03
1.234132690429687500e+03
1.297049682617187500e+03
1.395879760742187500e+03
1.436421875000000000e+03
1.390519409179687500e+03
1.287092895507812500e+03
1.220828247070312500e+03
1.198439941406250000e+03
1.187284301757812500e+03
1.187992675781250000e+03
1.192846557617187500e+03
1.254315185546875000e+03
1.320224121093750000e+03
1.406250610351562500e+03
1.426307006835937500e+03
1.329183471679687500e+03
1.253542724609375000e+03
1.204058349609375000e+03
1.177998535156250000e+03
1.179384033203125000e+03
1.178288818359375000e+03
1.174443115234375000e+03
1.192877441406250000e+03
1.236960327148437500e+03
1.343260253906250000e+03
1.458964599609375000e+03
1.435003295898437500e+03
1.355025634765625000e+03
1.255413330078125000e+03
1.208193847656250000e+03
1.174685546875000000e+03
1.167864379882812500e+03
1.162765502929687500e+03
1.170077270507812500e+03
1.167227905273437500e+03
1.174632568359375000e+03
1.200530883789062500e+03
1.276252441406250000e+03
1.429755615234375000e+03
1.482158203125000000e+03
1.393965698242187500e+03
1.247593627929687500e+03
1.184440185546875000e+03
1.158447631835937500e+03
1.156639526367187500e+03
1.200867919921875000e+03
1.273067504882812500e+03
1.390073608398437500e+03
1.458160522460937500e+03
1.382321777343750000e+03
1.256005737304687500e+03
1.197677856445312500e+03
1.171522338867187500e+03
1.156081542968750000e+03
1.156617431640625000e+03
1.152683349609375000e+03
1.157236206054687500e+03
1.162950805664062500e+03
1.176826904296875000e+03
1.206142578125000000e+03
1.296142211914062500e+03
1.442596679687500000e+03
1.507533935546875000e+03
1.307624023437500000e+03
1.211432128906250000e+03
1.163479858398437500e+03
1.157408325195312500e+03
1.196310302734375000e+03
1.261822265625000000e+03
1.363025268554687500e+03
1.444864624023437500e+03
1.405850830078125000e+03
1.315193969726562500e+03
1.227927246093750000e+03
1.188079956054687500e+03
1.166986450195312500e+03
1.155240600585937500e+03
1.157231567382812500e+03
1.157419555664062500e+03
1.152855346679687500e+03
1.146516845703125000e+03
1.139678344726562500e+03
1.144513305664062500e+03
1.146953857421875000e+03
1.147999511718750000e+03
1.152114013671875000e+03
1.150089111328125000e+03
1.169971801757812500e+03
1.183451049804687500e+03
1.250290283203125000e+03
1.354544433593750000e+03
1.437575683593750000e+03
1.447358764648437500e+03
1.301931518554687500e+03
1.223843994140625000e+03
1.174157348632812500e+03
1.169010253906250000e+03
1.145522949218750000e+03
1.149935180664062500e+03
1.149000732421875000e+03
1.171503540039062500e+03
1.207482177734375000e+03
1.323692871093750000e+03
1.475346435546875000e+03
1.493619628906250000e+03
1.301869018554687500e+03
1.197207031250000000e+03
1.148648559570312500e+03
1.139314941406250000e+03
1.193859008789062500e+03
1.296488891601562500e+03
1.460416137695312500e+03
1.446620361328125000e+03
1.326541137695312500e+03
1.214689208984375000e+03
1.163889892578125000e+03
1.154306396484375000e+03
1.155886718750000000e+03
1.153330566406250000e+03
1.166002685546875000e+03
1.180052856445312500e+03
1.228984375000000000e+03
1.318892578125000000e+03
1.454519531250000000e+03
1.424699340820312500e+03
1.329310302734375000e+03
1.230797119140625000e+03
1.163910522460937500e+03
1.150731567382812500e+03
1.135009033203125000e+03
1.129084350585937500e+03
1.133594360351562500e+03
1.145759765625000000e+03
1.171285522460937500e+03
1.204510375976562500e+03
1.317711181640625000e+03
1.432249145507812500e+03
1.443278930664062500e+03
1.276492797851562500e+03
1.190458984375000000e+03
1.144827026367187500e+03
1.131611694335937500e+03
1.123055541992187500e+03
1.137260986328125000e+03
1.183305786132812500e+03
1.255067016601562500e+03
1.378057983398437500e+03
1.465490966796875000e+03
1.363620239257812500e+03
1.241675781250000000e+03
1.171052368164062500e+03
1.135650268554687500e+03
1.129907226562500000e+03
1.123730957031250000e+03
1.163479858398437500e+03
1.228090332031250000e+03
1.353756225585937500e+03
1.435961303710937500e+03
1.345021850585937500e+03
1.267213623046875000e+03
1.197400512695312500e+03
1.169672851562500000e+03
1.162521606445312500e+03
1.163180664062500000e+03
1.158622436523437500e+03
1.178353637695312500e+03
1.209753540039062500e+03
1.289991699218750000e+03
1.367372680664062500e+03
1.376418945312500000e+03
1.304463256835937500e+03
1.239187744140625000e+03
1.182376098632812500e+03
1.141813720703125000e+03
1.125043945312500000e+03
1.121191162109375000e+03
1.113444458007812500e+03
1.118716430664062500e+03
1.114939453125000000e+03
1.136035400390625000e+03
1.161347290039062500e+03
1.235605102539062500e+03
1.377726806640625000e+03
1.437955444335937500e+03
1.372772094726562500e+03
1.193340454101562500e+03
1.128456420898437500e+03
1.121711914062500000e+03
1.148214233398437500e+03
1.213969848632812500e+03
1.347364135742187500e+03
1.430122436523437500e+03
1.346654418945312500e+03
1.236456176757812500e+03
1.169643188476562500e+03
1.121760375976562500e+03
1.112666748046875000e+03
1.101702026367187500e+03
1.121201293945312500e+03
1.120550292968750000e+03
1.168281616210937500e+03
1.254461303710937500e+03
1.407407592773437500e+03
1.412919433593750000e+03
1.304816040039062500e+03
1.191066772460937500e+03
1.135089965820312500e+03
1.124744140625000000e+03
1.116586547851562500e+03
1.101416381835937500e+03
1.104064697265625000e+03
1.112135131835937500e+03
1.106419921875000000e+03
1.109122558593750000e+03
1.100782714843750000e+03
1.106677124023437500e+03
1.139326782226562500e+03
1.169351196289062500e+03
1.248797851562500000e+03
1.320059448242187500e+03
1.367952758789062500e+03
1.308291381835937500e+03
1.233388427734375000e+03
1.169130859375000000e+03
1.141716796875000000e+03
1.133127807617187500e+03
1.140138061523437500e+03
1.161333618164062500e+03
1.243830810546875000e+03
1.360065185546875000e+03
1.394426147460937500e+03
1.315566772460937500e+03
1.228446289062500000e+03
1.149878784179687500e+03
1.135814086914062500e+03
1.115704956054687500e+03
1.101528320312500000e+03
1.102503906250000000e+03
1.108672607421875000e+03
1.114799438476562500e+03
1.119713134765625000e+03
1.158281860351562500e+03
1.259377441406250000e+03
1.412995605468750000e+03
1.450488647460937500e+03
1.279391601562500000e+03
1.161410156250000000e+03
1.102452270507812500e+03
1.114406982421875000e+03
1.183614746093750000e+03
1.319419311523437500e+03
1.441689453125000000e+03
1.339259033203125000e+03
1.197835205078125000e+03
1.120857788085937500e+03
1.092910156250000000e+03
1.094682861328125000e+03
1.092947021484375000e+03
1.102479614257812500e+03
1.095934570312500000e+03
1.113333129882812500e+03
1.144004638671875000e+03
1.222043457031250000e+03
1.329632690429687500e+03
1.436146972656250000e+03
1.339768066406250000e+03
1.228732666015625000e+03
1.145609008789062500e+03
1.113241455078125000e+03
1.095289550781250000e+03
1.094680786132812500e+03
1.082740966796875000e+03
1.100922119140625000e+03
1.103678955078125000e+03
1.100015869140625000e+03
1.126919189453125000e+03
1.195572875976562500e+03
1.309764892578125000e+03
1.414029174804687500e+03
1.389041015625000000e+03
1.242458374023437500e+03
1.163245727539062500e+03
1.102804565429687500e+03
1.081947631835937500e+03
1.102843261718750000e+03
1.155486206054687500e+03
1.264609375000000000e+03
1.371772094726562500e+03
1.382939941406250000e+03
1.247844116210937500e+03
1.181800781250000000e+03
1.146531005859375000e+03
1.130438964843750000e+03
1.109021362304687500e+03
1.117191894531250000e+03
1.100179931640625000e+03
1.115301269531250000e+03
1.143964843750000000e+03
1.213955444335937500e+03
1.336787231445312500e+03
1.426611328125000000e+03
1.288204711914062500e+03
1.186243408203125000e+03
1.121075195312500000e+03
1.113296020507812500e+03
1.090067871093750000e+03
1.084653564453125000e+03
1.077419677734375000e+03
1.085064453125000000e+03
1.080411865234375000e+03
1.085522705078125000e+03
1.136152954101562500e+03
1.199348510742187500e+03
1.359046875000000000e+03
1.398775512695312500e+03
1.306852294921875000e+03
1.147611083984375000e+03
1.092562866210937500e+03
1.076345581054687500e+03
1.109570190429687500e+03
1.201540771484375000e+03
1.373863891601562500e+03
1.436167846679687500e+03
1.263917968750000000e+03
1.131017456054687500e+03
1.085670532226562500e+03
1.073215454101562500e+03
1.078066894531250000e+03
1.083371948242187500e+03
1.099737304687500000e+03
1.128775878906250000e+03
1.188473632812500000e+03
1.296358032226562500e+03
1.389038574218750000e+03
1.313456176757812500e+03
1.219436889648437500e+03
1.139534912109375000e+03
1.114969360351562500e+03
1.104542602539062500e+03
1.094942382812500000e+03
1.098705688476562500e+03
1.118259521484375000e+03
1.156253295898437500e+03
1.253055786132812500e+03
1.358163452148437500e+03
1.391614501953125000e+03
1.257617309570312500e+03
1.165036376953125000e+03
1.105694091796875000e+03
1.081979858398437500e+03
1.076410034179687500e+03
1.066465942382812500e+03
1.062432373046875000e+03
1.074994506835937500e+03
1.079760131835937500e+03
1.074841430664062500e+03
1.070312011718750000e+03
1.072863281250000000e+03
1.070599487304687500e+03
1.071035522460937500e+03
1.075131835937500000e+03
1.082885498046875000e+03
1.148832153320312500e+03
1.280064819335937500e+03
1.450119995117187500e+03
1.337916992187500000e+03
1.192920776367187500e+03
1.117978881835937500e+03
1.078262817382812500e+03
1.073906250000000000e+03
1.065809936523437500e+03
1.077417114257812500e+03
1.089037597656250000e+03
1.128693481445312500e+03
1.235244018554687500e+03
1.392702514648437500e+03
1.375506469726562500e+03
1.265047973632812500e+03
1.164541625976562500e+03
1.108505371093750000e+03
1.077917602539062500e+03
1.070607543945312500e+03
1.067143310546875000e+03
1.068033081054687500e+03
1.079806884765625000e+03
1.113686889648437500e+03
1.199150756835937500e+03
1.356989624023437500e+03
1.392447998046875000e+03
1.296616455078125000e+03
1.174179687500000000e+03
1.129176879882812500e+03
1.084911499023437500e+03
1.066401000976562500e+03
1.052262084960937500e+03
1.064587768554687500e+03
1.097300659179687500e+03
1.155647949218750000e+03
1.304991455078125000e+03
1.398328857421875000e+03
1.321732543945312500e+03
1.181607055664062500e+03
1.114998779296875000e+03
1.087162597656250000e+03
1.057280517578125000e+03
1.061185180664062500e+03
1.066289916992187500e+03
1.051165771484375000e+03
1.065302124023437500e+03
1.065168457031250000e+03
1.069895263671875000e+03
1.090559082031250000e+03
1.158520507812500000e+03
1.315016967773437500e+03
1.459285156250000000e+03
1.280507690429687500e+03
1.119682006835937500e+03
1.060360961914062500e+03
1.071278930664062500e+03
1.139494384765625000e+03
1.306436035156250000e+03
1.418836181640625000e+03
1.287030517578125000e+03
1.142981689453125000e+03
1.083867797851562500e+03
1.057254272460937500e+03
1.055793701171875000e+03
1.060204101562500000e+03
1.054389038085937500e+03
1.046368286132812500e+03
1.053563110351562500e+03
1.054932495117187500e+03
1.049919677734375000e+03
1.049894042968750000e+03
1.065703857421875000e+03
1.073426635742187500e+03
1.135060058593750000e+03
1.232710449218750000e+03
1.366305908203125000e+03
1.384362792968750000e+03
1.214913208007812500e+03
1.130086914062500000e+03
1.076193603515625000e+03
1.058814086914062500e+03
1.052704345703125000e+03
1.051898803710937500e+03
1.072675292968750000e+03
1.099356811523437500e+03
1.176036376953125000e+03
1.283007812500000000e+03
1.354177978515625000e+03
1.300218261718750000e+03
1.191202514648437500e+03
1.121944580078125000e+03
1.086185546875000000e+03
1.056618041992187500e+03
1.047859619140625000e+03
1.050029541015625000e+03
1.042035034179687500e+03
1.050486938476562500e+03
1.073595581054687500e+03
1.121254028320312500e+03
1.278307128906250000e+03
1.476289794921875000e+03
1.285755004882812500e+03
1.137904663085937500e+03
1.063194580078125000e+03
1.050719116210937500e+03
1.050028076171875000e+03
1.076669921875000000e+03
1.137888916015625000e+03
1.255818115234375000e+03
1.367118286132812500e+03
1.272484741210937500e+03
1.168713134765625000e+03
1.115256713867187500e+03
1.081703247070312500e+03
1.054506103515625000e+03
1.046730712890625000e+03
1.044201660156250000e+03
1.033195678710937500e+03
1.031786376953125000e+03
1.044501220703125000e+03
1.045387084960937500e+03
1.054588500976562500e+03
1.074410278320312500e+03
1.136186645507812500e+03
1.269161010742187500e+03
1.373014404296875000e+03
1.348096801757812500e+03
1.174925415039062500e+03
1.096819335937500000e+03
1.060037597656250000e+03
1.037582275390625000e+03
1.044870849609375000e+03
1.039868896484375000e+03
1.041801269531250000e+03
1.040227416992187500e+03
1.061471069335937500e+03
1.128620117187500000e+03
1.288659179687500000e+03
1.425768432617187500e+03
1.337797607421875000e+03
1.137791137695312500e+03
1.049574218750000000e+03
1.042183471679687500e+03
1.066749145507812500e+03
1.178856933593750000e+03
1.344087768554687500e+03
1.371657470703125000e+03
1.207488769531250000e+03
1.097040283203125000e+03
1.049198242187500000e+03
1.039360107421875000e+03
1.036946777343750000e+03
1.030110107421875000e+03
1.038744628906250000e+03
1.024261474609375000e+03
1.024937011718750000e+03
1.028039062500000000e+03
1.038795410156250000e+03
1.032169311523437500e+03
1.045482543945312500e+03
1.058739501953125000e+03
1.123220458984375000e+03
1.279792236328125000e+03
1.429655151367187500e+03
1.278696655273437500e+03
1.139420654296875000e+03
1.066064208984375000e+03
1.035019775390625000e+03
1.029572143554687500e+03
1.028805175781250000e+03
1.027885131835937500e+03
1.048078369140625000e+03
1.114647094726562500e+03
1.275650390625000000e+03
1.444005004882812500e+03
1.275857421875000000e+03
1.144317626953125000e+03
1.066225708007812500e+03
1.031711303710937500e+03
1.032010131835937500e+03
1.043534912109375000e+03
1.091559936523437500e+03
1.228464843750000000e+03
1.402838378906250000e+03
1.306955932617187500e+03
1.154400878906250000e+03
1.081526245117187500e+03
1.063900146484375000e+03
1.069944946289062500e+03
1.093498779296875000e+03
1.139806884765625000e+03
1.219262695312500000e+03
1.269103271484375000e+03
1.290309448242187500e+03
1.210138061523437500e+03
1.164120117187500000e+03
1.127809204101562500e+03
1.123519531250000000e+03
1.130291748046875000e+03
1.171417358398437500e+03
1.220123168945312500e+03
1.223207519531250000e+03
1.206550781250000000e+03
1.160916381835937500e+03
1.133440795898437500e+03
1.116097290039062500e+03
1.114535644531250000e+03
1.130220947265625000e+03
1.170157104492187500e+03
1.191109741210937500e+03
1.226155151367187500e+03
1.223291137695312500e+03
1.196383300781250000e+03
1.168616943359375000e+03
1.137092041015625000e+03
1.124870483398437500e+03
1.124906494140625000e+03
1.149639038085937500e+03
1.179180541992187500e+03
1.199486938476562500e+03
1.205781127929687500e+03
1.176947631835937500e+03
1.132503173828125000e+03
1.127609863281250000e+03
1.123796997070312500e+03
1.145644287109375000e+03
1.170040405273437500e+03
1.190117187500000000e+03
1.185173583984375000e+03
1.169554687500000000e+03
1.154539428710937500e+03
1.160184448242187500e+03
1.152999877929687500e+03
1.149142211914062500e+03
1.142316406250000000e+03
1.129036865234375000e+03
1.107587280273437500e+03
1.099174194335937500e+03
1.115804199218750000e+03
1.136797119140625000e+03
1.178228759765625000e+03
1.224606201171875000e+03
1.209213012695312500e+03
1.166656860351562500e+03
1.123833251953125000e+03
1.081049682617187500e+03
1.075383544921875000e+03
1.064356933593750000e+03
1.072872558593750000e+03
1.106285278320312500e+03
1.155199096679687500e+03
1.233213134765625000e+03
1.229043090820312500e+03
1.175103515625000000e+03
1.133459350585937500e+03
1.091706298828125000e+03
1.066318359375000000e+03
1.067072021484375000e+03
1.071015380859375000e+03
1.089604736328125000e+03
1.122528320312500000e+03
1.167216186523437500e+03
1.214719726562500000e+03
1.239054199218750000e+03
1.168930908203125000e+03
1.098225097656250000e+03
1.049329956054687500e+03
1.030751953125000000e+03
1.018625305175781250e+03
1.011152709960937500e+03
1.007285766601562500e+03
1.011910644531250000e+03
1.014499267578125000e+03
1.025578613281250000e+03
1.058508789062500000e+03
1.141516601562500000e+03
1.256865844726562500e+03
1.281240844726562500e+03
1.189447143554687500e+03
1.092855102539062500e+03
1.040038818359375000e+03
1.014871398925781250e+03
1.013904479980468750e+03
1.006424804687500000e+03
1.008471008300781250e+03
1.015922729492187500e+03
1.009616149902343750e+03
1.026785522460937500e+03
1.069514770507812500e+03
1.152968017578125000e+03
1.250066772460937500e+03
1.289690185546875000e+03
1.185759277343750000e+03
1.105690795898437500e+03
1.053893432617187500e+03
1.033171630859375000e+03
1.029557739257812500e+03
1.025509643554687500e+03
1.063091430664062500e+03
1.099585327148437500e+03
1.198022583007812500e+03
1.289802734375000000e+03
1.240682861328125000e+03
1.142489501953125000e+03
1.072604614257812500e+03
1.056858032226562500e+03
1.024474243164062500e+03
1.034756713867187500e+03
1.029546020507812500e+03
1.063768676757812500e+03
1.110455810546875000e+03
1.205561401367187500e+03
1.242960693359375000e+03
1.207087646484375000e+03
1.135831054687500000e+03
1.077748779296875000e+03
1.055902343750000000e+03
1.051917724609375000e+03
1.070256958007812500e+03
1.095376342773437500e+03
1.128806274414062500e+03
1.194141235351562500e+03
1.199742187500000000e+03
1.184047607421875000e+03
1.133130004882812500e+03
1.088613769531250000e+03
1.058505615234375000e+03
1.046745239257812500e+03
1.036738037109375000e+03
1.055807373046875000e+03
1.083687377929687500e+03
1.144751831054687500e+03
1.209184448242187500e+03
1.231117187500000000e+03
1.167159057617187500e+03
1.114615356445312500e+03
1.070454345703125000e+03
1.048021484375000000e+03
1.037382202148437500e+03
1.017046386718750000e+03
1.009992431640625000e+03
1.013279602050781250e+03
1.009331665039062500e+03
1.040193359375000000e+03
1.096585205078125000e+03
1.181542480468750000e+03
1.246659790039062500e+03
1.220890014648437500e+03
1.129873901367187500e+03
1.070542480468750000e+03
1.028765869140625000e+03
1.009036376953125000e+03
1.006645568847656250e+03
9.985350952148437500e+02
1.003948303222656250e+03
1.028648559570312500e+03
1.062644775390625000e+03
1.175758666992187500e+03
1.275062255859375000e+03
1.255659667968750000e+03
1.118443115234375000e+03
1.030937255859375000e+03
9.957525024414062500e+02
9.991965942382812500e+02
1.061610839843750000e+03
1.162678222656250000e+03
1.276069702148437500e+03
1.216756713867187500e+03
1.122952636718750000e+03
1.054402832031250000e+03
1.037420288085937500e+03
1.045456787109375000e+03
1.075883544921875000e+03
1.114109741210937500e+03
1.191830444335937500e+03
1.230394042968750000e+03
1.202999023437500000e+03
1.114489257812500000e+03
1.054602905273437500e+03
1.047191284179687500e+03
1.037111694335937500e+03
1.031754516601562500e+03
1.065679199218750000e+03
1.119091430664062500e+03
1.208411621093750000e+03
1.229753295898437500e+03
1.181983886718750000e+03
1.090042358398437500e+03
1.046824707031250000e+03
1.021137145996093750e+03
1.016210144042968750e+03
1.015384460449218750e+03
1.040490356445312500e+03
1.082927001953125000e+03
1.154054443359375000e+03
1.203447875976562500e+03
1.213918579101562500e+03
1.150155517578125000e+03
1.085653930664062500e+03
1.047093994140625000e+03
1.016214965820312500e+03
1.014299926757812500e+03
1.001614685058593750e+03
1.008114562988281250e+03
1.018995056152343750e+03
1.066577392578125000e+03
1.147867675781250000e+03
1.213069824218750000e+03
1.213448730468750000e+03
1.123581054687500000e+03
1.080021972656250000e+03
1.044146362304687500e+03
1.010940307617187500e+03
9.982359008789062500e+02
9.971181640625000000e+02
1.001483886718750000e+03
1.022556518554687500e+03
1.058725830078125000e+03
1.151832885742187500e+03
1.229606933593750000e+03
1.234317260742187500e+03
1.127226196289062500e+03
1.042944091796875000e+03
1.005383239746093750e+03
9.838588867187500000e+02
9.870319824218750000e+02
9.887008056640625000e+02
9.770194091796875000e+02
9.823591308593750000e+02
9.941798095703125000e+02
1.021496887207031250e+03
1.081358764648437500e+03
1.183759765625000000e+03
1.248841186523437500e+03
1.181939453125000000e+03
1.076635864257812500e+03
1.022339477539062500e+03
9.914017944335937500e+02
9.757384033203125000e+02
9.752352294921875000e+02
9.807595825195312500e+02
9.937573242187500000e+02
1.024644531250000000e+03
1.107617431640625000e+03
1.252966430664062500e+03
1.306044555664062500e+03
1.139579345703125000e+03
1.029614135742187500e+03
9.926017456054687500e+02
9.830286865234375000e+02
1.046810668945312500e+03
1.179717407226562500e+03
1.330698486328125000e+03
1.174851928710937500e+03
1.054856201171875000e+03
9.932086791992187500e+02
9.838910522460937500e+02
9.697917480468750000e+02
9.735559692382812500e+02
1.000378906250000000e+03
1.036767700195312500e+03
1.149134521484375000e+03
1.283301879882812500e+03
1.270422973632812500e+03
1.106817260742187500e+03
1.015646057128906250e+03
9.942399902343750000e+02
9.808246459960937500e+02
9.764353027343750000e+02
9.856372680664062500e+02
1.004139404296875000e+03
1.042861938476562500e+03
1.141046875000000000e+03
1.264349975585937500e+03
1.202052368164062500e+03
1.084023803710937500e+03
1.017654602050781250e+03
9.907580566406250000e+02
9.802769775390625000e+02
9.709934082031250000e+02
9.755353393554687500e+02
9.899328002929687500e+02
1.046344604492187500e+03
1.162991455078125000e+03
1.246113769531250000e+03
1.219761962890625000e+03
1.113095703125000000e+03
1.053588256835937500e+03
1.007518920898437500e+03
9.957409667968750000e+02
9.748850097656250000e+02
9.733402099609375000e+02
9.866376342773437500e+02
1.032222534179687500e+03
1.131263061523437500e+03
1.279399780273437500e+03
1.235116333007812500e+03
1.102604492187500000e+03
1.040832641601562500e+03
1.007197387695312500e+03
9.755413208007812500e+02
9.725558471679687500e+02
9.698652954101562500e+02
9.783784790039062500e+02
9.953982543945312500e+02
1.062460937500000000e+03
1.211947509765625000e+03
1.311756591796875000e+03
1.149723632812500000e+03
1.039083740234375000e+03
9.814488525390625000e+02
9.734714355468750000e+02
9.751372680664062500e+02
9.572794799804687500e+02
9.649699096679687500e+02
9.626799316406250000e+02
9.851939086914062500e+02
1.026057617187500000e+03
1.158403686523437500e+03
1.319963012695312500e+03
1.204824340820312500e+03
1.062089965820312500e+03
9.953789062500000000e+02
9.679078369140625000e+02
9.606414184570312500e+02
9.614406738281250000e+02
1.014539245605468750e+03
1.130375610351562500e+03
1.285910278320312500e+03
1.211445556640625000e+03
1.090675292968750000e+03
1.031789672851562500e+03
1.022632141113281250e+03
1.012572631835937500e+03
1.032672241210937500e+03
1.063058105468750000e+03
1.135149780273437500e+03
1.194824707031250000e+03
1.200960205078125000e+03
1.111829956054687500e+03
1.050147705078125000e+03
1.009643066406250000e+03
1.009023315429687500e+03
1.033240600585937500e+03
1.078325683593750000e+03
1.145235107421875000e+03
1.212300537109375000e+03
1.167362182617187500e+03
1.077637817382812500e+03
1.031636352539062500e+03
9.989564208984375000e+02
1.010536010742187500e+03
1.034061279296875000e+03
1.118816894531250000e+03
1.201078857421875000e+03
1.176952148437500000e+03
1.103803955078125000e+03
1.061493652343750000e+03
1.041499145507812500e+03
1.042892822265625000e+03
1.057240844726562500e+03
1.097744873046875000e+03
1.133945434570312500e+03
1.132484497070312500e+03
1.118499633789062500e+03
1.085057861328125000e+03
1.053541625976562500e+03
1.037800292968750000e+03
1.040342285156250000e+03
1.070289062500000000e+03
1.122899536132812500e+03
1.148997436523437500e+03
1.147359008789062500e+03
1.101515380859375000e+03
1.057349121093750000e+03
1.041844360351562500e+03
1.037735961914062500e+03
1.053658203125000000e+03
1.086789672851562500e+03
1.125260498046875000e+03
1.134296020507812500e+03
1.114975585937500000e+03
1.074819458007812500e+03
1.077306762695312500e+03
1.049031738281250000e+03
1.026134765625000000e+03
1.042614624023437500e+03
1.037300781250000000e+03
1.069955810546875000e+03
1.097348388671875000e+03
1.119546630859375000e+03
1.102689453125000000e+03
1.065172729492187500e+03
1.033022949218750000e+03
1.019642639160156250e+03
1.011674377441406250e+03
1.020601135253906250e+03
1.039885253906250000e+03
1.086763183593750000e+03
1.133778930664062500e+03
1.152682617187500000e+03
1.118058837890625000e+03
1.057875366210937500e+03
1.021905395507812500e+03
1.008025573730468750e+03
1.012263732910156250e+03
1.022225891113281250e+03
1.062116210937500000e+03
1.099619018554687500e+03
1.122909545898437500e+03
1.100726684570312500e+03
1.066211791992187500e+03
1.052561523437500000e+03
1.041881713867187500e+03
1.059264282226562500e+03
1.077955444335937500e+03
1.083221557617187500e+03
1.082517089843750000e+03
1.061795654296875000e+03
1.056698364257812500e+03
1.061133422851562500e+03
1.069413452148437500e+03
1.082340942382812500e+03
1.085022216796875000e+03
1.086981933593750000e+03
1.078359497070312500e+03
1.057211425781250000e+03
1.053209594726562500e+03
1.059199096679687500e+03
1.063078979492187500e+03
1.061005126953125000e+03
1.070008300781250000e+03
1.070174926757812500e+03
1.062156860351562500e+03
1.077777099609375000e+03
1.058073730468750000e+03
1.055949462890625000e+03
1.047978637695312500e+03
1.063182128906250000e+03
1.082414550781250000e+03
1.100145263671875000e+03
1.093054199218750000e+03
1.071992797851562500e+03
1.062481445312500000e+03
1.056186035156250000e+03
1.036946411132812500e+03
1.040100463867187500e+03
1.045989624023437500e+03
1.067944824218750000e+03
1.082052490234375000e+03
1.095550415039062500e+03
1.068675292968750000e+03
1.037280761718750000e+03
1.022930908203125000e+03
1.023861083984375000e+03
1.038349853515625000e+03
1.054907836914062500e+03
1.067157104492187500e+03
1.096471191406250000e+03
1.076726318359375000e+03
1.069688598632812500e+03
1.065645141601562500e+03
1.065711303710937500e+03
1.040925292968750000e+03
1.037447875976562500e+03
1.032995605468750000e+03
1.024528686523437500e+03
1.019795410156250000e+03
1.031579956054687500e+03
1.069979125976562500e+03
1.109785644531250000e+03
1.099871459960937500e+03
1.063422119140625000e+03
1.018610717773437500e+03
9.831035156250000000e+02
9.591622314453125000e+02
9.586528320312500000e+02
9.508471679687500000e+02
9.589949340820312500e+02
9.663372192382812500e+02
1.003967834472656250e+03
1.059563598632812500e+03
1.141567260742187500e+03
1.134714843750000000e+03
1.093927856445312500e+03
1.050615112304687500e+03
1.009495422363281250e+03
9.846934204101562500e+02
9.891625976562500000e+02
1.013462341308593750e+03
1.057349121093750000e+03
1.108172119140625000e+03
1.141324829101562500e+03
1.092667846679687500e+03
1.027748535156250000e+03
9.927502441406250000e+02
9.932162475585937500e+02
1.006553833007812500e+03
1.022852600097656250e+03
1.079006958007812500e+03
1.086899536132812500e+03
1.076321655273437500e+03
1.044241455078125000e+03
1.027356689453125000e+03
1.027109375000000000e+03
1.035800170898437500e+03
1.066929687500000000e+03
1.074357299804687500e+03
1.086652465820312500e+03
1.057660156250000000e+03
1.036332275390625000e+03
1.027828857421875000e+03
1.035142578125000000e+03
1.031786254882812500e+03
1.040279296875000000e+03
1.049817871093750000e+03
1.071610961914062500e+03
1.055076660156250000e+03
1.052845092773437500e+03
1.048265014648437500e+03
1.039431274414062500e+03
1.021996154785156250e+03
1.016004882812500000e+03
1.018113647460937500e+03
1.045630859375000000e+03
1.088506835937500000e+03
1.106862060546875000e+03
1.081486328125000000e+03
1.054000122070312500e+03
1.025029907226562500e+03
1.016547546386718750e+03
1.025263671875000000e+03
1.036063720703125000e+03
1.039944580078125000e+03
1.056838745117187500e+03
1.069132934570312500e+03
1.060018432617187500e+03
1.034317749023437500e+03
1.025377563476562500e+03
1.008382141113281250e+03
1.016465209960937500e+03
1.023236999511718750e+03
1.035920043945312500e+03
1.037074951171875000e+03
1.052917114257812500e+03
1.050755981445312500e+03
1.050707275390625000e+03
1.052395629882812500e+03
1.040510375976562500e+03
1.026627563476562500e+03
1.033219970703125000e+03
1.030056030273437500e+03
1.045344116210937500e+03
1.061934082031250000e+03
1.056837158203125000e+03
1.038853027343750000e+03
1.028067016601562500e+03
1.020693969726562500e+03
1.014994628906250000e+03
1.017669128417968750e+03
1.028757812500000000e+03
1.049457519531250000e+03
1.073878295898437500e+03
1.068574829101562500e+03
1.056234863281250000e+03
1.019985351562500000e+03
1.001778137207031250e+03
1.001496826171875000e+03
1.008391479492187500e+03
1.022018493652343750e+03
1.039521606445312500e+03
1.064106445312500000e+03
1.078520263671875000e+03
1.064050659179687500e+03
1.022694213867187500e+03
1.010069152832031250e+03
1.007307250976562500e+03
1.000759765625000000e+03
1.008810180664062500e+03
1.037129882812500000e+03
1.085966430664062500e+03
1.083020263671875000e+03
1.059102905273437500e+03
1.028959716796875000e+03
1.001043395996093750e+03
9.839030761718750000e+02
9.874276733398437500e+02
1.007472229003906250e+03
1.059225463867187500e+03
1.106699096679687500e+03
1.097824096679687500e+03
1.045150512695312500e+03
1.002028930664062500e+03
9.600061645507812500e+02
9.465839233398437500e+02
9.507433471679687500e+02
9.569544677734375000e+02
9.709799804687500000e+02
1.023309814453125000e+03
1.098896118164062500e+03
1.149650146484375000e+03
1.085476806640625000e+03
1.011782043457031250e+03
9.694488525390625000e+02
9.366576538085937500e+02
9.328239746093750000e+02
9.356434936523437500e+02
9.341323242187500000e+02
9.521882934570312500e+02
9.802473144531250000e+02
1.040849975585937500e+03
1.086371582031250000e+03
1.124616943359375000e+03
1.089037597656250000e+03
1.016088928222656250e+03
9.818925170898437500e+02
9.629254150390625000e+02
9.703885498046875000e+02
9.676398315429687500e+02
1.023452575683593750e+03
1.067291870117187500e+03
1.080155761718750000e+03
1.078351684570312500e+03
1.041575683593750000e+03
1.010580261230468750e+03
9.905942382812500000e+02
9.943211669921875000e+02
1.023649291992187500e+03
1.052750610351562500e+03
1.080481445312500000e+03
1.082583496093750000e+03
1.041873046875000000e+03
1.028954223632812500e+03
1.006983337402343750e+03
1.002531921386718750e+03
1.003227905273437500e+03
1.025951049804687500e+03
1.067418334960937500e+03
1.076498779296875000e+03
1.045462402343750000e+03
1.030781372070312500e+03
9.920722656250000000e+02
9.795587158203125000e+02
1.002801269531250000e+03
1.029730102539062500e+03
1.079279296875000000e+03
1.069461914062500000e+03
1.026248291015625000e+03
1.001359680175781250e+03
9.991613159179687500e+02
1.001984313964843750e+03
1.010416931152343750e+03
1.035724731445312500e+03
1.034405639648437500e+03
1.028555541992187500e+03
1.029439819335937500e+03
1.025533691406250000e+03
1.016959472656250000e+03
9.992257690429687500e+02
9.993488159179687500e+02
1.015033264160156250e+03
1.044097778320312500e+03
1.069466186523437500e+03
1.045861450195312500e+03
1.017498718261718750e+03
9.852062988281250000e+02
9.696930541992187500e+02
9.624199829101562500e+02
9.699183349609375000e+02
9.910876464843750000e+02
1.029542602539062500e+03
1.052330444335937500e+03
1.076204711914062500e+03
1.063864624023437500e+03
1.037080078125000000e+03
1.017300292968750000e+03
9.944585571289062500e+02
9.751282348632812500e+02
9.773444824218750000e+02
9.881895141601562500e+02
1.013712768554687500e+03
1.033180786132812500e+03
1.052180053710937500e+03
1.048299438476562500e+03
1.019394042968750000e+03
9.943823852539062500e+02
9.919019775390625000e+02
1.003076843261718750e+03
9.912240600585937500e+02
1.001695922851562500e+03
1.004366760253906250e+03
1.034993041992187500e+03
1.051843505859375000e+03
1.047684692382812500e+03
1.017276489257812500e+03
9.945190429687500000e+02
9.830496826171875000e+02
1.000466735839843750e+03
1.013666625976562500e+03
1.023108581542968750e+03
1.032110961914062500e+03
1.037321044921875000e+03
1.026169067382812500e+03
1.015459655761718750e+03
1.012723144531250000e+03
1.002033813476562500e+03
1.003637084960937500e+03
9.955023803710937500e+02
9.909813232421875000e+02
9.833873291015625000e+02
1.005756713867187500e+03
1.019716735839843750e+03
1.040811523437500000e+03
1.049535278320312500e+03
1.048772460937500000e+03
1.002906066894531250e+03
1.001318664550781250e+03
9.916122436523437500e+02
9.959665527343750000e+02
9.912731323242187500e+02
1.006622985839843750e+03
1.031862548828125000e+03
1.051309448242187500e+03
1.036097900390625000e+03
1.026040039062500000e+03
9.913426513671875000e+02
9.622787475585937500e+02
9.536773071289062500e+02
9.690426635742187500e+02
9.876069335937500000e+02
1.048210571289062500e+03
1.074513305664062500e+03
1.066181274414062500e+03
1.021049011230468750e+03
9.793383789062500000e+02
9.597647094726562500e+02
9.480908203125000000e+02
9.693820190429687500e+02
9.846724853515625000e+02
1.016353088378906250e+03
1.061296264648437500e+03
1.055498413085937500e+03
1.017691589355468750e+03
9.726620483398437500e+02
9.522305908203125000e+02
9.523467407226562500e+02
9.621464843750000000e+02
9.839532470703125000e+02
1.033953857421875000e+03
1.064887451171875000e+03
1.054970214843750000e+03
1.014250183105468750e+03
9.857370605468750000e+02
9.668877563476562500e+02
9.630455932617187500e+02
9.671585693359375000e+02
9.969243774414062500e+02
1.015480468750000000e+03
1.023916503906250000e+03
1.019301330566406250e+03
1.021487304687500000e+03
9.820368041992187500e+02
9.784979858398437500e+02
9.608460693359375000e+02
9.673549804687500000e+02
9.808134155273437500e+02
1.030894409179687500e+03
1.050391845703125000e+03
1.046867187500000000e+03
9.995089721679687500e+02
9.806284179687500000e+02
9.778823852539062500e+02
1.017853210449218750e+03
1.031186645507812500e+03
1.052432617187500000e+03
1.021066345214843750e+03
9.922843017578125000e+02
9.710256347656250000e+02
9.652734985351562500e+02
9.838081665039062500e+02
1.008644409179687500e+03
1.025376953125000000e+03
1.032653198242187500e+03
1.028691040039062500e+03
1.018217834472656250e+03
9.876035766601562500e+02
9.660225830078125000e+02
9.479596557617187500e+02
9.419404907226562500e+02
9.680999145507812500e+02
1.016099914550781250e+03
1.046873535156250000e+03
1.061137817382812500e+03
1.008414001464843750e+03
9.763684082031250000e+02
9.609897460937500000e+02
9.620697631835937500e+02
9.765458984375000000e+02
1.005262145996093750e+03
1.029092651367187500e+03
1.032175659179687500e+03
1.005719299316406250e+03
1.004298095703125000e+03
9.910269775390625000e+02
9.766619873046875000e+02
9.793145751953125000e+02
9.971733398437500000e+02
1.021096069335937500e+03
1.032487182617187500e+03
1.028827270507812500e+03
1.010921081542968750e+03
9.748909301757812500e+02
9.670023803710937500e+02
9.644073486328125000e+02
9.757215576171875000e+02
1.008321594238281250e+03
1.026259399414062500e+03
1.025415283203125000e+03
1.005341308593750000e+03
9.950084228515625000e+02
1.000063903808593750e+03
1.001291564941406250e+03
1.002656250000000000e+03
9.926433105468750000e+02
9.818040771484375000e+02
9.813797607421875000e+02
9.926527099609375000e+02
9.800062255859375000e+02
9.882858886718750000e+02
9.967062988281250000e+02
1.015198669433593750e+03
1.020272216796875000e+03
1.012002075195312500e+03
9.964190673828125000e+02
9.803009643554687500e+02
9.683608398437500000e+02
9.732360839843750000e+02
9.866137695312500000e+02
1.010066223144531250e+03
1.023354797363281250e+03
1.032697875976562500e+03
1.009969726562500000e+03
9.859130859375000000e+02
9.632540893554687500e+02
9.672211303710937500e+02
9.722427978515625000e+02
1.002835144042968750e+03
9.928720703125000000e+02
9.838779907226562500e+02
9.714213256835937500e+02
9.723015747070312500e+02
9.810684814453125000e+02
1.003549743652343750e+03
1.020590515136718750e+03
1.016524291992187500e+03
9.882581787109375000e+02
9.865288085937500000e+02
9.698972167968750000e+02
9.748916015625000000e+02
1.001189331054687500e+03
1.028799316406250000e+03
1.022736633300781250e+03
1.015489074707031250e+03
9.770324707031250000e+02
9.543864135742187500e+02
9.468855590820312500e+02
9.846964111328125000e+02
1.017066894531250000e+03
1.029519409179687500e+03
1.015528808593750000e+03
1.001434326171875000e+03
9.865378417968750000e+02
9.756099853515625000e+02
9.749058227539062500e+02
9.834473266601562500e+02
9.860970458984375000e+02
1.012461242675781250e+03
1.005155151367187500e+03
9.934430541992187500e+02
9.719188842773437500e+02
9.752910766601562500e+02
9.774468994140625000e+02
1.001253479003906250e+03
1.017035644531250000e+03
1.011325378417968750e+03
9.925209960937500000e+02
9.931964111328125000e+02
9.864241333007812500e+02
9.821134643554687500e+02
9.807363281250000000e+02
9.941273803710937500e+02
9.795123291015625000e+02
9.708215942382812500e+02
9.585133056640625000e+02
9.426179809570312500e+02
9.483276367187500000e+02
9.576412963867187500e+02
9.769036865234375000e+02
1.025093872070312500e+03
1.022991210937500000e+03
1.013524291992187500e+03
9.803215942382812500e+02
9.791508789062500000e+02
9.682400512695312500e+02
9.610025024414062500e+02
9.633745727539062500e+02
9.890890502929687500e+02
1.004401916503906250e+03
1.012560913085937500e+03
1.012055419921875000e+03
1.006785095214843750e+03
9.720533447265625000e+02
9.750604858398437500e+02
9.517749633789062500e+02
9.627270507812500000e+02
9.782760620117187500e+02
9.918386840820312500e+02
1.006756835937500000e+03
1.013783325195312500e+03
1.001163818359375000e+03
9.907295532226562500e+02
9.818206787109375000e+02
9.837970581054687500e+02
9.912502441406250000e+02
9.908962402343750000e+02
9.808562622070312500e+02
9.691067504882812500e+02
9.660844726562500000e+02
9.653358154296875000e+02
9.692128906250000000e+02
9.793233032226562500e+02
9.951042480468750000e+02
1.001436218261718750e+03
9.903383789062500000e+02
9.721477661132812500e+02
9.690895996093750000e+02
9.566197509765625000e+02
9.545167236328125000e+02
9.754283447265625000e+02
9.929908447265625000e+02
1.014853149414062500e+03
1.011102050781250000e+03
9.759744873046875000e+02
9.652523193359375000e+02
9.576397094726562500e+02
9.607711791992187500e+02
9.776215820312500000e+02
9.979340820312500000e+02
1.009428894042968750e+03
9.990595703125000000e+02
9.952214355468750000e+02
9.612714843750000000e+02
9.444467163085937500e+02
9.427448120117187500e+02
9.525372314453125000e+02
9.700985717773437500e+02
9.950903320312500000e+02
1.006517761230468750e+03
9.963074951171875000e+02
9.846295776367187500e+02
9.696382446289062500e+02
9.656029663085937500e+02
9.644812622070312500e+02
9.638281860351562500e+02
9.698414306640625000e+02
9.906604614257812500e+02
1.008452514648437500e+03
9.971229248046875000e+02
9.952194213867187500e+02
9.630399169921875000e+02
9.651614990234375000e+02
9.582055053710937500e+02
9.422486572265625000e+02
9.440097656250000000e+02
9.790187988281250000e+02
9.886266479492187500e+02
1.004079223632812500e+03
9.881405029296875000e+02
9.866702270507812500e+02
9.684488525390625000e+02
9.729379272460937500e+02
9.736079711914062500e+02
9.642792358398437500e+02
9.625401611328125000e+02
9.680285034179687500e+02
9.681742553710937500e+02
9.635752563476562500e+02
9.540764770507812500e+02
9.742420043945312500e+02
9.727201538085937500e+02
1.012127014160156250e+03
1.009951599121093750e+03
9.935812377929687500e+02
9.671230468750000000e+02
9.675900878906250000e+02
9.593460693359375000e+02
9.471900024414062500e+02
9.358302612304687500e+02
9.640715942382812500e+02
9.824353027343750000e+02
1.007298461914062500e+03
1.011604919433593750e+03
1.002978332519531250e+03
9.707877197265625000e+02
9.543026733398437500e+02
9.263720092773437500e+02
9.191242675781250000e+02
9.284611816406250000e+02
9.461829223632812500e+02
9.881010131835937500e+02
1.029905151367187500e+03
1.028851684570312500e+03
1.010112182617187500e+03
9.654756469726562500e+02
9.386872558593750000e+02
9.329329223632812500e+02
9.277059936523437500e+02
9.452447509765625000e+02
9.812288208007812500e+02
1.004543884277343750e+03
1.014169799804687500e+03
9.781074829101562500e+02
9.545517578125000000e+02
9.427651367187500000e+02
9.460579833984375000e+02
9.728002929687500000e+02
9.882517089843750000e+02
9.895144042968750000e+02
9.714409179687500000e+02
9.425186767578125000e+02
9.381519775390625000e+02
9.341832275390625000e+02
9.668272094726562500e+02
9.799992675781250000e+02
9.987409057617187500e+02
9.977376708984375000e+02
9.914669799804687500e+02
9.891318359375000000e+02
9.804729003906250000e+02
9.764782104492187500e+02
9.751365966796875000e+02
9.848180541992187500e+02
9.768939208984375000e+02
9.437189331054687500e+02
9.437287597656250000e+02
9.332926025390625000e+02
9.715097656250000000e+02
9.824213867187500000e+02
1.010546569824218750e+03
9.977185058593750000e+02
9.801371459960937500e+02
9.400798339843750000e+02
9.272817993164062500e+02
9.180311279296875000e+02
9.412983398437500000e+02
9.544283447265625000e+02
9.973408813476562500e+02
1.003010803222656250e+03
9.817182617187500000e+02
9.510214843750000000e+02
9.296914062500000000e+02
9.303690185546875000e+02
9.348515625000000000e+02
9.478425903320312500e+02
9.568557128906250000e+02
9.764185791015625000e+02
1.006920410156250000e+03
9.918488769531250000e+02
9.811160888671875000e+02
9.532842407226562500e+02
9.388720703125000000e+02
9.272969970703125000e+02
9.337802124023437500e+02
9.446001586914062500e+02
9.708213500976562500e+02
9.926233520507812500e+02
1.004498413085937500e+03
9.902861328125000000e+02
9.693663330078125000e+02
9.446843872070312500e+02
9.354443359375000000e+02
9.404505004882812500e+02
9.530611572265625000e+02
9.672000122070312500e+02
9.817030639648437500e+02
9.488353271484375000e+02
9.505966796875000000e+02
9.390962524414062500e+02
9.272477416992187500e+02
9.256162109375000000e+02
9.538439331054687500e+02
9.703893432617187500e+02
9.986179199218750000e+02
9.868667602539062500e+02
9.523230590820312500e+02
9.359658203125000000e+02
9.276982421875000000e+02
9.151615600585937500e+02
9.258358764648437500e+02
9.507210693359375000e+02
9.829140625000000000e+02
9.775997314453125000e+02
9.736704711914062500e+02
9.572219238281250000e+02
9.570469360351562500e+02
9.445739135742187500e+02
9.536383056640625000e+02
9.449624633789062500e+02
9.585976562500000000e+02
9.536948852539062500e+02
9.663309936523437500e+02
9.600025024414062500e+02
9.706781616210937500e+02
9.525597534179687500e+02
9.714386596679687500e+02
9.805153198242187500e+02
9.934293212890625000e+02
9.674284667968750000e+02
9.408271484375000000e+02
9.200275878906250000e+02
9.088197631835937500e+02
9.094450683593750000e+02
9.352068481445312500e+02
9.658200073242187500e+02
1.004086914062500000e+03
1.001843505859375000e+03
9.894199218750000000e+02
9.524915161132812500e+02
9.342376708984375000e+02
9.382694091796875000e+02
9.615299072265625000e+02
9.847324218750000000e+02
1.007853576660156250e+03
9.579948120117187500e+02
9.303576660156250000e+02
9.177758178710937500e+02
9.127742309570312500e+02
9.315365600585937500e+02
9.733948364257812500e+02
1.006280883789062500e+03
9.901212158203125000e+02
9.530933837890625000e+02
9.380285034179687500e+02
9.300852661132812500e+02
9.490278930664062500e+02
9.637000732421875000e+02
9.731361694335937500e+02
9.773380126953125000e+02
9.690844116210937500e+02
9.466467285156250000e+02
9.326815185546875000e+02
9.328373413085937500e+02
9.568638916015625000e+02
9.578168334960937500e+02
9.632582397460937500e+02
9.502163085937500000e+02
9.373444824218750000e+02
9.375465087890625000e+02
9.618618774414062500e+02
9.662291259765625000e+02
9.718740844726562500e+02
9.589699707031250000e+02
9.484810180664062500e+02
9.380857543945312500e+02
9.325583496093750000e+02
9.309225463867187500e+02
9.401875610351562500e+02
9.374791870117187500e+02
9.504325561523437500e+02
9.452341308593750000e+02
9.501312255859375000e+02
9.529945068359375000e+02
9.398227539062500000e+02
9.309498901367187500e+02
9.403558959960937500e+02
9.448105468750000000e+02
9.542553100585937500e+02
9.480889282226562500e+02
9.588782348632812500e+02
9.428524780273437500e+02
9.416329956054687500e+02
9.177517700195312500e+02
9.213007202148437500e+02
9.203748168945312500e+02
9.523708496093750000e+02
9.485930175781250000e+02
9.635164794921875000e+02
9.569769897460937500e+02
9.547418212890625000e+02
9.456173095703125000e+02
9.415009155273437500e+02
9.293542480468750000e+02
9.460625610351562500e+02
9.433139038085937500e+02
9.605563964843750000e+02
9.795876464843750000e+02
9.856743164062500000e+02
9.539030151367187500e+02
9.309658203125000000e+02
9.240046386718750000e+02
9.251741333007812500e+02
9.203687133789062500e+02
9.339780883789062500e+02
9.505455932617187500e+02
9.795958862304687500e+02
9.577034912109375000e+02
9.351428222656250000e+02
9.238659667968750000e+02
9.250906372070312500e+02
9.688796386718750000e+02
9.891181030273437500e+02
9.671489257812500000e+02
9.504955444335937500e+02
9.175207519531250000e+02
9.176555175781250000e+02
9.212108154296875000e+02
9.392468261718750000e+02
9.642299804687500000e+02
9.920029296875000000e+02
9.762557373046875000e+02
9.527975463867187500e+02
9.182482299804687500e+02
9.085616455078125000e+02
9.218732299804687500e+02
9.528676757812500000e+02
9.549249877929687500e+02
9.856871337890625000e+02
9.726593017578125000e+02
9.381478881835937500e+02
9.192322998046875000e+02
9.200325927734375000e+02
9.262675781250000000e+02
9.428634033203125000e+02
9.406656494140625000e+02
9.467575683593750000e+02
9.304884033203125000e+02
9.212994995117187500e+02
9.140164184570312500e+02
9.292672119140625000e+02
9.394321289062500000e+02
9.578424682617187500e+02
9.551118774414062500e+02
9.524318847656250000e+02
9.393787231445312500e+02
9.358357543945312500e+02
9.321613769531250000e+02
9.446820068359375000e+02
9.327851562500000000e+02
9.213121337890625000e+02
9.208877563476562500e+02
9.166746826171875000e+02
9.125681762695312500e+02
9.290113525390625000e+02
9.592810668945312500e+02
9.897229003906250000e+02
9.700921020507812500e+02
9.469413452148437500e+02
9.293605957031250000e+02
9.373560791015625000e+02
9.286087646484375000e+02
9.497500000000000000e+02
9.551154785156250000e+02
9.598660888671875000e+02
9.466188354492187500e+02
9.428923950195312500e+02
9.341240844726562500e+02
9.166093139648437500e+02
9.179373779296875000e+02
9.206389770507812500e+02
9.289418334960937500e+02
9.596948852539062500e+02
9.669234008789062500e+02
9.688508300781250000e+02
9.393654785156250000e+02
9.496492309570312500e+02
9.397783813476562500e+02
9.423865966796875000e+02
9.300104980468750000e+02
9.248401489257812500e+02
9.261888427734375000e+02
9.528513793945312500e+02
9.509028930664062500e+02
9.695653076171875000e+02
9.413308105468750000e+02
9.353099365234375000e+02
9.226378173828125000e+02
9.385687255859375000e+02
9.354490966796875000e+02
9.485586547851562500e+02
9.385734252929687500e+02
9.350098876953125000e+02
9.119028320312500000e+02
9.172392578125000000e+02
9.303134765625000000e+02
9.572142944335937500e+02
9.710307617187500000e+02
9.678751831054687500e+02
9.387916870117187500e+02
9.138087158203125000e+02
8.977487182617187500e+02
8.993181762695312500e+02
9.013544311523437500e+02
9.261500854492187500e+02
9.516890869140625000e+02
9.652361450195312500e+02
9.507233276367187500e+02
9.328965454101562500e+02
9.202694702148437500e+02
9.358940429687500000e+02
9.309516601562500000e+02
9.373540649414062500e+02
9.426707153320312500e+02
9.516450805664062500e+02
9.376222534179687500e+02
9.334621582031250000e+02
9.202344360351562500e+02
9.235599365234375000e+02
9.183542480468750000e+02
9.164142456054687500e+02
9.272510986328125000e+02
9.401900024414062500e+02
9.350950927734375000e+02
9.208268432617187500e+02
9.234512329101562500e+02
9.182078857421875000e+02
9.185328369140625000e+02
9.310004882812500000e+02
9.361488037109375000e+02
9.503988037109375000e+02
9.549395751953125000e+02
9.464254760742187500e+02
9.183266601562500000e+02
9.162441406250000000e+02
9.161160888671875000e+02
9.328526000976562500e+02
9.295673828125000000e+02
9.470561523437500000e+02
9.494812622070312500e+02
9.546407470703125000e+02
9.385100708007812500e+02
9.182791748046875000e+02
9.033380737304687500e+02
9.059484252929687500e+02
8.908688354492187500e+02
9.237740478515625000e+02
9.379984130859375000e+02
9.609891357421875000e+02
9.491161499023437500e+02
9.278776855468750000e+02
9.145089721679687500e+02
9.057975463867187500e+02
9.137609252929687500e+02
9.280516357421875000e+02
9.554094238281250000e+02
9.674300537109375000e+02
9.409514160156250000e+02
9.153320922851562500e+02
9.017528076171875000e+02
9.178611450195312500e+02
9.271056518554687500e+02
9.406366577148437500e+02
9.508098144531250000e+02
9.673285522460937500e+02
9.586210937500000000e+02
9.384962158203125000e+02
8.982714843750000000e+02
8.959263305664062500e+02
8.788541870117187500e+02
8.941065673828125000e+02
9.312313842773437500e+02
9.784836425781250000e+02
9.738649902343750000e+02
9.529669189453125000e+02
9.116400146484375000e+02
9.062185058593750000e+02
8.868608398437500000e+02
8.853479614257812500e+02
8.934090576171875000e+02
9.157742309570312500e+02
9.380473022460937500e+02
9.579955444335937500e+02
9.562157592773437500e+02
9.437954711914062500e+02
9.131261596679687500e+02
9.193546752929687500e+02
9.114739990234375000e+02
9.227536621093750000e+02
9.083951416015625000e+02
9.063594970703125000e+02
8.979445190429687500e+02
9.047090454101562500e+02
9.109252319335937500e+02
9.431921386718750000e+02
9.236668090820312500e+02
9.275031738281250000e+02
9.256325073242187500e+02
9.368333129882812500e+02
9.339819335937500000e+02
9.192371826171875000e+02
8.918858032226562500e+02
8.866121826171875000e+02
8.891857299804687500e+02
9.127426757812500000e+02
9.473213500976562500e+02
9.812172241210937500e+02
9.366886596679687500e+02
9.128928833007812500e+02
8.699621582031250000e+02
8.716352539062500000e+02
8.730123901367187500e+02
8.893248291015625000e+02
9.295908813476562500e+02
9.764783325195312500e+02
9.672128295898437500e+02
9.547145996093750000e+02
9.177398071289062500e+02
8.880000610351562500e+02
8.711253051757812500e+02
8.964791870117187500e+02
9.042012939453125000e+02
9.524621582031250000e+02
9.365531616210937500e+02
9.475798950195312500e+02
9.135870971679687500e+02
9.118585205078125000e+02
9.061465454101562500e+02
8.975705566406250000e+02
8.941170043945312500e+02
9.052956542968750000e+02
9.150515747070312500e+02
9.545656738281250000e+02
9.480430908203125000e+02
9.271174926757812500e+02
9.038197631835937500e+02
8.961140747070312500e+02
9.101115722656250000e+02
9.185061645507812500e+02
9.224610595703125000e+02
9.597758789062500000e+02
9.618187255859375000e+02
9.583493041992187500e+02
9.025958251953125000e+02
8.919902954101562500e+02
8.832982177734375000e+02
8.988937377929687500e+02
8.990488281250000000e+02
9.235835571289062500e+02
9.434882202148437500e+02
9.428504028320312500e+02
9.198272705078125000e+02
9.191704101562500000e+02
9.049774169921875000e+02
9.095758056640625000e+02
9.089464721679687500e+02
9.371558837890625000e+02
9.205125732421875000e+02
9.237901000976562500e+02
9.071275024414062500e+02
9.045358886718750000e+02
9.004293212890625000e+02
9.036380004882812500e+02
9.039277954101562500e+02
9.224279785156250000e+02
9.201896362304687500e+02
9.300769653320312500e+02
9.238154907226562500e+02
9.214710693359375000e+02
9.082066040039062500e+02
9.163025512695312500e+02
9.008432617187500000e+02
9.148666381835937500e+02
9.262326660156250000e+02
9.437828369140625000e+02
9.448357543945312500e+02
9.441809082031250000e+02
9.179223022460937500e+02
9.009201660156250000e+02
8.842115478515625000e+02
8.972504882812500000e+02
8.991500854492187500e+02
9.171885986328125000e+02
9.117145996093750000e+02
9.180275878906250000e+02
9.113391723632812500e+02
9.389780883789062500e+02
9.154803466796875000e+02
9.154927978515625000e+02
8.989890136718750000e+02
9.081460571289062500e+02
9.225301513671875000e+02
9.475997314453125000e+02
9.403193359375000000e+02
9.280490112304687500e+02
8.805874633789062500e+02
8.636812133789062500e+02
8.545048217773437500e+02
8.734448852539062500e+02
9.067631835937500000e+02
9.550511474609375000e+02
9.556756591796875000e+02
9.598218994140625000e+02
9.216077270507812500e+02
8.988319702148437500e+02
8.747470092773437500e+02
8.817243041992187500e+02
8.945777587890625000e+02
9.245045776367187500e+02
9.310080566406250000e+02
9.398549804687500000e+02
9.276867675781250000e+02
9.210846557617187500e+02
9.037325439453125000e+02
8.998621826171875000e+02
8.979508056640625000e+02
8.948962402343750000e+02
8.876457519531250000e+02
8.926813354492187500e+02
9.013977661132812500e+02
9.129027099609375000e+02
9.045661621093750000e+02
9.141725463867187500e+02
9.135832519531250000e+02
9.182416381835937500e+02
9.129050903320312500e+02
9.301938476562500000e+02
9.229514770507812500e+02
9.176282348632812500e+02
9.148419189453125000e+02
9.169633789062500000e+02
9.008262939453125000e+02
9.064820556640625000e+02
8.965673828125000000e+02
9.019880981445312500e+02
8.990363769531250000e+02
9.157438964843750000e+02
8.985520629882812500e+02
9.085534057617187500e+02
9.118755493164062500e+02
9.259989624023437500e+02
9.106382446289062500e+02
9.087301025390625000e+02
8.813344116210937500e+02
8.865862426757812500e+02
8.842875976562500000e+02
9.079959716796875000e+02
9.023656005859375000e+02
9.428871459960937500e+02
9.496015625000000000e+02
9.385237426757812500e+02
9.097069702148437500e+02
8.939085083007812500e+02
8.755565795898437500e+02
8.825686645507812500e+02
8.850604858398437500e+02
9.108657226562500000e+02
9.146804199218750000e+02
9.307571411132812500e+02
9.101053466796875000e+02
9.003814697265625000e+02
8.669570922851562500e+02
8.782645874023437500e+02
8.794342651367187500e+02
9.033903198242187500e+02
9.287344360351562500e+02
9.560205688476562500e+02
9.223768920898437500e+02
9.025713500976562500e+02
8.777661743164062500e+02
8.677664184570312500e+02
8.760267944335937500e+02
8.931200561523437500e+02
9.046726684570312500e+02
9.328576660156250000e+02
9.142033081054687500e+02
9.138619995117187500e+02
8.889142456054687500e+02
8.886564331054687500e+02
8.856478271484375000e+02
8.978187255859375000e+02
9.110227661132812500e+02
9.321212158203125000e+02
9.191900634765625000e+02
9.064760742187500000e+02
8.821824951171875000e+02
8.720476684570312500e+02
8.672984008789062500e+02
8.850689697265625000e+02
9.245460815429687500e+02
9.634070434570312500e+02
9.297796020507812500e+02
9.008340454101562500e+02
8.557312622070312500e+02
8.619909057617187500e+02
8.536309814453125000e+02
8.847867431640625000e+02
9.135416870117187500e+02
9.630135498046875000e+02
9.361875000000000000e+02
9.219407958984375000e+02
8.829462280273437500e+02
8.828269042968750000e+02
8.751442260742187500e+02
8.875861816406250000e+02
8.989970703125000000e+02
9.270064086914062500e+02
9.337278442382812500e+02
9.391254882812500000e+02
8.984717407226562500e+02
8.967409667968750000e+02
8.686993408203125000e+02
8.700955810546875000e+02
8.858555908203125000e+02
9.217442626953125000e+02
9.349755859375000000e+02
9.450479736328125000e+02
8.875690917968750000e+02
8.657963256835937500e+02
8.540349731445312500e+02
8.540568237304687500e+02
8.524197998046875000e+02
8.851515502929687500e+02
9.065335693359375000e+02
9.482210693359375000e+02
9.377108154296875000e+02
9.244210815429687500e+02
8.923897705078125000e+02
8.815221557617187500e+02
8.822304687500000000e+02
8.928353881835937500e+02
9.063067626953125000e+02
9.355059814453125000e+02
9.240727539062500000e+02
9.164835815429687500e+02
8.931357421875000000e+02
8.938193969726562500e+02
8.842996826171875000e+02
8.988922119140625000e+02
8.976223144531250000e+02
9.120705566406250000e+02
8.887139892578125000e+02
9.028369140625000000e+02
8.914960937500000000e+02
9.026006469726562500e+02
9.188734130859375000e+02
9.354099121093750000e+02
9.095741577148437500e+02
8.986661376953125000e+02
8.753190917968750000e+02
8.729062500000000000e+02
8.643164672851562500e+02
8.760826416015625000e+02
8.893492431640625000e+02
9.256806640625000000e+02
9.175776367187500000e+02
9.180580444335937500e+02
9.030534667968750000e+02
8.729220581054687500e+02
8.520351562500000000e+02
8.365130004882812500e+02
8.474830932617187500e+02
8.718576660156250000e+02
9.201886596679687500e+02
9.738323974609375000e+02
9.479313964843750000e+02
9.043381347656250000e+02
8.672933349609375000e+02
8.627841796875000000e+02
8.626975097656250000e+02
8.894799194335937500e+02
8.948558959960937500e+02
9.077714233398437500e+02
8.936124267578125000e+02
8.989190673828125000e+02
9.001481323242187500e+02
8.989955444335937500e+02
8.951804809570312500e+02
9.089081420898437500e+02
8.996205444335937500e+02
8.921577148437500000e+02
8.943795776367187500e+02
9.059695434570312500e+02
8.889027709960937500e+02
8.879626464843750000e+02
8.694427490234375000e+02
8.773674316406250000e+02
8.596738891601562500e+02
8.676774291992187500e+02
8.677675170898437500e+02
8.895621337890625000e+02
9.066613769531250000e+02
9.449828491210937500e+02
9.388425903320312500e+02
9.255231323242187500e+02
8.783491821289062500e+02
8.569991455078125000e+02
8.339094238281250000e+02
8.522681274414062500e+02
8.796493530273437500e+02
9.038416748046875000e+02
9.136286010742187500e+02
9.367698364257812500e+02
9.167294921875000000e+02
9.142963256835937500e+02
8.764808349609375000e+02
8.738343505859375000e+02
8.632857666015625000e+02
8.677483520507812500e+02
8.860765991210937500e+02
9.161728515625000000e+02
9.282831420898437500e+02
9.320141601562500000e+02
8.909381713867187500e+02
8.801719360351562500e+02
8.653582153320312500e+02
8.759844970703125000e+02
8.790855712890625000e+02
9.013181762695312500e+02
8.853453369140625000e+02
9.028624877929687500e+02
8.865969848632812500e+02
8.984966430664062500e+02
8.874108276367187500e+02
8.946742553710937500e+02
8.834123535156250000e+02
8.968811645507812500e+02
9.012340087890625000e+02
9.113148193359375000e+02
8.795119018554687500e+02
8.749983520507812500e+02
8.679841308593750000e+02
8.688875122070312500e+02
8.680877685546875000e+02
8.842899780273437500e+02
9.016151733398437500e+02
9.391829833984375000e+02
9.118745727539062500e+02
9.069249267578125000e+02
8.551455078125000000e+02
8.452149047851562500e+02
8.292974243164062500e+02
8.450341796875000000e+02
8.617539672851562500e+02
9.125070190429687500e+02
9.251147460937500000e+02
9.429354858398437500e+02
8.997035522460937500e+02
8.690032348632812500e+02
8.481569824218750000e+02
8.531784057617187500e+02
8.513955078125000000e+02
8.741853027343750000e+02
8.763735961914062500e+02
9.153209228515625000e+02
9.129448852539062500e+02
9.272440185546875000e+02
8.932288208007812500e+02
8.761542968750000000e+02
8.649451293945312500e+02
8.772393798828125000e+02
8.597669067382812500e+02
8.794359130859375000e+02
8.899429321289062500e+02
9.050169677734375000e+02
9.009210815429687500e+02
9.097938232421875000e+02
8.854100952148437500e+02
8.820693359375000000e+02
8.728570556640625000e+02
8.624277343750000000e+02
8.731165161132812500e+02
8.834372558593750000e+02
8.822393798828125000e+02
9.084761352539062500e+02
9.031054687500000000e+02
9.040830688476562500e+02
8.861069335937500000e+02
8.932053222656250000e+02
8.797390136718750000e+02
8.883894653320312500e+02
8.693153076171875000e+02
8.774811401367187500e+02
8.728713378906250000e+02
8.830921630859375000e+02
8.740144653320312500e+02
8.978750610351562500e+02
8.882918090820312500e+02
9.040003051757812500e+02
8.789172973632812500e+02
8.904856567382812500e+02
8.738438110351562500e+02
8.839762573242187500e+02
8.832340087890625000e+02
8.984230957031250000e+02
8.771507568359375000e+02
8.846807250976562500e+02
8.736400146484375000e+02
8.689188842773437500e+02
8.666640014648437500e+02
8.766640625000000000e+02
8.748334960937500000e+02
8.973932495117187500e+02
9.038355102539062500e+02
9.069730834960937500e+02
8.837415161132812500e+02
8.806024780273437500e+02
8.679468383789062500e+02
8.728716430664062500e+02
8.580960693359375000e+02
8.912666625976562500e+02
9.026728515625000000e+02
9.175814819335937500e+02
8.788296508789062500e+02
8.592041015625000000e+02
8.454517211914062500e+02
8.441711425781250000e+02
8.525028076171875000e+02
8.822929687500000000e+02
8.905246582031250000e+02
8.944953002929687500e+02
8.804425659179687500e+02
8.906275634765625000e+02
8.789128417968750000e+02
8.821864624023437500e+02
8.720183105468750000e+02
8.669790649414062500e+02
8.504416503906250000e+02
8.573362426757812500e+02
8.579933471679687500e+02
8.749813842773437500e+02
8.661527709960937500e+02
8.749551391601562500e+02
8.747465209960937500e+02
8.881781616210937500e+02
8.821392211914062500e+02
8.886985473632812500e+02
8.696181640625000000e+02
8.639988403320312500e+02
8.757373046875000000e+02
9.053643798828125000e+02
8.974334106445312500e+02
8.882890014648437500e+02
8.664003295898437500e+02
8.594450073242187500e+02
8.392011718750000000e+02
8.427098999023437500e+02
8.662803344726562500e+02
9.194801635742187500e+02
9.273859863281250000e+02
9.195457153320312500e+02
8.679091796875000000e+02
8.397891845703125000e+02
8.198317260742187500e+02
8.344580688476562500e+02
8.389364013671875000e+02
8.822080688476562500e+02
9.041705932617187500e+02
9.553408813476562500e+02
8.972978515625000000e+02
8.674974365234375000e+02
8.396455078125000000e+02
8.164571533203125000e+02
8.224442138671875000e+02
8.492474365234375000e+02
8.610549316406250000e+02
9.093161621093750000e+02
9.191777954101562500e+02
9.291519165039062500e+02
8.948755493164062500e+02
8.882301635742187500e+02
8.624725952148437500e+02
8.674598388671875000e+02
8.497283325195312500e+02
8.539845581054687500e+02
8.526414184570312500e+02
8.528741455078125000e+02
8.777584838867187500e+02
8.944824829101562500e+02
8.878865966796875000e+02
8.864385986328125000e+02
8.600927124023437500e+02
8.636428833007812500e+02
8.534025878906250000e+02
8.741350097656250000e+02
8.868075561523437500e+02
9.303765869140625000e+02
9.118284912109375000e+02
8.959240722656250000e+02
8.576854858398437500e+02
8.431329345703125000e+02
8.355948486328125000e+02
8.546732177734375000e+02
8.691337280273437500e+02
8.840166015625000000e+02
8.864689941406250000e+02
8.973479003906250000e+02
8.758320922851562500e+02
8.965695190429687500e+02
8.657431030273437500e+02
8.728729858398437500e+02
8.631265869140625000e+02
8.700595092773437500e+02
8.724265136718750000e+02
8.835550537109375000e+02
8.647337646484375000e+02
8.645310058593750000e+02
8.466015014648437500e+02
8.655562133789062500e+02
8.668186035156250000e+02
8.772796630859375000e+02
8.819188842773437500e+02
9.066165161132812500e+02
8.911692504882812500e+02
8.929197998046875000e+02
8.654898071289062500e+02
8.600310058593750000e+02
8.428854370117187500e+02
8.466667480468750000e+02
8.545145874023437500e+02
8.937538452148437500e+02
9.033894653320312500e+02
9.223068237304687500e+02
8.674227294921875000e+02
8.428937988281250000e+02
8.166685791015625000e+02
8.109723510742187500e+02
8.188326416015625000e+02
8.454046630859375000e+02
8.736459350585937500e+02
9.219856567382812500e+02
9.023585815429687500e+02
8.905490722656250000e+02
8.399523925781250000e+02
8.062743530273437500e+02
7.870712280273437500e+02
7.857438354492187500e+02
8.016486816406250000e+02
8.558428344726562500e+02
8.991233520507812500e+02
9.393215942382812500e+02
9.054541015625000000e+02
8.660995483398437500e+02
8.312550659179687500e+02
8.367995605468750000e+02
8.523487548828125000e+02
8.946099243164062500e+02
9.076154174804687500e+02
9.216213378906250000e+02
8.827858276367187500e+02
8.789136352539062500e+02
8.396134033203125000e+02
8.426138916015625000e+02
8.551473388671875000e+02
8.940135498046875000e+02
8.907764892578125000e+02
8.857937622070312500e+02
8.591469726562500000e+02
8.622594604492187500e+02
8.470426635742187500e+02
8.528524169921875000e+02
8.614094848632812500e+02
8.900780639648437500e+02
8.863605957031250000e+02
8.834355468750000000e+02
8.598839111328125000e+02
8.609067993164062500e+02
8.404299316406250000e+02
8.542130126953125000e+02
8.559409179687500000e+02
8.814500732421875000e+02
8.850559692382812500e+02
8.903677368164062500e+02
8.706051025390625000e+02
8.544146728515625000e+02
8.447653808593750000e+02
8.647774658203125000e+02
8.544174194335937500e+02
8.751581420898437500e+02
8.621245727539062500e+02
8.710942993164062500e+02
8.600731811523437500e+02
8.772492675781250000e+02
8.634237670898437500e+02
8.886834716796875000e+02
8.870698852539062500e+02
8.849599609375000000e+02
8.621743774414062500e+02
8.418555908203125000e+02
8.317489624023437500e+02
8.545404663085937500e+02
8.677738037109375000e+02
9.307035522460937500e+02
9.304472656250000000e+02
9.159044799804687500e+02
8.404875488281250000e+02
8.057513427734375000e+02
7.858621826171875000e+02
7.943629760742187500e+02
8.122962646484375000e+02
8.596797485351562500e+02
8.969887695312500000e+02
9.447668457031250000e+02
8.881521606445312500e+02
8.447879028320312500e+02
8.125616455078125000e+02
8.046641845703125000e+02
7.965696411132812500e+02
8.209699096679687500e+02
8.553805541992187500e+02
9.320739746093750000e+02
9.103061523437500000e+02
8.971498413085937500e+02
8.432810058593750000e+02
8.247116699218750000e+02
8.079901733398437500e+02
8.193828125000000000e+02
8.231434326171875000e+02
8.592640991210937500e+02
8.793623046875000000e+02
9.190969848632812500e+02
8.820639648437500000e+02
8.715798339843750000e+02
8.378430175781250000e+02
8.387598876953125000e+02
8.383128051757812500e+02
8.545278930664062500e+02
8.587360839843750000e+02
8.900928344726562500e+02
8.928583984375000000e+02
8.939998168945312500e+02
8.604434814453125000e+02
8.600404663085937500e+02
8.324607543945312500e+02
8.472684936523437500e+02
8.395836791992187500e+02
8.669064941406250000e+02
8.603906860351562500e+02
8.747705688476562500e+02
8.725352172851562500e+02
8.808663940429687500e+02
8.584497680664062500e+02
8.522794799804687500e+02
8.330787963867187500e+02
8.513615722656250000e+02
8.673856811523437500e+02
9.216201782226562500e+02
8.877164306640625000e+02
8.762816772460937500e+02
8.393926391601562500e+02
8.321115112304687500e+02
8.226109008789062500e+02
8.466761474609375000e+02
8.691248779296875000e+02
8.990413208007812500e+02
8.887242431640625000e+02
9.025773315429687500e+02
8.615214843750000000e+02
8.457626342773437500e+02
8.287648925781250000e+02
8.428889160156250000e+02
8.558346557617187500e+02
8.954221801757812500e+02
8.781464843750000000e+02
8.699886474609375000e+02
8.427849121093750000e+02
8.361345825195312500e+02
8.416512451171875000e+02
8.662306518554687500e+02
8.632712402343750000e+02
8.928646850585937500e+02
8.817996826171875000e+02
8.870755004882812500e+02
8.346909790039062500e+02
8.233441772460937500e+02
7.966303100585937500e+02
8.026199951171875000e+02
8.338572998046875000e+02
8.777974243164062500e+02
8.912333984375000000e+02
8.967717285156250000e+02
8.598221435546875000e+02
8.380168457031250000e+02
8.280436401367187500e+02
8.401599121093750000e+02
8.494000854492187500e+02
8.641515502929687500e+02
8.555470581054687500e+02
8.496964111328125000e+02
8.328939819335937500e+02
8.285369262695312500e+02
8.279192504882812500e+02
8.587650146484375000e+02
8.781018066406250000e+02
9.028817138671875000e+02
8.694281005859375000e+02
8.480973510742187500e+02
8.188163452148437500e+02
8.311561279296875000e+02
8.379631347656250000e+02
8.629445190429687500e+02
8.686589355468750000e+02
8.787377319335937500e+02
8.581328125000000000e+02
8.508704833984375000e+02
8.216749877929687500e+02
8.243372192382812500e+02
8.474479370117187500e+02
8.807743530273437500e+02
8.861932983398437500e+02
8.996712646484375000e+02
8.571407470703125000e+02
8.375456542968750000e+02
8.054562988281250000e+02
8.149671020507812500e+02
8.220107421875000000e+02
8.346615600585937500e+02
8.517589111328125000e+02
8.893499755859375000e+02
8.866994018554687500e+02
8.855073852539062500e+02
8.512984008789062500e+02
8.559505615234375000e+02
8.386595458984375000e+02
8.718200073242187500e+02
8.644968261718750000e+02
8.776154174804687500e+02
8.548852539062500000e+02
8.607368774414062500e+02
8.482919921875000000e+02
8.662192993164062500e+02
8.493961791992187500e+02
8.556968383789062500e+02
8.262112426757812500e+02
8.364169311523437500e+02
8.224509887695312500e+02
8.472606811523437500e+02
8.378489990234375000e+02
8.724851684570312500e+02
8.685534667968750000e+02
8.772420043945312500e+02
8.578682250976562500e+02
8.586898193359375000e+02
8.422491455078125000e+02
8.470032958984375000e+02
8.240278930664062500e+02
8.444658203125000000e+02
8.491134033203125000e+02
8.646318969726562500e+02
8.542288818359375000e+02
8.561127319335937500e+02
8.348296508789062500e+02
8.279692382812500000e+02
8.207808837890625000e+02
8.278355102539062500e+02
8.456414184570312500e+02
8.623549804687500000e+02
8.543959960937500000e+02
8.662735595703125000e+02
8.564931030273437500e+02
8.490534057617187500e+02
8.375726318359375000e+02
8.251879882812500000e+02
8.055778808593750000e+02
8.176397705078125000e+02
8.232299804687500000e+02
8.551270141601562500e+02
8.527927246093750000e+02
8.651745605468750000e+02
8.519404296875000000e+02
8.531888427734375000e+02
8.268112182617187500e+02
8.219633789062500000e+02
8.241530761718750000e+02
8.278887329101562500e+02
8.206098022460937500e+02
8.433034667968750000e+02
8.375465087890625000e+02
8.696102294921875000e+02
8.706767578125000000e+02
8.919471435546875000e+02
8.598032226562500000e+02
8.359224853515625000e+02
8.063341674804687500e+02
8.150481567382812500e+02
8.093108520507812500e+02
8.345798950195312500e+02
8.307167968750000000e+02
8.585675659179687500e+02
8.484837646484375000e+02
8.648350830078125000e+02
8.493065185546875000e+02
8.467454833984375000e+02
8.330664062500000000e+02
8.441003417968750000e+02
8.413937377929687500e+02
8.444312133789062500e+02
8.313801879882812500e+02
8.396811523437500000e+02
8.207268066406250000e+02
8.261989746093750000e+02
8.353319091796875000e+02
8.600944213867187500e+02
8.579870605468750000e+02
8.758284301757812500e+02
8.578724975585937500e+02
8.490565795898437500e+02
8.342821044921875000e+02
8.427276000976562500e+02
8.342666625976562500e+02
8.583546752929687500e+02
8.455132446289062500e+02
8.602219238281250000e+02
8.553950805664062500e+02
8.569343261718750000e+02
8.293814086914062500e+02
8.387575073242187500e+02
8.402918090820312500e+02
8.591679687500000000e+02
8.488193969726562500e+02
8.588347167968750000e+02
8.291980590820312500e+02
8.319142456054687500e+02
8.231362304687500000e+02
8.475016479492187500e+02
8.363863525390625000e+02
8.465728149414062500e+02
8.304364013671875000e+02
8.507180175781250000e+02
8.423657226562500000e+02
8.606058349609375000e+02
8.447037963867187500e+02
8.494362182617187500e+02
8.374307250976562500e+02
8.400691528320312500e+02
8.275784301757812500e+02
8.486029052734375000e+02
8.540507202148437500e+02
8.635825805664062500e+02
8.440798339843750000e+02
8.502648315429687500e+02
8.251666870117187500e+02
8.383867187500000000e+02
8.280249633789062500e+02
8.365071411132812500e+02
8.478436279296875000e+02
8.777778930664062500e+02
8.738873901367187500e+02
8.747449951171875000e+02
8.349845581054687500e+02
8.211304931640625000e+02
8.030766601562500000e+02
8.181736450195312500e+02
8.254625854492187500e+02
8.556267700195312500e+02
8.525219726562500000e+02
8.681096801757812500e+02
8.574553833007812500e+02
8.668832397460937500e+02
8.415710449218750000e+02
8.311288452148437500e+02
8.189257202148437500e+02
8.303878173828125000e+02
8.403273315429687500e+02
8.512188110351562500e+02
8.454912109375000000e+02
8.646895141601562500e+02
8.430287475585937500e+02
8.512086791992187500e+02
8.388709716796875000e+02
8.389302368164062500e+02
8.260535888671875000e+02
8.369089355468750000e+02
8.234917602539062500e+02
8.320097656250000000e+02
8.323107299804687500e+02
8.608802490234375000e+02
8.548168945312500000e+02
8.635143432617187500e+02
8.334393310546875000e+02
8.224795532226562500e+02
8.145135498046875000e+02
8.270664062500000000e+02
8.252034912109375000e+02
8.381417236328125000e+02
8.458922119140625000e+02
8.688372192382812500e+02
8.461185913085937500e+02
8.564816284179687500e+02
8.447438964843750000e+02
8.535977172851562500e+02
8.271711425781250000e+02
8.227724609375000000e+02
8.113021850585937500e+02
8.146682128906250000e+02
8.085315551757812500e+02
8.410357666015625000e+02
8.512503051757812500e+02
8.701006469726562500e+02
8.549116821289062500e+02
8.466816406250000000e+02
8.211995849609375000e+02
8.188271484375000000e+02
8.147399291992187500e+02
8.583439941406250000e+02
8.537714233398437500e+02
8.700354614257812500e+02
8.432122192382812500e+02
8.385682983398437500e+02
8.138477172851562500e+02
8.314620971679687500e+02
8.282597656250000000e+02
8.518981323242187500e+02
8.319031372070312500e+02
8.452687377929687500e+02
8.351158447265625000e+02
8.357051391601562500e+02
8.249879150390625000e+02
8.397817993164062500e+02
8.329258422851562500e+02
8.453439941406250000e+02
8.292443847656250000e+02
8.587803955078125000e+02
8.397178955078125000e+02
8.465317993164062500e+02
8.418511352539062500e+02
8.462293090820312500e+02
8.272139892578125000e+02
8.379235839843750000e+02
8.163006591796875000e+02
8.105972290039062500e+02
8.028013305664062500e+02
8.230673217773437500e+02
8.248200683593750000e+02
8.702162475585937500e+02
8.503683471679687500e+02
8.545816650390625000e+02
8.217844238281250000e+02
8.252875976562500000e+02
8.092021484375000000e+02
8.221499023437500000e+02
8.190047607421875000e+02
8.530354003906250000e+02
8.476156005859375000e+02
8.664503784179687500e+02
8.499420776367187500e+02
8.538869018554687500e+02
8.222830200195312500e+02
8.147702636718750000e+02
8.181015014648437500e+02
8.409650878906250000e+02
8.406460571289062500e+02
8.572575683593750000e+02
8.356387329101562500e+02
8.346636352539062500e+02
8.009122314453125000e+02
7.955867309570312500e+02
7.804416503906250000e+02
7.915535888671875000e+02
7.964714355468750000e+02
8.520187988281250000e+02
8.732849121093750000e+02
8.838863525390625000e+02
8.397221679687500000e+02
8.251230468750000000e+02
7.996162109375000000e+02
8.076668090820312500e+02
8.157108154296875000e+02
8.573506469726562500e+02
8.503264770507812500e+02
8.635333251953125000e+02
8.357476806640625000e+02
8.262223510742187500e+02
7.991212158203125000e+02
8.003129882812500000e+02
8.128598022460937500e+02
8.495170898437500000e+02
8.656768188476562500e+02
8.913551025390625000e+02
8.550661621093750000e+02
8.418834228515625000e+02
7.995585937500000000e+02
8.008167114257812500e+02
7.745969238281250000e+02
7.895114746093750000e+02
7.873196411132812500e+02
8.272783203125000000e+02
8.405394287109375000e+02
8.732358398437500000e+02
8.457156372070312500e+02
8.363189086914062500e+02
8.051565551757812500e+02
8.183624877929687500e+02
8.012158813476562500e+02
8.189323120117187500e+02
8.099590454101562500e+02
8.380156860351562500e+02
8.351146850585937500e+02
8.478387451171875000e+02
8.183623046875000000e+02
8.153385620117187500e+02
8.296389770507812500e+02
8.392465820312500000e+02
8.390265502929687500e+02
8.565110473632812500e+02
8.476065063476562500e+02
8.504030151367187500e+02
8.261799926757812500e+02
8.282281494140625000e+02
8.144331665039062500e+02
8.112652587890625000e+02
8.032643432617187500e+02
8.294379272460937500e+02
8.229114379882812500e+02
8.259383544921875000e+02
8.079962158203125000e+02
8.109957275390625000e+02
8.195130004882812500e+02
8.558282470703125000e+02
8.558516845703125000e+02
8.632304687500000000e+02
8.260952148437500000e+02
8.082407226562500000e+02
7.808460693359375000e+02
7.749912719726562500e+02
7.795214233398437500e+02
8.061279296875000000e+02
8.294270629882812500e+02
8.715870971679687500e+02
8.641900024414062500e+02
8.603093872070312500e+02
8.090590209960937500e+02
7.974844970703125000e+02
7.847377319335937500e+02
8.026054077148437500e+02
8.268528442382812500e+02
8.538139648437500000e+02
8.465773925781250000e+02
8.502197265625000000e+02
8.231561279296875000e+02
8.205413208007812500e+02
7.923984375000000000e+02
8.174995727539062500e+02
8.205990600585937500e+02
8.386597290039062500e+02
8.316560058593750000e+02
8.448369750976562500e+02
8.196336669921875000e+02
8.319181518554687500e+02
8.132922973632812500e+02
8.349951782226562500e+02
8.179583129882812500e+02
8.395700683593750000e+02
8.135106811523437500e+02
8.260150756835937500e+02
8.255381469726562500e+02
8.305795898437500000e+02
8.391495971679687500e+02
8.695059204101562500e+02
8.426768188476562500e+02
8.376102294921875000e+02
8.005237426757812500e+02
7.814238891601562500e+02
7.724494628906250000e+02
7.757380981445312500e+02
7.880935668945312500e+02
8.427786865234375000e+02
8.799785766601562500e+02
9.034405517578125000e+02
8.367504882812500000e+02
8.047337646484375000e+02
7.803312377929687500e+02
7.974868164062500000e+02
8.050480957031250000e+02
8.403869628906250000e+02
8.319124145507812500e+02
8.643269653320312500e+02
8.357584838867187500e+02
8.294768066406250000e+02
8.049750976562500000e+02
8.083978271484375000e+02
8.013999023437500000e+02
8.218818359375000000e+02
8.259712524414062500e+02
8.495109863281250000e+02
8.475618286132812500e+02
8.471361694335937500e+02
8.191774902343750000e+02
8.239766845703125000e+02
8.124598388671875000e+02
8.197084350585937500e+02
8.104995727539062500e+02
8.300023803710937500e+02
8.290134887695312500e+02
8.391147460937500000e+02
8.179671020507812500e+02
8.207211303710937500e+02
8.039365844726562500e+02
8.147131347656250000e+02
7.908007202148437500e+02
7.990272216796875000e+02
7.823897705078125000e+02
7.984985961914062500e+02
8.049502563476562500e+02
8.517094726562500000e+02
8.538259277343750000e+02
8.670974121093750000e+02
8.460659179687500000e+02
8.389545898437500000e+02
8.079177246093750000e+02
8.141267700195312500e+02
8.040474853515625000e+02
8.381271362304687500e+02
8.160101318359375000e+02
8.347940063476562500e+02
8.199557495117187500e+02
8.188414916992187500e+02
8.105623168945312500e+02
8.349984741210937500e+02
8.223490600585937500e+02
8.217067260742187500e+02
7.985880737304687500e+02
8.076046752929687500e+02
7.961622314453125000e+02
8.107241821289062500e+02
8.083901367187500000e+02
8.282947387695312500e+02
8.378319091796875000e+02
8.462060546875000000e+02
8.397727661132812500e+02
8.391267700195312500e+02
8.142728271484375000e+02
8.148504028320312500e+02
8.035054321289062500e+02
8.157508544921875000e+02
8.043154907226562500e+02
8.222529296875000000e+02
8.083946533203125000e+02
8.233786010742187500e+02
8.150714721679687500e+02
8.406728515625000000e+02
8.468231811523437500e+02
8.649870605468750000e+02
8.295670776367187500e+02
8.152440185546875000e+02
7.836730957031250000e+02
8.051875000000000000e+02
7.991597290039062500e+02
8.192777709960937500e+02
8.144755859375000000e+02
8.318348999023437500e+02
8.126193237304687500e+02
8.194398803710937500e+02
8.135303344726562500e+02
8.324935913085937500e+02
8.117931518554687500e+02
8.232642211914062500e+02
8.030894775390625000e+02
7.983836669921875000e+02
7.793659667968750000e+02
7.958248901367187500e+02
7.898945922851562500e+02
8.134696655273437500e+02
8.476192626953125000e+02
8.742861328125000000e+02
8.506838378906250000e+02
8.372529907226562500e+02
8.090532226562500000e+02
8.119202270507812500e+02
7.972871704101562500e+02
7.986517944335937500e+02
7.914593505859375000e+02
8.147056274414062500e+02
8.137640991210937500e+02
8.416296386718750000e+02
8.214152221679687500e+02
8.406817626953125000e+02
8.270027465820312500e+02
8.147565917968750000e+02
7.978598022460937500e+02
8.278984985351562500e+02
8.228469848632812500e+02
8.382445678710937500e+02
8.206364746093750000e+02
8.231734008789062500e+02
7.880759277343750000e+02
7.863809204101562500e+02
7.806681518554687500e+02
7.811448974609375000e+02
7.914701538085937500e+02
8.249559326171875000e+02
8.334633178710937500e+02
8.522841796875000000e+02
8.144320678710937500e+02
7.945086669921875000e+02
7.624819335937500000e+02
7.667390136718750000e+02
7.606422119140625000e+02
7.919489746093750000e+02
7.911927490234375000e+02
8.302758789062500000e+02
8.294224243164062500e+02
8.590550537109375000e+02
8.375645141601562500e+02
8.205529785156250000e+02
7.947482299804687500e+02
7.872341308593750000e+02
7.701076049804687500e+02
7.842565917968750000e+02
7.873473510742187500e+02
8.280045166015625000e+02
8.401109619140625000e+02
8.659454345703125000e+02
8.264324951171875000e+02
8.255085449218750000e+02
7.790073242187500000e+02
7.688416748046875000e+02
7.618510742187500000e+02
7.711456298828125000e+02
7.786939086914062500e+02
8.384744873046875000e+02
8.452942504882812500e+02
8.543748779296875000e+02
8.179532470703125000e+02
8.046154174804687500e+02
7.720152587890625000e+02
7.817913208007812500e+02
7.731585693359375000e+02
8.038171386718750000e+02
8.209669799804687500e+02
8.361731567382812500e+02
8.336571655273437500e+02
8.334651489257812500e+02
8.096642456054687500e+02
8.182131347656250000e+02
7.994757690429687500e+02
8.153685913085937500e+02
8.088036499023437500e+02
8.234508056640625000e+02
8.235985107421875000e+02
8.430114746093750000e+02
8.248661499023437500e+02
8.194963378906250000e+02
7.925313110351562500e+02
7.867311401367187500e+02
7.766531372070312500e+02
8.041845703125000000e+02
8.295385742187500000e+02
8.669140625000000000e+02
8.445627441406250000e+02
8.419505004882812500e+02
7.937678222656250000e+02
7.835840454101562500e+02
7.713588867187500000e+02
7.990125122070312500e+02
7.882108154296875000e+02
8.175845947265625000e+02
8.215271606445312500e+02
8.327126464843750000e+02
8.125046386718750000e+02
7.917214965820312500e+02
7.811432495117187500e+02
7.814073486328125000e+02
7.762186279296875000e+02
8.011278076171875000e+02
8.093881835937500000e+02
8.265325927734375000e+02
8.333692626953125000e+02
8.482196044921875000e+02
8.145659179687500000e+02
8.142561035156250000e+02
7.817616577148437500e+02
7.915375976562500000e+02
7.856325073242187500e+02
8.066008911132812500e+02
8.026341552734375000e+02
8.205267944335937500e+02
8.063963012695312500e+02
8.306333007812500000e+02
8.256482543945312500e+02
8.261271362304687500e+02
7.938414916992187500e+02
7.946079711914062500e+02
7.855038452148437500e+02
7.970110473632812500e+02
7.962814331054687500e+02
8.390181274414062500e+02
8.229091796875000000e+02
8.230331420898437500e+02
7.912903442382812500e+02
7.927182617187500000e+02
7.659736328125000000e+02
7.600515136718750000e+02
7.575504150390625000e+02
7.761670532226562500e+02
8.008590087890625000e+02
8.674824829101562500e+02
8.696465454101562500e+02
8.516395874023437500e+02
8.004718017578125000e+02
7.689560546875000000e+02
7.584779052734375000e+02
7.720825805664062500e+02
7.794521484375000000e+02
8.321502685546875000e+02
8.393065795898437500e+02
8.760689086914062500e+02
8.355691528320312500e+02
8.159765625000000000e+02
7.786806030273437500e+02
7.722144775390625000e+02
7.612453002929687500e+02
8.029144897460937500e+02
8.273741455078125000e+02
8.848912353515625000e+02
8.453298339843750000e+02
8.202523803710937500e+02
7.805441284179687500e+02
7.824335937500000000e+02
7.670903320312500000e+02
7.900791015625000000e+02
7.961026000976562500e+02
8.235748291015625000e+02
8.220406494140625000e+02
8.296102294921875000e+02
8.132753906250000000e+02
8.239854736328125000e+02
7.991428222656250000e+02
8.004763183593750000e+02
7.779078979492187500e+02
7.920905151367187500e+02
7.975283813476562500e+02
8.288349609375000000e+02
8.333638305664062500e+02
8.460360717773437500e+02
8.187148437500000000e+02
8.101726684570312500e+02
7.803591308593750000e+02
7.845785522460937500e+02
7.804274902343750000e+02
8.067174072265625000e+02
8.168935546875000000e+02
8.573417358398437500e+02
8.248843994140625000e+02
8.199482421875000000e+02
7.838845214843750000e+02
7.914181518554687500e+02
7.754293823242187500e+02
7.780270996093750000e+02
7.727124023437500000e+02
8.012673950195312500e+02
8.039003906250000000e+02
8.324022216796875000e+02
8.210802612304687500e+02
8.299808349609375000e+02
8.051870117187500000e+02
8.147402954101562500e+02
8.060620727539062500e+02
8.266177368164062500e+02
8.163358154296875000e+02
8.267508544921875000e+02
8.020747680664062500e+02
7.933544921875000000e+02
7.595120849609375000e+02
7.532702636718750000e+02
7.519708862304687500e+02
7.662514648437500000e+02
7.861686401367187500e+02
8.365192260742187500e+02
8.404835205078125000e+02
8.516914062500000000e+02
8.001724853515625000e+02
7.741342163085937500e+02
7.393847656250000000e+02
7.456773071289062500e+02
7.456346435546875000e+02
7.762927246093750000e+02
8.167393188476562500e+02
8.679114990234375000e+02
8.330710449218750000e+02
8.282088012695312500e+02
7.942996826171875000e+02
8.001172485351562500e+02
7.958357543945312500e+02
8.110258178710937500e+02
8.116086425781250000e+02
8.289692382812500000e+02
8.117999877929687500e+02
8.178156738281250000e+02
8.037868041992187500e+02
8.077000122070312500e+02
7.991416015625000000e+02
8.068520507812500000e+02
7.863423461914062500e+02
8.047953491210937500e+02
7.901060180664062500e+02
8.118825073242187500e+02
8.043713378906250000e+02
8.301109008789062500e+02
8.127593994140625000e+02
8.063687133789062500e+02
7.913043823242187500e+02
8.080939941406250000e+02
8.009949340820312500e+02
8.288556518554687500e+02
8.090728149414062500e+02
8.154708862304687500e+02
7.916295166015625000e+02
7.999342651367187500e+02
7.841250000000000000e+02
7.944003906250000000e+02
7.894667358398437500e+02
7.998154296875000000e+02
7.974019775390625000e+02
8.274049682617187500e+02
8.121298217773437500e+02
8.272557983398437500e+02
8.099594726562500000e+02
8.049036865234375000e+02
7.817714233398437500e+02
7.799215087890625000e+02
7.651621704101562500e+02
7.819188842773437500e+02
7.842835083007812500e+02
8.280253295898437500e+02
8.413765869140625000e+02
8.572318115234375000e+02
8.089737548828125000e+02
7.846315917968750000e+02
7.503594360351562500e+02
7.501268310546875000e+02
7.501041870117187500e+02
7.873687133789062500e+02
8.134453125000000000e+02
8.638897705078125000e+02
8.271705932617187500e+02
8.072582397460937500e+02
7.670294189453125000e+02
7.797312622070312500e+02
7.635158081054687500e+02
7.767880859375000000e+02
7.888759765625000000e+02
8.360114746093750000e+02
8.267514648437500000e+02
8.208084716796875000e+02
7.909185180664062500e+02
7.802330932617187500e+02
7.741738891601562500e+02
8.011162109375000000e+02
8.030164794921875000e+02
8.054033203125000000e+02
7.863002319335937500e+02
8.051065063476562500e+02
7.898312377929687500e+02
8.188431396484375000e+02
8.028668212890625000e+02
8.040552978515625000e+02
7.819021606445312500e+02
7.863585815429687500e+02
7.728857421875000000e+02
7.913872680664062500e+02
7.800385131835937500e+02
8.117042236328125000e+02
8.034501342773437500e+02
8.084324951171875000e+02
7.935360717773437500e+02
8.025014648437500000e+02
7.782962646484375000e+02
7.886337280273437500e+02
7.923953857421875000e+02
8.173436279296875000e+02
8.029371337890625000e+02
8.070164184570312500e+02
7.945571289062500000e+02
8.139400634765625000e+02
7.994984741210937500e+02
8.269561767578125000e+02
8.062503051757812500e+02
8.159701538085937500e+02
7.961329956054687500e+02
7.886060180664062500e+02
7.731453247070312500e+02
8.012826538085937500e+02
8.047489013671875000e+02
8.272872314453125000e+02
8.014089355468750000e+02
8.045319824218750000e+02
7.859937133789062500e+02
7.958945922851562500e+02
7.776070556640625000e+02
7.869780883789062500e+02
7.764295654296875000e+02
7.711856689453125000e+02
7.716270141601562500e+02
7.867463378906250000e+02
7.818411865234375000e+02
8.137763061523437500e+02
8.098662109375000000e+02
8.389069213867187500e+02
8.000614013671875000e+02
7.939984130859375000e+02
7.593659667968750000e+02
7.619619140625000000e+02
7.610687255859375000e+02
7.902335815429687500e+02
8.048394775390625000e+02
8.347192993164062500e+02
8.046476440429687500e+02
7.873280639648437500e+02
7.852100830078125000e+02
7.902089843750000000e+02
7.891911010742187500e+02
8.112486572265625000e+02
7.972262573242187500e+02
7.959352416992187500e+02
7.679208984375000000e+02
7.678056030273437500e+02
7.559393310546875000e+02
7.748814086914062500e+02
7.895919799804687500e+02
8.124161376953125000e+02
8.118321533203125000e+02
8.269025878906250000e+02
8.129881591796875000e+02
8.069844970703125000e+02
7.605201416015625000e+02
7.534093017578125000e+02
7.434756469726562500e+02
7.714131469726562500e+02
7.928455810546875000e+02
8.321541748046875000e+02
8.317557983398437500e+02
8.377609252929687500e+02
7.932057495117187500e+02
7.863246459960937500e+02
7.624044799804687500e+02
7.593400878906250000e+02
7.700370483398437500e+02
7.996672363281250000e+02
7.944603881835937500e+02
8.303040161132812500e+02
8.141072998046875000e+02
8.153743286132812500e+02
7.781975097656250000e+02
7.790114135742187500e+02
7.647445068359375000e+02
7.798557128906250000e+02
7.902970581054687500e+02
8.171121826171875000e+02
8.069213867187500000e+02
8.276076049804687500e+02
8.010466308593750000e+02
8.016068115234375000e+02
7.825896606445312500e+02
7.962495727539062500e+02
7.795717163085937500e+02
7.909884033203125000e+02
7.867114868164062500e+02
8.140946044921875000e+02
7.969371337890625000e+02
8.174553222656250000e+02
7.932412719726562500e+02
7.959888916015625000e+02
7.834186401367187500e+02
8.058489990234375000e+02
8.067999877929687500e+02
8.264101562500000000e+02
8.035465087890625000e+02
8.003145141601562500e+02
7.660367431640625000e+02
7.643578491210937500e+02
7.511849365234375000e+02
7.734608154296875000e+02
7.872015991210937500e+02
8.040281372070312500e+02
8.131270141601562500e+02
8.405482177734375000e+02
8.001668090820312500e+02
7.872313232421875000e+02
7.482516479492187500e+02
7.525905151367187500e+02
7.550034790039062500e+02
7.912297973632812500e+02
7.858725585937500000e+02
8.203244018554687500e+02
7.840474243164062500e+02
7.804982299804687500e+02
7.645479125976562500e+02
7.774263305664062500e+02
7.804300537109375000e+02
8.096072387695312500e+02
8.017059936523437500e+02
8.073273315429687500e+02
7.606859130859375000e+02
7.611551513671875000e+02
7.462335815429687500e+02
7.565776367187500000e+02
7.612243041992187500e+02
8.082482299804687500e+02
8.074807128906250000e+02
8.261820678710937500e+02
7.934818115234375000e+02
7.994977416992187500e+02
7.731861572265625000e+02
7.804074096679687500e+02
7.732365112304687500e+02
8.001227416992187500e+02
7.848562622070312500e+02
7.994351806640625000e+02
7.778538818359375000e+02
7.836801757812500000e+02
7.628474121093750000e+02
7.938085937500000000e+02
7.831235961914062500e+02
8.095837402343750000e+02
7.972912597656250000e+02
8.024293212890625000e+02
7.822201538085937500e+02
8.017832641601562500e+02
7.970655517578125000e+02
8.249252319335937500e+02
7.902256469726562500e+02
7.864744262695312500e+02
7.706832275390625000e+02
7.831690063476562500e+02
7.669185180664062500e+02
7.860839233398437500e+02
7.885158081054687500e+02
8.037390747070312500e+02
7.918624877929687500e+02
7.865906372070312500e+02
7.723865966796875000e+02
7.779813232421875000e+02
7.665546875000000000e+02
7.864610595703125000e+02
7.818088989257812500e+02
8.023255615234375000e+02
7.898583984375000000e+02
8.129512329101562500e+02
8.112591552734375000e+02
8.159106445312500000e+02
7.820260009765625000e+02
7.725623168945312500e+02
7.387874755859375000e+02
7.438093872070312500e+02
7.434224853515625000e+02
7.729024047851562500e+02
7.885491333007812500e+02
8.251267700195312500e+02
7.997066040039062500e+02
8.128529052734375000e+02
7.876462402343750000e+02
7.744274291992187500e+02
7.597293090820312500e+02
7.740460205078125000e+02
7.623164672851562500e+02
7.895278320312500000e+02
7.788127441406250000e+02
8.015345458984375000e+02
7.836386718750000000e+02
7.865664062500000000e+02
7.759692993164062500e+02
7.948988037109375000e+02
7.885910034179687500e+02
8.133798828125000000e+02
7.968163452148437500e+02
8.101152343750000000e+02
7.826678466796875000e+02
7.879476318359375000e+02
7.642075195312500000e+02
7.690691528320312500e+02
7.633619995117187500e+02
7.727929077148437500e+02
7.867030639648437500e+02
8.243388061523437500e+02
8.212465820312500000e+02
8.173919677734375000e+02
7.800108032226562500e+02
7.605817260742187500e+02
7.409860839843750000e+02
7.443581542968750000e+02
7.587836303710937500e+02
8.015592651367187500e+02
7.991604614257812500e+02
8.122963256835937500e+02
7.766250000000000000e+02
7.662175903320312500e+02
7.554519653320312500e+02
7.669866333007812500e+02
7.667174682617187500e+02
8.004468383789062500e+02
8.154901733398437500e+02
8.522981567382812500e+02
7.816595458984375000e+02
7.545703125000000000e+02
7.278869628906250000e+02
7.396603393554687500e+02
7.472579345703125000e+02
7.762381591796875000e+02
7.874044189453125000e+02
8.253609619140625000e+02
8.145404052734375000e+02
8.065366821289062500e+02
7.630832519531250000e+02
7.585186767578125000e+02
7.392041625976562500e+02
7.637255859375000000e+02
7.780667114257812500e+02
8.142557983398437500e+02
7.938362426757812500e+02
7.947319335937500000e+02
7.694224853515625000e+02
7.827602539062500000e+02
7.696932983398437500e+02
7.867280883789062500e+02
7.791090087890625000e+02
7.990844726562500000e+02
7.982105712890625000e+02
8.096645507812500000e+02
7.772739868164062500e+02
7.821754150390625000e+02
7.667337646484375000e+02
7.916312255859375000e+02
7.782369995117187500e+02
8.015645751953125000e+02
7.716279907226562500e+02
7.706080932617187500e+02
7.740715942382812500e+02
7.930042114257812500e+02
7.689216308593750000e+02
7.884586791992187500e+02
7.636624145507812500e+02
7.706891479492187500e+02
7.594895019531250000e+02
7.906333007812500000e+02
7.707450561523437500e+02
7.775100708007812500e+02
7.694589233398437500e+02
7.949976806640625000e+02
7.800641479492187500e+02
8.013277587890625000e+02
7.809901733398437500e+02
7.758442382812500000e+02
7.525474243164062500e+02
7.618289794921875000e+02
7.717974853515625000e+02
8.031806640625000000e+02
7.889852294921875000e+02
7.880713500976562500e+02
7.585812377929687500e+02
7.769960937500000000e+02
7.650692138671875000e+02
7.789157714843750000e+02
7.869425659179687500e+02
8.129359130859375000e+02
7.996239624023437500e+02
8.086072387695312500e+02
7.806792602539062500e+02
7.850360717773437500e+02
7.639306640625000000e+02
7.713725585937500000e+02
7.510620727539062500e+02
7.710828857421875000e+02
7.660800781250000000e+02
8.046119384765625000e+02
8.000604248046875000e+02
8.261238403320312500e+02
7.887650756835937500e+02
7.782734375000000000e+02
7.480825805664062500e+02
7.534962158203125000e+02
7.501395874023437500e+02
7.780036010742187500e+02
7.834653930664062500e+02
8.168234863281250000e+02
8.047852172851562500e+02
7.951984863281250000e+02
7.659876708984375000e+02
7.645018310546875000e+02
7.460581054687500000e+02
7.618748168945312500e+02
7.784129638671875000e+02
8.101904296875000000e+02
7.951004638671875000e+02
8.087003173828125000e+02
7.764564208984375000e+02
7.605593872070312500e+02
7.352753906250000000e+02
7.390693359375000000e+02
7.325679931640625000e+02
7.517260742187500000e+02
7.619567260742187500e+02
8.080922241210937500e+02
8.030390014648437500e+02
8.126202392578125000e+02
7.740521850585937500e+02
7.707611694335937500e+02
7.543215942382812500e+02
7.671177978515625000e+02
7.638195800781250000e+02
7.916708984375000000e+02
7.808880004882812500e+02
7.855239257812500000e+02
7.697700805664062500e+02
7.786258544921875000e+02
7.658715820312500000e+02
7.864826049804687500e+02
7.849236450195312500e+02
8.125534057617187500e+02
7.732395629882812500e+02
7.524934692382812500e+02
7.345912475585937500e+02
7.454556884765625000e+02
7.570831298828125000e+02
8.017926635742187500e+02
8.130540771484375000e+02
8.283168945312500000e+02
7.710395507812500000e+02
7.447283935546875000e+02
7.270090942382812500e+02
7.325752563476562500e+02
7.390551757812500000e+02
7.799083862304687500e+02
7.940265502929687500e+02
8.338492431640625000e+02
7.905708007812500000e+02
7.862005004882812500e+02
7.350133056640625000e+02
7.401451416015625000e+02
7.362935180664062500e+02
7.695732421875000000e+02
7.990914306640625000e+02
8.348558349609375000e+02
8.040580444335937500e+02
7.773925170898437500e+02
7.274098510742187500e+02
7.162933349609375000e+02
7.169966430664062500e+02
7.461057128906250000e+02
7.720956420898437500e+02
8.237753295898437500e+02
8.175513305664062500e+02
8.162155151367187500e+02
7.559829711914062500e+02
7.337194824218750000e+02
7.087338256835937500e+02
7.163609008789062500e+02
7.241040039062500000e+02
7.686362304687500000e+02
8.041090087890625000e+02
8.538460083007812500e+02
8.102580566406250000e+02
7.772019042968750000e+02
7.338631591796875000e+02
7.350767211914062500e+02
7.420791015625000000e+02
7.747445678710937500e+02
7.924514160156250000e+02
8.164215087890625000e+02
7.927789306640625000e+02
7.957873535156250000e+02
7.683168334960937500e+02
7.772949829101562500e+02
7.638741455078125000e+02
7.764066772460937500e+02
7.540912475585937500e+02
7.659445800781250000e+02
7.627708129882812500e+02
7.760021362304687500e+02
7.536796875000000000e+02
7.756234130859375000e+02
7.793125000000000000e+02
8.106766357421875000e+02
7.885056762695312500e+02
7.921710815429687500e+02
7.673493041992187500e+02
7.812941284179687500e+02
7.630140991210937500e+02
7.787568359375000000e+02
7.585214843750000000e+02
7.762527465820312500e+02
7.711569213867187500e+02
7.996357421875000000e+02
7.831913452148437500e+02
7.822301635742187500e+02
7.703715820312500000e+02
7.735739135742187500e+02
7.591674194335937500e+02
7.662986450195312500e+02
7.572169799804687500e+02
7.811864624023437500e+02
7.851128540039062500e+02
8.066608276367187500e+02
7.917014770507812500e+02
7.849539794921875000e+02
7.604988403320312500e+02
7.570147705078125000e+02
7.353465576171875000e+02
7.631502685546875000e+02
7.576555175781250000e+02
7.907267456054687500e+02
7.761740722656250000e+02
7.887189331054687500e+02
7.670748291015625000e+02
7.742912597656250000e+02
7.588977661132812500e+02
7.753854370117187500e+02
7.568601684570312500e+02
7.708238525390625000e+02
7.550017700195312500e+02
7.729329833984375000e+02
7.788885498046875000e+02
7.992212524414062500e+02
7.891740112304687500e+02
8.069406738281250000e+02
7.512734375000000000e+02
7.439010009765625000e+02
7.378123168945312500e+02
7.728672485351562500e+02
7.910225219726562500e+02
8.412864379882812500e+02
8.147034912109375000e+02
7.972767944335937500e+02
7.480795898437500000e+02
7.261965942382812500e+02
7.244185180664062500e+02
7.440989379882812500e+02
7.518806762695312500e+02
7.974087524414062500e+02
7.928417358398437500e+02
7.988189697265625000e+02
7.699639892578125000e+02
7.662201538085937500e+02
7.533101806640625000e+02
7.622165527343750000e+02
7.537587280273437500e+02
7.665623168945312500e+02
7.544252319335937500e+02
7.642835693359375000e+02
7.688873291015625000e+02
8.069703979492187500e+02
7.802279052734375000e+02
7.963619384765625000e+02
7.750621337890625000e+02
7.813151855468750000e+02
7.624778442382812500e+02
7.570739135742187500e+02
7.317160034179687500e+02
7.441777343750000000e+02
7.502577514648437500e+02
7.859017944335937500e+02
8.004069213867187500e+02
8.148506469726562500e+02
7.726843872070312500e+02
7.599219360351562500e+02
7.270751342773437500e+02
7.352237548828125000e+02
7.298801879882812500e+02
7.526427612304687500e+02
7.679763183593750000e+02
8.017278442382812500e+02
7.954157714843750000e+02
8.044918212890625000e+02
7.694331665039062500e+02
7.632712402343750000e+02
7.411024169921875000e+02
7.457611694335937500e+02
7.394030761718750000e+02
7.671734619140625000e+02
7.829624023437500000e+02
8.053431396484375000e+02
7.885985717773437500e+02
7.946188354492187500e+02
7.551694335937500000e+02
7.363802490234375000e+02
7.294896850585937500e+02
7.673245849609375000e+02
7.849403076171875000e+02
8.177632446289062500e+02
7.781569824218750000e+02
7.615836791992187500e+02
7.381697998046875000e+02
7.392936401367187500e+02
7.368075561523437500e+02
7.560351562500000000e+02
7.682536621093750000e+02
8.013909912109375000e+02
7.748353881835937500e+02
7.821931762695312500e+02
7.739858398437500000e+02
7.834957275390625000e+02
7.725429687500000000e+02
7.835771484375000000e+02
7.531346435546875000e+02
7.674144897460937500e+02
7.442578125000000000e+02
7.554073486328125000e+02
7.442422485351562500e+02
7.662753906250000000e+02
7.691254882812500000e+02
8.003008422851562500e+02
7.724507446289062500e+02
7.594436645507812500e+02
7.392529907226562500e+02
7.375008544921875000e+02
7.335830688476562500e+02
7.733934936523437500e+02
7.788036499023437500e+02
8.052075195312500000e+02
7.835775146484375000e+02
7.773594360351562500e+02
7.462812500000000000e+02
7.508847656250000000e+02
7.447133178710937500e+02
7.498838500976562500e+02
7.571563110351562500e+02
7.887970581054687500e+02
7.953497314453125000e+02
8.007810058593750000e+02
7.590501708984375000e+02
7.496662597656250000e+02
7.317753295898437500e+02
7.590218505859375000e+02
7.620593872070312500e+02
7.825283203125000000e+02
7.689427490234375000e+02
7.766213989257812500e+02
7.611359863281250000e+02
7.735631713867187500e+02
7.640128173828125000e+02
7.844766845703125000e+02
7.692212524414062500e+02
7.741704101562500000e+02
7.626070556640625000e+02
7.836978149414062500e+02
7.589418945312500000e+02
7.720914916992187500e+02
7.435482177734375000e+02
7.542855834960937500e+02
7.590354614257812500e+02
7.945227661132812500e+02
7.864989013671875000e+02
7.916145019531250000e+02
7.520618896484375000e+02
7.425401611328125000e+02
7.201998291015625000e+02
7.385491333007812500e+02
7.565840454101562500e+02
7.902420654296875000e+02
7.831549072265625000e+02
8.021606445312500000e+02
7.689352416992187500e+02
7.661243896484375000e+02
7.400109252929687500e+02
7.364874877929687500e+02
7.364985961914062500e+02
7.621740112304687500e+02
7.769612426757812500e+02
7.931672363281250000e+02
7.650303955078125000e+02
7.724600219726562500e+02
7.385584106445312500e+02
7.405737304687500000e+02
7.281838989257812500e+02
7.514497680664062500e+02
7.458184814453125000e+02
7.878058471679687500e+02
7.854644165039062500e+02
7.970252685546875000e+02
7.620310668945312500e+02
7.462648315429687500e+02
7.270381469726562500e+02
7.407526855468750000e+02
7.370170898437500000e+02
7.672589721679687500e+02
7.866623535156250000e+02
8.101904296875000000e+02
7.761280517578125000e+02
7.679320678710937500e+02
7.295512695312500000e+02
7.426256713867187500e+02
7.333560180664062500e+02
7.595980834960937500e+02
7.625085449218750000e+02
7.986264038085937500e+02
7.837161865234375000e+02
7.825508422851562500e+02
7.549350585937500000e+02
7.394927978515625000e+02
7.135370483398437500e+02
7.166724853515625000e+02
7.304592285156250000e+02
8.019794921875000000e+02
8.075205688476562500e+02
8.151646728515625000e+02
7.445976562500000000e+02
7.198305664062500000e+02
7.010791625976562500e+02
7.032014770507812500e+02
7.007113037109375000e+02
7.369566040039062500e+02
7.639802246093750000e+02
8.312717285156250000e+02
8.045621337890625000e+02
7.907792968750000000e+02
7.374268188476562500e+02
7.263727416992187500e+02
7.268693237304687500e+02
7.758811035156250000e+02
7.823340454101562500e+02
8.224840087890625000e+02
7.815242309570312500e+02
7.667493896484375000e+02
7.343685913085937500e+02
7.362426757812500000e+02
7.351325073242187500e+02
7.691323852539062500e+02
7.767621459960937500e+02
7.959852294921875000e+02
7.645494384765625000e+02
7.642877197265625000e+02
7.382025146484375000e+02
7.610426025390625000e+02
7.627949218750000000e+02
7.892728271484375000e+02
7.820036010742187500e+02
7.934343261718750000e+02
7.640360107421875000e+02
7.606681518554687500e+02
7.329891357421875000e+02
7.396979980468750000e+02
7.398225097656250000e+02
7.649030151367187500e+02
7.713878173828125000e+02
7.881539306640625000e+02
7.611884155273437500e+02
7.588740844726562500e+02
7.255166015625000000e+02
7.357545166015625000e+02
7.253161621093750000e+02
7.559710083007812500e+02
7.579904174804687500e+02
7.643108520507812500e+02
7.628953857421875000e+02
7.694580688476562500e+02
7.445388793945312500e+02
7.686079711914062500e+02
7.452160034179687500e+02
7.594749145507812500e+02
7.550340576171875000e+02
7.666011352539062500e+02
7.504008178710937500e+02
7.678251342773437500e+02
7.585103149414062500e+02
7.791012573242187500e+02
7.562410888671875000e+02
7.774633789062500000e+02
7.521126708984375000e+02
7.679807128906250000e+02
7.493298339843750000e+02
7.670603027343750000e+02
7.550403442382812500e+02
7.610261840820312500e+02
7.527999877929687500e+02
7.705462646484375000e+02
7.675985717773437500e+02
7.926564941406250000e+02
7.601610717773437500e+02
7.643478393554687500e+02
7.341817626953125000e+02
7.415776367187500000e+02
7.371998901367187500e+02
7.700345458984375000e+02
7.738845214843750000e+02
7.950006713867187500e+02
7.608255615234375000e+02
7.703693847656250000e+02
7.315888061523437500e+02
7.523111572265625000e+02
7.485018920898437500e+02
7.631685180664062500e+02
7.515915527343750000e+02
7.666775512695312500e+02
7.591029663085937500e+02
7.753190917968750000e+02
7.619984741210937500e+02
7.647908325195312500e+02
7.542700195312500000e+02
7.527869262695312500e+02
7.502987670898437500e+02
7.774155883789062500e+02
7.736759033203125000e+02
7.859979858398437500e+02
7.687451782226562500e+02
7.679854125976562500e+02
7.567830810546875000e+02
7.543362426757812500e+02
7.403549194335937500e+02
7.674674682617187500e+02
7.565588378906250000e+02
7.750977172851562500e+02
7.452805786132812500e+02
7.518451538085937500e+02
7.326464843750000000e+02
7.428115844726562500e+02
7.325291748046875000e+02
7.645449829101562500e+02
7.440261840820312500e+02
7.756427612304687500e+02
7.497310791015625000e+02
7.545133056640625000e+02
7.367335815429687500e+02
7.542333984375000000e+02
7.489591674804687500e+02
7.786831665039062500e+02
7.687791748046875000e+02
7.884279785156250000e+02
7.408817138671875000e+02
7.329397583007812500e+02
7.115670166015625000e+02
7.334756469726562500e+02
7.333151855468750000e+02
7.672693481445312500e+02
7.808264770507812500e+02
8.114502563476562500e+02
7.523587646484375000e+02
7.219156494140625000e+02
6.985590820312500000e+02
7.016408081054687500e+02
7.133355712890625000e+02
7.586711425781250000e+02
7.743191528320312500e+02
8.157483520507812500e+02
7.716829223632812500e+02
7.601395874023437500e+02
7.218208007812500000e+02
7.289374389648437500e+02
7.339551391601562500e+02
7.567825927734375000e+02
7.651109619140625000e+02
7.897196655273437500e+02
7.714878540039062500e+02
7.679160156250000000e+02
7.374186401367187500e+02
7.468247680664062500e+02
7.381341552734375000e+02
7.492800903320312500e+02
7.411571655273437500e+02
7.696419067382812500e+02
7.636142578125000000e+02
7.777707519531250000e+02
7.616079101562500000e+02
7.590085449218750000e+02
7.386585693359375000e+02
7.489299926757812500e+02
7.348945922851562500e+02
7.600495605468750000e+02
7.436695556640625000e+02
7.675843505859375000e+02
7.491821289062500000e+02
7.598122558593750000e+02
7.436890869140625000e+02
7.728959350585937500e+02
7.556222534179687500e+02
7.738870849609375000e+02
7.488198852539062500e+02
7.713617553710937500e+02
7.544555053710937500e+02
7.623815917968750000e+02
7.474766845703125000e+02
7.684233398437500000e+02
7.543487548828125000e+02
7.697474365234375000e+02
7.505971679687500000e+02
7.521128540039062500e+02
7.340054931640625000e+02
7.503885498046875000e+02
7.478520507812500000e+02
7.742678833007812500e+02
7.564100952148437500e+02
7.558980712890625000e+02
7.418348999023437500e+02
7.405570678710937500e+02
7.276707153320312500e+02
7.415877685546875000e+02
7.473583374023437500e+02
7.854849853515625000e+02
7.749557495117187500e+02
7.921435546875000000e+02
7.536245727539062500e+02
7.446564941406250000e+02
7.095554199218750000e+02
7.192785644531250000e+02
7.161797485351562500e+02
7.464354248046875000e+02
7.616085205078125000e+02
8.143351440429687500e+02
7.814040527343750000e+02
7.604513549804687500e+02
7.145321655273437500e+02
6.944570922851562500e+02
6.872307128906250000e+02
6.982326049804687500e+02
7.224060668945312500e+02
7.811369018554687500e+02
7.923451538085937500e+02
8.285679321289062500e+02
7.587657470703125000e+02
7.295529174804687500e+02
7.020738525390625000e+02
7.100214843750000000e+02
7.202577514648437500e+02
7.571669311523437500e+02
7.630064697265625000e+02
8.050942382812500000e+02
7.669446411132812500e+02
7.532233276367187500e+02
7.348330078125000000e+02
7.231918945312500000e+02
7.145039672851562500e+02
7.312861328125000000e+02
7.399624633789062500e+02
7.810298461914062500e+02
7.813209838867187500e+02
7.862088012695312500e+02
7.455082397460937500e+02
7.322155151367187500e+02
7.195350952148437500e+02
7.353168334960937500e+02
7.303172607421875000e+02
7.593630981445312500e+02
7.457991333007812500e+02
7.653775634765625000e+02
7.699411010742187500e+02
7.957286376953125000e+02
7.501605834960937500e+02
7.466905517578125000e+02
7.238795776367187500e+02
7.398681030273437500e+02
7.431343383789062500e+02
7.774493408203125000e+02
7.698854370117187500e+02
7.835499267578125000e+02
7.372295532226562500e+02
7.309713134765625000e+02
6.927725830078125000e+02
7.149238281250000000e+02
7.277156372070312500e+02
7.827868041992187500e+02
7.874680786132812500e+02
8.057589721679687500e+02
7.444568481445312500e+02
7.219496459960937500e+02
6.881181030273437500e+02
7.011412963867187500e+02
7.029642333984375000e+02
7.524702148437500000e+02
7.617420654296875000e+02
7.924266357421875000e+02
7.627835693359375000e+02
7.515255126953125000e+02
7.213557128906250000e+02
7.320595092773437500e+02
7.247717285156250000e+02
7.499240722656250000e+02
7.460310668945312500e+02
7.666166381835937500e+02
7.639083251953125000e+02
7.637225952148437500e+02
7.265075683593750000e+02
7.375472412109375000e+02
7.262936401367187500e+02
7.542114868164062500e+02
7.519537353515625000e+02
7.892055664062500000e+02
7.559990844726562500e+02
7.428241577148437500e+02
7.092084350585937500e+02
7.270148925781250000e+02
7.236450195312500000e+02
7.598930664062500000e+02
7.598905029296875000e+02
7.887761840820312500e+02
7.523478393554687500e+02
7.607512207031250000e+02
7.253625488281250000e+02
7.219071044921875000e+02
7.105228271484375000e+02
7.353994140625000000e+02
7.441672363281250000e+02
7.886707153320312500e+02
7.678645629882812500e+02
7.647936401367187500e+02
7.325636596679687500e+02
7.438058471679687500e+02
7.321900634765625000e+02
7.654098510742187500e+02
7.502326660156250000e+02
7.622161865234375000e+02
7.350451660156250000e+02
7.495453491210937500e+02
7.307529296875000000e+02
7.394454345703125000e+02
7.275818481445312500e+02
7.351706542968750000e+02
7.287188110351562500e+02
7.538686523437500000e+02
7.635413818359375000e+02
7.942686767578125000e+02
7.494912719726562500e+02
7.402625122070312500e+02
7.036203002929687500e+02
7.046185913085937500e+02
7.010864257812500000e+02
7.377413330078125000e+02
7.606024780273437500e+02
8.090084838867187500e+02
7.667199707031250000e+02
7.513864746093750000e+02
7.271094360351562500e+02
7.382917480468750000e+02
7.251671752929687500e+02
7.435608520507812500e+02
7.468311767578125000e+02
7.726928100585937500e+02
7.499553222656250000e+02
7.444039916992187500e+02
7.471409912109375000e+02
7.653647460937500000e+02
7.538551025390625000e+02
7.594481811523437500e+02
7.432895507812500000e+02
7.589525756835937500e+02
7.393892211914062500e+02
7.601437377929687500e+02
7.473757324218750000e+02
7.469326782226562500e+02
7.154924926757812500e+02
7.190906372070312500e+02
7.208125610351562500e+02
7.451273803710937500e+02
7.529989013671875000e+02
7.943786010742187500e+02
7.635345458984375000e+02
7.559074707031250000e+02
7.129674072265625000e+02
7.226212158203125000e+02
7.248225097656250000e+02
7.481430053710937500e+02
7.570001831054687500e+02
7.942619018554687500e+02
7.565958862304687500e+02
7.609509277343750000e+02
7.223276367187500000e+02
7.277037353515625000e+02
7.175917968750000000e+02
7.300084228515625000e+02
7.140893554687500000e+02
7.379149780273437500e+02
7.287580566406250000e+02
7.398507690429687500e+02
7.511279296875000000e+02
7.732734985351562500e+02
7.601951293945312500e+02
7.755850830078125000e+02
7.439806518554687500e+02
7.550208129882812500e+02
7.352149658203125000e+02
7.452573242187500000e+02
7.344766845703125000e+02
7.597484741210937500e+02
7.562120971679687500e+02
7.581716308593750000e+02
7.288159179687500000e+02
7.385485839843750000e+02
7.276277465820312500e+02
7.576498413085937500e+02
7.554760742187500000e+02
7.867215576171875000e+02
7.504181518554687500e+02
7.497336425781250000e+02
7.211826782226562500e+02
7.263545532226562500e+02
7.223807983398437500e+02
7.392014160156250000e+02
7.480827636718750000e+02
7.982855834960937500e+02
7.644032592773437500e+02
7.503571777343750000e+02
7.055840454101562500e+02
7.063859863281250000e+02
7.040255126953125000e+02
7.277604370117187500e+02
7.500020141601562500e+02
7.928369140625000000e+02
7.573305053710937500e+02
7.490736694335937500e+02
7.095979003906250000e+02
7.127400512695312500e+02
7.041936035156250000e+02
7.298549804687500000e+02
7.246386718750000000e+02
7.604532470703125000e+02
7.469176635742187500e+02
7.727375488281250000e+02
7.523688354492187500e+02
7.451245727539062500e+02
7.210692138671875000e+02
7.258679199218750000e+02
7.188275146484375000e+02
7.497061767578125000e+02
7.416619873046875000e+02
7.772128906250000000e+02
7.468037719726562500e+02
7.465964965820312500e+02
7.247412719726562500e+02
7.493800048828125000e+02
7.395679321289062500e+02
7.465871582031250000e+02
7.188070068359375000e+02
7.222858886718750000e+02
6.998587646484375000e+02
7.215997314453125000e+02
7.106586303710937500e+02
7.394491577148437500e+02
7.439421386718750000e+02
7.790468139648437500e+02
7.544102172851562500e+02
7.543811035156250000e+02
7.353640747070312500e+02
7.603643188476562500e+02
7.264244384765625000e+02
7.343380126953125000e+02
7.170877685546875000e+02
7.492983398437500000e+02
7.365427246093750000e+02
7.654993896484375000e+02
7.558700561523437500e+02
7.658531494140625000e+02
7.243986816406250000e+02
7.240270996093750000e+02
7.141729125976562500e+02
7.400588378906250000e+02
7.285688476562500000e+02
7.539453125000000000e+02
7.415706787109375000e+02
7.476060180664062500e+02
7.106607666015625000e+02
7.110584716796875000e+02
7.027244262695312500e+02
7.311585693359375000e+02
7.478624877929687500e+02
7.738505859375000000e+02
7.526085205078125000e+02
7.521347656250000000e+02
7.182865600585937500e+02
7.169553222656250000e+02
7.116702270507812500e+02
7.525055541992187500e+02
7.664277343750000000e+02
7.843779296875000000e+02
7.410441284179687500e+02
7.274188232421875000e+02
6.949710083007812500e+02
6.934782104492187500e+02
6.996329345703125000e+02
7.428599243164062500e+02
7.563701782226562500e+02
8.096947631835937500e+02
7.650937500000000000e+02
7.481060180664062500e+02
7.060187988281250000e+02
7.175321655273437500e+02
7.177328491210937500e+02
7.387384643554687500e+02
7.332726440429687500e+02
7.606364135742187500e+02
7.514346313476562500e+02
7.577246704101562500e+02
7.151300659179687500e+02
7.086392211914062500e+02
6.944998779296875000e+02
7.139510498046875000e+02
7.201936035156250000e+02
7.826864624023437500e+02
7.722557983398437500e+02
7.854340820312500000e+02
7.332985839843750000e+02
7.235061645507812500e+02
6.900819091796875000e+02
7.051649780273437500e+02
7.068821411132812500e+02
7.528565673828125000e+02
7.814778442382812500e+02
8.077249755859375000e+02
7.417990112304687500e+02
7.047811889648437500e+02
6.662360229492187500e+02
6.577848510742187500e+02
6.656734619140625000e+02
6.925574340820312500e+02
7.252436523437500000e+02
7.988609008789062500e+02
7.769686279296875000e+02
7.795561523437500000e+02
7.267522583007812500e+02
7.164878540039062500e+02
7.007061767578125000e+02
7.160990600585937500e+02
7.315286865234375000e+02
7.683508911132812500e+02
7.485250854492187500e+02
7.520960693359375000e+02
7.217642211914062500e+02
7.268084716796875000e+02
7.205006713867187500e+02
7.444446411132812500e+02
7.514833984375000000e+02
7.963788452148437500e+02
7.578960571289062500e+02
7.427118530273437500e+02
7.123200683593750000e+02
7.331693115234375000e+02
7.398707275390625000e+02
7.730937500000000000e+02
7.525998535156250000e+02
7.586373901367187500e+02
7.095135498046875000e+02
7.092265625000000000e+02
7.008182373046875000e+02
7.287333374023437500e+02
7.539748535156250000e+02
7.796774291992187500e+02
7.628945922851562500e+02
7.512823486328125000e+02
7.091734008789062500e+02
7.136047973632812500e+02
7.073629760742187500e+02
7.357239379882812500e+02
7.495686035156250000e+02
7.980089721679687500e+02
7.601320800781250000e+02
7.402051391601562500e+02
7.032044677734375000e+02
7.105806884765625000e+02
7.127025756835937500e+02
7.616957397460937500e+02
7.662714843750000000e+02
8.036444702148437500e+02
7.376809692382812500e+02
7.058673095703125000e+02
6.760004882812500000e+02
6.906478881835937500e+02
7.145333251953125000e+02
7.894832153320312500e+02
7.921695556640625000e+02
7.694680175781250000e+02
7.033327636718750000e+02
6.798781127929687500e+02
6.699121093750000000e+02
6.833756713867187500e+02
7.250429687500000000e+02
8.024575195312500000e+02
7.759532470703125000e+02
7.639739379882812500e+02
7.221615600585937500e+02
7.099603881835937500e+02
7.012028808593750000e+02
7.165475463867187500e+02
7.200511474609375000e+02
7.671395874023437500e+02
7.581642456054687500e+02
7.834368286132812500e+02
7.361327514648437500e+02
7.238237304687500000e+02
7.052224121093750000e+02
7.194915771484375000e+02
7.063513183593750000e+02
7.206054077148437500e+02
7.331300659179687500e+02
7.634503173828125000e+02
7.438310546875000000e+02
7.400988159179687500e+02
7.191181640625000000e+02
7.338773193359375000e+02
7.207554931640625000e+02
7.654397583007812500e+02
7.659660034179687500e+02
7.810109252929687500e+02
7.277033081054687500e+02
7.165340576171875000e+02
6.856591186523437500e+02
6.947420043945312500e+02
7.050850830078125000e+02
7.483168945312500000e+02
7.466286621093750000e+02
7.682026367187500000e+02
7.329243164062500000e+02
7.455374145507812500e+02
7.140388793945312500e+02
7.095096435546875000e+02
6.930684814453125000e+02
7.060046386718750000e+02
7.100766601562500000e+02
7.484014282226562500e+02
7.561245117187500000e+02
7.686508789062500000e+02
7.272835083007812500e+02
7.183499145507812500e+02
6.995734252929687500e+02
7.269802246093750000e+02
7.446451416015625000e+02
7.949998168945312500e+02
7.550038452148437500e+02
7.556600952148437500e+02
7.046763916015625000e+02
7.136767578125000000e+02
7.070745849609375000e+02
7.333999023437500000e+02
7.316850585937500000e+02
7.569494018554687500e+02
7.322332153320312500e+02
7.286788330078125000e+02
6.983135986328125000e+02
7.183828125000000000e+02
7.247382202148437500e+02
7.740570068359375000e+02
7.507413330078125000e+02
7.601574707031250000e+02
7.227973022460937500e+02
7.156501464843750000e+02
6.982853393554687500e+02
7.334014892578125000e+02
7.269436035156250000e+02
7.455723266601562500e+02
7.340725708007812500e+02
7.455161743164062500e+02
7.246459350585937500e+02
7.546870727539062500e+02
7.288690185546875000e+02
7.401080932617187500e+02
7.124284667968750000e+02
7.146222534179687500e+02
7.092913818359375000e+02
7.345930175781250000e+02
7.350521850585937500e+02
7.709769287109375000e+02
7.302532348632812500e+02
7.329985961914062500e+02
7.035277709960937500e+02
7.385859375000000000e+02
7.407628173828125000e+02
7.774776611328125000e+02
7.481795043945312500e+02
7.516553344726562500e+02
7.101785888671875000e+02
7.238225708007812500e+02
7.054874267578125000e+02
7.129047241210937500e+02
7.160382690429687500e+02
7.575861816406250000e+02
7.430296020507812500e+02
7.541660156250000000e+02
7.165014038085937500e+02
7.042886352539062500e+02
6.903698730468750000e+02
7.118486328125000000e+02
7.361423950195312500e+02
7.813244018554687500e+02
7.578826293945312500e+02
7.511275024414062500e+02
7.087009277343750000e+02
6.890369262695312500e+02
6.696278686523437500e+02
6.901058959960937500e+02
7.155843505859375000e+02
7.789573364257812500e+02
7.710912475585937500e+02
7.626679077148437500e+02
7.026088867187500000e+02
6.957108764648437500e+02
6.947792968750000000e+02
7.205424804687500000e+02
7.213842163085937500e+02
7.636571044921875000e+02
7.455568237304687500e+02
7.563407592773437500e+02
7.240445556640625000e+02
7.322819824218750000e+02
7.072805786132812500e+02
7.344832153320312500e+02
7.253634033203125000e+02
7.610994873046875000e+02
7.497482299804687500e+02
7.680842285156250000e+02
7.392550048828125000e+02
7.245172119140625000e+02
6.957497558593750000e+02
7.116718139648437500e+02
7.118776855468750000e+02
7.319331665039062500e+02
7.349334716796875000e+02
7.578671875000000000e+02
7.296185913085937500e+02
7.374201049804687500e+02
7.260472412109375000e+02
7.479228515625000000e+02
7.316488037109375000e+02
7.322910156250000000e+02
7.127001342773437500e+02
7.292113037109375000e+02
7.153917236328125000e+02
7.472730102539062500e+02
7.375050659179687500e+02
7.486140136718750000e+02
7.168077392578125000e+02
7.154256591796875000e+02
7.008390502929687500e+02
7.212727661132812500e+02
7.119711303710937500e+02
7.562053833007812500e+02
7.350503540039062500e+02
7.517221679687500000e+02
7.188530883789062500e+02
7.239819946289062500e+02
7.085198974609375000e+02
7.298424072265625000e+02
7.197185668945312500e+02
7.488672485351562500e+02
7.202477416992187500e+02
7.352296752929687500e+02
7.093168945312500000e+02
7.227114257812500000e+02
7.234769287109375000e+02
7.519826660156250000e+02
7.263934326171875000e+02
7.275012207031250000e+02
7.111765136718750000e+02
7.196295166015625000e+02
7.144989624023437500e+02
7.400128784179687500e+02
7.407401733398437500e+02
7.691954345703125000e+02
7.412429199218750000e+02
7.376606445312500000e+02
7.025091552734375000e+02
7.106412353515625000e+02
7.047992553710937500e+02
7.346668090820312500e+02
7.337627563476562500e+02
7.541524658203125000e+02
7.247540893554687500e+02
7.143357543945312500e+02
6.897968139648437500e+02
6.949628295898437500e+02
6.957348632812500000e+02
7.314118041992187500e+02
7.458264770507812500e+02
7.767051391601562500e+02
7.408522949218750000e+02
7.247935791015625000e+02
6.882979736328125000e+02
6.804402465820312500e+02
6.832933349609375000e+02
7.248847656250000000e+02
7.352546386718750000e+02
7.603038330078125000e+02
7.325186767578125000e+02
7.312495727539062500e+02
7.093265991210937500e+02
7.133890991210937500e+02
6.993458862304687500e+02
7.211100463867187500e+02
7.074080810546875000e+02
7.443878173828125000e+02
7.316434936523437500e+02
7.520043334960937500e+02
7.217561035156250000e+02
7.238197631835937500e+02
7.080563354492187500e+02
7.271172485351562500e+02
7.143845825195312500e+02
7.502942504882812500e+02
7.260269165039062500e+02
7.277683105468750000e+02
7.153853149414062500e+02
7.252691650390625000e+02
7.157180786132812500e+02
7.552500610351562500e+02
7.382227172851562500e+02
7.628708496093750000e+02
7.263903808593750000e+02
7.229359130859375000e+02
6.912498779296875000e+02
6.947385864257812500e+02
6.915375976562500000e+02
7.305255737304687500e+02
7.361345214843750000e+02
7.506179199218750000e+02
7.387109985351562500e+02
7.484049682617187500e+02
7.194360961914062500e+02
7.365599975585937500e+02
7.211171875000000000e+02
7.363143920898437500e+02
7.235300903320312500e+02
7.373260498046875000e+02
7.119126586914062500e+02
7.178068847656250000e+02
7.069422607421875000e+02
7.387848510742187500e+02
7.308697509765625000e+02
7.478391723632812500e+02
7.208006591796875000e+02
7.291081542968750000e+02
7.097639770507812500e+02
7.288078002929687500e+02
7.147262573242187500e+02
7.217894287109375000e+02
7.072107543945312500e+02
7.180894775390625000e+02
7.082240600585937500e+02
7.353758544921875000e+02
7.300061035156250000e+02
7.276202392578125000e+02
6.905508422851562500e+02
6.975466308593750000e+02
6.932686767578125000e+02
7.360061035156250000e+02
7.578489990234375000e+02
7.992604980468750000e+02
7.307987670898437500e+02
7.003287353515625000e+02
6.878745117187500000e+02
7.035067138671875000e+02
6.989717407226562500e+02
7.454037475585937500e+02
7.440801391601562500e+02
7.628067626953125000e+02
7.118433837890625000e+02
7.021457519531250000e+02
6.850738525390625000e+02
7.046925048828125000e+02
7.133843994140625000e+02
7.614922485351562500e+02
7.384635009765625000e+02
7.454631347656250000e+02
6.985255126953125000e+02
6.992871704101562500e+02
6.985383911132812500e+02
7.242173461914062500e+02
7.081856689453125000e+02
7.353579711914062500e+02
7.287322998046875000e+02
7.436484985351562500e+02
7.249201660156250000e+02
7.416033325195312500e+02
7.158182373046875000e+02
7.241586303710937500e+02
6.912032470703125000e+02
6.906013793945312500e+02
6.955775756835937500e+02
7.363442993164062500e+02
7.501672973632812500e+02
7.762870483398437500e+02
7.363755493164062500e+02
7.293155517578125000e+02
7.006946411132812500e+02
7.082728271484375000e+02
7.011586303710937500e+02
7.297380981445312500e+02
7.244548339843750000e+02
7.471470947265625000e+02
7.266191406250000000e+02
7.279773559570312500e+02
7.082800903320312500e+02
7.173863525390625000e+02
7.095996704101562500e+02
7.534904174804687500e+02
7.297472534179687500e+02
7.443231811523437500e+02
7.232742309570312500e+02
7.324924316406250000e+02
6.917244873046875000e+02
6.925769042968750000e+02
6.847960205078125000e+02
7.274545898437500000e+02
7.269537353515625000e+02
7.725155639648437500e+02
7.414010620117187500e+02
7.419694213867187500e+02
6.903363647460937500e+02
6.792164306640625000e+02
6.716914672851562500e+02
7.011623535156250000e+02
7.106544799804687500e+02
7.479970703125000000e+02
7.462021484375000000e+02
7.617561035156250000e+02
7.117899780273437500e+02
6.986763916015625000e+02
6.763142089843750000e+02
6.894324340820312500e+02
6.884954833984375000e+02
7.231315917968750000e+02
7.388950805664062500e+02
7.701400146484375000e+02
7.231488037109375000e+02
7.189373168945312500e+02
6.900861816406250000e+02
7.173562622070312500e+02
7.078910522460937500e+02
7.502636718750000000e+02
7.407118530273437500e+02
7.466603393554687500e+02
7.051640014648437500e+02
7.041607666015625000e+02
6.993012695312500000e+02
7.183775024414062500e+02
7.153552246093750000e+02
7.489186401367187500e+02
7.297713012695312500e+02
7.416544799804687500e+02
7.119951782226562500e+02
7.185230712890625000e+02
6.999863281250000000e+02
7.267249755859375000e+02
7.232839355468750000e+02
7.340778198242187500e+02
7.057347412109375000e+02
7.146163940429687500e+02
7.032902221679687500e+02
7.253916625976562500e+02
7.118620605468750000e+02
7.452432250976562500e+02
7.134582519531250000e+02
7.202006835937500000e+02
6.916289672851562500e+02
6.980606689453125000e+02
6.984301147460937500e+02
7.299094238281250000e+02
7.435946655273437500e+02
7.665303955078125000e+02
7.160666503906250000e+02
7.191880493164062500e+02
6.902994995117187500e+02
6.953834838867187500e+02
6.859185180664062500e+02
7.251149291992187500e+02
7.331090087890625000e+02
7.699733276367187500e+02
7.181177368164062500e+02
7.126605834960937500e+02
6.991782226562500000e+02
7.226983032226562500e+02
7.091806640625000000e+02
7.373847656250000000e+02
7.270839233398437500e+02
7.409698486328125000e+02
7.214253540039062500e+02
7.126026000976562500e+02
6.962421875000000000e+02
7.245134277343750000e+02
7.146950683593750000e+02
7.422743530273437500e+02
7.148460693359375000e+02
7.301070556640625000e+02
7.108568115234375000e+02
7.126635742187500000e+02
6.865808105468750000e+02
7.031914672851562500e+02
7.100312500000000000e+02
7.404611816406250000e+02
7.215232543945312500e+02
7.312828979492187500e+02
7.000965576171875000e+02
7.000828247070312500e+02
6.895820312500000000e+02
7.119354248046875000e+02
7.150360107421875000e+02
7.472085571289062500e+02
7.239141845703125000e+02
7.379107666015625000e+02
7.086389160156250000e+02
7.151140136718750000e+02
6.972625732421875000e+02
6.991136474609375000e+02
6.951250610351562500e+02
7.343362426757812500e+02
7.276465454101562500e+02
7.628120727539062500e+02
7.233266601562500000e+02
7.164639282226562500e+02
6.843531494140625000e+02
6.959958496093750000e+02
6.910546264648437500e+02
7.201133422851562500e+02
7.078425903320312500e+02
7.316331787109375000e+02
7.132127685546875000e+02
7.271747436523437500e+02
6.996555786132812500e+02
7.113681030273437500e+02
6.889115600585937500e+02
7.079243164062500000e+02
6.930056762695312500e+02
7.152570190429687500e+02
7.034249267578125000e+02
7.308011474609375000e+02
7.209881591796875000e+02
7.505380859375000000e+02
7.258368530273437500e+02
7.389460449218750000e+02
6.963674316406250000e+02
7.035468139648437500e+02
6.990471801757812500e+02
7.375356445312500000e+02
7.401476440429687500e+02
7.616200561523437500e+02
7.093615112304687500e+02
7.073229370117187500e+02
6.886812133789062500e+02
7.030629272460937500e+02
7.001006469726562500e+02
7.158208007812500000e+02
7.053066406250000000e+02
7.402785644531250000e+02
7.251389160156250000e+02
7.433892211914062500e+02
7.049098510742187500e+02
7.000189819335937500e+02
6.883919677734375000e+02
7.036118164062500000e+02
7.071256713867187500e+02
7.327165527343750000e+02
7.253051757812500000e+02
7.562774047851562500e+02
7.120235595703125000e+02
7.110333251953125000e+02
6.851408081054687500e+02
6.897476806640625000e+02
6.831431884765625000e+02
7.037333984375000000e+02
7.096997680664062500e+02
7.522048950195312500e+02
7.327461547851562500e+02
7.564123535156250000e+02
7.039901733398437500e+02
6.896696166992187500e+02
6.715574340820312500e+02
6.827183837890625000e+02
7.017908935546875000e+02
7.497041015625000000e+02
7.347463989257812500e+02
7.554909667968750000e+02
7.032730712890625000e+02
6.897792968750000000e+02
6.792957763671875000e+02
7.088608398437500000e+02
7.150928955078125000e+02
7.673677978515625000e+02
7.314749145507812500e+02
7.193221435546875000e+02
6.744489746093750000e+02
6.729860229492187500e+02
6.588205566406250000e+02
6.786085815429687500e+02
6.878135986328125000e+02
7.215911865234375000e+02
7.269218139648437500e+02
7.724245605468750000e+02
7.280559692382812500e+02
7.148698120117187500e+02
6.751820678710937500e+02
6.790443725585937500e+02
6.881534423828125000e+02
7.151897583007812500e+02
7.306216430664062500e+02
7.619811401367187500e+02
7.218370971679687500e+02
7.048421020507812500e+02
6.691386718750000000e+02
6.752081298828125000e+02
6.779072265625000000e+02
7.128670654296875000e+02
7.248595581054687500e+02
7.551019897460937500e+02
7.175493164062500000e+02
7.349698486328125000e+02
7.033400878906250000e+02
7.115606689453125000e+02
7.043676757812500000e+02
7.316384277343750000e+02
7.223485717773437500e+02
7.460257568359375000e+02
7.146610107421875000e+02
7.188375854492187500e+02
6.937952270507812500e+02
7.126247558593750000e+02
7.024012451171875000e+02
7.227874145507812500e+02
7.121258544921875000e+02
7.304400024414062500e+02
7.111134033203125000e+02
7.018948974609375000e+02
6.915279541015625000e+02
7.110160522460937500e+02
7.152066650390625000e+02
7.601713256835937500e+02
7.197760620117187500e+02
7.173460693359375000e+02
6.816813354492187500e+02
6.853283081054687500e+02
6.820399780273437500e+02
7.146252441406250000e+02
7.050470581054687500e+02
7.245985717773437500e+02
7.201398925781250000e+02
7.467664184570312500e+02
7.043999633789062500e+02
6.878226928710937500e+02
6.710932617187500000e+02
6.734506835937500000e+02
6.851034545898437500e+02
7.390736694335937500e+02
7.432189331054687500e+02
7.414584960937500000e+02
6.955460815429687500e+02
6.929083251953125000e+02
6.966587524414062500e+02
7.286743164062500000e+02
7.227752685546875000e+02
7.514619750976562500e+02
7.140123291015625000e+02
7.196036376953125000e+02
6.885379638671875000e+02
7.023207397460937500e+02
7.016527709960937500e+02
7.179551391601562500e+02
6.954236450195312500e+02
7.090394897460937500e+02
6.970258789062500000e+02
7.183112182617187500e+02
7.118348388671875000e+02
7.499758300781250000e+02
7.225302124023437500e+02
7.255661621093750000e+02
6.814602661132812500e+02
6.786911010742187500e+02
6.809680175781250000e+02
7.212655029296875000e+02
7.192938842773437500e+02
7.511255493164062500e+02
7.138095703125000000e+02
7.173948974609375000e+02
6.897689208984375000e+02
6.905548706054687500e+02
6.767310791015625000e+02
7.218671875000000000e+02
7.106815795898437500e+02
7.488960571289062500e+02
7.240806884765625000e+02
7.378165893554687500e+02
6.965362548828125000e+02
6.922563476562500000e+02
6.774912109375000000e+02
7.001747436523437500e+02
7.155430908203125000e+02
7.638203125000000000e+02
7.322576293945312500e+02
7.165408325195312500e+02
6.710256958007812500e+02
6.707027587890625000e+02
6.582871704101562500e+02
6.910390625000000000e+02
7.208742675781250000e+02
7.599585571289062500e+02
7.243291625976562500e+02
7.357190551757812500e+02
6.900568237304687500e+02
7.013715820312500000e+02
6.842055053710937500e+02
7.083544311523437500e+02
7.111243896484375000e+02
7.431292724609375000e+02
7.054886474609375000e+02
6.896486816406250000e+02
6.748031005859375000e+02
7.034671020507812500e+02
7.050687255859375000e+02
7.497854003906250000e+02
7.255917968750000000e+02
7.448111572265625000e+02
7.071111450195312500e+02
7.268124389648437500e+02
6.939892578125000000e+02
6.964341430664062500e+02
6.760986328125000000e+02
6.863963623046875000e+02
6.892105102539062500e+02
7.369765625000000000e+02
7.414185791015625000e+02
7.532363891601562500e+02
7.025995483398437500e+02
6.940466308593750000e+02
6.702458496093750000e+02
6.809370117187500000e+02
6.808643188476562500e+02
7.183316650390625000e+02
7.128784179687500000e+02
7.393602294921875000e+02
7.160582275390625000e+02
7.228697509765625000e+02
6.999876708984375000e+02
7.133163452148437500e+02
7.050280151367187500e+02
7.294881591796875000e+02
7.276293945312500000e+02
7.450232543945312500e+02
7.040556030273437500e+02
7.070046386718750000e+02
6.844663085937500000e+02
6.973555908203125000e+02
6.895857543945312500e+02
7.215490722656250000e+02
7.192329711914062500e+02
7.302852172851562500e+02
7.051786499023437500e+02
7.135729980468750000e+02
7.020358276367187500e+02
7.147133178710937500e+02
6.897384643554687500e+02
7.095784912109375000e+02
6.873181762695312500e+02
7.067847290039062500e+02
6.993208007812500000e+02
7.023843994140625000e+02
6.906098632812500000e+02
7.115641479492187500e+02
6.875360717773437500e+02
7.272995605468750000e+02
7.132774047851562500e+02
7.258145141601562500e+02
7.039983520507812500e+02
7.151713256835937500e+02
7.015822143554687500e+02
7.250431518554687500e+02
7.028966674804687500e+02
7.147600097656250000e+02
6.919563598632812500e+02
7.066330566406250000e+02
6.859171752929687500e+02
7.105524291992187500e+02
7.026715087890625000e+02
7.483455200195312500e+02
7.129502563476562500e+02
7.047762451171875000e+02
6.681224365234375000e+02
6.738389282226562500e+02
6.748388061523437500e+02
6.998859863281250000e+02
6.989177856445312500e+02
7.315751342773437500e+02
7.234080200195312500e+02
7.500734252929687500e+02
7.052952270507812500e+02
6.869323120117187500e+02
6.658963623046875000e+02
6.889287719726562500e+02
6.872373657226562500e+02
7.365479736328125000e+02
7.230471801757812500e+02
7.400495605468750000e+02
7.089998168945312500e+02
7.042384033203125000e+02
6.828276367187500000e+02
6.887946777343750000e+02
6.938263549804687500e+02
7.343282470703125000e+02
7.245631713867187500e+02
7.374451293945312500e+02
6.975101928710937500e+02
6.936446533203125000e+02
6.775709838867187500e+02
7.069010620117187500e+02
7.112886352539062500e+02
7.491868896484375000e+02
7.238672485351562500e+02
7.244503784179687500e+02
6.896030883789062500e+02
6.967995605468750000e+02
6.914145507812500000e+02
7.269776611328125000e+02
7.215362548828125000e+02
7.365505981445312500e+02
6.855861816406250000e+02
6.819348754882812500e+02
6.766142578125000000e+02
7.001456298828125000e+02
7.003900146484375000e+02
7.382437133789062500e+02
7.219735107421875000e+02
7.382077636718750000e+02
6.935381469726562500e+02
6.982593383789062500e+02
6.837740478515625000e+02
6.943281250000000000e+02
6.839648437500000000e+02
7.086904907226562500e+02
6.998328247070312500e+02
7.367545776367187500e+02
7.075324096679687500e+02
7.015753173828125000e+02
6.758164672851562500e+02
6.887070922851562500e+02
6.922733154296875000e+02
7.132295532226562500e+02
7.046425781250000000e+02
7.257096557617187500e+02
6.925072631835937500e+02
6.940628051757812500e+02
6.901314086914062500e+02
7.229447631835937500e+02
7.204918823242187500e+02
7.424295043945312500e+02
6.949168090820312500e+02
7.069600219726562500e+02
6.785462036132812500e+02
6.966223754882812500e+02
6.795775756835937500e+02
6.921040039062500000e+02
6.806348266601562500e+02
7.126123046875000000e+02
7.056508789062500000e+02
7.277640991210937500e+02
6.978515014648437500e+02
6.992128295898437500e+02
6.893822631835937500e+02
7.042291870117187500e+02
6.933279418945312500e+02
7.184035034179687500e+02
6.925645141601562500e+02
7.173511352539062500e+02
7.017636718750000000e+02
7.164854125976562500e+02
6.794951782226562500e+02
6.895034790039062500e+02
6.888101196289062500e+02
7.311419067382812500e+02
7.198750610351562500e+02
7.375642700195312500e+02
7.014450683593750000e+02
7.069356689453125000e+02
6.805412597656250000e+02
6.931150512695312500e+02
6.665725097656250000e+02
6.838333129882812500e+02
7.029525756835937500e+02
7.489219360351562500e+02
7.202513427734375000e+02
7.190723876953125000e+02
6.855606689453125000e+02
6.943892822265625000e+02
6.834888916015625000e+02
7.006331787109375000e+02
6.899106445312500000e+02
7.003316650390625000e+02
6.978374633789062500e+02
7.160002441406250000e+02
6.910248413085937500e+02
7.136433105468750000e+02
6.962434692382812500e+02
7.084822998046875000e+02
6.885945434570312500e+02
7.167336425781250000e+02
7.008646850585937500e+02
7.267570800781250000e+02
6.939804687500000000e+02
7.009763793945312500e+02
6.781577148437500000e+02
6.949187622070312500e+02
6.913894653320312500e+02
7.313073120117187500e+02
7.085196533203125000e+02
7.291923217773437500e+02
7.057763061523437500e+02
7.243663940429687500e+02
6.876436767578125000e+02
6.894552001953125000e+02
6.580885009765625000e+02
6.926046752929687500e+02
6.980457153320312500e+02
7.528972167968750000e+02
7.202758178710937500e+02
7.290374145507812500e+02
6.769976196289062500e+02
6.621799316406250000e+02
6.468231201171875000e+02
6.658871459960937500e+02
6.927191772460937500e+02
7.354506835937500000e+02
7.288519287109375000e+02
7.339434814453125000e+02
6.822573242187500000e+02
6.799700927734375000e+02
6.842233886718750000e+02
7.239945068359375000e+02
7.109738159179687500e+02
7.264803466796875000e+02
6.855072631835937500e+02
6.813254394531250000e+02
6.687489624023437500e+02
6.916484375000000000e+02
7.013070678710937500e+02
7.554840698242187500e+02
7.264364624023437500e+02
7.219812622070312500e+02
6.849244384765625000e+02
6.692018432617187500e+02
6.591354370117187500e+02
6.919389648437500000e+02
7.003195800781250000e+02
7.469820556640625000e+02
7.036782226562500000e+02
6.935230712890625000e+02
6.628224487304687500e+02
6.737485961914062500e+02
6.746580200195312500e+02
7.256287231445312500e+02
7.170825805664062500e+02
7.450262451171875000e+02
6.982585449218750000e+02
7.101334228515625000e+02
6.964459838867187500e+02
7.208646850585937500e+02
6.971656494140625000e+02
7.142424926757812500e+02
6.963193969726562500e+02
7.272113037109375000e+02
7.086750488281250000e+02
7.202903442382812500e+02
6.784750366210937500e+02
6.856544799804687500e+02
6.782039184570312500e+02
6.955576782226562500e+02
6.828977661132812500e+02
7.271026000976562500e+02
7.076072998046875000e+02
7.189737548828125000e+02
6.831401977539062500e+02
6.896369628906250000e+02
6.669982910156250000e+02
7.014125976562500000e+02
6.992753295898437500e+02
7.276409301757812500e+02
6.946228027343750000e+02
6.987714233398437500e+02
6.699375000000000000e+02
6.920338745117187500e+02
6.877666625976562500e+02
7.307120971679687500e+02
7.108570556640625000e+02
7.297382202148437500e+02
6.899005126953125000e+02
6.968786621093750000e+02
6.802969360351562500e+02
7.050709228515625000e+02
7.047399902343750000e+02
7.408720092773437500e+02
7.124094238281250000e+02
7.096191406250000000e+02
6.700712280273437500e+02
6.785783081054687500e+02
6.620354003906250000e+02
6.856022949218750000e+02
6.915003051757812500e+02
7.228991699218750000e+02
7.087698364257812500e+02
7.153989868164062500e+02
6.944343872070312500e+02
7.007023925781250000e+02
6.815449829101562500e+02
6.953015136718750000e+02
6.807643432617187500e+02
7.041539306640625000e+02
6.862319946289062500e+02
7.132788085937500000e+02
7.027975463867187500e+02
7.119716796875000000e+02
6.872289428710937500e+02
6.995362548828125000e+02
6.817423095703125000e+02
6.850516357421875000e+02
6.686345825195312500e+02
6.886356201171875000e+02
6.824329223632812500e+02
7.262157592773437500e+02
6.997680664062500000e+02
7.114317626953125000e+02
6.803179321289062500e+02
6.699442138671875000e+02
6.647420654296875000e+02
6.910836791992187500e+02
6.909206542968750000e+02
7.205994262695312500e+02
7.033931884765625000e+02
7.117395629882812500e+02
6.954396362304687500e+02
7.069401855468750000e+02
6.829468994140625000e+02
6.978762207031250000e+02
6.875082397460937500e+02
7.257340087890625000e+02
7.104027709960937500e+02
7.260596313476562500e+02
7.012472534179687500e+02
7.060410766601562500e+02
6.768636474609375000e+02
6.796536254882812500e+02
6.713067626953125000e+02
6.953007812500000000e+02
6.924196166992187500e+02
7.202984619140625000e+02
6.970088500976562500e+02
7.053592529296875000e+02
6.728433837890625000e+02
6.945098876953125000e+02
6.828860473632812500e+02
7.255383911132812500e+02
7.104040527343750000e+02
7.340020141601562500e+02
6.957150268554687500e+02
7.034739379882812500e+02
6.776305541992187500e+02
6.840972290039062500e+02
6.760748901367187500e+02
7.267902221679687500e+02
7.015231323242187500e+02
7.173595581054687500e+02
6.824550170898437500e+02
6.758992919921875000e+02
6.502145385742187500e+02
6.645752563476562500e+02
6.708605346679687500e+02
7.159448852539062500e+02
6.999907226562500000e+02
7.182485961914062500e+02
7.009999389648437500e+02
7.263147583007812500e+02
6.935369873046875000e+02
6.920334472656250000e+02
6.633884887695312500e+02
6.686359252929687500e+02
6.591466674804687500e+02
6.899290771484375000e+02
6.972153930664062500e+02
7.294020996093750000e+02
7.091915893554687500e+02
7.353016357421875000e+02
6.797943115234375000e+02
6.705156860351562500e+02
6.513696899414062500e+02
6.827208862304687500e+02
6.875941772460937500e+02
7.492111816406250000e+02
7.175446777343750000e+02
7.045773315429687500e+02
6.596679687500000000e+02
6.623630981445312500e+02
6.610925903320312500e+02
7.085373535156250000e+02
7.166976318359375000e+02
7.474479980468750000e+02
6.960838012695312500e+02
6.781231689453125000e+02
6.479359741210937500e+02
6.608723144531250000e+02
6.786199340820312500e+02
7.338845825195312500e+02
7.344486694335937500e+02
7.528427124023437500e+02
6.825793457031250000e+02
6.796739501953125000e+02
6.481935424804687500e+02
6.631170043945312500e+02
6.830147094726562500e+02
7.419300537109375000e+02
7.303524780273437500e+02
7.289423828125000000e+02
6.680913085937500000e+02
6.521693115234375000e+02
6.457888793945312500e+02
6.783309936523437500e+02
6.966585693359375000e+02
7.521099853515625000e+02
7.157026367187500000e+02
7.087131347656250000e+02
6.602324218750000000e+02
6.657839355468750000e+02
6.525637817382812500e+02
6.931085815429687500e+02
7.129525756835937500e+02
7.524434814453125000e+02
7.154513549804687500e+02
7.088346557617187500e+02
6.727446289062500000e+02
6.937423095703125000e+02
6.795145263671875000e+02
7.054817504882812500e+02
6.946303100585937500e+02
7.278787231445312500e+02
6.920369873046875000e+02
7.249485473632812500e+02
6.831544799804687500e+02
6.948222045898437500e+02
6.704245605468750000e+02
7.011604003906250000e+02
6.943535766601562500e+02
7.316095581054687500e+02
7.009448242187500000e+02
7.027141723632812500e+02
6.571680297851562500e+02
6.561788940429687500e+02
6.485097045898437500e+02
6.811535644531250000e+02
6.980368652343750000e+02
7.557120971679687500e+02
7.236687622070312500e+02
7.143231811523437500e+02
6.739188232421875000e+02
6.618522338867187500e+02
6.493064575195312500e+02
6.612304687500000000e+02
6.716666870117187500e+02
7.300664062500000000e+02
7.144502563476562500e+02
7.254979248046875000e+02
6.766175537109375000e+02
6.633552856445312500e+02
6.523320312500000000e+02
6.710323486328125000e+02
6.865149536132812500e+02
7.332825927734375000e+02
7.081505126953125000e+02
7.253143310546875000e+02
6.885601806640625000e+02
6.830108642578125000e+02
6.615578613281250000e+02
6.646786499023437500e+02
6.615567016601562500e+02
7.048588256835937500e+02
7.011097412109375000e+02
7.135869140625000000e+02
6.940408935546875000e+02
7.249897460937500000e+02
6.900020141601562500e+02
6.929950561523437500e+02
6.667805175781250000e+02
6.902575073242187500e+02
6.899598388671875000e+02
7.203483276367187500e+02
7.050775146484375000e+02
7.224080810546875000e+02
6.885942382812500000e+02
6.966184082031250000e+02
6.743609008789062500e+02
7.086170043945312500e+02
7.049019165039062500e+02
7.386647949218750000e+02
6.857813720703125000e+02
6.739228515625000000e+02
6.550408935546875000e+02
6.725084228515625000e+02
6.644088134765625000e+02
7.078220214843750000e+02
7.084358520507812500e+02
7.310066528320312500e+02
6.967911376953125000e+02
7.060812988281250000e+02
6.689882812500000000e+02
6.696184692382812500e+02
6.688973999023437500e+02
6.844531860351562500e+02
6.918221435546875000e+02
7.392033081054687500e+02
6.993647460937500000e+02
7.031207275390625000e+02
6.617322998046875000e+02
6.618011474609375000e+02
6.447980957031250000e+02
6.718545532226562500e+02
6.929097290039062500e+02
7.542894897460937500e+02
7.165709838867187500e+02
7.042655029296875000e+02
6.591022949218750000e+02
6.457492065429687500e+02
6.462397460937500000e+02
6.748052368164062500e+02
6.986749267578125000e+02
7.509892578125000000e+02
7.107864379882812500e+02
6.977958374023437500e+02
6.470921020507812500e+02
6.524880981445312500e+02
6.426539306640625000e+02
6.697893066406250000e+02
6.789427490234375000e+02
7.404213256835937500e+02
7.240520019531250000e+02
7.241961669921875000e+02
6.720885620117187500e+02
6.626441040039062500e+02
6.518735961914062500e+02
6.783623657226562500e+02
6.904897460937500000e+02
7.441493530273437500e+02
7.179112548828125000e+02
7.128232421875000000e+02
6.645456542968750000e+02
6.571785888671875000e+02
6.655639038085937500e+02
6.956137084960937500e+02
6.974238891601562500e+02
7.250390625000000000e+02
6.875390625000000000e+02
7.032167968750000000e+02
6.770549926757812500e+02
6.838399047851562500e+02
6.513200073242187500e+02
6.790568847656250000e+02
6.796303100585937500e+02
7.327705078125000000e+02
7.067888183593750000e+02
7.188926391601562500e+02
6.787953491210937500e+02
6.837953491210937500e+02
6.599588012695312500e+02
6.827053833007812500e+02
6.809243774414062500e+02
7.093800048828125000e+02
6.930060424804687500e+02
7.007850952148437500e+02
6.844219970703125000e+02
7.054875488281250000e+02
6.858480834960937500e+02
7.041389160156250000e+02
6.765928955078125000e+02
6.803561401367187500e+02
6.663267211914062500e+02
6.988256225585937500e+02
7.000935668945312500e+02
7.199279174804687500e+02
6.881760864257812500e+02
6.957045898437500000e+02
6.753729248046875000e+02
6.999942626953125000e+02
7.016898803710937500e+02
7.258285522460937500e+02
6.792280273437500000e+02
6.783046875000000000e+02
6.581287841796875000e+02
6.655337524414062500e+02
6.682435302734375000e+02
7.198378906250000000e+02
7.003483276367187500e+02
7.181859741210937500e+02
6.797044677734375000e+02
6.795452270507812500e+02
6.622603149414062500e+02
6.823054809570312500e+02
6.794455566406250000e+02
7.221658935546875000e+02
7.042463378906250000e+02
7.071828002929687500e+02
6.737507934570312500e+02
6.778912353515625000e+02
6.617166137695312500e+02
6.817196655273437500e+02
6.781984863281250000e+02
7.084769287109375000e+02
6.979132690429687500e+02
7.185480957031250000e+02
6.885582885742187500e+02
6.918729248046875000e+02
6.644996337890625000e+02
6.867573852539062500e+02
6.797036743164062500e+02
7.180057373046875000e+02
6.991729125976562500e+02
7.126375732421875000e+02
6.694909667968750000e+02
6.693183593750000000e+02
6.592821044921875000e+02
6.824402465820312500e+02
6.876492309570312500e+02
7.135855712890625000e+02
6.924020996093750000e+02
7.088829345703125000e+02
6.812073364257812500e+02
7.055551757812500000e+02
6.803242187500000000e+02
6.908175048828125000e+02
6.621541748046875000e+02
6.823338623046875000e+02
6.681641845703125000e+02
6.976683959960937500e+02
6.828611450195312500e+02
7.104868164062500000e+02
6.848217163085937500e+02
6.870063476562500000e+02
6.574343872070312500e+02
6.618190307617187500e+02
6.611841430664062500e+02
7.062181396484375000e+02
6.905811767578125000e+02
7.178346557617187500e+02
6.802102661132812500e+02
6.751403808593750000e+02
6.557646484375000000e+02
6.771389770507812500e+02
6.752165527343750000e+02
7.155240478515625000e+02
6.939163818359375000e+02
7.082597656250000000e+02
6.735404663085937500e+02
6.914855957031250000e+02
6.754536132812500000e+02
6.982798461914062500e+02
6.695166015625000000e+02
6.856615600585937500e+02
6.649090576171875000e+02
6.884584960937500000e+02
6.843634643554687500e+02
7.121633911132812500e+02
6.840567626953125000e+02
6.911159667968750000e+02
6.618066406250000000e+02
6.831330566406250000e+02
6.874121704101562500e+02
7.050819702148437500e+02
6.913936157226562500e+02
7.130559692382812500e+02
6.716030883789062500e+02
6.764470214843750000e+02
6.666004638671875000e+02
6.988541259765625000e+02
6.979671020507812500e+02
7.095935668945312500e+02
6.728775634765625000e+02
6.787720947265625000e+02
6.562847290039062500e+02
6.899040527343750000e+02
6.923034667968750000e+02
7.401401367187500000e+02
6.902346801757812500e+02
6.874387207031250000e+02
6.473361816406250000e+02
6.610620727539062500e+02
6.520181884765625000e+02
7.011326293945312500e+02
7.046551513671875000e+02
7.372153930664062500e+02
6.847318115234375000e+02
6.671094360351562500e+02
6.483553466796875000e+02
6.471610107421875000e+02
6.657567138671875000e+02
7.129237670898437500e+02
7.219751586914062500e+02
7.396520996093750000e+02
6.691298217773437500e+02
6.591808471679687500e+02
6.432034301757812500e+02
6.646470947265625000e+02
6.772456054687500000e+02
7.158648071289062500e+02
6.972090454101562500e+02
7.208205566406250000e+02
6.844843139648437500e+02
6.878989868164062500e+02
6.726838378906250000e+02
6.860751953125000000e+02
6.858059692382812500e+02
6.914605102539062500e+02
6.731907958984375000e+02
6.959922485351562500e+02
6.708612670898437500e+02
6.847849731445312500e+02
6.698581542968750000e+02
6.984737548828125000e+02
6.898549804687500000e+02
7.040267333984375000e+02
6.756142578125000000e+02
6.711193847656250000e+02
6.597240600585937500e+02
6.874717407226562500e+02
6.819750976562500000e+02
7.116381835937500000e+02
6.820363159179687500e+02
7.073782958984375000e+02
6.713319091796875000e+02
6.776203002929687500e+02
6.558556518554687500e+02
6.877509765625000000e+02
6.779934692382812500e+02
7.041677246093750000e+02
6.930271606445312500e+02
7.055497436523437500e+02
6.790630493164062500e+02
6.942552490234375000e+02
6.758651733398437500e+02
7.117621459960937500e+02
6.916229248046875000e+02
6.948119506835937500e+02
6.623959350585937500e+02
6.698723754882812500e+02
6.688684082031250000e+02
7.167069091796875000e+02
6.988067016601562500e+02
6.978864746093750000e+02
6.574825439453125000e+02
6.688174438476562500e+02
6.701016235351562500e+02
6.944225463867187500e+02
6.879615478515625000e+02
7.077406616210937500e+02
6.725499267578125000e+02
6.919645996093750000e+02
6.762001953125000000e+02
7.079628295898437500e+02
6.951436767578125000e+02
7.078173828125000000e+02
6.717160644531250000e+02
6.750404052734375000e+02
6.470133056640625000e+02
6.627429809570312500e+02
6.687569580078125000e+02
6.919562377929687500e+02
6.600760498046875000e+02
6.835520629882812500e+02
6.710330200195312500e+02
7.024535522460937500e+02
6.831748046875000000e+02
7.039644775390625000e+02
6.778322143554687500e+02
6.807493896484375000e+02
6.456951293945312500e+02
6.561107177734375000e+02
6.599525756835937500e+02
7.131085205078125000e+02
7.086788940429687500e+02
7.302077636718750000e+02
6.702208862304687500e+02
6.553263549804687500e+02
6.426066894531250000e+02
6.791588745117187500e+02
6.921483764648437500e+02
7.363677978515625000e+02
6.953830566406250000e+02
6.861345214843750000e+02
6.543331298828125000e+02
6.731917114257812500e+02
6.657417602539062500e+02
7.048032226562500000e+02
6.846678466796875000e+02
6.931639404296875000e+02
6.687476806640625000e+02
6.984290771484375000e+02
6.879884643554687500e+02
7.047553100585937500e+02
6.764825439453125000e+02
6.878369140625000000e+02
6.667127685546875000e+02
6.934690551757812500e+02
6.905675048828125000e+02
7.311513061523437500e+02
6.917730712890625000e+02
6.885265502929687500e+02
6.619080200195312500e+02
6.698395996093750000e+02
6.546199951171875000e+02
6.909965209960937500e+02
6.902870483398437500e+02
7.115029907226562500e+02
6.796342163085937500e+02
6.716159667968750000e+02
6.563725585937500000e+02
6.695556030273437500e+02
6.591984863281250000e+02
6.780885620117187500e+02
6.719921875000000000e+02
7.114758300781250000e+02
6.913412475585937500e+02
7.123903808593750000e+02
6.754542236328125000e+02
6.812808837890625000e+02
6.574711303710937500e+02
6.640621337890625000e+02
6.559948730468750000e+02
6.608430786132812500e+02
6.623687744140625000e+02
6.829241333007812500e+02
6.826649780273437500e+02
7.261637573242187500e+02
6.926008911132812500e+02
6.896438598632812500e+02
6.465200195312500000e+02
6.428522949218750000e+02
6.413422241210937500e+02
6.890607299804687500e+02
7.014331665039062500e+02
7.506468505859375000e+02
6.949741821289062500e+02
6.776611938476562500e+02
6.435800781250000000e+02
6.487706298828125000e+02
6.413327026367187500e+02
6.693615112304687500e+02
6.960809936523437500e+02
7.486957397460937500e+02
6.930737304687500000e+02
6.786747436523437500e+02
6.411650390625000000e+02
6.533554687500000000e+02
6.454465942382812500e+02
6.943243408203125000e+02
6.840013427734375000e+02
7.061979370117187500e+02
6.678842163085937500e+02
6.570770263671875000e+02
6.458388061523437500e+02
6.827551879882812500e+02
6.900980224609375000e+02
7.378558959960937500e+02
6.809608764648437500e+02
6.715496826171875000e+02
6.387805175781250000e+02
6.431571044921875000e+02
6.455754394531250000e+02
7.004351806640625000e+02
6.969826049804687500e+02
7.285518798828125000e+02
6.890379028320312500e+02
6.951981201171875000e+02
6.534616699218750000e+02
6.686603393554687500e+02
6.626437377929687500e+02
6.842738037109375000e+02
6.690236816406250000e+02
7.056765136718750000e+02
6.856809082031250000e+02
6.963497924804687500e+02
6.558710937500000000e+02
6.608927612304687500e+02
6.514805297851562500e+02
7.006854858398437500e+02
7.060255126953125000e+02
7.261843872070312500e+02
6.727148437500000000e+02
6.771346435546875000e+02
6.652190551757812500e+02
6.757940673828125000e+02
6.618000488281250000e+02
6.930867309570312500e+02
6.833527221679687500e+02
7.111307373046875000e+02
6.782291870117187500e+02
6.801605224609375000e+02
6.558750610351562500e+02
6.626087036132812500e+02
6.596480102539062500e+02
6.977097167968750000e+02
7.041907348632812500e+02
7.337662963867187500e+02
6.674880981445312500e+02
6.506725463867187500e+02
6.382373657226562500e+02
6.706775512695312500e+02
6.640388793945312500e+02
6.874838256835937500e+02
6.772811279296875000e+02
7.001666870117187500e+02
6.774498901367187500e+02
6.873446044921875000e+02
6.531579589843750000e+02
6.649902954101562500e+02
6.769753417968750000e+02
7.210258178710937500e+02
7.015082397460937500e+02
7.134367675781250000e+02
6.596221313476562500e+02
6.410929565429687500e+02
6.309532470703125000e+02
6.660244140625000000e+02
6.833264770507812500e+02
7.213593139648437500e+02
6.853685302734375000e+02
6.841517944335937500e+02
6.541682739257812500e+02
6.748594360351562500e+02
6.735809326171875000e+02
7.019638061523437500e+02
6.826641845703125000e+02
6.952276000976562500e+02
6.622025146484375000e+02
6.764520874023437500e+02
6.540622558593750000e+02
6.648151245117187500e+02
6.631784057617187500e+02
6.826207275390625000e+02
6.799461059570312500e+02
7.083059082031250000e+02
6.773380126953125000e+02
6.898532104492187500e+02
6.567747192382812500e+02
6.803695068359375000e+02
6.756582031250000000e+02
6.994630126953125000e+02
6.737156372070312500e+02
6.781098632812500000e+02
6.535665893554687500e+02
6.714879760742187500e+02
6.531998901367187500e+02
6.827559814453125000e+02
6.692963867187500000e+02
6.932619628906250000e+02
6.661723632812500000e+02
6.806721801757812500e+02
6.530563964843750000e+02
6.607473144531250000e+02
6.545341186523437500e+02
7.049687500000000000e+02
6.983200073242187500e+02
7.265408935546875000e+02
6.742122192382812500e+02
6.699711303710937500e+02
6.449575805664062500e+02
6.570862426757812500e+02
6.432138671875000000e+02
6.784103393554687500e+02
6.727000122070312500e+02
7.011446533203125000e+02
6.758817138671875000e+02
6.923983764648437500e+02
6.709744873046875000e+02
6.895952148437500000e+02
6.724087524414062500e+02
6.933057250976562500e+02
6.650648193359375000e+02
6.778345336914062500e+02
6.443699340820312500e+02
6.617711791992187500e+02
6.667500610351562500e+02
6.869707641601562500e+02
6.686318969726562500e+02
6.954406127929687500e+02
6.686401977539062500e+02
6.840763549804687500e+02
6.678497924804687500e+02
6.909217529296875000e+02
6.659038085937500000e+02
6.745545654296875000e+02
6.559826049804687500e+02
6.730977783203125000e+02
6.613955078125000000e+02
6.874915161132812500e+02
6.655575561523437500e+02
6.947822875976562500e+02
6.718247070312500000e+02
6.972866821289062500e+02
6.692437133789062500e+02
6.797780151367187500e+02
6.691216430664062500e+02
6.823530273437500000e+02
6.691508178710937500e+02
6.793637084960937500e+02
6.523534545898437500e+02
6.702831420898437500e+02
6.688246459960937500e+02
7.177899780273437500e+02
6.836012573242187500e+02
6.909721679687500000e+02
6.535231323242187500e+02
6.681818237304687500e+02
6.484620971679687500e+02
6.744580078125000000e+02
6.753312988281250000e+02
7.142974243164062500e+02
6.809019165039062500e+02
6.787710571289062500e+02
6.620970458984375000e+02
6.950981445312500000e+02
6.690401000976562500e+02
6.766367187500000000e+02
6.465787963867187500e+02
6.600028076171875000e+02
6.478726196289062500e+02
6.841748657226562500e+02
6.794163818359375000e+02
7.126118164062500000e+02
6.776939086914062500e+02
6.836644897460937500e+02
6.536060180664062500e+02
6.703606567382812500e+02
6.655828857421875000e+02
6.957437744140625000e+02
6.818503417968750000e+02
7.086670532226562500e+02
6.672835693359375000e+02
6.604355468750000000e+02
6.318695678710937500e+02
6.507780761718750000e+02
6.688793334960937500e+02
7.365791015625000000e+02
6.969534301757812500e+02
6.927401733398437500e+02
6.498073120117187500e+02
6.432742309570312500e+02
6.349515380859375000e+02
6.678458862304687500e+02
6.808082275390625000e+02
7.286403808593750000e+02
7.003476562500000000e+02
6.824221801757812500e+02
6.365109863281250000e+02
6.301653442382812500e+02
6.209279785156250000e+02
6.464655151367187500e+02
6.570185546875000000e+02
7.075527343750000000e+02
6.838959960937500000e+02
7.004725952148437500e+02
6.612050170898437500e+02
6.728896484375000000e+02
6.541069335937500000e+02
6.748821411132812500e+02
6.624945068359375000e+02
6.867253417968750000e+02
6.852549438476562500e+02
7.073840942382812500e+02
6.590477905273437500e+02
6.573778076171875000e+02
6.327933959960937500e+02
6.517780761718750000e+02
6.472440185546875000e+02
6.879291381835937500e+02
6.883994750976562500e+02
6.979157104492187500e+02
6.543908691406250000e+02
6.661951904296875000e+02
6.506929321289062500e+02
6.794575195312500000e+02
6.695940551757812500e+02
7.161322631835937500e+02
6.812061157226562500e+02
6.842590942382812500e+02
6.557454223632812500e+02
6.706584472656250000e+02
6.583350830078125000e+02
6.875307006835937500e+02
6.692831420898437500e+02
6.841068115234375000e+02
6.597727661132812500e+02
6.792893066406250000e+02
6.575563964843750000e+02
6.788530273437500000e+02
6.714635620117187500e+02
6.909163208007812500e+02
6.664462280273437500e+02
6.876558227539062500e+02
6.590729980468750000e+02
6.831532592773437500e+02
6.715676269531250000e+02
6.969224853515625000e+02
6.586019287109375000e+02
6.618985595703125000e+02
6.307183837890625000e+02
6.540989379882812500e+02
6.597454223632812500e+02
7.034811401367187500e+02
6.720640258789062500e+02
6.827937622070312500e+02
6.597225952148437500e+02
6.719624633789062500e+02
6.508284912109375000e+02
6.628980712890625000e+02
6.443186035156250000e+02
6.688530273437500000e+02
6.546502075195312500e+02
6.821398925781250000e+02
6.637493896484375000e+02
6.867590942382812500e+02
6.635268554687500000e+02
6.791626586914062500e+02
6.586993408203125000e+02
6.599358520507812500e+02
6.475210571289062500e+02
6.733495483398437500e+02
6.733113403320312500e+02
7.085794067382812500e+02
6.662770385742187500e+02
6.701748046875000000e+02
6.371284179687500000e+02
6.507399902343750000e+02
6.471924438476562500e+02
6.772126464843750000e+02
6.729258422851562500e+02
7.086633911132812500e+02
6.771210327148437500e+02
6.881570434570312500e+02
6.606318359375000000e+02
6.666970825195312500e+02
6.483460083007812500e+02
6.715552368164062500e+02
6.681466064453125000e+02
7.154575805664062500e+02
6.857696533203125000e+02
6.847434692382812500e+02
6.452725219726562500e+02
6.556580810546875000e+02
6.417484741210937500e+02
6.834642333984375000e+02
6.689403076171875000e+02
7.072915039062500000e+02
6.805357666015625000e+02
6.878244628906250000e+02
6.456250610351562500e+02
6.585490722656250000e+02
6.487742919921875000e+02
6.777670898437500000e+02
6.816379394531250000e+02
7.105108032226562500e+02
6.664367065429687500e+02
6.510554809570312500e+02
6.281608886718750000e+02
6.507160034179687500e+02
6.559389648437500000e+02
7.055226440429687500e+02
6.971583862304687500e+02
7.162229003906250000e+02
6.569849853515625000e+02
6.544005126953125000e+02
6.421557006835937500e+02
6.726140136718750000e+02
6.733734741210937500e+02
6.934501953125000000e+02
6.583425903320312500e+02
6.611040039062500000e+02
6.407960205078125000e+02
6.539874267578125000e+02
6.645867309570312500e+02
7.219296875000000000e+02
6.782044677734375000e+02
6.728157348632812500e+02
6.395270385742187500e+02
6.567586059570312500e+02
6.655840454101562500e+02
7.000678100585937500e+02
6.755545043945312500e+02
6.814792480468750000e+02
6.526130981445312500e+02
6.590222778320312500e+02
6.524328002929687500e+02
6.815938110351562500e+02
6.758408813476562500e+02
6.994916381835937500e+02
6.749371337890625000e+02
6.862064208984375000e+02
6.492197875976562500e+02
6.727748413085937500e+02
6.509964599609375000e+02
6.792948608398437500e+02
6.655248413085937500e+02
6.960635986328125000e+02
6.774130249023437500e+02
6.937582397460937500e+02
6.701704711914062500e+02
6.955106811523437500e+02
6.702863769531250000e+02
6.730768432617187500e+02
6.423947753906250000e+02
6.585473022460937500e+02
6.452124023437500000e+02
6.877011108398437500e+02
6.730001220703125000e+02
6.887825927734375000e+02
6.720825195312500000e+02
6.767790527343750000e+02
6.552849731445312500e+02
6.868122558593750000e+02
6.548135375976562500e+02
6.846138305664062500e+02
6.624233398437500000e+02
6.754564208984375000e+02
6.442808227539062500e+02
6.543880615234375000e+02
6.354406127929687500e+02
6.706333007812500000e+02
6.682189941406250000e+02
7.080935668945312500e+02
6.808835449218750000e+02
6.795784301757812500e+02
6.480066528320312500e+02
6.526371459960937500e+02
6.400090332031250000e+02
6.688226928710937500e+02
6.743659667968750000e+02
7.155921020507812500e+02
6.886205444335937500e+02
6.718034667968750000e+02
6.315626831054687500e+02
6.278374633789062500e+02
6.357555541992187500e+02
6.787051391601562500e+02
6.851977539062500000e+02
7.054502563476562500e+02
6.735607910156250000e+02
6.726813354492187500e+02
6.382351074218750000e+02
6.417288818359375000e+02
6.394442138671875000e+02
6.851187133789062500e+02
6.955661621093750000e+02
7.319874267578125000e+02
6.613280029296875000e+02
6.455743408203125000e+02
6.213153076171875000e+02
6.482918090820312500e+02
6.577307128906250000e+02
7.052882690429687500e+02
6.829281616210937500e+02
6.897775268554687500e+02
6.336672973632812500e+02
6.267893066406250000e+02
6.309267578125000000e+02
6.593648681640625000e+02
6.571827392578125000e+02
6.979401855468750000e+02
6.719613037109375000e+02
6.922241821289062500e+02
6.494344482421875000e+02
6.699404296875000000e+02
6.546027221679687500e+02
6.906367797851562500e+02
6.736494750976562500e+02
6.824232177734375000e+02
6.446140747070312500e+02
6.481326293945312500e+02
6.364193115234375000e+02
6.829570312500000000e+02
6.783266601562500000e+02
7.094841308593750000e+02
6.649291992187500000e+02
6.637944335937500000e+02
6.368884277343750000e+02
6.515153808593750000e+02
6.582874755859375000e+02
6.951745605468750000e+02
6.787672119140625000e+02
6.903248901367187500e+02
6.460261840820312500e+02
6.499620361328125000e+02
6.306831054687500000e+02
6.503198852539062500e+02
6.582559814453125000e+02
6.831948852539062500e+02
6.589882202148437500e+02
6.566123657226562500e+02
6.336348876953125000e+02
6.478464965820312500e+02
6.489570922851562500e+02
6.778881225585937500e+02
6.650122070312500000e+02
6.783993530273437500e+02
6.577725219726562500e+02
6.774124755859375000e+02
6.507204589843750000e+02
6.604428100585937500e+02
6.407376098632812500e+02
6.690512695312500000e+02
6.743342285156250000e+02
7.023532714843750000e+02
6.688098754882812500e+02
6.727590942382812500e+02
6.413726196289062500e+02
6.532782592773437500e+02
6.500668334960937500e+02
6.763398437500000000e+02
6.735208129882812500e+02
6.999060058593750000e+02
6.536484375000000000e+02
6.396517333984375000e+02
6.157499389648437500e+02
6.334476318359375000e+02
6.593536987304687500e+02
7.289828491210937500e+02
6.971523437500000000e+02
6.899085083007812500e+02
6.264385986328125000e+02
6.137785644531250000e+02
6.170986938476562500e+02
6.703135986328125000e+02
6.935038452148437500e+02
7.366053466796875000e+02
6.590845947265625000e+02
6.303612060546875000e+02
5.991763305664062500e+02
6.058521728515625000e+02
6.238640136718750000e+02
7.011752319335937500e+02
7.241699218750000000e+02
7.448891601562500000e+02
6.371593017578125000e+02
6.109337158203125000e+02
5.996914062500000000e+02
6.243025512695312500e+02
6.692192993164062500e+02
7.438600463867187500e+02
6.879162597656250000e+02
6.643421020507812500e+02
6.134470825195312500e+02
6.132205200195312500e+02
6.377076416015625000e+02
7.217135620117187500e+02
7.165042724609375000e+02
7.146217651367187500e+02
6.488760986328125000e+02
6.405270996093750000e+02
6.173607177734375000e+02
6.548851318359375000e+02
6.665970458984375000e+02
7.262349853515625000e+02
6.769710083007812500e+02
6.715646362304687500e+02
6.317344360351562500e+02
6.401250610351562500e+02
6.321488037109375000e+02
6.849741210937500000e+02
7.032393188476562500e+02
7.353062133789062500e+02
6.574712524414062500e+02
6.360600585937500000e+02
6.149860229492187500e+02
6.393270874023437500e+02
6.589985961914062500e+02
7.096705932617187500e+02
6.842521362304687500e+02
6.939765625000000000e+02
6.523898925781250000e+02
6.573344726562500000e+02
6.359137573242187500e+02
6.722478027343750000e+02
6.606656494140625000e+02
6.978029785156250000e+02
6.558353271484375000e+02
6.563416137695312500e+02
6.278750610351562500e+02
6.377303466796875000e+02
6.527223510742187500e+02
7.113788452148437500e+02
6.863042602539062500e+02
6.759609375000000000e+02
6.381763305664062500e+02
6.465877685546875000e+02
6.439099731445312500e+02
6.980578002929687500e+02
6.747643432617187500e+02
6.870873413085937500e+02
6.401896362304687500e+02
6.571478881835937500e+02
6.385434570312500000e+02
6.632731323242187500e+02
6.558569335937500000e+02
6.799810180664062500e+02
6.670026855468750000e+02
6.826070556640625000e+02
6.628486938476562500e+02
6.803291625976562500e+02
6.540551147460937500e+02
6.641740112304687500e+02
6.494016723632812500e+02
6.824287109375000000e+02
6.597774047851562500e+02
6.838344116210937500e+02
6.582268676757812500e+02
6.869136352539062500e+02
6.621293334960937500e+02
6.819464721679687500e+02
6.495282592773437500e+02
6.575919799804687500e+02
6.431146240234375000e+02
6.709171142578125000e+02
6.516908569335937500e+02
6.717787475585937500e+02
6.481491088867187500e+02
6.805366821289062500e+02
6.494435424804687500e+02
6.744033813476562500e+02
6.634095458984375000e+02
6.977660522460937500e+02
6.709480590820312500e+02
6.750733032226562500e+02
6.375265502929687500e+02
6.454953002929687500e+02
6.222848510742187500e+02
6.475189208984375000e+02
6.609882812500000000e+02
7.188216552734375000e+02
6.758751220703125000e+02
6.630487670898437500e+02
6.303021850585937500e+02
6.369175415039062500e+02
6.334258422851562500e+02
6.872151489257812500e+02
6.861488037109375000e+02
6.994852294921875000e+02
6.374458618164062500e+02
6.269948120117187500e+02
6.104980468750000000e+02
6.412089233398437500e+02
6.529445190429687500e+02
7.009555053710937500e+02
6.752988281250000000e+02
6.859412841796875000e+02
6.435230712890625000e+02
6.380670166015625000e+02
6.276638793945312500e+02
6.625884399414062500e+02
6.612935791015625000e+02
7.014751586914062500e+02
6.594700927734375000e+02
6.694780883789062500e+02
6.483733520507812500e+02
6.702269287109375000e+02
6.649056396484375000e+02
6.863022460937500000e+02
6.556409301757812500e+02
6.514031372070312500e+02
6.306246337890625000e+02
6.526677246093750000e+02
6.474564208984375000e+02
6.929433593750000000e+02
6.697300415039062500e+02
6.716436767578125000e+02
6.301024780273437500e+02
6.362333984375000000e+02
6.443148803710937500e+02
7.004213867187500000e+02
6.735269165039062500e+02
6.781567993164062500e+02
6.284703979492187500e+02
6.387004394531250000e+02
6.383045043945312500e+02
6.899995117187500000e+02
6.828734130859375000e+02
7.086405639648437500e+02
6.658091430664062500e+02
6.729155883789062500e+02
6.361425781250000000e+02
6.629598388671875000e+02
6.554783935546875000e+02
6.797127685546875000e+02
6.687506103515625000e+02
6.858716430664062500e+02
6.690731201171875000e+02
6.744315795898437500e+02
6.364313964843750000e+02
6.406547241210937500e+02
6.459694824218750000e+02
6.895631713867187500e+02
6.676679687500000000e+02
6.717989501953125000e+02
6.383666992187500000e+02
6.407153320312500000e+02
6.463775634765625000e+02
6.941633300781250000e+02
6.739877929687500000e+02
6.832645874023437500e+02
6.395535888671875000e+02
6.556742553710937500e+02
6.394172363281250000e+02
6.744013061523437500e+02
6.575969238281250000e+02
6.864000244140625000e+02
6.489692382812500000e+02
6.678369750976562500e+02
6.448964843750000000e+02
6.760098876953125000e+02
6.512830200195312500e+02
6.795488891601562500e+02
6.585535888671875000e+02
6.643376464843750000e+02
6.409279785156250000e+02
6.596618041992187500e+02
6.370072631835937500e+02
6.548834228515625000e+02
6.627625732421875000e+02
6.908828735351562500e+02
6.674788818359375000e+02
6.674036254882812500e+02
6.372035522460937500e+02
6.591879882812500000e+02
6.430603027343750000e+02
6.732174682617187500e+02
6.513251953125000000e+02
6.776145019531250000e+02
6.643410034179687500e+02
6.836405029296875000e+02
6.488855590820312500e+02
6.621478271484375000e+02
6.422081298828125000e+02
6.706646728515625000e+02
6.566060180664062500e+02
6.804183349609375000e+02
6.437034301757812500e+02
6.641405639648437500e+02
6.442980346679687500e+02
6.666731567382812500e+02
6.608129272460937500e+02
6.782910156250000000e+02
6.440035400390625000e+02
6.507339477539062500e+02
6.472236328125000000e+02
6.766461181640625000e+02
6.471681518554687500e+02
6.664924926757812500e+02
6.534196777343750000e+02
6.720893554687500000e+02
6.477174682617187500e+02
6.822308959960937500e+02
6.621682128906250000e+02
6.854229125976562500e+02
6.425536499023437500e+02
6.526281127929687500e+02
6.263024291992187500e+02
6.424518432617187500e+02
6.295321655273437500e+02
6.710209350585937500e+02
6.641204833984375000e+02
7.103159179687500000e+02
6.603157958984375000e+02
6.520402221679687500e+02
6.241697998046875000e+02
6.412485961914062500e+02
6.586959228515625000e+02
7.064397583007812500e+02
6.753707275390625000e+02
6.745023193359375000e+02
6.251533203125000000e+02
6.279705200195312500e+02
6.289969482421875000e+02
6.812493896484375000e+02
6.769982910156250000e+02
6.943677978515625000e+02
6.453298950195312500e+02
6.437814331054687500e+02
6.279958496093750000e+02
6.549744873046875000e+02
6.639282836914062500e+02
7.060755615234375000e+02
6.629883422851562500e+02
6.549562988281250000e+02
6.294888305664062500e+02
6.496493530273437500e+02
6.351495971679687500e+02
6.721439208984375000e+02
6.651126708984375000e+02
6.839161376953125000e+02
6.545793457031250000e+02
6.579354858398437500e+02
6.346097412109375000e+02
6.474331054687500000e+02
6.385888061523437500e+02
6.815056152343750000e+02
6.696885375976562500e+02
6.790643920898437500e+02
6.406365356445312500e+02
6.428939208984375000e+02
6.279046630859375000e+02
6.585217895507812500e+02
6.533465576171875000e+02
6.822651367187500000e+02
6.547827758789062500e+02
6.558453369140625000e+02
6.239635009765625000e+02
6.533414306640625000e+02
6.484288940429687500e+02
6.832603149414062500e+02
6.578848876953125000e+02
6.761719360351562500e+02
6.358603515625000000e+02
6.421591796875000000e+02
6.257081298828125000e+02
6.578574218750000000e+02
6.587125244140625000e+02
6.962429809570312500e+02
6.625715942382812500e+02
6.658743896484375000e+02
6.349912719726562500e+02
6.554090576171875000e+02
6.493566894531250000e+02
6.758488159179687500e+02
6.600067138671875000e+02
6.750430297851562500e+02
6.490297241210937500e+02
6.738620605468750000e+02
6.452943115234375000e+02
6.598765869140625000e+02
6.373742675781250000e+02
6.555706176757812500e+02
6.405746459960937500e+02
6.750870971679687500e+02
6.639398193359375000e+02
6.855263671875000000e+02
6.536044311523437500e+02
6.673690185546875000e+02
6.332163085937500000e+02
6.576795043945312500e+02
6.485304565429687500e+02
6.789432373046875000e+02
6.568338012695312500e+02
6.662207641601562500e+02
6.377487182617187500e+02
6.524566650390625000e+02
6.464152221679687500e+02
6.805640258789062500e+02
6.676021728515625000e+02
6.712489013671875000e+02
6.224448852539062500e+02
6.249216918945312500e+02
6.039887084960937500e+02
6.235143432617187500e+02
6.404628906250000000e+02
7.075516357421875000e+02
6.804934692382812500e+02
6.782718505859375000e+02
6.308541870117187500e+02
6.404573974609375000e+02
6.390786743164062500e+02
6.803812255859375000e+02
6.724804687500000000e+02
6.986585693359375000e+02
6.476337890625000000e+02
6.388677978515625000e+02
6.226245117187500000e+02
6.423837280273437500e+02
6.426325073242187500e+02
6.890934448242187500e+02
6.624207153320312500e+02
6.693978881835937500e+02
6.304385986328125000e+02
6.335319213867187500e+02
6.304468994140625000e+02
6.682525634765625000e+02
6.707587280273437500e+02
6.905424194335937500e+02
6.449301757812500000e+02
6.494251708984375000e+02
6.381467285156250000e+02
6.587086791992187500e+02
6.449694824218750000e+02
6.730191650390625000e+02
6.481301879882812500e+02
6.678651733398437500e+02
6.462833862304687500e+02
6.680895996093750000e+02
6.361284179687500000e+02
6.508185424804687500e+02
6.477205200195312500e+02
6.982742309570312500e+02
6.575454711914062500e+02
6.728720092773437500e+02
6.464238281250000000e+02
6.604251708984375000e+02
6.499111328125000000e+02
6.860768432617187500e+02
6.554602661132812500e+02
6.625657958984375000e+02
6.323199462890625000e+02
6.390108642578125000e+02
6.344615478515625000e+02
6.702763061523437500e+02
6.624671630859375000e+02
6.843056030273437500e+02
6.428018798828125000e+02
6.487180175781250000e+02
6.330488281250000000e+02
6.504991455078125000e+02
6.558909301757812500e+02
6.781593017578125000e+02
6.469207763671875000e+02
6.571434326171875000e+02
6.256342163085937500e+02
6.494791870117187500e+02
6.503353271484375000e+02
6.942597045898437500e+02
6.628355102539062500e+02
6.537143554687500000e+02
6.281785888671875000e+02
6.429547729492187500e+02
6.435396728515625000e+02
6.851137695312500000e+02
6.571027221679687500e+02
6.641365966796875000e+02
6.254990844726562500e+02
6.322583007812500000e+02
6.365040283203125000e+02
6.762480468750000000e+02
6.685125122070312500e+02
7.005559082031250000e+02
6.351681518554687500e+02
6.314895019531250000e+02
6.294116210937500000e+02
6.614863891601562500e+02
6.685991821289062500e+02
7.191517333984375000e+02
6.531713256835937500e+02
6.321705932617187500e+02
6.062509765625000000e+02
6.145794677734375000e+02
6.353574829101562500e+02
6.865136718750000000e+02
6.702487182617187500e+02
6.955100097656250000e+02
6.447502441406250000e+02
6.354614868164062500e+02
6.042810058593750000e+02
6.254658203125000000e+02
6.383821411132812500e+02
6.966765747070312500e+02
6.661628417968750000e+02
6.811823730468750000e+02
6.284705200195312500e+02
6.334603881835937500e+02
6.264171752929687500e+02
6.652018432617187500e+02
6.486942138671875000e+02
6.826028442382812500e+02
6.377331542968750000e+02
6.503982543945312500e+02
6.281552734375000000e+02
6.499233398437500000e+02
6.532254638671875000e+02
6.715433959960937500e+02
6.458898925781250000e+02
6.659047241210937500e+02
6.393421020507812500e+02
6.576174316406250000e+02
6.429148559570312500e+02
6.632250366210937500e+02
6.335245971679687500e+02
6.521253051757812500e+02
6.339719848632812500e+02
6.548540649414062500e+02
6.358309936523437500e+02
6.697066650390625000e+02
6.493759765625000000e+02
6.646961669921875000e+02
6.205371093750000000e+02
6.304501953125000000e+02
6.338367919921875000e+02
6.827991333007812500e+02
6.714278564453125000e+02
6.892777709960937500e+02
6.364124145507812500e+02
6.303051757812500000e+02
6.082553100585937500e+02
6.329297485351562500e+02
6.413549804687500000e+02
7.013031616210937500e+02
6.712927856445312500e+02
6.822099609375000000e+02
6.263938598632812500e+02
6.098267822265625000e+02
6.018995971679687500e+02
6.413262939453125000e+02
6.576038818359375000e+02
7.085169067382812500e+02
6.556433105468750000e+02
6.366885986328125000e+02
6.100605468750000000e+02
6.058294067382812500e+02
6.120171508789062500e+02
6.659839477539062500e+02
6.689552001953125000e+02
6.910739746093750000e+02
6.359276123046875000e+02
6.216999511718750000e+02
6.117791748046875000e+02
6.487767333984375000e+02
6.648054809570312500e+02
7.136066894531250000e+02
6.553545532226562500e+02
6.430473632812500000e+02
6.091864013671875000e+02
6.191292724609375000e+02
6.241559448242187500e+02
6.662604370117187500e+02
6.644250488281250000e+02
6.942474365234375000e+02
6.442198486328125000e+02
6.385712280273437500e+02
6.179082031250000000e+02
6.474862060546875000e+02
6.517265625000000000e+02
6.933170166015625000e+02
6.456301879882812500e+02
6.472219848632812500e+02
6.225299682617187500e+02
6.528104248046875000e+02
6.591665649414062500e+02
6.936672973632812500e+02
6.563872680664062500e+02
6.690017700195312500e+02
6.270227050781250000e+02
6.368826293945312500e+02
6.259183349609375000e+02
6.506972045898437500e+02
6.494172973632812500e+02
6.985610961914062500e+02
6.583347167968750000e+02
6.523977050781250000e+02
6.078488159179687500e+02
6.290087280273437500e+02
6.384404296875000000e+02
6.801818847656250000e+02
6.644745483398437500e+02
6.704190063476562500e+02
6.293612670898437500e+02
6.435281372070312500e+02
6.292200317382812500e+02
6.694909667968750000e+02
6.562669067382812500e+02
6.860773315429687500e+02
6.413164062500000000e+02
6.298153076171875000e+02
6.084483032226562500e+02
6.387067871093750000e+02
6.535111083984375000e+02
7.063504638671875000e+02
6.654404907226562500e+02
6.509348754882812500e+02
6.041726684570312500e+02
6.154969482421875000e+02
6.279498901367187500e+02
6.696549682617187500e+02
6.590540771484375000e+02
6.745650024414062500e+02
6.336066894531250000e+02
6.447055053710937500e+02
6.269661254882812500e+02
6.661940307617187500e+02
6.532971801757812500e+02
6.665686645507812500e+02
6.370545654296875000e+02
6.499172973632812500e+02
6.380952758789062500e+02
6.532694702148437500e+02
6.418446044921875000e+02
6.669541015625000000e+02
6.539808349609375000e+02
6.807675170898437500e+02
6.385061035156250000e+02
6.519996337890625000e+02
6.279455566406250000e+02
6.504896850585937500e+02
6.406536865234375000e+02
6.771043701171875000e+02
6.430544433593750000e+02
6.658901977539062500e+02
6.436047363281250000e+02
6.604343872070312500e+02
6.466586303710937500e+02
6.758063964843750000e+02
6.424023437500000000e+02
6.673397216796875000e+02
6.300575561523437500e+02
6.368637695312500000e+02
6.137341918945312500e+02
6.352888183593750000e+02
6.261932373046875000e+02
6.699544067382812500e+02
6.664137573242187500e+02
6.798685302734375000e+02
6.407058105468750000e+02
6.449024658203125000e+02
6.300713500976562500e+02
6.638538818359375000e+02
6.435611572265625000e+02
6.540247802734375000e+02
6.333555908203125000e+02
6.513276977539062500e+02
6.386179809570312500e+02
6.794056396484375000e+02
6.418312988281250000e+02
6.526218872070312500e+02
6.328231811523437500e+02
6.591815795898437500e+02
6.480855102539062500e+02
6.776541748046875000e+02
6.407411499023437500e+02
6.352512817382812500e+02
6.195119628906250000e+02
6.400150756835937500e+02
6.528574218750000000e+02
6.939210815429687500e+02
6.592119750976562500e+02
6.550881958007812500e+02
6.265234375000000000e+02
6.358021240234375000e+02
6.265106811523437500e+02
6.754392700195312500e+02
6.617102050781250000e+02
6.849176635742187500e+02
6.288037109375000000e+02
6.252308349609375000e+02
6.107522583007812500e+02
6.445623779296875000e+02
6.450055541992187500e+02
6.807021484375000000e+02
6.442459716796875000e+02
6.457602539062500000e+02
6.255585937500000000e+02
6.436565551757812500e+02
6.273764648437500000e+02
6.565217895507812500e+02
6.342907104492187500e+02
6.652046508789062500e+02
6.419060058593750000e+02
6.572192993164062500e+02
6.233657226562500000e+02
6.290313110351562500e+02
6.309412231445312500e+02
6.620960693359375000e+02
6.550335083007812500e+02
6.804506225585937500e+02
6.350713500976562500e+02
6.405990600585937500e+02
6.274145507812500000e+02
6.715071411132812500e+02
6.513465576171875000e+02
6.704232177734375000e+02
6.227074584960937500e+02
6.347026977539062500e+02
6.253334960937500000e+02
6.606139526367187500e+02
6.668984985351562500e+02
6.865307617187500000e+02
6.249108886718750000e+02
6.159536743164062500e+02
5.994929199218750000e+02
6.346553955078125000e+02
6.494462280273437500e+02
6.890437622070312500e+02
6.487604370117187500e+02
6.557435913085937500e+02
6.197355957031250000e+02
6.343178100585937500e+02
6.412689819335937500e+02
6.868500976562500000e+02
6.521648559570312500e+02
6.516647338867187500e+02
6.289601440429687500e+02
6.470440063476562500e+02
6.284224243164062500e+02
6.653727416992187500e+02
6.508789672851562500e+02
6.791011352539062500e+02
6.414776611328125000e+02
6.492797851562500000e+02
6.166969604492187500e+02
6.404459228515625000e+02
6.408729858398437500e+02
6.846837158203125000e+02
6.575190429687500000e+02
6.638781738281250000e+02
6.282691650390625000e+02
6.384725952148437500e+02
6.368060302734375000e+02
6.618900146484375000e+02
6.472250976562500000e+02
6.659959106445312500e+02
6.405665893554687500e+02
6.479499511718750000e+02
6.145341796875000000e+02
6.271286010742187500e+02
6.189643554687500000e+02
6.524761962890625000e+02
6.595519409179687500e+02
6.976276855468750000e+02
6.362318115234375000e+02
6.316788330078125000e+02
6.111702270507812500e+02
6.430816040039062500e+02
6.507003784179687500e+02
6.844460449218750000e+02
6.534490966796875000e+02
6.582724609375000000e+02
6.194354248046875000e+02
6.345794677734375000e+02
6.382095947265625000e+02
6.859405517578125000e+02
6.556947631835937500e+02
6.644760131835937500e+02
6.244381713867187500e+02
6.439348144531250000e+02
6.256888427734375000e+02
6.517173461914062500e+02
6.382326660156250000e+02
6.573702392578125000e+02
6.304882202148437500e+02
6.521193847656250000e+02
6.535383911132812500e+02
6.792555541992187500e+02
6.317517700195312500e+02
6.399392700195312500e+02
6.229248046875000000e+02
6.471734619140625000e+02
6.403640136718750000e+02
6.752283935546875000e+02
6.486021728515625000e+02
6.594208374023437500e+02
6.241547241210937500e+02
6.479168701171875000e+02
6.341556396484375000e+02
6.660265502929687500e+02
6.331600341796875000e+02
6.594898071289062500e+02
6.315778198242187500e+02
6.574937744140625000e+02
6.312262573242187500e+02
6.477048339843750000e+02
6.347760620117187500e+02
6.551980590820312500e+02
6.411922607421875000e+02
6.654833984375000000e+02
6.272301635742187500e+02
6.436106567382812500e+02
6.369752807617187500e+02
6.646253662109375000e+02
6.414913330078125000e+02
6.615898437500000000e+02
6.274052734375000000e+02
6.351852416992187500e+02
6.336950073242187500e+02
6.680709838867187500e+02
6.391342773437500000e+02
6.503211059570312500e+02
6.300682983398437500e+02
6.399793090820312500e+02
6.318344726562500000e+02
6.515861816406250000e+02
6.208502807617187500e+02
6.409653930664062500e+02
6.343376464843750000e+02
6.654826049804687500e+02
6.450045166015625000e+02
6.628519287109375000e+02
6.231380615234375000e+02
6.382687377929687500e+02
6.234600830078125000e+02
6.626144409179687500e+02
6.442738037109375000e+02
6.742731933593750000e+02
6.476203613281250000e+02
6.712852172851562500e+02
6.267114257812500000e+02
6.393407592773437500e+02
6.264492187500000000e+02
6.640065917968750000e+02
6.433632202148437500e+02
6.519108886718750000e+02
6.290022583007812500e+02
6.478455810546875000e+02
6.233360595703125000e+02
6.435484008789062500e+02
6.294675292968750000e+02
6.439692382812500000e+02
6.387681884765625000e+02
6.568280639648437500e+02
6.350117797851562500e+02
6.467412109375000000e+02
6.312192382812500000e+02
6.453988647460937500e+02
6.429936523437500000e+02
6.648313598632812500e+02
6.280364379882812500e+02
6.232808227539062500e+02
5.974802246093750000e+02
6.176849975585937500e+02
6.230871582031250000e+02
6.543872680664062500e+02
6.544446411132812500e+02
6.796957397460937500e+02
6.374592895507812500e+02
6.468139648437500000e+02
6.260265502929687500e+02
6.428902587890625000e+02
6.403482055664062500e+02
6.810816040039062500e+02
6.564339599609375000e+02
6.803093261718750000e+02
6.197242431640625000e+02
6.228533935546875000e+02
6.074609375000000000e+02
6.493137817382812500e+02
6.592827148437500000e+02
6.839776000976562500e+02
6.394080810546875000e+02
6.350373535156250000e+02
6.118102416992187500e+02
6.431476440429687500e+02
6.448060302734375000e+02
6.938065185546875000e+02
6.493877563476562500e+02
6.500495605468750000e+02
6.060158691406250000e+02
6.151659545898437500e+02
6.185645751953125000e+02
6.705972290039062500e+02
6.557401733398437500e+02
6.694791870117187500e+02
6.272067260742187500e+02
6.401038818359375000e+02
6.306296386718750000e+02
6.581649169921875000e+02
6.274385986328125000e+02
6.550870361328125000e+02
6.253965454101562500e+02
6.487167358398437500e+02
6.427951049804687500e+02
6.776691284179687500e+02
6.402903442382812500e+02
6.299257202148437500e+02
5.986178588867187500e+02
6.125759277343750000e+02
6.270476684570312500e+02
6.793459472656250000e+02
6.569906005859375000e+02
6.540711059570312500e+02
6.123021240234375000e+02
6.189948120117187500e+02
6.219924316406250000e+02
6.668627929687500000e+02
6.604479370117187500e+02
6.802528686523437500e+02
6.326206665039062500e+02
6.256896972656250000e+02
6.116564941406250000e+02
6.502924804687500000e+02
6.429838867187500000e+02
6.746431884765625000e+02
6.354721069335937500e+02
6.489706420898437500e+02
6.287631835937500000e+02
6.464861450195312500e+02
6.311136474609375000e+02
6.661939697265625000e+02
6.316961059570312500e+02
6.429026489257812500e+02
6.232241821289062500e+02
6.561873779296875000e+02
6.400355834960937500e+02
6.621654663085937500e+02
6.290987548828125000e+02
6.351403808593750000e+02
6.232482299804687500e+02
6.468637084960937500e+02
6.402605590820312500e+02
6.795410156250000000e+02
6.432258911132812500e+02
6.542312011718750000e+02
6.225153808593750000e+02
6.467465820312500000e+02
6.314388427734375000e+02
6.402736816406250000e+02
6.218735961914062500e+02
6.448786010742187500e+02
6.351018066406250000e+02
6.723673095703125000e+02
6.520685424804687500e+02
6.705741577148437500e+02
6.228594360351562500e+02
6.281903076171875000e+02
6.088213500976562500e+02
6.389248046875000000e+02
6.408713989257812500e+02
6.678090820312500000e+02
6.409530639648437500e+02
6.511465454101562500e+02
6.140413818359375000e+02
6.357170410156250000e+02
6.262126464843750000e+02
6.731836547851562500e+02
6.492840576171875000e+02
6.559860839843750000e+02
6.104354858398437500e+02
6.205006713867187500e+02
6.150482788085937500e+02
6.701497192382812500e+02
6.562233886718750000e+02
6.855245971679687500e+02
6.273626708984375000e+02
6.206525878906250000e+02
5.991516723632812500e+02
6.280382690429687500e+02
6.349365844726562500e+02
6.894089355468750000e+02
6.478314208984375000e+02
6.388170166015625000e+02
6.074344482421875000e+02
6.147061767578125000e+02
6.201365966796875000e+02
6.726673583984375000e+02
6.552055053710937500e+02
6.712075195312500000e+02
6.321871948242187500e+02
6.231771850585937500e+02
6.021950683593750000e+02
6.232938842773437500e+02
6.263369750976562500e+02
6.740410156250000000e+02
6.368305053710937500e+02
6.375554809570312500e+02
6.141934204101562500e+02
6.505808105468750000e+02
6.467904663085937500e+02
6.800656738281250000e+02
6.355227661132812500e+02
6.281580200195312500e+02
6.072010498046875000e+02
6.297359619140625000e+02
6.307066040039062500e+02
6.791696777343750000e+02
6.467830200195312500e+02
6.460117797851562500e+02
6.162726440429687500e+02
6.371396484375000000e+02
6.301610107421875000e+02
6.647101440429687500e+02
6.412211914062500000e+02
6.501287841796875000e+02
6.099302368164062500e+02
6.196308593750000000e+02
6.060576171875000000e+02
6.487723388671875000e+02
6.523789672851562500e+02
6.809877929687500000e+02
6.231888427734375000e+02
6.186784667968750000e+02
5.976392211914062500e+02
6.423436279296875000e+02
6.666897583007812500e+02
6.954075317382812500e+02
6.341495361328125000e+02
6.097609863281250000e+02
5.841126098632812500e+02
6.153013916015625000e+02
6.292578125000000000e+02
6.820376586914062500e+02
6.456801147460937500e+02
6.432584228515625000e+02
6.030341186523437500e+02
6.105878906250000000e+02
6.082844238281250000e+02
6.586110229492187500e+02
6.550743408203125000e+02
6.880303955078125000e+02
6.286289062500000000e+02
6.293378906250000000e+02
6.088158569335937500e+02
6.369570922851562500e+02
6.428670654296875000e+02
6.831074218750000000e+02
6.402369995117187500e+02
6.375825805664062500e+02
6.066192016601562500e+02
6.280563964843750000e+02
6.263134765625000000e+02
6.762452392578125000e+02
6.525780639648437500e+02
6.538925781250000000e+02
6.086259155273437500e+02
6.268659667968750000e+02
6.229105224609375000e+02
6.706476440429687500e+02
6.485006713867187500e+02
6.656560058593750000e+02
6.254240112304687500e+02
6.351795654296875000e+02
6.156940917968750000e+02
6.364120483398437500e+02
6.243502197265625000e+02
6.788605957031250000e+02
6.443719482421875000e+02
6.472206420898437500e+02
6.107006225585937500e+02
6.238691406250000000e+02
6.151508789062500000e+02
6.609193725585937500e+02
6.473655395507812500e+02
6.676853637695312500e+02
6.167424316406250000e+02
6.172930908203125000e+02
6.171569213867187500e+02
6.537955322265625000e+02
6.352158203125000000e+02
6.567131347656250000e+02
6.290364379882812500e+02
6.351555786132812500e+02
6.133039550781250000e+02
6.398263549804687500e+02
6.228228149414062500e+02
6.507595214843750000e+02
6.313784790039062500e+02
6.575665893554687500e+02
6.230453491210937500e+02
6.205512695312500000e+02
6.117750244140625000e+02
6.432658081054687500e+02
6.416002197265625000e+02
6.718980102539062500e+02
6.250093383789062500e+02
6.402666015625000000e+02
6.183328857421875000e+02
6.548469238281250000e+02
6.412045898437500000e+02
6.717312011718750000e+02
6.290457153320312500e+02
6.399697265625000000e+02
6.117695312500000000e+02
6.381913452148437500e+02
6.294433593750000000e+02
6.655408935546875000e+02
6.292198486328125000e+02
6.377020874023437500e+02
6.271225585937500000e+02
6.709799194335937500e+02
6.325033569335937500e+02
6.364324340820312500e+02
6.139225463867187500e+02
6.315063476562500000e+02
6.219826049804687500e+02
6.459257202148437500e+02
6.334676513671875000e+02
6.455048217773437500e+02
6.229097290039062500e+02
6.480288085937500000e+02
6.355642700195312500e+02
6.677075195312500000e+02
6.287160034179687500e+02
6.399705200195312500e+02
6.102538452148437500e+02
6.292706298828125000e+02
6.230133666992187500e+02
6.634938964843750000e+02
6.382385864257812500e+02
6.652073364257812500e+02
6.290264892578125000e+02
6.421494140625000000e+02
6.230122680664062500e+02
6.347545166015625000e+02
6.229371337890625000e+02
6.532429809570312500e+02
6.353457031250000000e+02
6.463857421875000000e+02
6.227873535156250000e+02
6.388727416992187500e+02
6.153513183593750000e+02
6.443367309570312500e+02
6.218977661132812500e+02
6.450055541992187500e+02
6.249979248046875000e+02
6.528792724609375000e+02
6.255120239257812500e+02
6.585807495117187500e+02
6.337670288085937500e+02
6.544748535156250000e+02
6.313353271484375000e+02
6.378518066406250000e+02
6.189945068359375000e+02
6.505040893554687500e+02
6.426903076171875000e+02
6.749131469726562500e+02
6.252138061523437500e+02
6.350575561523437500e+02
6.104372558593750000e+02
6.350297241210937500e+02
6.442631225585937500e+02
6.801320190429687500e+02
6.333035278320312500e+02
6.383624267578125000e+02
6.074876708984375000e+02
6.197245483398437500e+02
6.209764404296875000e+02
6.552436523437500000e+02
6.331432495117187500e+02
6.503983764648437500e+02
6.159650878906250000e+02
6.326439819335937500e+02
6.197826538085937500e+02
6.632740478515625000e+02
6.367507934570312500e+02
6.481322631835937500e+02
6.162506713867187500e+02
6.285425415039062500e+02
6.222983398437500000e+02
6.578632812500000000e+02
6.347497558593750000e+02
6.512387084960937500e+02
6.133754882812500000e+02
6.232194824218750000e+02
6.136623535156250000e+02
6.489647216796875000e+02
6.319069213867187500e+02
6.542228393554687500e+02
6.172550659179687500e+02
6.289155883789062500e+02
6.240604858398437500e+02
6.556830444335937500e+02
6.316912841796875000e+02
6.516914672851562500e+02
6.234631958007812500e+02
6.408978881835937500e+02
6.229074707031250000e+02
6.516174316406250000e+02
6.420346069335937500e+02
6.732041015625000000e+02
6.167955932617187500e+02
6.253755493164062500e+02
6.096047973632812500e+02
6.454080200195312500e+02
6.412509765625000000e+02
6.624829711914062500e+02
6.257137451171875000e+02
6.227705078125000000e+02
6.032729492187500000e+02
6.241449584960937500e+02
6.234191894531250000e+02
6.618070068359375000e+02
6.394810791015625000e+02
6.447271728515625000e+02
6.114016723632812500e+02
6.371426391601562500e+02
6.283914794921875000e+02
6.624541015625000000e+02
6.401448974609375000e+02
6.569617309570312500e+02
6.196348876953125000e+02
6.365374145507812500e+02
6.231569824218750000e+02
6.385421142578125000e+02
6.226746826171875000e+02
6.413545532226562500e+02
6.209489746093750000e+02
6.541351318359375000e+02
6.212950439453125000e+02
6.370776977539062500e+02
6.226287231445312500e+02
6.505630493164062500e+02
6.302471923828125000e+02
6.481971435546875000e+02
6.228937988281250000e+02
6.292995605468750000e+02
6.222111206054687500e+02
6.446052246093750000e+02
6.258461914062500000e+02
6.497576904296875000e+02
6.268762207031250000e+02
6.481832275390625000e+02
6.194570922851562500e+02
6.499876708984375000e+02
6.321242675781250000e+02
6.570055541992187500e+02
6.373990478515625000e+02
6.551710205078125000e+02
6.097835693359375000e+02
6.168912353515625000e+02
6.021959838867187500e+02
6.285411987304687500e+02
6.193345947265625000e+02
6.544690551757812500e+02
6.279686279296875000e+02
6.350429077148437500e+02
6.165285034179687500e+02
6.466845092773437500e+02
6.371968383789062500e+02
6.569926757812500000e+02
6.176187133789062500e+02
6.201016845703125000e+02
6.049368286132812500e+02
6.350940551757812500e+02
6.330543212890625000e+02
6.805236816406250000e+02
6.358184814453125000e+02
6.340206298828125000e+02
6.030040283203125000e+02
6.255907592773437500e+02
6.134332275390625000e+02
6.523654785156250000e+02
6.329674682617187500e+02
6.526686401367187500e+02
6.181379394531250000e+02
6.283739013671875000e+02
6.041339721679687500e+02
6.238095092773437500e+02
6.143334960937500000e+02
6.600552978515625000e+02
6.336115722656250000e+02
6.559857177734375000e+02
6.072528076171875000e+02
6.122965087890625000e+02
6.001900634765625000e+02
6.403862915039062500e+02
6.337361450195312500e+02
6.721166381835937500e+02
6.270823364257812500e+02
6.342073974609375000e+02
6.019933471679687500e+02
6.190269775390625000e+02
6.145735473632812500e+02
6.427124633789062500e+02
6.131469726562500000e+02
6.346024780273437500e+02
6.128461303710937500e+02
6.491829833984375000e+02
6.276542358398437500e+02
6.444418945312500000e+02
6.114035034179687500e+02
6.265801391601562500e+02
6.124072265625000000e+02
6.352473144531250000e+02
6.215244750976562500e+02
6.372496948242187500e+02
6.246334228515625000e+02
6.551448364257812500e+02
6.251761474609375000e+02
6.450707397460937500e+02
6.069774780273437500e+02
6.322703857421875000e+02
6.066403808593750000e+02
6.348834838867187500e+02
6.338937377929687500e+02
6.680323486328125000e+02
6.270687255859375000e+02
6.251047973632812500e+02
5.965583496093750000e+02
6.243964233398437500e+02
6.274918212890625000e+02
6.710084838867187500e+02
6.265245361328125000e+02
6.282426147460937500e+02
6.010133056640625000e+02
6.161250610351562500e+02
6.251309814453125000e+02
6.780169067382812500e+02
6.515889282226562500e+02
6.469279785156250000e+02
6.007369384765625000e+02
6.075010986328125000e+02
5.991925659179687500e+02
6.390874023437500000e+02
6.391422729492187500e+02
6.594124755859375000e+02
6.200274658203125000e+02
6.205206909179687500e+02
5.983893432617187500e+02
6.382474365234375000e+02
6.320147705078125000e+02
6.744814453125000000e+02
6.346774291992187500e+02
6.350714111328125000e+02
6.092565917968750000e+02
6.466452636718750000e+02
6.338172607421875000e+02
6.708741455078125000e+02
6.167252807617187500e+02
6.155285644531250000e+02
5.985439453125000000e+02
6.346050415039062500e+02
6.326545410156250000e+02
6.744096679687500000e+02
6.258348388671875000e+02
6.359592895507812500e+02
6.050880126953125000e+02
6.198623657226562500e+02
6.062193603515625000e+02
6.362269287109375000e+02
6.278898315429687500e+02
6.489815673828125000e+02
6.261401367187500000e+02
6.502921752929687500e+02
6.289237670898437500e+02
6.384163208007812500e+02
6.127582397460937500e+02
6.269981079101562500e+02
6.183239746093750000e+02
6.513003540039062500e+02
6.435889282226562500e+02
6.519147338867187500e+02
6.139018554687500000e+02
6.291538085937500000e+02
6.188756713867187500e+02
6.457015991210937500e+02
6.374689941406250000e+02
6.624370117187500000e+02
6.305725097656250000e+02
6.394383544921875000e+02
6.122093505859375000e+02
6.333903198242187500e+02
6.140427246093750000e+02
6.304513549804687500e+02
6.233693847656250000e+02
6.529044799804687500e+02
6.096468505859375000e+02
6.145684814453125000e+02
6.068637084960937500e+02
6.485184326171875000e+02
6.311108398437500000e+02
6.504068603515625000e+02
6.166304931640625000e+02
6.331138305664062500e+02
6.138426513671875000e+02
6.392373046875000000e+02
6.264458007812500000e+02
6.460006713867187500e+02
6.168193969726562500e+02
6.206999511718750000e+02
6.044264526367187500e+02
6.352418212890625000e+02
6.248392944335937500e+02
6.612807617187500000e+02
6.307001342773437500e+02
6.309320678710937500e+02
6.160884399414062500e+02
6.325290527343750000e+02
6.118103637695312500e+02
6.387730712890625000e+02
6.359793090820312500e+02
6.619584350585937500e+02
6.183617553710937500e+02
6.260562744140625000e+02
6.133696899414062500e+02
6.525148925781250000e+02
6.314805908203125000e+02
6.440913085937500000e+02
6.088118896484375000e+02
6.370217285156250000e+02
6.219230957031250000e+02
6.376013183593750000e+02
6.056531982421875000e+02
6.258876342773437500e+02
6.179237670898437500e+02
6.588020019531250000e+02
6.283236694335937500e+02
6.324454956054687500e+02
5.951138305664062500e+02
6.114441528320312500e+02
6.051148681640625000e+02
6.572982177734375000e+02
6.385924072265625000e+02
6.564650268554687500e+02
6.077622680664062500e+02
6.192110595703125000e+02
6.094089355468750000e+02
6.411195068359375000e+02
6.352228393554687500e+02
6.664844360351562500e+02
6.241826171875000000e+02
6.434080810546875000e+02
6.148715209960937500e+02
6.252683715820312500e+02
6.106224975585937500e+02
6.396044311523437500e+02
6.094431762695312500e+02
6.347442626953125000e+02
6.131593627929687500e+02
6.357697143554687500e+02
6.145004272460937500e+02
6.275731811523437500e+02
6.069708862304687500e+02
6.351495971679687500e+02
6.136254272460937500e+02
6.359641723632812500e+02
6.381686401367187500e+02
6.598984375000000000e+02
6.079837646484375000e+02
6.149931030273437500e+02
6.092329101562500000e+02
6.490991821289062500e+02
6.411856689453125000e+02
6.627828979492187500e+02
6.194900512695312500e+02
6.160256347656250000e+02
5.954069213867187500e+02
6.329509277343750000e+02
6.357988891601562500e+02
6.694119262695312500e+02
6.244197387695312500e+02
6.280453491210937500e+02
6.167744140625000000e+02
6.377885131835937500e+02
6.239925537109375000e+02
6.279031982421875000e+02
6.014595947265625000e+02
6.236943359375000000e+02
6.213426513671875000e+02
6.553729248046875000e+02
6.189431152343750000e+02
6.300718383789062500e+02
6.113721313476562500e+02
6.411052856445312500e+02
6.249873657226562500e+02
6.486549682617187500e+02
6.207161865234375000e+02
6.412709350585937500e+02
6.093415527343750000e+02
6.283165283203125000e+02
6.111250610351562500e+02
6.207885742187500000e+02
6.050693969726562500e+02
6.374799194335937500e+02
6.180391845703125000e+02
6.471808471679687500e+02
6.064334106445312500e+02
6.294943237304687500e+02
6.135910644531250000e+02
6.466328735351562500e+02
6.260158081054687500e+02
6.447865600585937500e+02
6.046951904296875000e+02
6.173026123046875000e+02
6.023927612304687500e+02
6.315280761718750000e+02
6.274953002929687500e+02
6.518503417968750000e+02
6.221600952148437500e+02
6.378624877929687500e+02
6.100422363281250000e+02
6.244105834960937500e+02
6.099972534179687500e+02
6.388319702148437500e+02
6.228756713867187500e+02
6.538862915039062500e+02
6.096278076171875000e+02
6.182102661132812500e+02
6.031470947265625000e+02
6.296980590820312500e+02
6.231364746093750000e+02
6.518590087890625000e+02
6.140821533203125000e+02
6.311631469726562500e+02
6.061326904296875000e+02
6.256636962890625000e+02
6.221873168945312500e+02
6.679705200195312500e+02
6.326187133789062500e+02
6.220629272460937500e+02
5.863653564453125000e+02
6.018508911132812500e+02
6.038386840820312500e+02
6.502803344726562500e+02
6.361402587890625000e+02
6.503073120117187500e+02
6.110109252929687500e+02
6.246281127929687500e+02
6.056863403320312500e+02
6.378359375000000000e+02
6.181571655273437500e+02
6.405016479492187500e+02
6.098970336914062500e+02
6.386948852539062500e+02
6.110233154296875000e+02
6.376403808593750000e+02
6.257773437500000000e+02
6.524650878906250000e+02
6.166850585937500000e+02
6.267553100585937500e+02
6.057879028320312500e+02
6.258297119140625000e+02
6.122456054687500000e+02
6.521593017578125000e+02
6.214418334960937500e+02
6.434627685546875000e+02
6.151956787109375000e+02
6.321264648437500000e+02
6.221120605468750000e+02
6.464376831054687500e+02
6.276111450195312500e+02
6.471547241210937500e+02
6.159787597656250000e+02
6.305896606445312500e+02
6.036022338867187500e+02
6.239508056640625000e+02
6.084691772460937500e+02
6.386268920898437500e+02
6.197132568359375000e+02
6.432567138671875000e+02
6.256599731445312500e+02
6.392859497070312500e+02
6.103168945312500000e+02
6.312933959960937500e+02
6.206010131835937500e+02
6.347468872070312500e+02
6.214672851562500000e+02
6.400588378906250000e+02
6.201552734375000000e+02
6.499116821289062500e+02
6.090085449218750000e+02
6.157617187500000000e+02
5.964122924804687500e+02
6.277195434570312500e+02
6.235768432617187500e+02
6.647607421875000000e+02
6.190218505859375000e+02
6.214791870117187500e+02
5.976267700195312500e+02
6.220966796875000000e+02
6.204425048828125000e+02
6.344752197265625000e+02
6.124622802734375000e+02
6.240576782226562500e+02
6.045426025390625000e+02
6.252317504882812500e+02
6.083264770507812500e+02
6.215408935546875000e+02
6.114736938476562500e+02
6.518700561523437500e+02
6.200491333007812500e+02
6.491417846679687500e+02
6.140082397460937500e+02
6.384927978515625000e+02
6.107550048828125000e+02
6.458323974609375000e+02
6.213038940429687500e+02
6.356385498046875000e+02
6.046547241210937500e+02
6.303106689453125000e+02
6.223608398437500000e+02
6.556268920898437500e+02
6.251488647460937500e+02
6.359572143554687500e+02
6.105559692382812500e+02
6.364102172851562500e+02
6.135817871093750000e+02
6.355987548828125000e+02
6.062312011718750000e+02
6.298513793945312500e+02
6.141879272460937500e+02
6.500413818359375000e+02
6.283408813476562500e+02
6.534614868164062500e+02
6.111454467773437500e+02
6.216434936523437500e+02
6.133344726562500000e+02
6.401522216796875000e+02
6.122243041992187500e+02
6.224144287109375000e+02
5.931515502929687500e+02
6.343719482421875000e+02
6.258908081054687500e+02
6.684934082031250000e+02
6.213098144531250000e+02
6.187760620117187500e+02
5.917793579101562500e+02
6.173521118164062500e+02
6.117528076171875000e+02
6.498031005859375000e+02
6.189438476562500000e+02
6.337872924804687500e+02
6.084348754882812500e+02
6.133038330078125000e+02
6.048791503906250000e+02
6.571907958984375000e+02
6.277640991210937500e+02
6.255891723632812500e+02
5.879733276367187500e+02
6.138755493164062500e+02
6.062025146484375000e+02
6.522737426757812500e+02
6.240748901367187500e+02
6.378546752929687500e+02
6.038269042968750000e+02
6.247719116210937500e+02
6.102182006835937500e+02
6.405532226562500000e+02
6.112919921875000000e+02
6.169561767578125000e+02
6.004288330078125000e+02
6.204595947265625000e+02
6.219123535156250000e+02
6.498164062500000000e+02
6.239515991210937500e+02
6.210540771484375000e+02
5.964081420898437500e+02
6.325581665039062500e+02
6.287402954101562500e+02
6.550033569335937500e+02
6.119099121093750000e+02
6.242667236328125000e+02
6.070449218750000000e+02
6.343670043945312500e+02
6.120001220703125000e+02
6.443824462890625000e+02
6.260338745117187500e+02
6.393808593750000000e+02
6.094883422851562500e+02
6.289625244140625000e+02
6.135670776367187500e+02
6.388124389648437500e+02
6.281021728515625000e+02
6.490016479492187500e+02
6.080226440429687500e+02
6.131054687500000000e+02
6.093341674804687500e+02
6.316325073242187500e+02
6.170773925781250000e+02
6.323179321289062500e+02
5.991165771484375000e+02
6.201047973632812500e+02
6.020899658203125000e+02
6.254535522460937500e+02
6.021817626953125000e+02
6.256112670898437500e+02
6.123132934570312500e+02
6.569570922851562500e+02
6.206642456054687500e+02
6.253870239257812500e+02
5.950745239257812500e+02
6.134395751953125000e+02
6.113401489257812500e+02
6.471945800781250000e+02
6.180334472656250000e+02
6.354799194335937500e+02
6.018312988281250000e+02
6.272478027343750000e+02
6.132837524414062500e+02
6.432508544921875000e+02
6.220153808593750000e+02
6.323663330078125000e+02
6.060223388671875000e+02
6.235545654296875000e+02
6.011817016601562500e+02
6.386047973632812500e+02
6.186887817382812500e+02
6.358742675781250000e+02
6.097717285156250000e+02
6.355625610351562500e+02
5.965448608398437500e+02
6.160498657226562500e+02
6.029266357421875000e+02
6.496644897460937500e+02
6.313470458984375000e+02
6.410661010742187500e+02
6.130847167968750000e+02
6.269411621093750000e+02
6.034084472656250000e+02
6.429357299804687500e+02
6.181798095703125000e+02
6.410690917968750000e+02
6.209859008789062500e+02
6.412907714843750000e+02
6.063659667968750000e+02
6.147995605468750000e+02
6.104613037109375000e+02
6.481683959960937500e+02
6.232655029296875000e+02
6.436566772460937500e+02
6.102086181640625000e+02
6.210878295898437500e+02
5.986494750976562500e+02
6.237055053710937500e+02
6.157807617187500000e+02
6.413787231445312500e+02
6.095850830078125000e+02
6.304954833984375000e+02
6.109795532226562500e+02
6.337375488281250000e+02
6.093461303710937500e+02
6.199098510742187500e+02
5.993445434570312500e+02
6.326922607421875000e+02
6.201213989257812500e+02
6.430153808593750000e+02
6.050983886718750000e+02
6.168162841796875000e+02
6.023310546875000000e+02
6.453318481445312500e+02
6.119658813476562500e+02
6.252792968750000000e+02
5.969575195312500000e+02
6.270983886718750000e+02
6.027456665039062500e+02
6.309593505859375000e+02
6.164461059570312500e+02
6.470364990234375000e+02
6.014082031250000000e+02
6.046380004882812500e+02
5.873125610351562500e+02
6.162584228515625000e+02
6.245473022460937500e+02
6.543024902343750000e+02
6.191849975585937500e+02
6.205057983398437500e+02
5.946443481445312500e+02
6.171096191406250000e+02
6.205275878906250000e+02
6.455975341796875000e+02
6.263495483398437500e+02
6.349790039062500000e+02
5.948862304687500000e+02
6.163062133789062500e+02
6.024075317382812500e+02
6.369707641601562500e+02
6.295056762695312500e+02
6.418021850585937500e+02
5.959490966796875000e+02
6.106599731445312500e+02
6.070180053710937500e+02
6.355388183593750000e+02
6.082951660156250000e+02
6.217411499023437500e+02
6.128378295898437500e+02
6.490269165039062500e+02
6.170956420898437500e+02
6.277287597656250000e+02
5.946315917968750000e+02
6.167527465820312500e+02
6.051126708984375000e+02
6.295151367187500000e+02
6.142658691406250000e+02
6.317318115234375000e+02
6.012949218750000000e+02
6.248523559570312500e+02
6.182686767578125000e+02
6.373443603515625000e+02
6.164575805664062500e+02
6.262391357421875000e+02
6.034422607421875000e+02
6.188591918945312500e+02
6.094231567382812500e+02
6.514702148437500000e+02
6.158159790039062500e+02
6.177488403320312500e+02
5.988756103515625000e+02
6.354711914062500000e+02
6.194075317382812500e+02
6.341791992187500000e+02
6.053455200195312500e+02
6.168512573242187500e+02
6.081074218750000000e+02
6.428810424804687500e+02
6.367399291992187500e+02
6.491349487304687500e+02
5.998103027343750000e+02
6.008861083984375000e+02
5.839028320312500000e+02
6.212739257812500000e+02
6.214562988281250000e+02
6.528615112304687500e+02
6.076105957031250000e+02
6.098732299804687500e+02
5.868831176757812500e+02
6.151423950195312500e+02
6.214066162109375000e+02
6.628257446289062500e+02
6.197750854492187500e+02
6.355728149414062500e+02
6.041741943359375000e+02
6.166278686523437500e+02
6.014119262695312500e+02
6.281117553710937500e+02
6.150377197265625000e+02
6.325364379882812500e+02
6.123604736328125000e+02
6.238935546875000000e+02
6.135319213867187500e+02
6.408916015625000000e+02
6.067760009765625000e+02
6.291268310546875000e+02
6.032327270507812500e+02
6.370881347656250000e+02
6.237457885742187500e+02
6.419796142578125000e+02
6.152708740234375000e+02
6.395842285156250000e+02
5.990738525390625000e+02
6.110303344726562500e+02
5.952458496093750000e+02
6.320037231445312500e+02
6.194782104492187500e+02
6.464240112304687500e+02
6.019237060546875000e+02
6.083591308593750000e+02
5.832832641601562500e+02
6.104826049804687500e+02
6.228366699218750000e+02
6.759907226562500000e+02
6.257861328125000000e+02
6.114797973632812500e+02
5.761676025390625000e+02
6.068045654296875000e+02
6.094783325195312500e+02
6.536734619140625000e+02
6.244556884765625000e+02
6.221342163085937500e+02
5.970297241210937500e+02
6.097063598632812500e+02
6.023563842773437500e+02
6.421101074218750000e+02
6.221825561523437500e+02
6.443785400390625000e+02
5.970282592773437500e+02
6.039332275390625000e+02
5.906858520507812500e+02
6.218024291992187500e+02
6.798779907226562500e+02
6.707437744140625000e+02
5.889902954101562500e+02
5.435762329101562500e+02
5.790706787109375000e+02
5.779846191406250000e+02
5.226232910156250000e+02
4.789065856933593750e+02
5.048382568359375000e+02
4.906187438964843750e+02
4.532232666015625000e+02
4.246901550292968750e+02
4.390369262695312500e+02
4.251581420898437500e+02
3.865645141601562500e+02
3.793495788574218750e+02
3.816978759765625000e+02
3.560782165527343750e+02
3.395379333496093750e+02
3.357541809082031250e+02
3.321434936523437500e+02
3.092597961425781250e+02
3.066397705078125000e+02
3.012094116210937500e+02
2.891303405761718750e+02
2.727661132812500000e+02
2.708655395507812500e+02
2.669919128417968750e+02
2.561008300781250000e+02
2.460613555908203125e+02
2.466877136230468750e+02
2.389427490234375000e+02
2.274422454833984375e+02
2.240713195800781250e+02
2.223200988769531250e+02
2.136213378906250000e+02
2.070177459716796875e+02
2.044696655273437500e+02
1.981144409179687500e+02
1.931364593505859375e+02
1.905461120605468750e+02
1.881578826904296875e+02
1.803460083007812500e+02
1.778616638183593750e+02
1.736249237060546875e+02
1.714750671386718750e+02
1.647870178222656250e+02
1.659108276367187500e+02
1.633427429199218750e+02
1.555349884033203125e+02
1.565492401123046875e+02
1.545430908203125000e+02
1.511410522460937500e+02
1.489752197265625000e+02
1.483954010009765625e+02
1.449722900390625000e+02
1.433995361328125000e+02
1.397891540527343750e+02
1.365350341796875000e+02
1.393984069824218750e+02
1.331858215332031250e+02
1.344493103027343750e+02
1.315171051025390625e+02
1.299607543945312500e+02
1.293735961914062500e+02
1.299536743164062500e+02
1.264900512695312500e+02
1.265967407226562500e+02
1.226326599121093750e+02
1.217520599365234375e+02
1.235505447387695312e+02
1.185844573974609375e+02
1.200231781005859375e+02
1.144300842285156250e+02
1.164090194702148438e+02
1.157953948974609375e+02
1.144635620117187500e+02
1.143899993896484375e+02
1.113352432250976562e+02
1.121087722778320312e+02
1.100495758056640625e+02
1.115958862304687500e+02
1.108554229736328125e+02
1.098591690063476562e+02
1.071697235107421875e+02
1.084521484375000000e+02
1.048279495239257812e+02
1.083356781005859375e+02
1.075590515136718750e+02
1.054192962646484375e+02
1.032006988525390625e+02
1.029568634033203125e+02
1.043002014160156250e+02
1.015116424560546875e+02
1.025552062988281250e+02
1.013308258056640625e+02
9.898498535156250000e+01
1.016642150878906250e+02
9.849788665771484375e+01
1.012726135253906250e+02
9.926679992675781250e+01
9.867192077636718750e+01
9.966096496582031250e+01
9.803347778320312500e+01
9.831712341308593750e+01
9.864177703857421875e+01
9.654325866699218750e+01
9.755960083007812500e+01
9.500527954101562500e+01
9.411591339111328125e+01
9.343399047851562500e+01
9.422450256347656250e+01
9.407523345947265625e+01
9.399409484863281250e+01
9.640103912353515625e+01
9.351482391357421875e+01
9.295426940917968750e+01
9.554492950439453125e+01
9.315187072753906250e+01
9.565620422363281250e+01
9.520761108398437500e+01
9.388550567626953125e+01
9.332120513916015625e+01
9.377326965332031250e+01
9.245061492919921875e+01
9.293618774414062500e+01
9.129817199707031250e+01
9.216111755371093750e+01
9.151134490966796875e+01
9.295463562011718750e+01
9.075774383544921875e+01
8.982424926757812500e+01
9.075033569335937500e+01
9.273042297363281250e+01
9.113200378417968750e+01
9.130107116699218750e+01
9.117988586425781250e+01
8.953947448730468750e+01
9.133734130859375000e+01
8.861888122558593750e+01
9.280049133300781250e+01
8.937799072265625000e+01
8.865993499755859375e+01
8.800828552246093750e+01
8.725861358642578125e+01
8.958862304687500000e+01
9.167702484130859375e+01
8.936943054199218750e+01
8.736923980712890625e+01
8.992945861816406250e+01
8.904783630371093750e+01
9.109960937500000000e+01
8.728306579589843750e+01
8.776557159423828125e+01
8.897356414794921875e+01
8.843243408203125000e+01
8.608253479003906250e+01
8.872444152832031250e+01
8.724919891357421875e+01
8.590991210937500000e+01
8.825900268554687500e+01
8.870444488525390625e+01
8.706077575683593750e+01
8.677973937988281250e+01
8.750099945068359375e+01
8.846101379394531250e+01
8.795657348632812500e+01
8.860412597656250000e+01
8.727223205566406250e+01
8.713294219970703125e+01
8.658222961425781250e+01
8.662138366699218750e+01
8.566954040527343750e+01
8.708312988281250000e+01
8.634299468994140625e+01
8.706561279296875000e+01
8.731002807617187500e+01
8.804956817626953125e+01
8.710327148437500000e+01
8.681171417236328125e+01
8.824834442138671875e+01
8.747436523437500000e+01
8.663404846191406250e+01
8.745212554931640625e+01
8.531227874755859375e+01
8.692317962646484375e+01
8.540512847900390625e+01
8.687308502197265625e+01
8.542681121826171875e+01
8.624880218505859375e+01
8.555509948730468750e+01
8.800527954101562500e+01
8.644179534912109375e+01
8.882881927490234375e+01
8.312660217285156250e+01
8.565873718261718750e+01
8.650955200195312500e+01
8.545061492919921875e+01
8.503430938720703125e+01
8.572592163085937500e+01
8.428989410400390625e+01
8.536047363281250000e+01
8.453030395507812500e+01
8.557841491699218750e+01
8.588757324218750000e+01
8.566593933105468750e+01
8.645228576660156250e+01
8.552685546875000000e+01
8.596601867675781250e+01
8.749544525146484375e+01
8.560775756835937500e+01
8.466214752197265625e+01
8.460761260986328125e+01
8.440463256835937500e+01
8.568738555908203125e+01
8.646961975097656250e+01
8.523567199707031250e+01
8.703358459472656250e+01
8.742210388183593750e+01
8.487405395507812500e+01
8.604393005371093750e+01
8.611826324462890625e+01
8.752519989013671875e+01
8.593362426757812500e+01
8.687286376953125000e+01
8.594716644287109375e+01
8.656498718261718750e+01
8.387228393554687500e+01
8.462700653076171875e+01
8.383451080322265625e+01
8.664153289794921875e+01
8.557529449462890625e+01
8.697885894775390625e+01
8.599608612060546875e+01
8.547486877441406250e+01
8.496063995361328125e+01
8.592774963378906250e+01
8.537419128417968750e+01
8.519481658935546875e+01
8.481343841552734375e+01
8.621247863769531250e+01
8.478610992431640625e+01
8.687664031982421875e+01
8.557626342773437500e+01
8.628454589843750000e+01
8.429158020019531250e+01
8.639035797119140625e+01
8.394773864746093750e+01
8.495413208007812500e+01
8.393936920166015625e+01
8.563213348388671875e+01
8.586162567138671875e+01
8.521914672851562500e+01
8.604346466064453125e+01
8.631784057617187500e+01
8.466465759277343750e+01
8.399233245849609375e+01
8.784945678710937500e+01
8.417266845703125000e+01
8.443989562988281250e+01
8.564161682128906250e+01
8.521728515625000000e+01
8.646415710449218750e+01
8.384021759033203125e+01
8.701620483398437500e+01
8.573793792724609375e+01
8.605160522460937500e+01
8.531040954589843750e+01
8.462877655029296875e+01
8.540484619140625000e+01
8.652595520019531250e+01
8.470423889160156250e+01
8.597113800048828125e+01
8.481917572021484375e+01
8.580355834960937500e+01
8.359272766113281250e+01
8.513459014892578125e+01
8.428765106201171875e+01
8.390447998046875000e+01
8.512457275390625000e+01
8.563598632812500000e+01
8.328506469726562500e+01
8.487621307373046875e+01
8.518438720703125000e+01
8.535281372070312500e+01
8.708377075195312500e+01
8.372489929199218750e+01
8.569981384277343750e+01
8.438664245605468750e+01
8.469743347167968750e+01
8.501593017578125000e+01
8.396220397949218750e+01
8.536181640625000000e+01
8.404209899902343750e+01
8.803115081787109375e+01
8.704260253906250000e+01
8.533010101318359375e+01
8.465967559814453125e+01
8.711101531982421875e+01
8.412136840820312500e+01
8.349009704589843750e+01
8.399729919433593750e+01
8.413310241699218750e+01
8.425654602050781250e+01
8.556735229492187500e+01
8.691059112548828125e+01
8.343437194824218750e+01
8.374502563476562500e+01
8.617307281494140625e+01
8.337285614013671875e+01
8.508937072753906250e+01
8.506885528564453125e+01
8.491998291015625000e+01
8.299170684814453125e+01
8.524141693115234375e+01
8.353350830078125000e+01
8.384421539306640625e+01
8.420580291748046875e+01
8.313262939453125000e+01
8.230909729003906250e+01
8.364049530029296875e+01
8.446089935302734375e+01
8.265380859375000000e+01
8.498030090332031250e+01
8.474131011962890625e+01
8.519868469238281250e+01
8.343494415283203125e+01
8.477028656005859375e+01
8.364673614501953125e+01
8.547933197021484375e+01
8.567176055908203125e+01
8.451640319824218750e+01
8.383863830566406250e+01
8.670166778564453125e+01
8.458745574951171875e+01
8.502090454101562500e+01
8.629936218261718750e+01
8.557557678222656250e+01
8.576596832275390625e+01
8.543208312988281250e+01
8.556977844238281250e+01
8.565683746337890625e+01
8.283934020996093750e+01
8.352574920654296875e+01
8.396534729003906250e+01
8.493348693847656250e+01
8.526700592041015625e+01
8.558934783935546875e+01
8.565122985839843750e+01
8.604905700683593750e+01
8.366623687744140625e+01
8.514995574951171875e+01
8.557993316650390625e+01
8.407623291015625000e+01
8.503170776367187500e+01
8.484815979003906250e+01
8.681909179687500000e+01
8.316938781738281250e+01
8.607413482666015625e+01
8.187958526611328125e+01
8.498634338378906250e+01
8.642900085449218750e+01
8.431610107421875000e+01
8.575717163085937500e+01
8.603657531738281250e+01
8.530999755859375000e+01
8.665885925292968750e+01
8.665887451171875000e+01
8.604117584228515625e+01
8.439714050292968750e+01
8.579705047607421875e+01
8.626425170898437500e+01
8.514547729492187500e+01
8.605289459228515625e+01
8.609562683105468750e+01
8.495116424560546875e+01
8.391756439208984375e+01
8.470444488525390625e+01
8.533592224121093750e+01
8.570463562011718750e+01
8.808452606201171875e+01
8.591687011718750000e+01
8.526810455322265625e+01
8.478517150878906250e+01
8.484301757812500000e+01
8.537693786621093750e+01
8.568922424316406250e+01
8.527722167968750000e+01
8.553998565673828125e+01
8.509630584716796875e+01
8.423318481445312500e+01
8.569475555419921875e+01
8.298727416992187500e+01
8.433699035644531250e+01
8.570197296142578125e+01
8.560751342773437500e+01
8.520314025878906250e+01
8.618170928955078125e+01
8.362644195556640625e+01
8.499285888671875000e+01
8.561398315429687500e+01
8.631650543212890625e+01
8.305036926269531250e+01
8.558399963378906250e+01
8.647461700439453125e+01
8.708251190185546875e+01
8.537174224853515625e+01
8.532907104492187500e+01
8.743882751464843750e+01
8.586749267578125000e+01
8.638212585449218750e+01
8.582675170898437500e+01
8.655284118652343750e+01
8.561169433593750000e+01
8.537413787841796875e+01
8.658299255371093750e+01
8.533950805664062500e+01
8.606005859375000000e+01
8.480805969238281250e+01
8.426786804199218750e+01
8.547957611083984375e+01
8.711110687255859375e+01
8.399631500244140625e+01
8.518743896484375000e+01
8.600122833251953125e+01
8.188191986083984375e+01
8.515486145019531250e+01
8.483509063720703125e+01
8.398821258544921875e+01
8.746588134765625000e+01
8.429692077636718750e+01
8.558156585693359375e+01
8.656820678710937500e+01
8.548971557617187500e+01
8.302931213378906250e+01
8.494286346435546875e+01
8.559148406982421875e+01
8.433444976806640625e+01
8.473937225341796875e+01
8.505220794677734375e+01
8.415443420410156250e+01
8.495578002929687500e+01
8.460105133056640625e+01
8.532723999023437500e+01
8.690959167480468750e+01
8.612923431396484375e+01
8.309500122070312500e+01
8.653311920166015625e+01
8.747367858886718750e+01
8.232433319091796875e+01
8.387866210937500000e+01
8.522117614746093750e+01
8.493105316162109375e+01
8.296724700927734375e+01
8.628851318359375000e+01
8.422065734863281250e+01
8.523377227783203125e+01
8.643321228027343750e+01
8.543972778320312500e+01
8.606554412841796875e+01
8.569208526611328125e+01
8.381490325927734375e+01
8.551845550537109375e+01
8.659204864501953125e+01
8.633550262451171875e+01
8.715030670166015625e+01
8.575051879882812500e+01
8.505798339843750000e+01
8.615394592285156250e+01
8.502024078369140625e+01
8.321762084960937500e+01
8.457231140136718750e+01
8.886093139648437500e+01
8.628894042968750000e+01
8.705842590332031250e+01
8.729389953613281250e+01
8.400426483154296875e+01
8.533526611328125000e+01
8.731874084472656250e+01
8.598457336425781250e+01
8.327127075195312500e+01
8.573696136474609375e+01
8.571984863281250000e+01
8.627435302734375000e+01
8.577484130859375000e+01
8.493357086181640625e+01
8.724609375000000000e+01
8.599795532226562500e+01
8.564260864257812500e+01
8.607081604003906250e+01
8.667744445800781250e+01
8.592797088623046875e+01
8.804190826416015625e+01
8.819876098632812500e+01
8.502378082275390625e+01
8.609780883789062500e+01
8.552246093750000000e+01
8.514335632324218750e+01
8.641033935546875000e+01
8.672201538085937500e+01
8.592664337158203125e+01
8.654228210449218750e+01
8.705310058593750000e+01
8.720022583007812500e+01
8.584581756591796875e+01
8.603203582763671875e+01
8.642314147949218750e+01
8.602333068847656250e+01
8.599583435058593750e+01
8.616758728027343750e+01
8.613917541503906250e+01
8.566341400146484375e+01
8.612612915039062500e+01
8.480595397949218750e+01
8.437405395507812500e+01
8.518022155761718750e+01
8.707070922851562500e+01
8.501825714111328125e+01
8.564921569824218750e+01
8.468290710449218750e+01
8.581864929199218750e+01
8.627973937988281250e+01
8.532130432128906250e+01
8.753828430175781250e+01
8.510787200927734375e+01
8.535090637207031250e+01
8.594178009033203125e+01
8.629589843750000000e+01
8.535619354248046875e+01
8.568418121337890625e+01
8.516388702392578125e+01
8.555238342285156250e+01
8.643264770507812500e+01
8.555910491943359375e+01
8.643395233154296875e+01
8.532584381103515625e+01
8.645107269287109375e+01
8.673753356933593750e+01
8.635372924804687500e+01
8.812312316894531250e+01
8.777856445312500000e+01
8.661392211914062500e+01
8.644280242919921875e+01
8.647528076171875000e+01
8.477021789550781250e+01
8.707227325439453125e+01
8.774520874023437500e+01
8.503413391113281250e+01
8.616013336181640625e+01
8.744570922851562500e+01
8.553440856933593750e+01
8.656035614013671875e+01
8.733682250976562500e+01
8.523755645751953125e+01
8.694756317138671875e+01
8.494820404052734375e+01
8.729985809326171875e+01
8.721409606933593750e+01
8.764499664306640625e+01
8.407766723632812500e+01
8.472863006591796875e+01
8.772711944580078125e+01
8.589025878906250000e+01
8.663477325439453125e+01
8.654676818847656250e+01
8.822781372070312500e+01
8.582352447509765625e+01
8.761933898925781250e+01
8.696627044677734375e+01
8.789485931396484375e+01
8.517765808105468750e+01
8.672705841064453125e+01
8.766738891601562500e+01
8.629209899902343750e+01
8.545700073242187500e+01
8.587441253662109375e+01
8.767329406738281250e+01
8.919499969482421875e+01
8.377175903320312500e+01
8.500746154785156250e+01
8.693360900878906250e+01
8.691746520996093750e+01
8.714922332763671875e+01
8.630678558349609375e+01
8.641967773437500000e+01
8.769758605957031250e+01
8.687319946289062500e+01
8.623249816894531250e+01
8.668058013916015625e+01
8.576541137695312500e+01
8.622475433349609375e+01
8.693630981445312500e+01
8.561916351318359375e+01
8.667603302001953125e+01
8.610633850097656250e+01
8.596653747558593750e+01
8.582561492919921875e+01
8.612703704833984375e+01
8.656764221191406250e+01
8.628999328613281250e+01
8.694792938232421875e+01
8.831159973144531250e+01
8.555638122558593750e+01
8.583483123779296875e+01
8.925418090820312500e+01
8.726168823242187500e+01
8.705371093750000000e+01
8.613617706298828125e+01
8.711425018310546875e+01
8.758548736572265625e+01
8.678008270263671875e+01
8.783369445800781250e+01
8.586464691162109375e+01
8.711076354980468750e+01
8.572489929199218750e+01
8.689099121093750000e+01
8.528941345214843750e+01
8.646714019775390625e+01
8.742002105712890625e+01
8.629002380371093750e+01
8.739430999755859375e+01
8.779294586181640625e+01
8.620481872558593750e+01
8.716212463378906250e+01
8.957543182373046875e+01
8.770381164550781250e+01
8.745316314697265625e+01
8.658650207519531250e+01
8.771534729003906250e+01
8.491618347167968750e+01
8.648904418945312500e+01
8.527857971191406250e+01
8.610607910156250000e+01
8.677076721191406250e+01
8.701055908203125000e+01
8.553146362304687500e+01
8.795086669921875000e+01
8.620222473144531250e+01
8.786660766601562500e+01
8.929335021972656250e+01
8.699827575683593750e+01
8.662615966796875000e+01
8.658321380615234375e+01
8.747123718261718750e+01
8.724464416503906250e+01
8.762845611572265625e+01
8.668714904785156250e+01
8.710639953613281250e+01
8.849925231933593750e+01
8.909645080566406250e+01
8.765132904052734375e+01
8.673831176757812500e+01
8.679827880859375000e+01
8.772841644287109375e+01
8.582235717773437500e+01
8.631726074218750000e+01
8.660591888427734375e+01
8.656062316894531250e+01
8.834683227539062500e+01
8.852203369140625000e+01
8.911531829833984375e+01
8.881977844238281250e+01
8.765854644775390625e+01
8.764877319335937500e+01
8.801860809326171875e+01
8.862945556640625000e+01
8.602947998046875000e+01
9.049356079101562500e+01
8.658589172363281250e+01
8.950445556640625000e+01
8.467716217041015625e+01
8.857307434082031250e+01
8.940533447265625000e+01
8.823896789550781250e+01
8.802809143066406250e+01
8.782715606689453125e+01
8.998340606689453125e+01
8.736553955078125000e+01
8.756394958496093750e+01
8.741593170166015625e+01
8.719284820556640625e+01
8.837548065185546875e+01
8.783235931396484375e+01
8.656465148925781250e+01
8.671998596191406250e+01
8.799458312988281250e+01
8.696062469482421875e+01
8.727388000488281250e+01
8.707868957519531250e+01
8.801828002929687500e+01
8.521173858642578125e+01
8.645452880859375000e+01
8.793146514892578125e+01
8.813957214355468750e+01
8.902508544921875000e+01
8.893264770507812500e+01
8.798680114746093750e+01
8.676198577880859375e+01
8.775123596191406250e+01
8.647404479980468750e+01
8.813661193847656250e+01
8.849555206298828125e+01
8.691734313964843750e+01
8.394221496582031250e+01
8.777710723876953125e+01
8.819610595703125000e+01
8.721306610107421875e+01
8.867769622802734375e+01
8.705488586425781250e+01
8.822050476074218750e+01
8.723194885253906250e+01
8.763393402099609375e+01
8.767324829101562500e+01
8.702997589111328125e+01
8.781116485595703125e+01
8.792238616943359375e+01
8.627755737304687500e+01
8.918716430664062500e+01
8.950668334960937500e+01
8.747483825683593750e+01
8.884294891357421875e+01
8.829858398437500000e+01
8.719267272949218750e+01
8.831039428710937500e+01
8.745413970947265625e+01
8.866468048095703125e+01
8.823965454101562500e+01
8.948803710937500000e+01
8.619918060302734375e+01
8.785568237304687500e+01
8.721223449707031250e+01
8.781121826171875000e+01
8.809306335449218750e+01
8.896891784667968750e+01
8.741140747070312500e+01
8.586174774169921875e+01
8.804747772216796875e+01
8.686587524414062500e+01
8.735149383544921875e+01
8.869977569580078125e+01
8.742250061035156250e+01
8.783059692382812500e+01
8.753261566162109375e+01
8.859771728515625000e+01
8.934699249267578125e+01
8.921025085449218750e+01
8.597525024414062500e+01
8.764338684082031250e+01
8.900770568847656250e+01
8.795661926269531250e+01
8.648542785644531250e+01
8.741304016113281250e+01
8.967978668212890625e+01
8.771031188964843750e+01
8.884039306640625000e+01
8.944709777832031250e+01
8.687455749511718750e+01
8.787652587890625000e+01
8.790766906738281250e+01
8.911833953857421875e+01
8.769648742675781250e+01
8.688061523437500000e+01
8.698038482666015625e+01
8.804672241210937500e+01
8.747481536865234375e+01
8.711077117919921875e+01
8.834394836425781250e+01
8.817215728759765625e+01
8.888980102539062500e+01
8.880079650878906250e+01
8.760797119140625000e+01
8.898207855224609375e+01
8.779721832275390625e+01
8.818577575683593750e+01
8.835852813720703125e+01
8.848895263671875000e+01
8.688964080810546875e+01
8.918955993652343750e+01
8.818180084228515625e+01
8.770548248291015625e+01
8.890882873535156250e+01
8.965183258056640625e+01
8.991531372070312500e+01
9.061074829101562500e+01
8.797453308105468750e+01
8.806524658203125000e+01
8.778196716308593750e+01
9.019068908691406250e+01
8.674603271484375000e+01
9.023809051513671875e+01
8.808567047119140625e+01
8.783059692382812500e+01
8.705636596679687500e+01
8.828131103515625000e+01
8.726254272460937500e+01
9.001833343505859375e+01
8.813121032714843750e+01
8.852937316894531250e+01
8.947963714599609375e+01
8.742462921142578125e+01
8.734394073486328125e+01
8.958657073974609375e+01
9.007260131835937500e+01
8.999961853027343750e+01
8.889086151123046875e+01
8.724456024169921875e+01
9.033254241943359375e+01
8.917207336425781250e+01
9.003877258300781250e+01
8.894812774658203125e+01
8.919375610351562500e+01
8.723244476318359375e+01
8.769068145751953125e+01
9.024555206298828125e+01
8.921459197998046875e+01
9.050449371337890625e+01
9.021073913574218750e+01
8.715780639648437500e+01
8.801658630371093750e+01
8.995459747314453125e+01
9.072526550292968750e+01
8.690496826171875000e+01
8.749232482910156250e+01
8.989962768554687500e+01
8.841156768798828125e+01
9.062377929687500000e+01
8.922611999511718750e+01
8.888660430908203125e+01
8.988539123535156250e+01
8.717697143554687500e+01
8.818223571777343750e+01
8.867668914794921875e+01
8.699621582031250000e+01
8.881176757812500000e+01
9.016220855712890625e+01
8.909437561035156250e+01
8.678392791748046875e+01
8.949072265625000000e+01
8.873571014404296875e+01
9.122066497802734375e+01
9.027293395996093750e+01
8.923484802246093750e+01
9.130697631835937500e+01
8.789606475830078125e+01
8.883311462402343750e+01
8.802921295166015625e+01
8.995113372802734375e+01
8.671998596191406250e+01
8.805147552490234375e+01
8.840660858154296875e+01
8.801521301269531250e+01
8.906575012207031250e+01
9.090586090087890625e+01
8.817765808105468750e+01
8.968983459472656250e+01
9.036322021484375000e+01
8.919719696044921875e+01
8.855717468261718750e+01
8.947064208984375000e+01
9.027377319335937500e+01
9.030934906005859375e+01
9.030535888671875000e+01
8.950511169433593750e+01
8.950527191162109375e+01
8.969453430175781250e+01
8.934020233154296875e+01
8.884550476074218750e+01
8.844970703125000000e+01
8.703727722167968750e+01
9.043542480468750000e+01
8.852864074707031250e+01
8.874040222167968750e+01
8.838603973388671875e+01
8.813539886474609375e+01
8.987101745605468750e+01
8.915089416503906250e+01
9.001605224609375000e+01
8.823272705078125000e+01
9.036921691894531250e+01
8.944098663330078125e+01
8.781900787353515625e+01
9.004108428955078125e+01
8.996894836425781250e+01
8.613623809814453125e+01
8.754752349853515625e+01
8.936920166015625000e+01
8.871806335449218750e+01
8.777313232421875000e+01
9.052201843261718750e+01
8.757193756103515625e+01
8.827763366699218750e+01
8.982823181152343750e+01
9.132761383056640625e+01
8.992755126953125000e+01
9.004669189453125000e+01
8.976771545410156250e+01
9.007573699951171875e+01
8.792832946777343750e+01
8.982160949707031250e+01
9.088715362548828125e+01
9.023315429687500000e+01
9.195187377929687500e+01
8.963765716552734375e+01
8.995209503173828125e+01
9.102321624755859375e+01
9.099337768554687500e+01
9.127330780029296875e+01
8.894158935546875000e+01
8.920249176025390625e+01
9.103676605224609375e+01
9.099360656738281250e+01
9.104167175292968750e+01
9.032248687744140625e+01
9.021843719482421875e+01
9.069384765625000000e+01
8.822415161132812500e+01
8.979927062988281250e+01
8.860969543457031250e+01
9.215160369873046875e+01
9.073983764648437500e+01
9.077492523193359375e+01
9.231510925292968750e+01
8.991574096679687500e+01
8.903376770019531250e+01
8.865292358398437500e+01
9.157054138183593750e+01
8.822702789306640625e+01
8.974987792968750000e+01
8.938790893554687500e+01
9.066162872314453125e+01
8.980537414550781250e+01
9.081998443603515625e+01
8.894114685058593750e+01
8.999497222900390625e+01
8.980938720703125000e+01
9.253564453125000000e+01
8.981858825683593750e+01
8.838183593750000000e+01
9.122845458984375000e+01
9.156690979003906250e+01
9.038831329345703125e+01
8.940667724609375000e+01
9.127375793457031250e+01
9.212426757812500000e+01
9.137150573730468750e+01
9.010485839843750000e+01
9.140135192871093750e+01
8.868003082275390625e+01
8.921566772460937500e+01
9.032991027832031250e+01
9.086171722412109375e+01
9.045300292968750000e+01
9.057858276367187500e+01
9.017156982421875000e+01
8.946954345703125000e+01
8.891236114501953125e+01
8.954850769042968750e+01
8.984109497070312500e+01
9.045832061767578125e+01
8.921968841552734375e+01
9.325125122070312500e+01
9.233081817626953125e+01
9.056094360351562500e+01
9.052682495117187500e+01
8.854360198974609375e+01
9.071215820312500000e+01
9.072021484375000000e+01
8.960264587402343750e+01
9.136649322509765625e+01
9.008738708496093750e+01
9.000557708740234375e+01
9.157329559326171875e+01
9.249530792236328125e+01
9.014436340332031250e+01
9.146953582763671875e+01
9.159096527099609375e+01
9.223817443847656250e+01
9.012127685546875000e+01
8.988362884521484375e+01
9.009165954589843750e+01
9.110195922851562500e+01
9.100627136230468750e+01
8.840457916259765625e+01
8.991516876220703125e+01
9.083339691162109375e+01
8.961913299560546875e+01
9.117813110351562500e+01
9.130438232421875000e+01
9.140178680419921875e+01
8.995253753662109375e+01
9.109669494628906250e+01
9.083555603027343750e+01
9.058359527587890625e+01
9.090048217773437500e+01
9.145857238769531250e+01
9.128474426269531250e+01
8.979899597167968750e+01
9.061952209472656250e+01
9.133316040039062500e+01
8.971945190429687500e+01
9.108469390869140625e+01
9.203419494628906250e+01
8.956751251220703125e+01
9.176814270019531250e+01
9.061551666259765625e+01
9.097183227539062500e+01
9.020520019531250000e+01
8.798858642578125000e+01
8.999739074707031250e+01
9.356514739990234375e+01
9.172064208984375000e+01
9.089294433593750000e+01
9.220426940917968750e+01
9.087979125976562500e+01
8.949227905273437500e+01
9.233265686035156250e+01
9.068769836425781250e+01
9.215338134765625000e+01
9.116305541992187500e+01
9.312494659423828125e+01
9.263380432128906250e+01
9.282521057128906250e+01
9.097680664062500000e+01
9.102069091796875000e+01
9.081660461425781250e+01
9.104540252685546875e+01
8.994274902343750000e+01
9.343208312988281250e+01
9.161341857910156250e+01
9.148729705810546875e+01
9.030361938476562500e+01
9.138830566406250000e+01
9.224597167968750000e+01
9.234593963623046875e+01
9.008868408203125000e+01
9.135203552246093750e+01
9.375804138183593750e+01
9.358071899414062500e+01
9.189833068847656250e+01
9.076744079589843750e+01
9.116222381591796875e+01
9.267430877685546875e+01
9.109963989257812500e+01
9.165194702148437500e+01
9.191548156738281250e+01
9.287223815917968750e+01
9.227951049804687500e+01
9.045891571044921875e+01
9.134953308105468750e+01
9.105865478515625000e+01
8.979701995849609375e+01
9.164971923828125000e+01
9.443000793457031250e+01
9.409127807617187500e+01
9.131141662597656250e+01
9.146664428710937500e+01
9.039558410644531250e+01
9.154905700683593750e+01
9.085041809082031250e+01
9.019028472900390625e+01
8.896318817138671875e+01
9.338304901123046875e+01
9.058168029785156250e+01
9.149791717529296875e+01
9.233530426025390625e+01
9.038578796386718750e+01
9.292377471923828125e+01
9.132833862304687500e+01
8.997979736328125000e+01
9.242881011962890625e+01
9.198030090332031250e+01
9.452778625488281250e+01
9.261027526855468750e+01
9.403379058837890625e+01
9.105073547363281250e+01
9.286941528320312500e+01
9.086958312988281250e+01
9.114368438720703125e+01
9.219287109375000000e+01
9.357318115234375000e+01
9.164280700683593750e+01
9.298043823242187500e+01
9.352175903320312500e+01
9.231491851806640625e+01
9.277267456054687500e+01
9.095283508300781250e+01
9.115558624267578125e+01
9.267906188964843750e+01
9.154064941406250000e+01
9.220933532714843750e+01
9.230200958251953125e+01
9.181141662597656250e+01
9.164347839355468750e+01
9.376289367675781250e+01
9.350920104980468750e+01
9.267810821533203125e+01
9.049132537841796875e+01
9.151635742187500000e+01
9.240760803222656250e+01
9.230255889892578125e+01
9.176142883300781250e+01
9.196420288085937500e+01
9.250808715820312500e+01
9.207128143310546875e+01
9.210376739501953125e+01
9.151683807373046875e+01
9.538740539550781250e+01
9.378692626953125000e+01
9.101589202880859375e+01
9.196771240234375000e+01
9.278841400146484375e+01
9.464413452148437500e+01
9.039817810058593750e+01
8.968920898437500000e+01
9.108636474609375000e+01
9.208624267578125000e+01
9.159840393066406250e+01
9.256182098388671875e+01
9.363796997070312500e+01
9.210221862792968750e+01
9.221250915527343750e+01
9.197581481933593750e+01
9.221240997314453125e+01
9.248515319824218750e+01
9.182293701171875000e+01
9.395927429199218750e+01
9.386618804931640625e+01
9.130322265625000000e+01
9.325967407226562500e+01
9.279512023925781250e+01
9.070661926269531250e+01
9.287388610839843750e+01
9.104580688476562500e+01
9.205799102783203125e+01
9.164453125000000000e+01
9.395019531250000000e+01
9.137170410156250000e+01
9.298233795166015625e+01
9.115904235839843750e+01
9.401902770996093750e+01
9.184349822998046875e+01
9.431626892089843750e+01
9.167227172851562500e+01
9.245585632324218750e+01
9.196487426757812500e+01
9.559500122070312500e+01
9.311792755126953125e+01
9.207142639160156250e+01
9.320603942871093750e+01
9.306497192382812500e+01
9.310727691650390625e+01
9.472207641601562500e+01
9.331911468505859375e+01
9.341467285156250000e+01
9.086804199218750000e+01
9.234447479248046875e+01
9.377193450927734375e+01
9.250321960449218750e+01
9.429594421386718750e+01
9.370587158203125000e+01
9.497481536865234375e+01
9.050057983398437500e+01
9.204302215576171875e+01
9.467356109619140625e+01
9.244998168945312500e+01
9.445974731445312500e+01
9.161077880859375000e+01
9.364133453369140625e+01
9.183930206298828125e+01
9.343118286132812500e+01
9.062641143798828125e+01
9.334056091308593750e+01
9.413494110107421875e+01
9.184249877929687500e+01
9.340393066406250000e+01
9.308656311035156250e+01
9.392645263671875000e+01
9.281683349609375000e+01
9.326812744140625000e+01
9.238277435302734375e+01
9.144245910644531250e+01
9.390231323242187500e+01
9.567586517333984375e+01
9.232498168945312500e+01
9.242557525634765625e+01
9.370126342773437500e+01
9.077426147460937500e+01
9.304475402832031250e+01
9.407502746582031250e+01
9.292550659179687500e+01
9.295443725585937500e+01
9.533689117431640625e+01
9.452750396728515625e+01
9.272933197021484375e+01
9.419230651855468750e+01
9.357334899902343750e+01
9.171702575683593750e+01
9.442970275878906250e+01
9.322236633300781250e+01
9.275859069824218750e+01
9.249784088134765625e+01
9.642617797851562500e+01
9.227879333496093750e+01
9.450476074218750000e+01
9.362648010253906250e+01
9.270288085937500000e+01
9.461888122558593750e+01
9.423422241210937500e+01
9.337006378173828125e+01
9.423173522949218750e+01
9.264177703857421875e+01
9.386289978027343750e+01
9.211019134521484375e+01
9.300030517578125000e+01
9.360423278808593750e+01
9.257818603515625000e+01
9.394372558593750000e+01
9.323817443847656250e+01
9.271743774414062500e+01
9.303169250488281250e+01
9.136462402343750000e+01
9.392820739746093750e+01
9.487358093261718750e+01
9.404838562011718750e+01
9.558930969238281250e+01
9.408793640136718750e+01
9.276726531982421875e+01
9.359130859375000000e+01
9.257144165039062500e+01
9.372183227539062500e+01
9.273356628417968750e+01
9.354622650146484375e+01
9.422368621826171875e+01
9.207997131347656250e+01
9.211198425292968750e+01
9.457728576660156250e+01
9.430598449707031250e+01
9.209885406494140625e+01
9.453291320800781250e+01
9.165812683105468750e+01
9.469025421142578125e+01
9.396246337890625000e+01
9.141748046875000000e+01
9.380998229980468750e+01
9.320774841308593750e+01
9.408224487304687500e+01
9.314148712158203125e+01
9.416825866699218750e+01
9.357405090332031250e+01
9.350523376464843750e+01
9.296279907226562500e+01
9.521981811523437500e+01
9.287335205078125000e+01
9.261827087402343750e+01
9.347158813476562500e+01
9.555906677246093750e+01
9.566613006591796875e+01
9.380364227294921875e+01
9.580199432373046875e+01
9.426367187500000000e+01
9.072908020019531250e+01
9.344773864746093750e+01
9.324195098876953125e+01
9.512858581542968750e+01
9.333969879150390625e+01
9.339586639404296875e+01
9.328381347656250000e+01
9.380593872070312500e+01
9.424223327636718750e+01
9.410099029541015625e+01
9.658152770996093750e+01
9.476655578613281250e+01
9.568069458007812500e+01
9.404810333251953125e+01
9.431748962402343750e+01
9.330476379394531250e+01
9.263923645019531250e+01
9.328770446777343750e+01
9.484880828857421875e+01
9.396625518798828125e+01
9.483585357666015625e+01
9.371766662597656250e+01
9.492414855957031250e+01
9.222836303710937500e+01
9.530931091308593750e+01
9.434643554687500000e+01
9.484814453125000000e+01
9.543592834472656250e+01
9.470767211914062500e+01
9.690093231201171875e+01
9.309962463378906250e+01
9.240027618408203125e+01
9.620277404785156250e+01
9.398815155029296875e+01
9.493013000488281250e+01
9.484285736083984375e+01
9.337140655517578125e+01
9.620281219482421875e+01
9.354958343505859375e+01
9.515284729003906250e+01
9.682865142822265625e+01
9.525969696044921875e+01
9.518586730957031250e+01
9.527050781250000000e+01
9.473574829101562500e+01
9.534584808349609375e+01
9.363830566406250000e+01
9.414788818359375000e+01
9.586353302001953125e+01
9.385147094726562500e+01
9.394181823730468750e+01
9.434457397460937500e+01
9.415681457519531250e+01
9.518802642822265625e+01
9.422158813476562500e+01
9.730676269531250000e+01
9.465366363525390625e+01
9.396090698242187500e+01
9.537686157226562500e+01
9.658087921142578125e+01
9.526673889160156250e+01
9.555967712402343750e+01
9.510719299316406250e+01
9.378527069091796875e+01
9.603651428222656250e+01
9.581884765625000000e+01
9.525131225585937500e+01
9.442929077148437500e+01
9.493833923339843750e+01
9.324599456787109375e+01
9.470968627929687500e+01
9.321544647216796875e+01
9.623149108886718750e+01
9.410913848876953125e+01
9.777494812011718750e+01
9.466242218017578125e+01
9.366036987304687500e+01
9.309100341796875000e+01
9.554463958740234375e+01
9.393790435791015625e+01
9.774398803710937500e+01
9.561936187744140625e+01
9.501448059082031250e+01
9.611060333251953125e+01
9.584725952148437500e+01
9.459078979492187500e+01
9.578981018066406250e+01
9.405570220947265625e+01
9.551406097412109375e+01
9.371066284179687500e+01
9.478724670410156250e+01
9.686303710937500000e+01
9.519011688232421875e+01
9.675225830078125000e+01
9.534217834472656250e+01
9.587046051025390625e+01
9.249676513671875000e+01
9.440745544433593750e+01
9.752256011962890625e+01
9.462947082519531250e+01
9.463529205322265625e+01
9.523571777343750000e+01
9.623487091064453125e+01
9.438428497314453125e+01
9.347701263427734375e+01
9.625675964355468750e+01
9.443440246582031250e+01
9.455134582519531250e+01
9.545009613037109375e+01
9.637366485595703125e+01
9.580760955810546875e+01
9.677623748779296875e+01
9.340972900390625000e+01
9.547692108154296875e+01
9.689703369140625000e+01
9.313554382324218750e+01
9.574114227294921875e+01
9.699879455566406250e+01
9.578591918945312500e+01
9.401483154296875000e+01
9.589288330078125000e+01
9.578854370117187500e+01
9.369955444335937500e+01
9.598626708984375000e+01
9.310984802246093750e+01
9.418117523193359375e+01
9.613730621337890625e+01
9.707872772216796875e+01
9.781365966796875000e+01
9.482650756835937500e+01
9.508699035644531250e+01
9.345055389404296875e+01
9.682839965820312500e+01
9.440690612792968750e+01
9.673254394531250000e+01
9.606791687011718750e+01
9.712661743164062500e+01
9.581488037109375000e+01
9.491319274902343750e+01
9.724311828613281250e+01
9.564027404785156250e+01
9.563256835937500000e+01
9.549420166015625000e+01
9.432746124267578125e+01
9.716795349121093750e+01
9.604233551025390625e+01
9.716668701171875000e+01
9.581186676025390625e+01
9.675440979003906250e+01
9.597183990478515625e+01
9.640386962890625000e+01
9.611656188964843750e+01
9.632028961181640625e+01
9.449028015136718750e+01
9.679191589355468750e+01
9.677019500732421875e+01
9.866743469238281250e+01
9.610363769531250000e+01
9.488640594482421875e+01
9.569888305664062500e+01
9.557168579101562500e+01
9.520709228515625000e+01
9.586262512207031250e+01
9.562200164794921875e+01
9.740126037597656250e+01
9.747081756591796875e+01
9.568870544433593750e+01
9.737593078613281250e+01
9.607771301269531250e+01
9.495590972900390625e+01
9.544728088378906250e+01
9.554296875000000000e+01
9.669468688964843750e+01
9.820831298828125000e+01
9.423545074462890625e+01
9.528686523437500000e+01
9.624168395996093750e+01
9.617452239990234375e+01
9.574069213867187500e+01
9.538995361328125000e+01
9.860766601562500000e+01
9.594261169433593750e+01
9.634654235839843750e+01
9.510456085205078125e+01
9.553070831298828125e+01
9.587910461425781250e+01
9.661101531982421875e+01
9.779273986816406250e+01
9.467071533203125000e+01
9.552210235595703125e+01
9.547284698486328125e+01
9.657147216796875000e+01
9.670390319824218750e+01
9.667625427246093750e+01
9.644242858886718750e+01
9.474715423583984375e+01
9.518941497802734375e+01
9.652633666992187500e+01
9.557820129394531250e+01
9.612177276611328125e+01
9.563580322265625000e+01
9.667920684814453125e+01
9.493865203857421875e+01
9.548943328857421875e+01
9.709716796875000000e+01
9.757360839843750000e+01
9.626872253417968750e+01
9.778971099853515625e+01
9.665071105957031250e+01
1.005073776245117188e+02
9.777519226074218750e+01
9.854463958740234375e+01
9.511779785156250000e+01
9.768482971191406250e+01
9.746775817871093750e+01
9.636814117431640625e+01
9.639656066894531250e+01
9.664556884765625000e+01
9.845556640625000000e+01
9.649710845947265625e+01
9.643235778808593750e+01
9.545965576171875000e+01
9.621582031250000000e+01
9.644433593750000000e+01
9.733465576171875000e+01
9.639540100097656250e+01
9.773297119140625000e+01
9.643105316162109375e+01
9.543064880371093750e+01
9.587389373779296875e+01
9.710241699218750000e+01
9.674980163574218750e+01
9.536657714843750000e+01
9.725992584228515625e+01
9.690565490722656250e+01
9.709105682373046875e+01
9.465910339355468750e+01
9.611567687988281250e+01
9.673079681396484375e+01
9.572690582275390625e+01
9.532487487792968750e+01
9.678619384765625000e+01
9.606114959716796875e+01
9.726308441162109375e+01
9.735945892333984375e+01
9.538915252685546875e+01
9.739199829101562500e+01
9.702993774414062500e+01
9.675363159179687500e+01
9.869944763183593750e+01
9.773628997802734375e+01
9.665541076660156250e+01
9.725108337402343750e+01
9.698542022705078125e+01
9.605596923828125000e+01
9.742340087890625000e+01
9.790449523925781250e+01
9.752252197265625000e+01
9.779869842529296875e+01
9.832971191406250000e+01
9.542353057861328125e+01
9.630892181396484375e+01
9.633253479003906250e+01
1.006122589111328125e+02
9.606618499755859375e+01
9.727390289306640625e+01
9.686759948730468750e+01
9.566587829589843750e+01
9.709461975097656250e+01
9.778536987304687500e+01
9.796088409423828125e+01
9.767385864257812500e+01
9.818389892578125000e+01
9.754474639892578125e+01
9.894923400878906250e+01
9.740553283691406250e+01
9.745983123779296875e+01
9.825813293457031250e+01
9.830164337158203125e+01
9.672019958496093750e+01
9.805463409423828125e+01
9.602207946777343750e+01
9.630929565429687500e+01
9.627870178222656250e+01
9.941250610351562500e+01
9.848683166503906250e+01
9.684551239013671875e+01
9.701065063476562500e+01
9.757147216796875000e+01
9.625365447998046875e+01
9.665837097167968750e+01
9.901098632812500000e+01
9.729306793212890625e+01
9.898054504394531250e+01
9.827644348144531250e+01
9.576068878173828125e+01
9.792372131347656250e+01
9.982432556152343750e+01
9.702612304687500000e+01
9.673513031005859375e+01
9.804087829589843750e+01
9.938719940185546875e+01
9.677645874023437500e+01
9.811985778808593750e+01
9.632923889160156250e+01
9.807608795166015625e+01
9.897852325439453125e+01
9.627658843994140625e+01
9.856763458251953125e+01
9.678871154785156250e+01
9.820162963867187500e+01
9.608219146728515625e+01
9.903851318359375000e+01
9.780780029296875000e+01
9.934140014648437500e+01
9.903193664550781250e+01
9.575213623046875000e+01
9.725698852539062500e+01
9.740302276611328125e+01
9.628559112548828125e+01
9.645673370361328125e+01
9.788719177246093750e+01
9.978010559082031250e+01
9.643403625488281250e+01
9.802553558349609375e+01
9.915352630615234375e+01
9.698025512695312500e+01
9.817510986328125000e+01
9.907012939453125000e+01
9.889884185791015625e+01
9.849511718750000000e+01
9.759601593017578125e+01
9.825952148437500000e+01
9.545851135253906250e+01
9.956872558593750000e+01
9.804782867431640625e+01
9.786460876464843750e+01
9.708392333984375000e+01
9.855471801757812500e+01
9.839855194091796875e+01
9.863986206054687500e+01
9.759520721435546875e+01
9.810179138183593750e+01
9.790876007080078125e+01
9.612905120849609375e+01
9.700309753417968750e+01
9.888912200927734375e+01
9.862571716308593750e+01
9.769653320312500000e+01
1.001677169799804688e+02
9.881121826171875000e+01
9.856802368164062500e+01
9.924287414550781250e+01
9.652349090576171875e+01
9.842806243896484375e+01
9.719896697998046875e+01
9.856572723388671875e+01
9.837951660156250000e+01
9.926155090332031250e+01
9.887174224853515625e+01
9.878352355957031250e+01
9.935054016113281250e+01
1.009336700439453125e+02
9.796401214599609375e+01
9.758765411376953125e+01
9.769378662109375000e+01
9.822993469238281250e+01
9.851647949218750000e+01
9.751487731933593750e+01
1.002216567993164062e+02
9.909180450439453125e+01
9.898337554931640625e+01
9.812360382080078125e+01
9.869771575927734375e+01
9.711891174316406250e+01
9.796984863281250000e+01
1.001970825195312500e+02
1.005479507446289062e+02
9.775280761718750000e+01
9.659115600585937500e+01
9.927465820312500000e+01
9.949012756347656250e+01
9.788012695312500000e+01
9.787150573730468750e+01
9.884428405761718750e+01
9.755147552490234375e+01
9.686304473876953125e+01
9.763549804687500000e+01
9.900981140136718750e+01
9.917854309082031250e+01
9.925281524658203125e+01
9.799229431152343750e+01
9.769879150390625000e+01
9.897496032714843750e+01
1.015066528320312500e+02
9.806067657470703125e+01
9.825166320800781250e+01
9.987477111816406250e+01
9.877438354492187500e+01
1.000984344482421875e+02
1.009112091064453125e+02
9.735316467285156250e+01
1.002775039672851562e+02
9.994245910644531250e+01
9.756017303466796875e+01
9.879792785644531250e+01
9.976175689697265625e+01
9.866338348388671875e+01
9.965950012207031250e+01
9.793913269042968750e+01
1.002418212890625000e+02
9.896340179443359375e+01
9.906430053710937500e+01
9.937541198730468750e+01
9.736768341064453125e+01
9.793466186523437500e+01
9.866870880126953125e+01
9.982539367675781250e+01
9.766316223144531250e+01
9.799347686767578125e+01
9.869767761230468750e+01
9.966477966308593750e+01
9.865052795410156250e+01
1.000488891601562500e+02
1.000173797607421875e+02
9.798218536376953125e+01
9.945861816406250000e+01
9.999858093261718750e+01
9.898829650878906250e+01
1.004936294555664062e+02
9.826126098632812500e+01
9.749740600585937500e+01
9.968868255615234375e+01
9.696759033203125000e+01
9.907662200927734375e+01
1.012607040405273438e+02
1.001005096435546875e+02
9.757029724121093750e+01
9.768166351318359375e+01
1.005313873291015625e+02
9.965327453613281250e+01
9.953479003906250000e+01
9.758312225341796875e+01
9.912965393066406250e+01
9.931999206542968750e+01
9.888438415527343750e+01
9.673480224609375000e+01
9.948851013183593750e+01
9.844572448730468750e+01
1.027462539672851562e+02
9.771320343017578125e+01
9.930778503417968750e+01
9.969600677490234375e+01
1.012093963623046875e+02
9.979835510253906250e+01
9.893009185791015625e+01
9.850949096679687500e+01
9.917008972167968750e+01
9.891038513183593750e+01
9.907061767578125000e+01
9.870641326904296875e+01
9.948970031738281250e+01
1.002499923706054688e+02
9.936416625976562500e+01
9.890169525146484375e+01
9.942628479003906250e+01
1.005117263793945312e+02
9.941815948486328125e+01
1.020027313232421875e+02
9.969627380371093750e+01
9.950357055664062500e+01
1.007903823852539062e+02
1.002020797729492188e+02
9.909490203857421875e+01
9.924479675292968750e+01
9.841442871093750000e+01
1.010126037597656250e+02
1.026823120117187500e+02
1.024410324096679688e+02
9.912660980224609375e+01
9.831474304199218750e+01
1.002213134765625000e+02
9.850182342529296875e+01
9.763876342773437500e+01
1.011601867675781250e+02
1.004109649658203125e+02
9.944790649414062500e+01
9.862364196777343750e+01
9.789544677734375000e+01
9.938217163085937500e+01
1.010478973388671875e+02
9.954743957519531250e+01
9.946043395996093750e+01
9.963606262207031250e+01
9.845170593261718750e+01
1.002304992675781250e+02
1.014534912109375000e+02
1.016963958740234375e+02
1.013964080810546875e+02
9.940350341796875000e+01
1.002046813964843750e+02
1.000980377197265625e+02
9.992295837402343750e+01
9.979373168945312500e+01
1.001068725585937500e+02
9.944116973876953125e+01
1.009751434326171875e+02
1.001299133300781250e+02
1.023742294311523438e+02
9.839105224609375000e+01
9.785660552978515625e+01
9.925724029541015625e+01
9.942436218261718750e+01
9.919625091552734375e+01
9.857273864746093750e+01
9.953103637695312500e+01
9.859498596191406250e+01
1.025006103515625000e+02
1.008491210937500000e+02
9.972406768798828125e+01
1.028273010253906250e+02
9.883360290527343750e+01
9.992582702636718750e+01
1.010958633422851562e+02
1.001182556152343750e+02
1.005634918212890625e+02
1.015073089599609375e+02
9.886804962158203125e+01
9.837652587890625000e+01
9.983906555175781250e+01
1.001115112304687500e+02
1.001939544677734375e+02
1.008827819824218750e+02
1.003892517089843750e+02
9.808885192871093750e+01
1.014650192260742188e+02
1.019618682861328125e+02
9.913308715820312500e+01
9.967633056640625000e+01
1.000011901855468750e+02
1.015010833740234375e+02
1.017740478515625000e+02
1.000293807983398438e+02
9.965487670898437500e+01
1.004335937500000000e+02
9.742639160156250000e+01
9.829520416259765625e+01
1.007206573486328125e+02
1.004365463256835938e+02
1.016465530395507812e+02
9.870140075683593750e+01
1.011124114990234375e+02
1.010778808593750000e+02
1.012331619262695312e+02
1.020377807617187500e+02
1.002114257812500000e+02
1.031583557128906250e+02
9.871869659423828125e+01
1.004585113525390625e+02
9.894998168945312500e+01
1.007468566894531250e+02
9.938290405273437500e+01
9.888587188720703125e+01
9.961830902099609375e+01
1.011564483642578125e+02
1.001795806884765625e+02
9.898735809326171875e+01
1.026333236694335938e+02
9.971067810058593750e+01
1.003422012329101562e+02
1.019237976074218750e+02
1.002628402709960938e+02
9.924800109863281250e+01
1.012509765625000000e+02
9.918646240234375000e+01
1.014559402465820312e+02
1.013008880615234375e+02
9.835495758056640625e+01
9.969976806640625000e+01
1.002795715332031250e+02
1.000181503295898438e+02
9.991334533691406250e+01
1.017354125976562500e+02
1.014267730712890625e+02
1.026781387329101562e+02
1.005441055297851562e+02
1.005695724487304688e+02
1.004395370483398438e+02
1.012895431518554688e+02
1.004326019287109375e+02
1.007247924804687500e+02
1.008376159667968750e+02
1.014143066406250000e+02
1.004425811767578125e+02
9.979158782958984375e+01
9.907237243652343750e+01
1.022970886230468750e+02
1.010955734252929688e+02
1.022036590576171875e+02
1.011087188720703125e+02
1.012191543579101562e+02
9.988050842285156250e+01
9.901987457275390625e+01
1.024143676757812500e+02
1.013646240234375000e+02
1.008309936523437500e+02
1.007566986083984375e+02
1.000805282592773438e+02
1.000565719604492188e+02
1.021251678466796875e+02
1.012405395507812500e+02
1.002494964599609375e+02
1.005428466796875000e+02
1.004667358398437500e+02
1.018169250488281250e+02
9.962989044189453125e+01
1.016262207031250000e+02
9.843610382080078125e+01
1.005009841918945312e+02
9.970085144042968750e+01
1.019829177856445312e+02
1.014223480224609375e+02
1.023083038330078125e+02
1.016372985839843750e+02
9.999246978759765625e+01
9.981652069091796875e+01
1.010666885375976562e+02
1.015926055908203125e+02
9.869066619873046875e+01
1.018959121704101562e+02
1.015663604736328125e+02
1.013322143554687500e+02
1.000790405273437500e+02
1.010022201538085938e+02
1.019672088623046875e+02
1.017439422607421875e+02
1.003528900146484375e+02
9.928949737548828125e+01
1.017216796875000000e+02
1.018637542724609375e+02
1.001743927001953125e+02
1.003622283935546875e+02
1.004482116699218750e+02
1.014632949829101562e+02
1.028357315063476562e+02
1.021286392211914062e+02
9.988212585449218750e+01
1.014796066284179688e+02
1.046133728027343750e+02
1.013925628662109375e+02
1.012841949462890625e+02
1.011917419433593750e+02
9.938599395751953125e+01
1.026196899414062500e+02
1.026169128417968750e+02
1.018544998168945312e+02
1.002894592285156250e+02
1.044745941162109375e+02
1.008610763549804688e+02
1.021512451171875000e+02
1.013793029785156250e+02
1.030143890380859375e+02
1.002618560791015625e+02
1.024113922119140625e+02
1.015429687500000000e+02
1.020020980834960938e+02
1.008664169311523438e+02
1.016441574096679688e+02
1.025717163085937500e+02
9.967773437500000000e+01
1.028771057128906250e+02
1.025104370117187500e+02
9.957626342773437500e+01
9.933023071289062500e+01
1.019109497070312500e+02
1.003485412597656250e+02
1.011790161132812500e+02
1.036536102294921875e+02
1.003187408447265625e+02
1.051999816894531250e+02
1.027809982299804688e+02
1.021671676635742188e+02
1.027318420410156250e+02
1.004630279541015625e+02
9.974671936035156250e+01
1.015839004516601562e+02
1.028111877441406250e+02
1.006720581054687500e+02
1.015087966918945312e+02
1.020716476440429688e+02
1.006290893554687500e+02
1.023665008544921875e+02
1.006772613525390625e+02
1.009428253173828125e+02
1.014570999145507812e+02
9.998687744140625000e+01
1.018423461914062500e+02
1.018342819213867188e+02
1.009836578369140625e+02
1.025754547119140625e+02
1.003512420654296875e+02
1.018773345947265625e+02
1.021349945068359375e+02
1.001708831787109375e+02
1.027829742431640625e+02
1.026441345214843750e+02
1.021361923217773438e+02
1.025353851318359375e+02
1.002888641357421875e+02
1.017056732177734375e+02
1.020329971313476562e+02
1.032228851318359375e+02
1.027988739013671875e+02
1.017683181762695312e+02
1.018005447387695312e+02
1.014853134155273438e+02
1.019081115722656250e+02
1.018486785888671875e+02
1.022866210937500000e+02
1.026346817016601562e+02
1.014394989013671875e+02
1.008839950561523438e+02
1.029578094482421875e+02
1.020117797851562500e+02
1.045458221435546875e+02
1.021288375854492188e+02
1.019747924804687500e+02
1.004707794189453125e+02
1.026026916503906250e+02
1.030707244873046875e+02
1.012836456298828125e+02
1.016632843017578125e+02
1.012683029174804688e+02
1.017506866455078125e+02
1.036398315429687500e+02
1.003283386230468750e+02
1.017475891113281250e+02
1.014067993164062500e+02
1.040384368896484375e+02
9.972883605957031250e+01
1.043783874511718750e+02
1.017946319580078125e+02
1.037499618530273438e+02
1.013878936767578125e+02
1.018271560668945312e+02
1.040674133300781250e+02
1.012666244506835938e+02
1.019470367431640625e+02
1.028537445068359375e+02
1.029307708740234375e+02
1.013504104614257812e+02
1.030964126586914062e+02
1.030954055786132812e+02
1.036030502319335938e+02
1.035957031250000000e+02
1.000588989257812500e+02
1.018937225341796875e+02
1.029608078002929688e+02
1.011239089965820312e+02
1.019112777709960938e+02
1.021766204833984375e+02
1.037170791625976562e+02
1.023415069580078125e+02
1.034925079345703125e+02
1.033260803222656250e+02
1.028112106323242188e+02
1.007686004638671875e+02
1.026078033447265625e+02
1.019862670898437500e+02
1.033954467773437500e+02
9.949221038818359375e+01
1.040167999267578125e+02
1.008278045654296875e+02
1.053356781005859375e+02
1.024531707763671875e+02
1.028750228881835938e+02
1.035928802490234375e+02
1.032888870239257812e+02
1.022610626220703125e+02
1.006617736816406250e+02
1.036005020141601562e+02
1.015642700195312500e+02
1.022301177978515625e+02
1.018843307495117188e+02
1.013460617065429688e+02
1.037039184570312500e+02
1.029066467285156250e+02
1.025187988281250000e+02
1.018570404052734375e+02
1.037140655517578125e+02
1.034667205810546875e+02
1.040487136840820312e+02
1.021615753173828125e+02
1.039559249877929688e+02
1.057675628662109375e+02
1.042157897949218750e+02
1.049305419921875000e+02
1.024051361083984375e+02
1.010201263427734375e+02
1.036343688964843750e+02
1.036261291503906250e+02
1.015725402832031250e+02
1.049597473144531250e+02
1.031573410034179688e+02
1.037603149414062500e+02
1.051205749511718750e+02
1.047235260009765625e+02
1.037658309936523438e+02
1.009005584716796875e+02
1.025390625000000000e+02
1.045927505493164062e+02
1.026669540405273438e+02
1.022064514160156250e+02
1.006287460327148438e+02
1.035574340820312500e+02
1.034924621582031250e+02
1.025159378051757812e+02
1.027754211425781250e+02
1.035197906494140625e+02
1.031689300537109375e+02
1.020799255371093750e+02
1.029786224365234375e+02
1.050282592773437500e+02
1.041683731079101562e+02
1.018630981445312500e+02
1.030780563354492188e+02
1.032018966674804688e+02
1.020082550048828125e+02
1.049682922363281250e+02
1.036667175292968750e+02
1.012374191284179688e+02
1.029050903320312500e+02
1.053310012817382812e+02
1.047529220581054688e+02
1.021770858764648438e+02
1.037306823730468750e+02
1.018866424560546875e+02
1.022264862060546875e+02
1.020377807617187500e+02
1.041844863891601562e+02
1.018847045898437500e+02
1.028044128417968750e+02
1.037771301269531250e+02
1.012858123779296875e+02
1.040415954589843750e+02
1.054760437011718750e+02
1.023320617675781250e+02
1.042425079345703125e+02
1.033846130371093750e+02
1.050787200927734375e+02
1.047651062011718750e+02
1.019347457885742188e+02
1.054395141601562500e+02
1.041459197998046875e+02
1.021832580566406250e+02
1.037515258789062500e+02
1.036971740722656250e+02
1.034981613159179688e+02
1.022305755615234375e+02
1.013889923095703125e+02
1.039470977783203125e+02
1.032224273681640625e+02
1.021476287841796875e+02
1.030866012573242188e+02
1.025445556640625000e+02
1.046704559326171875e+02
1.039295959472656250e+02
1.048144836425781250e+02
1.022012786865234375e+02
1.037754821777343750e+02
1.026281280517578125e+02
1.058829421997070312e+02
1.024917907714843750e+02
1.028241348266601562e+02
1.036525726318359375e+02
1.021305541992187500e+02
1.045922241210937500e+02
1.039883728027343750e+02
1.026901779174804688e+02
1.034295043945312500e+02
1.034290466308593750e+02
1.035981369018554688e+02
1.014526138305664062e+02
1.019220962524414062e+02
1.065286407470703125e+02
1.031858444213867188e+02
1.044325408935546875e+02
1.037704925537109375e+02
1.025333404541015625e+02
1.047204132080078125e+02
1.043345642089843750e+02
1.039895477294921875e+02
1.031293563842773438e+02
1.033699035644531250e+02
1.031135635375976562e+02
1.034970855712890625e+02
1.019221038818359375e+02
1.028667907714843750e+02
1.040801849365234375e+02
1.050804748535156250e+02
1.031559143066406250e+02
1.039488525390625000e+02
1.026085815429687500e+02
1.045320129394531250e+02
1.042278518676757812e+02
1.031633605957031250e+02
1.033138961791992188e+02
1.036149368286132812e+02
1.038506011962890625e+02
1.042024230957031250e+02
1.039775390625000000e+02
1.053136978149414062e+02
1.052217102050781250e+02
1.062102127075195312e+02
1.048406982421875000e+02
1.030236206054687500e+02
1.026628417968750000e+02
1.031824111938476562e+02
1.028857803344726562e+02
1.059817123413085938e+02
1.040325012207031250e+02
1.050266265869140625e+02
1.044950866699218750e+02
1.041840667724609375e+02
1.051759643554687500e+02
1.034598236083984375e+02
1.036526031494140625e+02
1.037494888305664062e+02
1.046974487304687500e+02
1.045742034912109375e+02
1.038477783203125000e+02
1.028632049560546875e+02
1.038506927490234375e+02
1.038621063232421875e+02
1.056534042358398438e+02
1.054355239868164062e+02
1.044544067382812500e+02
1.045542373657226562e+02
1.054600372314453125e+02
1.045927352905273438e+02
1.061408615112304688e+02
1.049527130126953125e+02
1.063284759521484375e+02
1.049416046142578125e+02
1.044933090209960938e+02
1.032941207885742188e+02
1.064190368652343750e+02
1.051118621826171875e+02
1.038209533691406250e+02
1.043050155639648438e+02
1.045012207031250000e+02
1.033257217407226562e+02
1.050769805908203125e+02
1.032329635620117188e+02
1.061603622436523438e+02
1.037192916870117188e+02
1.044899597167968750e+02
1.037748107910156250e+02
1.024254302978515625e+02
1.049023895263671875e+02
1.044896392822265625e+02
1.047774200439453125e+02
1.051722412109375000e+02
1.043165283203125000e+02
1.069061279296875000e+02
1.064465026855468750e+02
1.062211608886718750e+02
1.060690078735351562e+02
1.039709472656250000e+02
1.058321533203125000e+02
1.029333648681640625e+02
1.030533905029296875e+02
1.031975479125976562e+02
1.050366210937500000e+02
1.045779876708984375e+02
1.034357986450195312e+02
1.073486557006835938e+02
1.050578994750976562e+02
1.051374740600585938e+02
1.020294494628906250e+02
1.048283843994140625e+02
1.062480773925781250e+02
1.058300476074218750e+02
1.029220275878906250e+02
1.026980361938476562e+02
1.051563568115234375e+02
1.068783645629882812e+02
1.053747863769531250e+02
1.062150878906250000e+02
1.051354904174804688e+02
1.052608337402343750e+02
1.040898056030273438e+02
1.047119903564453125e+02
1.036791381835937500e+02
1.057802581787109375e+02
1.058999481201171875e+02
1.051401214599609375e+02
1.066373825073242188e+02
1.073158111572265625e+02
1.040989456176757812e+02
1.048761596679687500e+02
1.038613739013671875e+02
1.042672348022460938e+02
1.048314971923828125e+02
1.046744613647460938e+02
1.033755645751953125e+02
1.053097763061523438e+02
1.052743301391601562e+02
1.061912384033203125e+02
1.041996459960937500e+02
1.041095123291015625e+02
1.062981872558593750e+02
1.067530364990234375e+02
1.050387268066406250e+02
1.039529342651367188e+02
1.070087432861328125e+02
1.051440658569335938e+02
1.060989837646484375e+02
1.042718353271484375e+02
1.047069091796875000e+02
1.061627044677734375e+02
1.057751922607421875e+02
1.031677932739257812e+02
1.056256866455078125e+02
1.051112594604492188e+02
1.072117614746093750e+02
1.042901916503906250e+02
1.041175994873046875e+02
1.043438568115234375e+02
1.039207687377929688e+02
1.047527465820312500e+02
1.058265609741210938e+02
1.061382217407226562e+02
1.073750534057617188e+02
1.044822921752929688e+02
1.030988769531250000e+02
1.042296905517578125e+02
1.052276687622070312e+02
1.039345397949218750e+02
1.053807525634765625e+02
1.066108245849609375e+02
1.043434295654296875e+02
1.037479248046875000e+02
1.055441818237304688e+02
1.042864685058593750e+02
1.054699630737304688e+02
1.053811950683593750e+02
1.057139663696289062e+02
1.035395050048828125e+02
1.044842681884765625e+02
1.056085891723632812e+02
1.068471450805664062e+02
1.066105575561523438e+02
1.040263824462890625e+02
1.035660552978515625e+02
1.032943420410156250e+02
1.057542953491210938e+02
1.059140014648437500e+02
1.050993804931640625e+02
1.076084136962890625e+02
1.052776870727539062e+02
1.039757385253906250e+02
1.060091552734375000e+02
1.019457092285156250e+02
1.057825317382812500e+02
1.058760833740234375e+02
1.044715194702148438e+02
1.072879638671875000e+02
1.048622283935546875e+02
1.048564071655273438e+02
1.028335571289062500e+02
1.045593719482421875e+02
1.050011672973632812e+02
1.050361175537109375e+02
1.050519104003906250e+02
1.032712097167968750e+02
1.058091354370117188e+02
1.051405792236328125e+02
1.090967483520507812e+02
1.057554931640625000e+02
1.060642929077148438e+02
1.026485366821289062e+02
1.042169876098632812e+02
1.064538726806640625e+02
1.051468811035156250e+02
1.035885925292968750e+02
1.081928863525390625e+02
1.045566406250000000e+02
1.063092880249023438e+02
1.074031524658203125e+02
1.055288848876953125e+02
1.036053237915039062e+02
1.049070510864257812e+02
1.052510375976562500e+02
1.064690628051757812e+02
1.042083740234375000e+02
1.067404022216796875e+02
1.054316940307617188e+02
1.069105529785156250e+02
1.062731475830078125e+02
1.061141433715820312e+02
1.021726837158203125e+02
1.059951095581054688e+02
1.048884582519531250e+02
1.045498123168945312e+02
1.044193801879882812e+02
1.048949890136718750e+02
1.049857482910156250e+02
1.079464721679687500e+02
1.072074432373046875e+02
1.050865859985351562e+02
1.058470611572265625e+02
1.059087677001953125e+02
1.065272521972656250e+02
1.063220214843750000e+02
1.053585357666015625e+02
1.070986328125000000e+02
1.072871322631835938e+02
1.060101318359375000e+02
1.048518371582031250e+02
1.058012542724609375e+02
1.053639907836914062e+02
1.055988922119140625e+02
1.052750015258789062e+02
1.077054443359375000e+02
1.057966079711914062e+02
1.065518188476562500e+02
1.076739196777343750e+02
1.040743408203125000e+02
1.071682128906250000e+02
1.056871719360351562e+02
1.066409225463867188e+02
1.057042465209960938e+02
1.048545837402343750e+02
1.049674987792968750e+02
1.055694885253906250e+02
1.044365615844726562e+02
1.061584701538085938e+02
1.042419204711914062e+02
1.063783187866210938e+02
1.078041687011718750e+02
1.064511795043945312e+02
1.063286361694335938e+02
1.078349151611328125e+02
1.061060714721679688e+02
1.037360305786132812e+02
1.060200500488281250e+02
1.058819656372070312e+02
1.047419662475585938e+02
1.075788345336914062e+02
1.041082839965820312e+02
1.066565170288085938e+02
1.046857299804687500e+02
1.058035659790039062e+02
1.050545120239257812e+02
1.046375427246093750e+02
1.057276611328125000e+02
1.048001632690429688e+02
1.057967910766601562e+02
1.071100616455078125e+02
1.066232299804687500e+02
1.061805725097656250e+02
1.069122390747070312e+02
1.045389022827148438e+02
1.069910888671875000e+02
1.073995513916015625e+02
1.069631652832031250e+02
1.060716781616210938e+02
1.051110992431640625e+02
1.069880676269531250e+02
1.091463699340820312e+02
1.049912338256835938e+02
1.066735839843750000e+02
1.081862030029296875e+02
1.053647994995117188e+02
1.058096160888671875e+02
1.079345245361328125e+02
1.062299957275390625e+02
1.078321609497070312e+02
1.056511459350585938e+02
1.066959228515625000e+02
1.057073287963867188e+02
1.054434051513671875e+02
1.055838317871093750e+02
1.055462875366210938e+02
1.071987609863281250e+02
1.050900573730468750e+02
1.065907287597656250e+02
1.059740753173828125e+02
1.055239105224609375e+02
1.056534881591796875e+02
1.033617706298828125e+02
1.079996948242187500e+02
1.060869827270507812e+02
1.058218383789062500e+02
1.075872726440429688e+02
1.082190475463867188e+02
1.074425506591796875e+02
1.066430053710937500e+02
1.054188461303710938e+02
1.077090759277343750e+02
1.067529296875000000e+02
1.065691833496093750e+02
1.059017486572265625e+02
1.072878723144531250e+02
1.062757873535156250e+02
1.048704223632812500e+02
1.068735580444335938e+02
1.073759002685546875e+02
1.076231613159179688e+02
1.054718322753906250e+02
1.089994201660156250e+02
1.098483352661132812e+02
1.100627059936523438e+02
1.084121932983398438e+02
1.062922286987304688e+02
1.071096343994140625e+02
1.049458236694335938e+02
1.073994445800781250e+02
1.081299972534179688e+02
1.075432662963867188e+02
1.032642593383789062e+02
1.061029815673828125e+02
1.084216995239257812e+02
1.084070816040039062e+02
1.055543670654296875e+02
1.070510025024414062e+02
1.069160003662109375e+02
1.060325012207031250e+02
1.048605957031250000e+02
1.065022735595703125e+02
1.085565948486328125e+02
1.044044647216796875e+02
1.065682144165039062e+02
1.055269317626953125e+02
1.082380828857421875e+02
1.065430908203125000e+02
1.056407852172851562e+02
1.087080078125000000e+02
1.063882904052734375e+02
1.046463470458984375e+02
1.096097717285156250e+02
1.080341262817382812e+02
1.066076965332031250e+02
1.061034927368164062e+02
1.064649047851562500e+02
1.058665313720703125e+02
1.081756134033203125e+02
1.048490676879882812e+02
1.060207061767578125e+02
1.066419219970703125e+02
1.071356506347656250e+02
1.062000427246093750e+02
1.071484222412109375e+02
1.088109283447265625e+02
1.077841033935546875e+02
1.054450073242187500e+02
1.071235198974609375e+02
1.075366439819335938e+02
1.118528442382812500e+02
1.069780883789062500e+02
1.074601898193359375e+02
1.086900482177734375e+02
1.077159042358398438e+02
1.069230728149414062e+02
1.079516983032226562e+02
1.057684783935546875e+02
1.064872817993164062e+02
1.072530288696289062e+02
1.086403961181640625e+02
1.061503982543945312e+02
1.066990051269531250e+02
1.068627624511718750e+02
1.050031661987304688e+02
1.076241912841796875e+02
1.071501312255859375e+02
1.072279129028320312e+02
1.081858825683593750e+02
1.054922485351562500e+02
1.082199554443359375e+02
1.075923995971679688e+02
1.082774047851562500e+02
1.074571609497070312e+02
1.072984848022460938e+02
1.086907119750976562e+02
1.063519134521484375e+02
1.070040512084960938e+02
1.067287826538085938e+02
1.123201522827148438e+02
1.088630065917968750e+02
1.079347381591796875e+02
1.077139739990234375e+02
1.096530914306640625e+02
1.075445175170898438e+02
1.091432037353515625e+02
1.084775238037109375e+02
1.086961746215820312e+02
1.055762252807617188e+02
1.095312347412109375e+02
1.132211837768554688e+02
1.090453033447265625e+02
1.060033874511718750e+02
1.078924942016601562e+02
1.058143692016601562e+02
1.062100830078125000e+02
1.067384948730468750e+02
1.077657699584960938e+02
1.054500427246093750e+02
1.065525054931640625e+02
1.062034606933593750e+02
1.060011291503906250e+02
1.070280303955078125e+02
1.069973907470703125e+02
1.088594741821289062e+02
1.058830795288085938e+02
1.084163055419921875e+02
1.082628479003906250e+02
1.083400726318359375e+02
1.074729614257812500e+02
1.049551849365234375e+02
1.096149291992187500e+02
1.090118179321289062e+02
1.075702362060546875e+02
1.075163879394531250e+02
1.078607482910156250e+02
1.101391754150390625e+02
1.095753326416015625e+02
1.089296493530273438e+02
1.069583053588867188e+02
1.106327514648437500e+02
1.093514022827148438e+02
1.063452148437500000e+02
1.087175369262695312e+02
1.082046051025390625e+02
1.086725311279296875e+02
1.082895965576171875e+02
1.076854705810546875e+02
1.093822021484375000e+02
1.085277557373046875e+02
1.110715942382812500e+02
1.073290863037109375e+02
1.084375305175781250e+02
1.114384918212890625e+02
1.087434692382812500e+02
1.095159606933593750e+02
1.073552627563476562e+02
1.059878387451171875e+02
1.067828369140625000e+02
1.079363632202148438e+02
1.104827957153320312e+02
1.077274322509765625e+02
1.077574920654296875e+02
1.073912048339843750e+02
1.065468368530273438e+02
1.066149139404296875e+02
1.079078216552734375e+02
1.079653091430664062e+02
1.065961380004882812e+02
1.070823593139648438e+02
1.058928222656250000e+02
1.087103881835937500e+02
1.070023727416992188e+02
1.071597976684570312e+02
1.064316558837890625e+02
1.089911270141601562e+02
1.077992248535156250e+02
1.062859191894531250e+02
1.091216125488281250e+02
1.080982055664062500e+02
1.090822906494140625e+02
1.065205230712890625e+02
1.085919723510742188e+02
1.074287719726562500e+02
1.067699508666992188e+02
1.073480300903320312e+02
1.071050415039062500e+02
1.065918426513671875e+02
1.091055526733398438e+02
1.089902801513671875e+02
1.078251342773437500e+02
1.063467254638671875e+02
1.081378936767578125e+02
1.061728591918945312e+02
1.067549438476562500e+02
1.081939620971679688e+02
1.092575302124023438e+02
1.060130920410156250e+02
1.077267303466796875e+02
1.078693923950195312e+02
1.076380538940429688e+02
1.071545791625976562e+02
1.086805267333984375e+02
1.080596618652343750e+02
1.077694091796875000e+02
1.085094757080078125e+02
1.080438842773437500e+02
1.100605468750000000e+02
1.087451248168945312e+02
1.051827316284179688e+02
1.091294708251953125e+02
1.081234741210937500e+02
1.064534149169921875e+02
1.068062057495117188e+02
1.064612655639648438e+02
1.091275482177734375e+02
1.105546340942382812e+02
1.120794830322265625e+02
1.105973892211914062e+02
1.102085113525390625e+02
1.089299011230468750e+02
1.084279861450195312e+02
1.084349899291992188e+02
1.075506744384765625e+02
1.097755508422851562e+02
1.074059448242187500e+02
1.100073623657226562e+02
1.082128753662109375e+02
1.081194000244140625e+02
1.083342742919921875e+02
1.071275863647460938e+02
1.104408874511718750e+02
1.061601791381835938e+02
1.104303207397460938e+02
1.110220489501953125e+02
1.124812393188476562e+02
1.111499176025390625e+02
1.096174011230468750e+02
1.096024322509765625e+02
1.085494766235351562e+02
1.086267547607421875e+02
1.108393020629882812e+02
1.103729324340820312e+02
1.090514373779296875e+02
1.076890106201171875e+02
1.077750244140625000e+02
1.086103363037109375e+02
1.103599853515625000e+02
1.073213958740234375e+02
1.102652740478515625e+02
1.057818222045898438e+02
1.070950775146484375e+02
1.097723770141601562e+02
1.090000152587890625e+02
1.106829681396484375e+02
1.084613418579101562e+02
1.077925415039062500e+02
1.090994415283203125e+02
1.077815551757812500e+02
1.093171539306640625e+02
1.076292419433593750e+02
1.109600677490234375e+02
1.087838745117187500e+02
1.083072814941406250e+02
1.085389633178710938e+02
1.072891998291015625e+02
1.099513549804687500e+02
1.091173095703125000e+02
1.139703979492187500e+02
1.094913253784179688e+02
1.095119476318359375e+02
1.082411956787109375e+02
1.100476226806640625e+02
1.097537078857421875e+02
1.111701583862304688e+02
1.115578079223632812e+02
1.097386703491210938e+02
1.099940872192382812e+02
1.095641326904296875e+02
1.097517852783203125e+02
1.094070739746093750e+02
1.103339004516601562e+02
1.093704910278320312e+02
1.063742675781250000e+02
1.077728729248046875e+02
1.090845108032226562e+02
1.090965881347656250e+02
1.135962829589843750e+02
1.081355133056640625e+02
1.079966964721679688e+02
1.087474212646484375e+02
1.097314987182617188e+02
1.097014312744140625e+02
1.091247940063476562e+02
1.099707794189453125e+02
1.089899902343750000e+02
1.087940444946289062e+02
1.085301971435546875e+02
1.084588012695312500e+02
1.142343368530273438e+02
1.105140304565429688e+02
1.091546707153320312e+02
1.088204345703125000e+02
1.085910110473632812e+02
1.066716461181640625e+02
1.096980514526367188e+02
1.124777679443359375e+02
1.086329803466796875e+02
1.106145324707031250e+02
1.086861038208007812e+02
1.100895004272460938e+02
1.068824386596679688e+02
1.102454528808593750e+02
1.072747497558593750e+02
1.084251632690429688e+02
1.103077850341796875e+02
1.091069412231445312e+02
1.085043487548828125e+02
1.105911483764648438e+02
1.069815673828125000e+02
1.069207916259765625e+02
1.098614044189453125e+02
1.107813873291015625e+02
1.104038772583007812e+02
1.110631561279296875e+02
1.110904998779296875e+02
1.079832458496093750e+02
1.094676208496093750e+02
1.122085418701171875e+02
1.111649017333984375e+02
1.094244232177734375e+02
1.090495986938476562e+02
1.074496078491210938e+02
1.094522705078125000e+02
1.113818817138671875e+02
1.107942581176757812e+02
1.097138671875000000e+02
1.121154479980468750e+02
1.090393600463867188e+02
1.076070709228515625e+02
1.095782546997070312e+02
1.092289962768554688e+02
1.117223739624023438e+02
1.102255096435546875e+02
1.096297302246093750e+02
1.105434951782226562e+02
1.112951278686523438e+02
1.121256790161132812e+02
1.140955352783203125e+02
1.148323669433593750e+02
1.130196990966796875e+02
1.106043548583984375e+02
1.099151153564453125e+02
1.104381103515625000e+02
1.151621170043945312e+02
1.133402252197265625e+02
1.099111785888671875e+02
1.099326019287109375e+02
1.075463714599609375e+02
1.091818008422851562e+02
1.085498428344726562e+02
1.094330596923828125e+02
1.118087844848632812e+02
1.119646453857421875e+02
1.083280181884765625e+02
1.100430526733398438e+02
1.105594940185546875e+02
1.101931915283203125e+02
1.087897186279296875e+02
1.122944107055664062e+02
1.105356292724609375e+02
1.093887557983398438e+02
1.090310821533203125e+02
1.093513183593750000e+02
1.129359512329101562e+02
1.119471282958984375e+02
1.129013137817382812e+02
1.146858978271484375e+02
1.106128463745117188e+02
1.091409454345703125e+02
1.087980270385742188e+02
1.089180374145507812e+02
1.130872955322265625e+02
1.153289260864257812e+02
1.145981826782226562e+02
1.104410018920898438e+02
1.092939453125000000e+02
1.110886688232421875e+02
1.151638717651367188e+02
1.219629821777343750e+02
1.122395629882812500e+02
1.103038711547851562e+02
1.107850875854492188e+02
1.140042419433593750e+02
1.164567947387695312e+02
1.117499465942382812e+02
1.079339370727539062e+02
1.079197235107421875e+02
1.099749908447265625e+02
1.108462600708007812e+02
1.105712432861328125e+02
1.121398239135742188e+02
1.112554321289062500e+02
1.144227600097656250e+02
1.116357650756835938e+02
1.126196365356445312e+02
1.104689331054687500e+02
1.110423889160156250e+02
1.088272552490234375e+02
1.095818786621093750e+02
1.107269668579101562e+02
1.143699188232421875e+02
1.122357330322265625e+02
1.143021163940429688e+02
1.135975799560546875e+02
1.128589782714843750e+02
1.116835861206054688e+02
1.107019042968750000e+02
1.093436584472656250e+02
1.092958221435546875e+02
1.101169433593750000e+02
1.119899139404296875e+02
1.106165618896484375e+02
1.126811065673828125e+02
1.120747375488281250e+02
1.118534927368164062e+02
1.114423370361328125e+02
1.086340789794921875e+02
1.110575866699218750e+02
1.102164611816406250e+02
1.088235168457031250e+02
1.110560684204101562e+02
1.116070861816406250e+02
1.092134857177734375e+02
1.088512878417968750e+02
1.090349349975585938e+02
1.104585800170898438e+02
1.105679779052734375e+02
1.104893188476562500e+02
1.094130249023437500e+02
1.096918334960937500e+02
1.107689208984375000e+02
1.101310653686523438e+02
1.147103729248046875e+02
1.143774185180664062e+02
1.126815338134765625e+02
1.144568481445312500e+02
1.086271057128906250e+02
1.085065460205078125e+02
1.080931701660156250e+02
1.125523223876953125e+02
1.138571319580078125e+02
1.156207580566406250e+02
1.176212844848632812e+02
1.189131851196289062e+02
1.135175399780273438e+02
1.161003646850585938e+02
1.127120666503906250e+02
1.099768981933593750e+02
1.099220275878906250e+02
1.087053604125976562e+02
1.120646591186523438e+02
1.138856048583984375e+02
1.176616210937500000e+02
1.153957519531250000e+02
1.135050964355468750e+02
1.115208435058593750e+02
1.099025726318359375e+02
1.099313278198242188e+02
1.115202636718750000e+02
1.097503051757812500e+02
1.125124664306640625e+02
1.195779113769531250e+02
1.137709579467773438e+02
1.153994674682617188e+02
1.135042114257812500e+02
1.121733627319335938e+02
1.152090911865234375e+02
1.139041061401367188e+02
1.139313354492187500e+02
1.169768218994140625e+02
1.145871276855468750e+02
1.124857254028320312e+02
1.142479400634765625e+02
1.116026306152343750e+02
1.115094375610351562e+02
1.095978698730468750e+02
1.108014755249023438e+02
1.118812332153320312e+02
1.106533813476562500e+02
1.100326995849609375e+02
1.145640487670898438e+02
1.133291320800781250e+02
1.125712585449218750e+02
1.124908905029296875e+02
1.173382492065429688e+02
1.133439865112304688e+02
1.130344390869140625e+02
1.154320220947265625e+02
1.135618896484375000e+02
1.105453643798828125e+02
1.107856903076171875e+02
1.112475585937500000e+02
1.138803100585937500e+02
1.146713485717773438e+02
1.169306182861328125e+02
1.167761611938476562e+02
1.135553283691406250e+02
1.147097320556640625e+02
1.189565658569335938e+02
1.180567932128906250e+02
1.214071426391601562e+02
1.148362426757812500e+02
1.107584915161132812e+02
1.104622039794921875e+02
1.098045349121093750e+02
1.121112518310546875e+02
1.131238555908203125e+02
1.128679199218750000e+02
1.165018005371093750e+02
1.176580581665039062e+02
1.181867294311523438e+02
1.152278747558593750e+02
1.139233551025390625e+02
1.110011138916015625e+02
1.091659088134765625e+02
1.099596786499023438e+02
1.117062988281250000e+02
1.100107879638671875e+02
1.109229507446289062e+02
1.137190704345703125e+02
1.166453475952148438e+02
1.152433929443359375e+02
1.161924362182617188e+02
1.133784713745117188e+02
1.135658721923828125e+02
1.131872940063476562e+02
1.128438720703125000e+02
1.156051101684570312e+02
1.158341903686523438e+02
1.163795394897460938e+02
1.215006942749023438e+02
1.153053588867187500e+02
1.093282241821289062e+02
1.093691024780273438e+02
1.103902740478515625e+02
1.121957244873046875e+02
1.155695343017578125e+02
1.239280014038085938e+02
1.185803756713867188e+02
1.192936477661132812e+02
1.119265670776367188e+02
1.119463958740234375e+02
1.109662017822265625e+02
1.139855194091796875e+02
1.216288833618164062e+02
1.240795211791992188e+02
1.221640014648437500e+02
1.151160888671875000e+02
1.128123168945312500e+02
1.096211318969726562e+02
1.089870452880859375e+02
1.120106353759765625e+02
1.107504882812500000e+02
1.160984039306640625e+02
1.202425613403320312e+02
1.245140991210937500e+02
1.157708435058593750e+02
1.139667968750000000e+02
1.113299636840820312e+02
1.101342697143554688e+02
1.114137115478515625e+02
1.154625778198242188e+02
1.223722839355468750e+02
1.188862991333007812e+02
1.165420227050781250e+02
1.131376190185546875e+02
1.140285797119140625e+02
1.154313049316406250e+02
1.168388137817382812e+02
1.176982345581054688e+02
1.229754028320312500e+02
1.175303344726562500e+02
1.174752883911132812e+02
1.130476608276367188e+02
1.140919723510742188e+02
1.165514678955078125e+02
1.199510498046875000e+02
1.158791732788085938e+02
1.166737747192382812e+02
1.148620834350585938e+02
1.151211547851562500e+02
1.173816986083984375e+02
1.219798812866210938e+02
1.176807022094726562e+02
1.164864501953125000e+02
1.138805541992187500e+02
1.126062011718750000e+02
1.162142639160156250e+02
1.158060302734375000e+02
1.203928451538085938e+02
1.183972473144531250e+02
1.190199508666992188e+02
1.180136413574218750e+02
1.125588836669921875e+02
1.129675292968750000e+02
1.120149993896484375e+02
1.144808120727539062e+02
1.204611740112304688e+02
1.303067169189453125e+02
1.202755584716796875e+02
1.135791778564453125e+02
1.135560836791992188e+02
1.133341217041015625e+02
1.143403396606445312e+02
1.133439941406250000e+02
1.191648025512695312e+02
1.219026412963867188e+02
1.184487533569335938e+02
1.178144912719726562e+02
1.112467727661132812e+02
1.160104141235351562e+02
1.143315734863281250e+02
1.171683731079101562e+02
1.182478790283203125e+02
1.249942398071289062e+02
1.184900054931640625e+02
1.191702194213867188e+02
1.134517059326171875e+02
1.161578979492187500e+02
1.169189147949218750e+02
1.206151351928710938e+02
1.188683700561523438e+02
1.224905853271484375e+02
1.144656677246093750e+02
1.165363082885742188e+02
1.115517349243164062e+02
1.147460174560546875e+02
1.148244628906250000e+02
1.213536529541015625e+02
1.221580352783203125e+02
1.234631271362304688e+02
1.135276947021484375e+02
1.110728454589843750e+02
1.117736816406250000e+02
1.120795898437500000e+02
1.111495971679687500e+02
1.114888916015625000e+02
1.134405059814453125e+02
1.170846481323242188e+02
1.195721511840820312e+02
1.266893310546875000e+02
1.237715377807617188e+02
1.199140625000000000e+02
1.146400756835937500e+02
1.147728042602539062e+02
1.147823638916015625e+02
1.179310607910156250e+02
1.212070312500000000e+02
1.282072753906250000e+02
1.214652862548828125e+02
1.174738311767578125e+02
1.144082260131835938e+02
1.136722717285156250e+02
1.117903594970703125e+02
1.133284378051757812e+02
1.170997772216796875e+02
1.212159347534179688e+02
1.199735031127929688e+02
1.266395111083984375e+02
1.205734558105468750e+02
1.197456359863281250e+02
1.190732192993164062e+02
1.205451965332031250e+02
1.198122863769531250e+02
1.214721832275390625e+02
1.175503387451171875e+02
1.183659667968750000e+02
1.163817367553710938e+02
1.150975952148437500e+02
1.147551879882812500e+02
1.159402313232421875e+02
1.185955963134765625e+02
1.188564376831054688e+02
1.167140579223632812e+02
1.220294342041015625e+02
1.208134231567382812e+02
1.234914245605468750e+02
1.170421066284179688e+02
1.189627380371093750e+02
1.167871017456054688e+02
1.201682739257812500e+02
1.196080627441406250e+02
1.214681015014648438e+02
1.185052490234375000e+02
1.191265487670898438e+02
1.164814758300781250e+02
1.202509307861328125e+02
1.186273498535156250e+02
1.238992004394531250e+02
1.219320983886718750e+02
1.227009277343750000e+02
1.214161834716796875e+02
1.224887847900390625e+02
1.187771759033203125e+02
1.191847457885742188e+02
1.144746246337890625e+02
1.156111679077148438e+02
1.177347793579101562e+02
1.178274078369140625e+02
1.193590621948242188e+02
1.276574859619140625e+02
1.223047790527343750e+02
1.213622436523437500e+02
1.165517654418945312e+02
1.161624603271484375e+02
1.157966308593750000e+02
1.212713928222656250e+02
1.217553863525390625e+02
1.273173828125000000e+02
1.199912872314453125e+02
1.184839248657226562e+02
1.158812255859375000e+02
1.266163253784179688e+02
1.267321624755859375e+02
1.252638854980468750e+02
1.170075683593750000e+02
1.163661880493164062e+02
1.158946304321289062e+02
1.175042800903320312e+02
1.192536926269531250e+02
1.217911834716796875e+02
1.230181045532226562e+02
1.236509017944335938e+02
1.187672958374023438e+02
1.231401443481445312e+02
1.220810546875000000e+02
1.245573425292968750e+02
1.233395843505859375e+02
1.258044967651367188e+02
1.236230010986328125e+02
1.208765487670898438e+02
1.193510589599609375e+02
1.178299331665039062e+02
1.150214691162109375e+02
1.148024291992187500e+02
1.209709854125976562e+02
1.280105590820312500e+02
1.216556625366210938e+02
1.204303817749023438e+02
1.168625030517578125e+02
1.192417907714843750e+02
1.161039123535156250e+02
1.223263854980468750e+02
1.232320251464843750e+02
1.296339111328125000e+02
1.209827270507812500e+02
1.206505966186523438e+02
1.185253295898437500e+02
1.206130828857421875e+02
1.181888122558593750e+02
1.221924896240234375e+02
1.181546707153320312e+02
1.215472488403320312e+02
1.220175476074218750e+02
1.287683258056640625e+02
1.222048873901367188e+02
1.247782821655273438e+02
1.193435592651367188e+02
1.222181015014648438e+02
1.222562332153320312e+02
1.309971466064453125e+02
1.197229385375976562e+02
1.150971984863281250e+02
1.150826873779296875e+02
1.185988769531250000e+02
1.180566711425781250e+02
1.279302673339843750e+02
1.263237533569335938e+02
1.274885940551757812e+02
1.172675628662109375e+02
1.148209533691406250e+02
1.150821075439453125e+02
1.142116394042968750e+02
1.182492370605468750e+02
1.264850997924804688e+02
1.255931549072265625e+02
1.266618652343750000e+02
1.190393676757812500e+02
1.183392868041992188e+02
1.198134918212890625e+02
1.264520568847656250e+02
1.244481124877929688e+02
1.282642211914062500e+02
1.196461563110351562e+02
1.206720504760742188e+02
1.245730590820312500e+02
1.288392181396484375e+02
1.223852615356445312e+02
1.269993057250976562e+02
1.220028610229492188e+02
1.211020278930664062e+02
1.192091674804687500e+02
1.224986877441406250e+02
1.209444122314453125e+02
1.310458526611328125e+02
1.220698242187500000e+02
1.235021591186523438e+02
1.185203933715820312e+02
1.195949401855468750e+02
1.196440429687500000e+02
1.284269714355468750e+02
1.283110046386718750e+02
1.339019470214843750e+02
1.203985748291015625e+02
1.155167388916015625e+02
1.164988861083984375e+02
1.199632720947265625e+02
1.242955017089843750e+02
1.423057556152343750e+02
1.212761917114257812e+02
1.147426147460937500e+02
1.160354995727539062e+02
1.158840484619140625e+02
1.152291488647460938e+02
1.241404800415039062e+02
1.300045623779296875e+02
1.394146118164062500e+02
1.186693191528320312e+02
1.129951477050781250e+02
1.130316848754882812e+02
1.137116775512695312e+02
1.254565048217773438e+02
1.353198547363281250e+02
1.456414337158203125e+02
1.181839141845703125e+02
1.100740966796875000e+02
1.152151260375976562e+02
1.276013641357421875e+02
1.533274230957031250e+02
1.185382995605468750e+02
1.128993606567382812e+02
1.229756927490234375e+02
1.415019226074218750e+02
1.539862365722656250e+02
1.128255615234375000e+02
1.322917633056640625e+02
1.800853729248046875e+02
1.129073638916015625e+02
1.914940185546875000e+02
1.626491546630859375e+02
1.223107147216796875e+02
2.377765808105468750e+02
1.143356933593750000e+02
2.156743011474609375e+02
1.143025360107421875e+02
2.665863952636718750e+02
1.162605667114257812e+02
2.840256042480468750e+02
2.045889434814453125e+02
3.012638549804687500e+02
2.800187683105468750e+02
2.200398559570312500e+02
2.467299194335937500e+02
1.608572540283203125e+02
1.297750091552734375e+02
2.154544525146484375e+02
1.352821502685546875e+02
2.896646423339843750e+02
1.689846496582031250e+02
3.665496520996093750e+02
4.159323730468750000e+02
1.429405059814453125e+02
4.950681152343750000e+02
5.688125000000000000e+02
2.339260101318359375e+02
5.140315551757812500e+02
7.507017211914062500e+02
5.665823364257812500e+02
1.149996795654296875e+02
5.867543334960937500e+02
6.761649169921875000e+02
3.505413208007812500e+02
3.967872009277343750e+02
6.351450195312500000e+02
4.748411254882812500e+02
1.279567337036132812e+02
3.763276062011718750e+02
2.237835693359375000e+02
3.668518676757812500e+02
4.682557678222656250e+02
2.235791015625000000e+02
4.348105468750000000e+02
5.531826171875000000e+02
2.574802246093750000e+02
4.535126342773437500e+02
6.668002929687500000e+02
4.747819213867187500e+02
1.433315429687500000e+02
3.757576293945312500e+02
2.049024810791015625e+02
3.852837524414062500e+02
4.899209594726562500e+02
2.444997100830078125e+02
4.086566162109375000e+02
5.296834716796875000e+02
2.400003051757812500e+02
4.596195983886718750e+02
6.658875732421875000e+02
4.751085205078125000e+02
1.455405578613281250e+02
4.136100769042968750e+02
2.772421264648437500e+02
3.027338867187500000e+02
4.050919799804687500e+02
1.828490295410156250e+02
4.122153320312500000e+02
4.722145996093750000e+02
1.513746948242187500e+02
4.686965942382812500e+02
5.893681030273437500e+02
3.400124511718750000e+02
3.146132202148437500e+02
4.564478759765625000e+02
2.030804748535156250e+02
4.295507812500000000e+02
5.735641479492187500e+02
3.489398803710937500e+02
2.764143371582031250e+02
4.015328979492187500e+02
1.492386322021484375e+02
3.776473388671875000e+02
4.146906738281250000e+02
1.563241729736328125e+02
4.386361694335937500e+02
4.823306579589843750e+02
1.612135009765625000e+02
4.526224670410156250e+02
5.557855224609375000e+02
3.062967529296875000e+02
3.474165649414062500e+02
4.898267822265625000e+02
2.333168334960937500e+02
4.296457519531250000e+02
6.110092773437500000e+02
4.133375549316406250e+02
1.936474609375000000e+02
3.623522949218750000e+02
1.548185119628906250e+02
3.555346984863281250e+02
3.924070434570312500e+02
1.495389556884765625e+02
4.351101684570312500e+02
4.532085876464843750e+02
1.324905090332031250e+02
3.936759948730468750e+02
4.169233093261718750e+02
1.503259277343750000e+02
4.504766235351562500e+02
4.948627624511718750e+02
1.623656311035156250e+02
4.893683166503906250e+02
6.506516113281250000e+02
4.361655273437500000e+02
1.860973663330078125e+02
3.677556152343750000e+02
1.652668762207031250e+02
3.824200439453125000e+02
4.504207763671875000e+02
1.993842010498046875e+02
4.340504455566406250e+02
5.373160400390625000e+02
2.440513305664062500e+02
4.477701721191406250e+02
6.543940429687500000e+02
4.818170776367187500e+02
1.375391845703125000e+02
4.707064514160156250e+02
4.257160644531250000e+02
1.398601074218750000e+02
3.202774658203125000e+02
2.278087615966796875e+02
2.561470642089843750e+02
2.504649963378906250e+02
2.150839538574218750e+02
2.530686950683593750e+02
1.390226440429687500e+02
2.121386413574218750e+02
1.600365905761718750e+02
1.695590362548828125e+02
1.647359924316406250e+02
1.296017303466796875e+02
1.519727478027343750e+02
1.239967880249023438e+02
1.438607788085937500e+02
1.601767883300781250e+02
1.272856369018554688e+02
1.988777465820312500e+02
1.330450134277343750e+02
1.474700622558593750e+02
1.631743927001953125e+02
1.277314376831054688e+02
1.230022964477539062e+02
1.519424743652343750e+02
1.529396362304687500e+02
1.186868133544921875e+02
1.903981323242187500e+02
1.460368957519531250e+02
1.312796020507812500e+02
2.059165344238281250e+02
1.193047790527343750e+02
1.397462768554687500e+02
1.694537963867187500e+02
1.289073791503906250e+02
1.165453643798828125e+02
1.529886779785156250e+02
1.645302581787109375e+02
1.149898757934570312e+02
1.970994415283203125e+02
1.431860198974609375e+02
1.301472625732421875e+02
2.069021911621093750e+02
1.191240005493164062e+02
1.409849548339843750e+02
1.707201080322265625e+02
1.268498153686523438e+02
1.147691574096679688e+02
1.483031921386718750e+02
1.577882995605468750e+02
1.144960021972656250e+02
1.722386474609375000e+02
1.637683105468750000e+02
1.192466430664062500e+02
2.250449523925781250e+02
1.182857971191406250e+02
1.607164459228515625e+02
1.481118927001953125e+02
1.187123260498046875e+02
1.171778106689453125e+02
1.376453857421875000e+02
1.493692779541015625e+02
1.161236190795898438e+02
1.228866577148437500e+02
1.553850250244140625e+02
1.207387695312500000e+02
1.189179534912109375e+02
1.461344604492187500e+02
1.293828125000000000e+02
1.171670608520507812e+02
1.148339996337890625e+02
1.158922805786132812e+02
1.295662231445312500e+02
1.303741912841796875e+02
1.320475158691406250e+02
1.191825180053710938e+02
1.143861694335937500e+02
1.161737365722656250e+02
1.206299819946289062e+02
1.351510314941406250e+02
1.246345291137695312e+02
1.206974792480468750e+02
1.167815322875976562e+02
1.148478088378906250e+02
1.174979019165039062e+02
1.186236724853515625e+02
1.223554992675781250e+02
1.355193481445312500e+02
1.282862548828125000e+02
1.216023559570312500e+02
1.178144531250000000e+02
1.153882751464843750e+02
1.147920684814453125e+02
1.145286102294921875e+02
1.153876724243164062e+02
1.112341156005859375e+02
1.168031997680664062e+02
1.191176757812500000e+02
1.242795257568359375e+02
1.389053649902343750e+02
1.254513549804687500e+02
1.176822662353515625e+02
1.150705566406250000e+02
1.132983245849609375e+02
1.130506439208984375e+02
1.144487991333007812e+02
1.151138458251953125e+02
1.186297760009765625e+02
1.232279052734375000e+02
1.407265625000000000e+02
1.282807617187500000e+02
1.259950485229492188e+02
1.214575042724609375e+02
1.207046661376953125e+02
1.192892074584960938e+02
1.257348251342773438e+02
1.230986709594726562e+02
1.294811401367187500e+02
1.258738250732421875e+02
1.329832916259765625e+02
1.248624420166015625e+02
1.230213012695312500e+02
1.195994186401367188e+02
1.206453094482421875e+02
1.227399444580078125e+02
1.291540832519531250e+02
1.244969024658203125e+02
1.322424316406250000e+02
1.261792602539062500e+02
1.249003982543945312e+02
1.229824523925781250e+02
1.258747024536132812e+02
1.262571258544921875e+02
1.297428283691406250e+02
1.277896881103515625e+02
1.306752319335937500e+02
1.228129043579101562e+02
1.297554016113281250e+02
1.252718505859375000e+02
1.253352355957031250e+02
1.225394439697265625e+02
1.236696014404296875e+02
1.259357604980468750e+02
1.345762023925781250e+02
1.237542572021484375e+02
1.213646163940429688e+02
1.218982162475585938e+02
1.244678192138671875e+02
1.271051712036132812e+02
1.379859466552734375e+02
1.242750701904296875e+02
1.210694198608398438e+02
1.177246551513671875e+02
1.243562622070312500e+02
1.290347442626953125e+02
1.401338348388671875e+02
1.264142608642578125e+02
1.196891250610351562e+02
1.186994934082031250e+02
1.177096405029296875e+02
1.223189392089843750e+02
1.280724792480468750e+02
1.291163787841796875e+02
1.355485229492187500e+02
1.277879028320312500e+02
1.236478729248046875e+02
1.215056762695312500e+02
1.259933395385742188e+02
1.289787750244140625e+02
1.387444763183593750e+02
1.239858779907226562e+02
1.179489593505859375e+02
1.173847045898437500e+02
1.211815643310546875e+02
1.294656372070312500e+02
1.461778869628906250e+02
1.247977218627929688e+02
1.172649536132812500e+02
1.146733703613281250e+02
1.148133087158203125e+02
1.131533355712890625e+02
1.177120056152343750e+02
1.217586441040039062e+02
1.400972595214843750e+02
1.322519836425781250e+02
1.304540405273437500e+02
1.221838302612304688e+02
1.242063369750976562e+02
1.228025436401367188e+02
1.310908660888671875e+02
1.296636657714843750e+02
1.374670104980468750e+02
1.246436767578125000e+02
1.224304504394531250e+02
1.242859344482421875e+02
1.321172027587890625e+02
1.268806076049804688e+02
1.319004516601562500e+02
1.271374511718750000e+02
1.351400756835937500e+02
1.277653503417968750e+02
1.312120056152343750e+02
1.260240402221679688e+02
1.232098083496093750e+02
1.255517578125000000e+02
1.329654998779296875e+02
1.302137603759765625e+02
1.303732757568359375e+02
1.215341339111328125e+02
1.223721008300781250e+02
1.213723602294921875e+02
1.253694000244140625e+02
1.321459655761718750e+02
1.419748840332031250e+02
1.259132919311523438e+02
1.209423446655273438e+02
1.203908920288085938e+02
1.241331024169921875e+02
1.271181335449218750e+02
1.439452056884765625e+02
1.271404495239257812e+02
1.207806167602539062e+02
1.180711288452148438e+02
1.189464263916015625e+02
1.231818542480468750e+02
1.332289276123046875e+02
1.318722991943359375e+02
1.322389678955078125e+02
1.259239273071289062e+02
1.279899597167968750e+02
1.271760787963867188e+02
1.297414703369140625e+02
1.270870895385742188e+02
1.267684326171875000e+02
1.265556335449218750e+02
1.361491088867187500e+02
1.280980682373046875e+02
1.271249847412109375e+02
1.231495742797851562e+02
1.263175048828125000e+02
1.279678726196289062e+02
1.405383300781250000e+02
1.244789886474609375e+02
1.253617401123046875e+02
1.216439056396484375e+02
1.311721038818359375e+02
1.319415893554687500e+02
1.399137268066406250e+02
1.250826568603515625e+02
1.211638946533203125e+02
1.206457061767578125e+02
1.204740600585937500e+02
1.252675704956054688e+02
1.294649047851562500e+02
1.316879882812500000e+02
1.336656799316406250e+02
1.236113586425781250e+02
1.215815124511718750e+02
1.204250030517578125e+02
1.327189788818359375e+02
1.313858795166015625e+02
1.439425659179687500e+02
1.257565307617187500e+02
1.181469268798828125e+02
1.167635650634765625e+02
1.155048065185546875e+02
1.187888412475585938e+02
1.319073638916015625e+02
1.424895172119140625e+02
1.506762390136718750e+02
1.183249969482421875e+02
1.188275833129882812e+02
1.431188659667968750e+02
1.463788452148437500e+02
1.455397491455078125e+02
1.165417022705078125e+02
1.173371124267578125e+02
1.261439514160156250e+02
1.462052001953125000e+02
1.601302795410156250e+02
1.156729278564453125e+02
1.245435562133789062e+02
1.719474334716796875e+02
1.214903945922851562e+02
1.190202789306640625e+02
1.471589050292968750e+02
1.367774047851562500e+02
1.350710601806640625e+02
1.210289001464843750e+02
1.188476791381835938e+02
1.202473602294921875e+02
1.290887451171875000e+02
1.344038848876953125e+02
1.513998718261718750e+02
1.232172393798828125e+02
1.157566146850585938e+02
1.142732849121093750e+02
1.234277191162109375e+02
1.487218780517578125e+02
1.334897766113281250e+02
1.259410934448242188e+02
1.199992828369140625e+02
1.264391860961914062e+02
1.289783935546875000e+02
1.459206542968750000e+02
1.270618667602539062e+02
1.221805496215820312e+02
1.207276458740234375e+02
1.311602325439453125e+02
1.345828399658203125e+02
1.512897186279296875e+02
1.251593170166015625e+02
1.184483413696289062e+02
1.164734039306640625e+02
1.231915283203125000e+02
1.325168914794921875e+02
1.553421936035156250e+02
1.248205184936523438e+02
1.168256072998046875e+02
1.148387451171875000e+02
1.140053939819335938e+02
1.227429733276367188e+02
1.364137878417968750e+02
1.637024841308593750e+02
1.202186279296875000e+02
1.178170166015625000e+02
1.363213195800781250e+02
1.488019561767578125e+02
1.459881896972656250e+02
1.200229263305664062e+02
1.183247299194335938e+02
1.458627471923828125e+02
1.466496429443359375e+02
1.409849243164062500e+02
1.186192092895507812e+02
1.168712005615234375e+02
1.221550827026367188e+02
1.370417480468750000e+02
1.656662292480468750e+02
1.164096374511718750e+02
1.275279998779296875e+02
1.822591400146484375e+02
1.174175872802734375e+02
1.316579895019531250e+02
2.004114532470703125e+02
1.169468383789062500e+02
2.360335845947265625e+02
1.324642944335937500e+02
1.380410308837890625e+02
2.081657257080078125e+02
1.249522247314453125e+02
1.331459960937500000e+02
1.863527832031250000e+02
1.450122222900390625e+02
1.149238433837890625e+02
1.682480163574218750e+02
1.844757537841796875e+02
1.244636383056640625e+02
2.562369079589843750e+02
1.165435256958007812e+02
2.101077423095703125e+02
1.154349670410156250e+02
1.648304443359375000e+02
2.119384155273437500e+02
1.383682250976562500e+02
3.098565673828125000e+02
1.943541717529296875e+02
3.772165527343750000e+02
4.369042358398437500e+02
1.587828369140625000e+02
5.262332153320312500e+02
6.250495605468750000e+02
2.945094604492187500e+02
4.745805358886718750e+02
7.099913330078125000e+02
5.248833618164062500e+02
1.274876174926757812e+02
4.156353759765625000e+02
2.838601379394531250e+02
3.214262084960937500e+02
4.195676269531250000e+02
1.761431274414062500e+02
4.683531188964843750e+02
5.359812622070312500e+02
1.869188385009765625e+02
5.565902099609375000e+02
7.692440795898437500e+02
5.546910400390625000e+02
1.271313018798828125e+02
5.059191284179687500e+02
4.675026855468750000e+02
1.284457702636718750e+02
3.276126708984375000e+02
2.210857543945312500e+02
3.188987121582031250e+02
3.197189331054687500e+02
1.900593872070312500e+02
2.325460662841796875e+02
1.631054840087890625e+02
1.305209960937500000e+02
2.108754577636718750e+02
1.369736175537109375e+02
2.714261169433593750e+02
1.330873565673828125e+02
2.758226928710937500e+02
1.997394409179687500e+02
2.952352905273437500e+02
2.494551086425781250e+02
2.752594909667968750e+02
3.173029785156250000e+02
1.282879943847656250e+02
2.765700378417968750e+02
1.224333572387695312e+02
2.057431030273437500e+02
1.208581237792968750e+02
1.946965026855468750e+02
1.794075927734375000e+02
1.477851715087890625e+02
2.452403106689453125e+02
1.245366439819335938e+02
2.756834106445312500e+02
1.931153106689453125e+02
3.129961853027343750e+02
2.750762634277343750e+02
2.492885437011718750e+02
2.857304992675781250e+02
1.377018737792968750e+02
2.040217590332031250e+02
1.982238311767578125e+02
1.699485778808593750e+02
2.370435791015625000e+02
1.337361145019531250e+02
2.805290527343750000e+02
2.143228149414062500e+02
2.832305297851562500e+02
2.440489196777343750e+02
2.721080017089843750e+02
3.023972473144531250e+02
1.292514648437500000e+02
2.272339172363281250e+02
1.677517395019531250e+02
1.599967346191406250e+02
2.117726135253906250e+02
1.229164810180664062e+02
1.656653289794921875e+02
1.367460021972656250e+02
1.192756347656250000e+02
1.243779296875000000e+02
1.363975830078125000e+02
1.509669799804687500e+02
1.192186813354492188e+02
1.285567626953125000e+02
1.655696716308593750e+02
1.199466171264648438e+02
1.350009460449218750e+02
1.844097290039062500e+02
1.198995971679687500e+02
2.299081115722656250e+02
1.327612457275390625e+02
1.439730834960937500e+02
1.972510070800781250e+02
1.278234558105468750e+02
1.256876220703125000e+02
1.722940368652343750e+02
1.591840820312500000e+02
1.166942749023437500e+02
1.680724487304687500e+02
1.862206268310546875e+02
1.227145080566406250e+02
2.455161437988281250e+02
1.175380020141601562e+02
1.835654907226562500e+02
1.384379730224609375e+02
1.178928985595703125e+02
1.235125350952148438e+02
1.515950927734375000e+02
1.622807464599609375e+02
1.181162261962890625e+02
1.348669891357421875e+02
1.882250061035156250e+02
1.178318405151367188e+02
2.078097534179687500e+02
1.564707641601562500e+02
1.295827331542968750e+02
2.340054931640625000e+02
1.182165222167968750e+02
1.717405700683593750e+02
1.560778198242187500e+02
1.249142456054687500e+02
1.158335647583007812e+02
1.363089599609375000e+02
1.781214447021484375e+02
1.173746185302734375e+02
1.777309570312500000e+02
1.876117095947265625e+02
1.313988647460937500e+02
2.685270385742187500e+02
1.286246948242187500e+02
3.232122192382812500e+02
2.793131103515625000e+02
2.088355712890625000e+02
1.829685211181640625e+02
2.920511779785156250e+02
2.832722167968750000e+02
1.729152526855468750e+02
1.580005950927734375e+02
2.660158386230468750e+02
2.156654663085937500e+02
2.606333618164062500e+02
2.018315887451171875e+02
3.184589843750000000e+02
3.475750427246093750e+02
1.237588500976562500e+02
3.770845642089843750e+02
2.568817443847656250e+02
3.301614074707031250e+02
4.179584655761718750e+02
1.717593994140625000e+02
4.779678344726562500e+02
5.613361206054687500e+02
2.312399444580078125e+02
5.177923583984375000e+02
7.439786376953125000e+02
5.575101928710937500e+02
1.216051635742187500e+02
5.582340087890625000e+02
6.077556152343750000e+02
2.472336578369140625e+02
5.288988037109375000e+02
7.887023315429687500e+02
6.219602050781250000e+02
1.518978271484375000e+02
6.782635498046875000e+02
9.126004638671875000e+02
7.075057983398437500e+02
1.411677551269531250e+02
6.886778564453125000e+02
9.736444702148437500e+02
8.174936523437500000e+02
3.010999755859375000e+02
6.144581298828125000e+02
9.688449707031250000e+02
8.708143310546875000e+02
3.727365112304687500e+02
5.313339233398437500e+02
9.034520263671875000e+02
8.283216552734375000e+02
3.763756408691406250e+02
4.747777099609375000e+02
7.818946533203125000e+02
6.494176635742187500e+02
1.574757385253906250e+02
6.208624267578125000e+02
8.685778808593750000e+02
6.915297241210937500e+02
1.952279663085937500e+02
6.893511352539062500e+02
9.971131591796875000e+02
8.678641357421875000e+02
3.525863037109375000e+02
5.556430664062500000e+02
9.454623413085937500e+02
8.997081909179687500e+02
4.716494445800781250e+02
3.447825927734375000e+02
6.380645751953125000e+02
5.018464355468750000e+02
1.483038482666015625e+02
3.788721313476562500e+02
3.115332336425781250e+02
1.832810058593750000e+02
2.408655700683593750e+02
1.819259185791015625e+02
2.037137908935546875e+02
1.600251464843750000e+02
1.466114196777343750e+02
1.935510253906250000e+02
1.473409118652343750e+02
2.152575378417968750e+02
1.322339019775390625e+02
1.717172546386718750e+02
1.319499511718750000e+02
1.526962890625000000e+02
1.781427917480468750e+02
1.344107971191406250e+02
2.191558685302734375e+02
1.284185180664062500e+02
1.611821441650390625e+02
1.414822235107421875e+02
1.256102142333984375e+02
1.217769851684570312e+02
1.384818420410156250e+02
1.564600524902343750e+02
1.195028457641601562e+02
1.546579284667968750e+02
1.898730926513671875e+02
1.302555541992187500e+02
2.544440765380859375e+02
1.221794052124023438e+02
2.607398071289062500e+02
1.679176940917968750e+02
3.320698547363281250e+02
2.867454223632812500e+02
2.386682281494140625e+02
2.779454956054687500e+02
1.354590759277343750e+02
1.704135742187500000e+02
2.271421051025390625e+02
1.737474365234375000e+02
2.762285766601562500e+02
1.890307922363281250e+02
3.355756530761718750e+02
3.737476501464843750e+02
1.316821594238281250e+02
4.344565429687500000e+02
4.194281005859375000e+02
1.293219909667968750e+02
2.832219543457031250e+02
1.605488128662109375e+02
3.522063903808593750e+02
3.215524291992187500e+02
1.952478485107421875e+02
2.513983154296875000e+02
1.379295196533203125e+02
1.560619812011718750e+02
2.159003753662109375e+02
1.575794830322265625e+02
2.731506652832031250e+02
1.714052581787109375e+02
3.275080566406250000e+02
3.503972167968750000e+02
1.330725097656250000e+02
3.912948303222656250e+02
3.054345703125000000e+02
2.420321044921875000e+02
3.174893188476562500e+02
1.274291839599609375e+02
3.678297729492187500e+02
2.808424377441406250e+02
2.687523498535156250e+02
3.406704711914062500e+02
1.325070190429687500e+02
4.039939575195312500e+02
3.726802673339843750e+02
1.600017089843750000e+02
2.588772583007812500e+02
1.232622680664062500e+02
2.882961730957031250e+02
1.426151428222656250e+02
3.393642883300781250e+02
3.395717163085937500e+02
1.259375762939453125e+02
3.299305725097656250e+02
1.707917938232421875e+02
3.825208129882812500e+02
4.503875122070312500e+02
1.936209869384765625e+02
4.572023315429687500e+02
5.615242919921875000e+02
2.634930725097656250e+02
4.512112121582031250e+02
6.675659179687500000e+02
5.004572753906250000e+02
1.259044265747070312e+02
4.914703674316406250e+02
4.768139038085937500e+02
1.221046066284179688e+02
4.045796203613281250e+02
4.202353820800781250e+02
1.437700195312500000e+02
4.794833374023437500e+02
5.385854492187500000e+02
2.112187042236328125e+02
5.065960083007812500e+02
7.209224853515625000e+02
5.522543334960937500e+02
1.283950347900390625e+02
5.906208496093750000e+02
7.108184204101562500e+02
4.309444274902343750e+02
2.855040893554687500e+02
5.045484619140625000e+02
3.704771423339843750e+02
1.803298034667968750e+02
2.825222473144531250e+02
1.410823974609375000e+02
1.975538635253906250e+02
1.329754791259765625e+02
1.435166168212890625e+02
1.886455535888671875e+02
1.407233886718750000e+02
2.303014526367187500e+02
1.243894805908203125e+02
1.929743804931640625e+02
1.237810668945312500e+02
2.127518157958984375e+02
1.427529296875000000e+02
1.463675537109375000e+02
1.837568664550781250e+02
1.283466033935546875e+02
1.377324829101562500e+02
1.604405822753906250e+02
1.376113891601562500e+02
1.209258346557617188e+02
1.674003601074218750e+02
1.621669616699218750e+02
1.271350402832031250e+02
2.172620086669921875e+02
1.265034790039062500e+02
1.481559448242187500e+02
1.752085266113281250e+02
1.283105926513671875e+02
1.225140991210937500e+02
1.590231933593750000e+02
1.608521728515625000e+02
1.176539230346679688e+02
1.770294189453125000e+02
1.628468627929687500e+02
1.253817138671875000e+02
2.218197631835937500e+02
1.212818527221679688e+02
1.516637878417968750e+02
1.640792694091796875e+02
1.272116088867187500e+02
1.202005157470703125e+02
1.442823028564453125e+02
1.620594635009765625e+02
1.204986495971679688e+02
1.485718994140625000e+02
1.820352172851562500e+02
1.220100173950195312e+02
2.275027465820312500e+02
1.253697967529296875e+02
1.554759979248046875e+02
1.682845153808593750e+02
1.269257659912109375e+02
1.222562942504882812e+02
1.543866271972656250e+02
1.572420349121093750e+02
1.165091400146484375e+02
1.579382934570312500e+02
1.779809722900390625e+02
1.213143310546875000e+02
2.265275115966796875e+02
1.226066970825195312e+02
1.547937927246093750e+02
1.621035003662109375e+02
1.288848114013671875e+02
1.204987945556640625e+02
1.392187500000000000e+02
1.615794982910156250e+02
1.198400573730468750e+02
1.374370727539062500e+02
1.759477539062500000e+02
1.192508239746093750e+02
1.794604797363281250e+02
1.729714660644531250e+02
1.305940399169921875e+02
2.372527923583984375e+02
1.181608886718750000e+02
2.190919189453125000e+02
1.198327484130859375e+02
2.589591064453125000e+02
1.210080261230468750e+02
2.616017456054687500e+02
1.687829895019531250e+02
3.191218261718750000e+02
2.762672119140625000e+02
2.388777313232421875e+02
2.782309265136718750e+02
1.322531433105468750e+02
1.984039916992187500e+02
1.877871246337890625e+02
1.626425781250000000e+02
2.409465942382812500e+02
1.396514282226562500e+02
3.029704589843750000e+02
2.759696044921875000e+02
1.845075683593750000e+02
1.689827575683593750e+02
2.657663574218750000e+02
2.429681243896484375e+02
2.041308288574218750e+02
1.627332611083984375e+02
2.782811279296875000e+02
2.585386962890625000e+02
1.846670532226562500e+02
1.590245666503906250e+02
2.605285034179687500e+02
2.268045196533203125e+02
2.175234069824218750e+02
1.658793487548828125e+02
2.855394287109375000e+02
2.765857849121093750e+02
1.591776885986328125e+02
1.670675659179687500e+02
2.333008575439453125e+02
2.050357666015625000e+02
2.177836456298828125e+02
1.444513702392578125e+02
2.634038696289062500e+02
2.208138122558593750e+02
2.295748748779296875e+02
1.770828247070312500e+02
2.884297485351562500e+02
2.914368286132812500e+02
1.398820800781250000e+02
2.164676971435546875e+02
1.803901824951171875e+02
1.835840454101562500e+02
1.841523437500000000e+02
1.254897613525390625e+02
1.562578582763671875e+02
1.297672882080078125e+02
1.273817825317382812e+02
1.408713836669921875e+02
1.290198974609375000e+02
1.232159271240234375e+02
1.229553298950195312e+02
1.259270324707031250e+02
1.344891510009765625e+02
1.247568359375000000e+02
1.197901382446289062e+02
1.193083572387695312e+02
1.250594787597656250e+02
1.361925048828125000e+02
1.290533752441406250e+02
1.306556701660156250e+02
1.217224426269531250e+02
1.206681900024414062e+02
1.180781631469726562e+02
1.182664871215820312e+02
1.189483489990234375e+02
1.220276947021484375e+02
1.287839660644531250e+02
1.318245239257812500e+02
1.384452056884765625e+02
1.286679077148437500e+02
1.258854980468750000e+02
1.223724365234375000e+02
1.220403137207031250e+02
1.214793243408203125e+02
1.273762359619140625e+02
1.312438354492187500e+02
1.360587921142578125e+02
1.271209716796875000e+02
1.215495376586914062e+02
1.210204925537109375e+02
1.215497741699218750e+02
1.242365570068359375e+02
1.351045227050781250e+02
1.339897308349609375e+02
1.405793457031250000e+02
1.278404541015625000e+02
1.197612915039062500e+02
1.209899749755859375e+02
1.181828918457031250e+02
1.192027282714843750e+02
1.191954879760742188e+02
1.184583053588867188e+02
1.183691864013671875e+02
1.176245574951171875e+02
1.186833801269531250e+02
1.221408691406250000e+02
1.306336822509765625e+02
1.470446777343750000e+02
1.286704101562500000e+02
1.225953903198242188e+02
1.195131683349609375e+02
1.178722229003906250e+02
1.210159530639648438e+02
1.196483917236328125e+02
1.210770950317382812e+02
1.305062713623046875e+02
1.368813476562500000e+02
1.485186309814453125e+02
1.230908355712890625e+02
1.193484268188476562e+02
1.201308059692382812e+02
1.286808166503906250e+02
1.510153198242187500e+02
1.273566741943359375e+02
1.214426345825195312e+02
1.176714172363281250e+02
1.177250671386718750e+02
1.265398254394531250e+02
1.367889099121093750e+02
1.541965179443359375e+02
1.260655822753906250e+02
1.172863922119140625e+02
1.194122390747070312e+02
1.263251647949218750e+02
1.471557922363281250e+02
1.311359558105468750e+02
1.244269409179687500e+02
1.203333129882812500e+02
1.204393386840820312e+02
1.217864913940429688e+02
1.263785552978515625e+02
1.312682952880859375e+02
1.451901245117187500e+02
1.293969726562500000e+02
1.250915222167968750e+02
1.243731002807617188e+02
1.289946289062500000e+02
1.326610260009765625e+02
1.408944091796875000e+02
1.247750701904296875e+02
1.233370742797851562e+02
1.172731323242187500e+02
1.186629486083984375e+02
1.218549575805664062e+02
1.308112030029296875e+02
1.507563629150390625e+02
1.329808654785156250e+02
1.240083999633789062e+02
1.207189178466796875e+02
1.208635635375976562e+02
1.208307189941406250e+02
1.283218688964843750e+02
1.395027770996093750e+02
1.495585937500000000e+02
1.293004760742187500e+02
1.213043746948242188e+02
1.207834777832031250e+02
1.204549865722656250e+02
1.251932983398437500e+02
1.363936767578125000e+02
1.383878326416015625e+02
1.431754455566406250e+02
1.256624603271484375e+02
1.241720886230468750e+02
1.257471237182617188e+02
1.415685119628906250e+02
1.340264587402343750e+02
1.356573638916015625e+02
1.280476684570312500e+02
1.286712036132812500e+02
1.284205017089843750e+02
1.356254882812500000e+02
1.308402709960937500e+02
1.360041656494140625e+02
1.273626785278320312e+02
1.261800994873046875e+02
1.291425170898437500e+02
1.394059448242187500e+02
1.360957946777343750e+02
1.405523376464843750e+02
1.249239578247070312e+02
1.255304565429687500e+02
1.284736022949218750e+02
1.405130920410156250e+02
1.322581176757812500e+02
1.301927185058593750e+02
1.264873046875000000e+02
1.297382812500000000e+02
1.332505493164062500e+02
1.425390167236328125e+02
1.311574707031250000e+02
1.275584259033203125e+02
1.246958465576171875e+02
1.322733306884765625e+02
1.333293762207031250e+02
1.406372222900390625e+02
1.313363342285156250e+02
1.311071472167968750e+02
1.262372894287109375e+02
1.303109893798828125e+02
1.360022430419921875e+02
1.518674011230468750e+02
1.287398071289062500e+02
1.183741683959960938e+02
1.198925933837890625e+02
1.277220764160156250e+02
1.498973693847656250e+02
1.377665405273437500e+02
1.358806152343750000e+02
1.258276367187500000e+02
1.258672790527343750e+02
1.280723571777343750e+02
1.416360168457031250e+02
1.347386169433593750e+02
1.358507080078125000e+02
1.250854949951171875e+02
1.256891098022460938e+02
1.263001098632812500e+02
1.428133544921875000e+02
1.386651153564453125e+02
1.430575714111328125e+02
1.238268890380859375e+02
1.209085159301757812e+02
1.197685699462890625e+02
1.183408203125000000e+02
1.235927505493164062e+02
1.417121124267578125e+02
1.426792144775390625e+02
1.509284973144531250e+02
1.247499618530273438e+02
1.187733993530273438e+02
1.220220718383789062e+02
1.298043060302734375e+02
1.517517089843750000e+02
1.360461425781250000e+02
1.279656219482421875e+02
1.245961685180664062e+02
1.228147354125976562e+02
1.257917633056640625e+02
1.421872100830078125e+02
1.401217956542968750e+02
1.421370697021484375e+02
1.258052444458007812e+02
1.246401443481445312e+02
1.232697906494140625e+02
1.383713378906250000e+02
1.432679595947265625e+02
1.460182189941406250e+02
1.260409698486328125e+02
1.205402526855468750e+02
1.173511199951171875e+02
1.194599761962890625e+02
1.266869354248046875e+02
1.450936889648437500e+02
1.640431365966796875e+02
1.214570465087890625e+02
1.225005798339843750e+02
1.491885681152343750e+02
1.490671386718750000e+02
1.431744079589843750e+02
1.230574798583984375e+02
1.213118591308593750e+02
1.450083160400390625e+02
1.527958984375000000e+02
1.495305786132812500e+02
1.224480590820312500e+02
1.216928253173828125e+02
1.403366394042968750e+02
1.486627655029296875e+02
1.538792877197265625e+02
1.236501159667968750e+02
1.233489532470703125e+02
1.442119140625000000e+02
1.440866394042968750e+02
1.455196228027343750e+02
1.257472686767578125e+02
1.197121047973632812e+02
1.176665344238281250e+02
1.209659729003906250e+02
1.300571594238281250e+02
1.377426300048828125e+02
1.553979949951171875e+02
1.275124816894531250e+02
1.221582183837890625e+02
1.197608337402343750e+02
1.214125366210937500e+02
1.317031402587890625e+02
1.594550781250000000e+02
1.342851562500000000e+02
1.254139862060546875e+02
1.236113586425781250e+02
1.229072418212890625e+02
1.263627471923828125e+02
1.395498199462890625e+02
1.388789367675781250e+02
1.462322387695312500e+02
1.280453643798828125e+02
1.261674346923828125e+02
1.262233428955078125e+02
1.381926879882812500e+02
1.375231628417968750e+02
1.537711181640625000e+02
1.265179443359375000e+02
1.197047119140625000e+02
1.200613403320312500e+02
1.222351608276367188e+02
1.326148681640625000e+02
1.651576232910156250e+02
1.315472106933593750e+02
1.246738739013671875e+02
1.244120483398437500e+02
1.287051391601562500e+02
1.362270202636718750e+02
1.640392150878906250e+02
1.282762756347656250e+02
1.210768890380859375e+02
1.179945831298828125e+02
1.187120742797851562e+02
1.253365631103515625e+02
1.423906555175781250e+02
1.730570983886718750e+02
1.248799285888671875e+02
1.199349822998046875e+02
1.526247253417968750e+02
1.471292419433593750e+02
1.409662170410156250e+02
1.238528289794921875e+02
1.218920974731445312e+02
1.241948623657226562e+02
1.414582519531250000e+02
1.717420654296875000e+02
1.268790740966796875e+02
1.203222808837890625e+02
1.449672241210937500e+02
1.576386718750000000e+02
1.554277038574218750e+02
1.213669967651367188e+02
1.375285797119140625e+02
1.882872924804687500e+02
1.209985046386718750e+02
1.627371215820312500e+02
2.160766906738281250e+02
1.394004516601562500e+02
3.082407836914062500e+02
1.809747619628906250e+02
3.858339233398437500e+02
4.429405517578125000e+02
1.616346588134765625e+02
5.238012084960937500e+02
6.171455078125000000e+02
2.796864624023437500e+02
5.047221984863281250e+02
7.450308837890625000e+02
5.651522216796875000e+02
1.218695526123046875e+02
5.730615234375000000e+02
6.213294677734375000e+02
2.490678710937500000e+02
5.553452758789062500e+02
8.269693603515625000e+02
6.636584472656250000e+02
1.722656555175781250e+02
7.321941528320312500e+02
1.027802490234375000e+03
8.628430175781250000e+02
2.970619506835937500e+02
6.730230102539062500e+02
1.092893676757812500e+03
1.052474243164062500e+03
5.959822998046875000e+02
2.658006286621093750e+02
5.884237670898437500e+02
4.679586181640625000e+02
1.680433044433593750e+02
3.278970336914062500e+02
1.744958953857421875e+02
3.865970458984375000e+02
3.782963256835937500e+02
1.581308288574218750e+02
2.664711303710937500e+02
1.301881713867187500e+02
3.135031433105468750e+02
1.635890197753906250e+02
3.829539794921875000e+02
4.247262268066406250e+02
1.559338531494140625e+02
4.835740051269531250e+02
5.335979003906250000e+02
1.753337402343750000e+02
5.593995971679687500e+02
7.685060424804687500e+02
5.687565917968750000e+02
1.284307861328125000e+02
5.934064331054687500e+02
6.634027709960937500e+02
3.178541564941406250e+02
4.660952148437500000e+02
7.209222412109375000e+02
5.731503906250000000e+02
1.391076354980468750e+02
6.364437255859375000e+02
7.964635620117187500e+02
5.340289306640625000e+02
2.110987854003906250e+02
4.344164428710937500e+02
3.132427368164062500e+02
2.457676391601562500e+02
2.843105163574218750e+02
1.859462432861328125e+02
2.116693115234375000e+02
1.824843597412109375e+02
1.337828063964843750e+02
1.931867980957031250e+02
1.338470916748046875e+02
2.284182128906250000e+02
1.443384704589843750e+02
1.641794281005859375e+02
1.707559356689453125e+02
1.311966400146484375e+02
1.327236022949218750e+02
1.609844970703125000e+02
1.605877990722656250e+02
1.239971618652343750e+02
1.882234039306640625e+02
1.658083190917968750e+02
1.351567687988281250e+02
2.258057403564453125e+02
1.278580093383789062e+02
1.529570159912109375e+02
1.757645568847656250e+02
1.383110961914062500e+02
1.230045700073242188e+02
1.596866302490234375e+02
1.914524536132812500e+02
1.227156066894531250e+02
2.343201141357421875e+02
1.282521972656250000e+02
1.491021881103515625e+02
1.986610717773437500e+02
1.332630920410156250e+02
1.287012329101562500e+02
1.799611511230468750e+02
1.606330261230468750e+02
1.209629058837890625e+02
1.720326690673828125e+02
1.869270935058593750e+02
1.257657318115234375e+02
2.433115844726562500e+02
1.259767608642578125e+02
1.705003051757812500e+02
1.658953857421875000e+02
1.281938476562500000e+02
1.208925857543945312e+02
1.344268188476562500e+02
1.637624969482421875e+02
1.314316864013671875e+02
1.231423950195312500e+02
1.224117889404296875e+02
1.363139648437500000e+02
1.674355163574218750e+02
1.260585021972656250e+02
1.218448028564453125e+02
1.507911071777343750e+02
1.482317352294921875e+02
1.409932250976562500e+02
1.231477203369140625e+02
1.188917922973632812e+02
1.254722290039062500e+02
1.416336364746093750e+02
1.619724121093750000e+02
1.260416946411132812e+02
1.198973693847656250e+02
1.311017456054687500e+02
1.468428039550781250e+02
1.568517303466796875e+02
1.225915145874023438e+02
1.285070037841796875e+02
1.720794525146484375e+02
1.307316894531250000e+02
1.207706985473632812e+02
1.214288635253906250e+02
1.367984008789062500e+02
1.653345794677734375e+02
1.289217224121093750e+02
1.230262756347656250e+02
1.330940551757812500e+02
1.531910705566406250e+02
1.603480529785156250e+02
1.216457290649414062e+02
1.331816101074218750e+02
1.834386291503906250e+02
1.221259155273437500e+02
1.504871215820312500e+02
2.133860321044921875e+02
1.365553283691406250e+02
2.971838989257812500e+02
1.686709899902343750e+02
3.860628356933593750e+02
4.341209106445312500e+02
1.559643249511718750e+02
5.260447998046875000e+02
6.215253295898437500e+02
2.992074279785156250e+02
4.665373535156250000e+02
7.036430664062500000e+02
5.364619750976562500e+02
1.227535858154296875e+02
5.269696044921875000e+02
5.367686767578125000e+02
1.547610321044921875e+02
5.781561889648437500e+02
7.800765380859375000e+02
5.765584716796875000e+02
1.267748641967773438e+02
5.960244140625000000e+02
6.741617431640625000e+02
3.349516296386718750e+02
4.403191223144531250e+02
6.904403076171875000e+02
5.438286132812500000e+02
1.295979003906250000e+02
5.922867431640625000e+02
6.943719482421875000e+02
3.763470458984375000e+02
3.829395141601562500e+02
6.206062622070312500e+02
4.748627929687500000e+02
1.330351257324218750e+02
3.939026184082031250e+02
2.569818115234375000e+02
3.391821289062500000e+02
4.395054931640625000e+02
2.097196197509765625e+02
4.357182922363281250e+02
5.211348266601562500e+02
2.032431945800781250e+02
5.195384521484375000e+02
7.256406250000000000e+02
5.378798217773437500e+02
1.330684509277343750e+02
5.590219726562500000e+02
5.957527465820312500e+02
2.286474304199218750e+02
5.487973022460937500e+02
8.072877807617187500e+02
6.617673339843750000e+02
2.013450622558593750e+02
6.746306762695312500e+02
9.645046386718750000e+02
8.226383666992187500e+02
2.969278564453125000e+02
6.222552490234375000e+02
1.012289245605468750e+03
9.673753051757812500e+02
5.379231567382812500e+02
2.855739746093750000e+02
5.854598999023437500e+02
4.633730163574218750e+02
1.682355957031250000e+02
3.501722106933593750e+02
2.347241516113281250e+02
3.000083007812500000e+02
3.045245056152343750e+02
1.921003112792968750e+02
2.552406311035156250e+02
1.389301452636718750e+02
2.388587951660156250e+02
1.558234252929687500e+02
1.866408233642578125e+02
1.520610504150390625e+02
1.375698547363281250e+02
1.606733856201171875e+02
1.297183227539062500e+02
1.650999450683593750e+02
1.775446929931640625e+02
1.412487487792968750e+02
2.233836669921875000e+02
1.334093170166015625e+02
1.599326324462890625e+02
1.510680389404296875e+02
1.320686340332031250e+02
1.260281295776367188e+02
1.442046051025390625e+02
1.709651336669921875e+02
1.244496612548828125e+02
1.932178955078125000e+02
1.732869720458984375e+02
1.378435363769531250e+02
2.467208862304687500e+02
1.236725692749023438e+02
2.396571197509765625e+02
1.337862396240234375e+02
3.219434814453125000e+02
2.135623626708984375e+02
3.465632019042968750e+02
4.082590332031250000e+02
1.587060394287109375e+02
4.916665954589843750e+02
5.705294189453125000e+02
2.406027984619140625e+02
5.068413085937500000e+02
7.397614135742187500e+02
5.773800048828125000e+02
1.334269866943359375e+02
6.451318969726562500e+02
8.180812377929687500e+02
5.725159301757812500e+02
1.621084594726562500e+02
4.042177429199218750e+02
3.200998840332031250e+02
2.050796966552734375e+02
2.295698852539062500e+02
2.266250457763671875e+02
2.163169555664062500e+02
2.206071166992187500e+02
1.517919311523437500e+02
2.996285400390625000e+02
2.762341918945312500e+02
1.851556549072265625e+02
1.682378234863281250e+02
2.626899719238281250e+02
2.307697296142578125e+02
2.111813964843750000e+02
1.577130584716796875e+02
2.632136230468750000e+02
2.246196441650390625e+02
2.337163391113281250e+02
1.733153686523437500e+02
3.066535949707031250e+02
3.112835693359375000e+02
1.354493408203125000e+02
2.631329345703125000e+02
1.369238586425781250e+02
1.843059844970703125e+02
1.454572753906250000e+02
1.258275222778320312e+02
1.423418884277343750e+02
1.408220520019531250e+02
1.358434753417968750e+02
1.247698059082031250e+02
1.271487731933593750e+02
1.402274627685546875e+02
1.321968994140625000e+02
1.306377563476562500e+02
1.254950408935546875e+02
1.218719177246093750e+02
1.277083282470703125e+02
1.358647918701171875e+02
1.508726654052734375e+02
1.262388458251953125e+02
1.222434692382812500e+02
1.314165039062500000e+02
1.409596252441406250e+02
1.556893615722656250e+02
1.251322937011718750e+02
1.244305191040039062e+02
1.390772247314453125e+02
1.444384002685546875e+02
1.497933502197265625e+02
1.259979019165039062e+02
1.201458358764648438e+02
1.236576080322265625e+02
1.391940917968750000e+02
1.570254821777343750e+02
1.290560760498046875e+02
1.208029632568359375e+02
1.329849700927734375e+02
1.561881561279296875e+02
1.586281738281250000e+02
1.215506286621093750e+02
1.356910705566406250e+02
1.845783691406250000e+02
1.213997497558593750e+02
1.781445007324218750e+02
1.895848999023437500e+02
1.331811523437500000e+02
2.609405517578125000e+02
1.293058776855468750e+02
2.991676635742187500e+02
2.399163665771484375e+02
2.652660522460937500e+02
2.367153320312500000e+02
2.675239562988281250e+02
2.901895141601562500e+02
1.423653869628906250e+02
1.894655303955078125e+02
2.132187194824218750e+02
1.705835571289062500e+02
2.659427490234375000e+02
1.702927093505859375e+02
3.426437072753906250e+02
3.672606506347656250e+02
1.271414184570312500e+02
4.191716308593750000e+02
3.688147888183593750e+02
1.809718933105468750e+02
2.632297058105468750e+02
1.253971252441406250e+02
2.314284210205078125e+02
1.487874603271484375e+02
1.466063995361328125e+02
2.080153045654296875e+02
1.271363372802734375e+02
1.461159057617187500e+02
1.657930603027343750e+02
1.435418853759765625e+02
1.253687438964843750e+02
1.730437927246093750e+02
1.713523864746093750e+02
1.285771484375000000e+02
2.351662597656250000e+02
1.254438247680664062e+02
1.681399230957031250e+02
1.630384368896484375e+02
1.271587371826171875e+02
1.255804290771484375e+02
1.578065338134765625e+02
1.729477539062500000e+02
1.240084686279296875e+02
1.926239013671875000e+02
1.694346923828125000e+02
1.344967041015625000e+02
2.419014129638671875e+02
1.214931488037109375e+02
2.249830627441406250e+02
1.250321197509765625e+02
2.542026062011718750e+02
1.212075958251953125e+02
2.120841217041015625e+02
1.220306243896484375e+02
2.008137512207031250e+02
1.726444702148437500e+02
1.356296386718750000e+02
2.395969238281250000e+02
1.222070465087890625e+02
2.242984466552734375e+02
1.248132247924804688e+02
2.612227783203125000e+02
1.246105880737304688e+02
2.508264770507812500e+02
1.453404388427734375e+02
3.315375976562500000e+02
2.522100524902343750e+02
2.964429016113281250e+02
3.541681518554687500e+02
1.316035461425781250e+02
4.309471435546875000e+02
4.123400878906250000e+02
1.377236022949218750e+02
2.754908142089843750e+02
1.387162322998046875e+02
3.515531616210937500e+02
2.817045288085937500e+02
2.626069641113281250e+02
3.191203613281250000e+02
1.241896972656250000e+02
3.205582885742187500e+02
1.836578674316406250e+02
3.716716918945312500e+02
4.356660766601562500e+02
1.856031188964843750e+02
4.709738769531250000e+02
5.711063842773437500e+02
2.702260742187500000e+02
4.563692321777343750e+02
6.760360717773437500e+02
5.193496093750000000e+02
1.348869018554687500e+02
5.234406738281250000e+02
5.498684082031250000e+02
1.895260925292968750e+02
5.561269531250000000e+02
7.934893798828125000e+02
6.397846679687500000e+02
1.792102661132812500e+02
6.750036010742187500e+02
9.526346435546875000e+02
8.000189819335937500e+02
2.769724426269531250e+02
6.288510742187500000e+02
1.015498046875000000e+03
9.783167724609375000e+02
5.650769653320312500e+02
2.462376861572265625e+02
5.538766479492187500e+02
4.543768005371093750e+02
1.573616790771484375e+02
3.214123535156250000e+02
2.009248962402343750e+02
3.332871093750000000e+02
3.341418762207031250e+02
1.725008850097656250e+02
2.516150054931640625e+02
1.327919006347656250e+02
2.702239685058593750e+02
1.291082458496093750e+02
2.250745849609375000e+02
1.361772460937500000e+02
2.718357849121093750e+02
1.465438232421875000e+02
3.150673217773437500e+02
2.988393249511718750e+02
1.584855194091796875e+02
1.824042358398437500e+02
2.283308410644531250e+02
1.989695129394531250e+02
2.248117523193359375e+02
1.531774597167968750e+02
2.612957763671875000e+02
2.163187408447265625e+02
2.387867126464843750e+02
1.765610351562500000e+02
3.019680480957031250e+02
3.064606018066406250e+02
1.393471679687500000e+02
2.638123474121093750e+02
1.383747406005859375e+02
1.840742797851562500e+02
1.431992950439453125e+02
1.308441009521484375e+02
1.636244964599609375e+02
1.293626098632812500e+02
1.347247619628906250e+02
1.642681274414062500e+02
1.275438308715820312e+02
1.443511962890625000e+02
1.867958374023437500e+02
1.313387756347656250e+02
2.387039947509765625e+02
1.261810150146484375e+02
1.766613159179687500e+02
1.411925354003906250e+02
1.226305847167968750e+02
1.370210876464843750e+02
1.500853576660156250e+02
1.530841522216796875e+02
1.232731704711914062e+02
1.419901428222656250e+02
1.782443847656250000e+02
1.218569335937500000e+02
1.868327636718750000e+02
1.723246765136718750e+02
1.359764404296875000e+02
2.434945373535156250e+02
1.227582550048828125e+02
2.257106933593750000e+02
1.276569824218750000e+02
2.797817687988281250e+02
1.416387329101562500e+02
3.461934204101562500e+02
3.457479553222656250e+02
1.256296081542968750e+02
3.064662780761718750e+02
1.423731384277343750e+02
3.569949340820312500e+02
3.732265625000000000e+02
1.263564834594726562e+02
4.155778808593750000e+02
3.723989257812500000e+02
1.730231933593750000e+02
2.581869506835937500e+02
1.229054718017578125e+02
2.461584167480468750e+02
1.305097045898437500e+02
1.622738952636718750e+02
1.755281982421875000e+02
1.293883514404296875e+02
1.291224670410156250e+02
1.689342651367187500e+02
1.615214385986328125e+02
1.249529800415039062e+02
1.772028808593750000e+02
1.713908386230468750e+02
1.321059722900390625e+02
2.266133422851562500e+02
1.261032638549804688e+02
1.637095184326171875e+02
1.572922058105468750e+02
1.305614929199218750e+02
1.231427536010742188e+02
1.319691467285156250e+02
1.522388610839843750e+02
1.320242462158203125e+02
1.229659652709960938e+02
1.245482177734375000e+02
1.291986236572265625e+02
1.459872436523437500e+02
1.345324401855468750e+02
1.288133392333984375e+02
1.239874801635742188e+02
1.216157455444335938e+02
1.223559875488281250e+02
1.227671508789062500e+02
1.238875885009765625e+02
1.285809020996093750e+02
1.344822540283203125e+02
1.356112060546875000e+02
1.386190795898437500e+02
1.304330902099609375e+02
1.281119995117187500e+02
1.314030456542968750e+02
1.380430450439453125e+02
1.343162384033203125e+02
1.338367309570312500e+02
1.316984863281250000e+02
1.307981872558593750e+02
1.291727600097656250e+02
1.335588989257812500e+02
1.380997314453125000e+02
1.413077545166015625e+02
1.306069946289062500e+02
1.263162765502929688e+02
1.271514129638671875e+02
1.284333496093750000e+02
1.334104309082031250e+02
1.473716125488281250e+02
1.353686065673828125e+02
1.323846435546875000e+02
1.303119049072265625e+02
1.353456726074218750e+02
1.365933837890625000e+02
1.381699218750000000e+02
1.313362426757812500e+02
1.325733489990234375e+02
1.336287078857421875e+02
1.362923736572265625e+02
1.346570434570312500e+02
1.400004425048828125e+02
1.348878936767578125e+02
1.311245117187500000e+02
1.288476562500000000e+02
1.346216125488281250e+02
1.328740234375000000e+02
1.410903015136718750e+02
1.321602325439453125e+02
1.296703948974609375e+02
1.300361633300781250e+02
1.376466369628906250e+02
1.371875915527343750e+02
1.419753875732421875e+02
1.313592987060546875e+02
1.333670043945312500e+02
1.306664733886718750e+02
1.307036132812500000e+02
1.319279174804687500e+02
1.395021667480468750e+02
1.365054168701171875e+02
1.292359924316406250e+02
1.265206909179687500e+02
1.323170471191406250e+02
1.344259490966796875e+02
1.436006164550781250e+02
1.331951446533203125e+02
1.313589630126953125e+02
1.308678894042968750e+02
1.391865234375000000e+02
1.370816650390625000e+02
1.406704711914062500e+02
1.334324951171875000e+02
1.336662292480468750e+02
1.360732116699218750e+02
1.424174499511718750e+02
1.341942901611328125e+02
1.318970642089843750e+02
1.314739227294921875e+02
1.342325897216796875e+02
1.358638610839843750e+02
1.427383117675781250e+02
1.345724487304687500e+02
1.329862670898437500e+02
1.319062194824218750e+02
1.404946594238281250e+02
1.367044982910156250e+02
1.420373077392578125e+02
1.307820892333984375e+02
1.346395874023437500e+02
1.343615570068359375e+02
1.408878479003906250e+02
1.331829833984375000e+02
1.376890106201171875e+02
1.359602508544921875e+02
1.412051086425781250e+02
1.321070556640625000e+02
1.345364837646484375e+02
1.305019226074218750e+02
1.363262634277343750e+02
1.355816040039062500e+02
1.406011962890625000e+02
1.333932647705078125e+02
1.367642517089843750e+02
1.318790435791015625e+02
1.344887084960937500e+02
1.317527770996093750e+02
1.376784667968750000e+02
1.360382232666015625e+02
1.429991149902343750e+02
1.325052795410156250e+02
1.309613494873046875e+02
1.311448822021484375e+02
1.320763549804687500e+02
1.343723297119140625e+02
1.397611694335937500e+02
1.375525512695312500e+02
1.415822448730468750e+02
1.329690246582031250e+02
1.320169372558593750e+02
1.314284820556640625e+02
1.408402404785156250e+02
1.390572814941406250e+02
1.451054229736328125e+02
1.326309509277343750e+02
1.318933715820312500e+02
1.299316711425781250e+02
1.384951782226562500e+02
1.399333190917968750e+02
1.505965270996093750e+02
1.328328552246093750e+02
1.289777832031250000e+02
1.273599548339843750e+02
1.332227478027343750e+02
1.403465270996093750e+02
1.559409484863281250e+02
1.300875244140625000e+02
1.234714508056640625e+02
1.223762054443359375e+02
1.238867721557617188e+02
1.236942596435546875e+02
1.239339523315429688e+02
1.345341491699218750e+02
1.579421691894531250e+02
1.389655456542968750e+02
1.319069061279296875e+02
1.286543426513671875e+02
1.320725402832031250e+02
1.356930389404296875e+02
1.558013916015625000e+02
1.386037750244140625e+02
1.310802307128906250e+02
1.261725006103515625e+02
1.268714370727539062e+02
1.346346588134765625e+02
1.541035156250000000e+02
1.365759124755859375e+02
1.323166961669921875e+02
1.290734252929687500e+02
1.328088378906250000e+02
1.371246032714843750e+02
1.590383911132812500e+02
1.324933166503906250e+02
1.250137100219726562e+02
1.243620758056640625e+02
1.219235076904296875e+02
1.237262039184570312e+02
1.308582458496093750e+02
1.474650268554687500e+02
1.626182250976562500e+02
1.297700805664062500e+02
1.216728820800781250e+02
1.299366760253906250e+02
1.500274353027343750e+02
1.688769836425781250e+02
1.257481994628906250e+02
1.366656341552734375e+02
1.894045410156250000e+02
1.248949737548828125e+02
1.698275146484375000e+02
2.092974395751953125e+02
1.413720703125000000e+02
2.984248046875000000e+02
1.673795166015625000e+02
3.803345336914062500e+02
4.217669372558593750e+02
1.531658020019531250e+02
5.144658813476562500e+02
5.914722900390625000e+02
2.580121765136718750e+02
5.142709960937500000e+02
7.560827026367187500e+02
5.968724975585937500e+02
1.420835571289062500e+02
6.890904541015625000e+02
9.019517822265625000e+02
6.874788818359375000e+02
1.287909851074218750e+02
6.424329833984375000e+02
8.539093627929687500e+02
6.574977416992187500e+02
1.626176452636718750e+02
7.365336303710937500e+02
1.023442810058593750e+03
8.709830932617187500e+02
3.341963500976562500e+02
6.119931640625000000e+02
1.014695861816406250e+03
9.788615112304687500e+02
5.656550292968750000e+02
2.626181640625000000e+02
5.579444580078125000e+02
4.307048950195312500e+02
1.987750244140625000e+02
3.332966918945312500e+02
1.731526794433593750e+02
3.950653991699218750e+02
3.956688232421875000e+02
1.454726257324218750e+02
2.693928222656250000e+02
1.415756378173828125e+02
3.378906860351562500e+02
2.388635711669921875e+02
3.264662475585937500e+02
3.942142944335937500e+02
1.596632690429687500e+02
4.560359802246093750e+02
4.958538818359375000e+02
1.550766601562500000e+02
5.232984619140625000e+02
6.859103393554687500e+02
4.735445251464843750e+02
1.711296691894531250e+02
3.520407714843750000e+02
1.535429687500000000e+02
3.867391967773437500e+02
4.318414306640625000e+02
1.720487213134765625e+02
4.690061645507812500e+02
5.359288330078125000e+02
2.043766326904296875e+02
5.372733154296875000e+02
7.617794799804687500e+02
6.040220947265625000e+02
1.605422821044921875e+02
6.547402343750000000e+02
8.723348999023437500e+02
6.718103637695312500e+02
1.348599853515625000e+02
5.930514526367187500e+02
7.832210083007812500e+02
5.932424926757812500e+02
1.440646362304687500e+02
6.517481689453125000e+02
8.319097290039062500e+02
5.985292968750000000e+02
1.484109191894531250e+02
4.311648864746093750e+02
4.085066223144531250e+02
1.317024078369140625e+02
4.552780761718750000e+02
4.325336303710937500e+02
1.366524658203125000e+02
3.098709106445312500e+02
2.136229553222656250e+02
3.093312377929687500e+02
2.964705810546875000e+02
2.121225280761718750e+02
2.543820495605468750e+02
1.483827972412109375e+02
1.823749084472656250e+02
2.189495849609375000e+02
1.873932495117187500e+02
2.358098907470703125e+02
1.447303009033203125e+02
2.646492309570312500e+02
2.055183410644531250e+02
2.724818725585937500e+02
2.146832580566406250e+02
3.032089233398437500e+02
3.397629394531250000e+02
1.332601928710937500e+02
3.789925231933593750e+02
2.868413696289062500e+02
2.773411254882812500e+02
3.530480651855468750e+02
1.486472473144531250e+02
4.218890380859375000e+02
4.206223754882812500e+02
1.324890441894531250e+02
3.077192993164062500e+02
2.134758911132812500e+02
3.076403808593750000e+02
2.913768310546875000e+02
2.155738372802734375e+02
2.510072326660156250e+02
1.530643005371093750e+02
1.531719970703125000e+02
2.256131286621093750e+02
1.707262573242187500e+02
2.693258056640625000e+02
1.732214050292968750e+02
3.332481384277343750e+02
3.607894897460937500e+02
1.360395507812500000e+02
4.060226135253906250e+02
3.495484008789062500e+02
2.000634307861328125e+02
2.801056518554687500e+02
1.276106643676757812e+02
2.948025817871093750e+02
1.426435089111328125e+02
3.394464721679687500e+02
3.367620239257812500e+02
1.337242431640625000e+02
2.902416381835937500e+02
1.284511108398437500e+02
2.593925781250000000e+02
1.695382690429687500e+02
3.054049682617187500e+02
2.353386840820312500e+02
2.969277954101562500e+02
3.477530822753906250e+02
1.377230529785156250e+02
4.082215576171875000e+02
3.650415649414062500e+02
1.781824340820312500e+02
2.688528747558593750e+02
1.270755538940429688e+02
2.959844360351562500e+02
1.463327178955078125e+02
3.482721557617187500e+02
3.534071960449218750e+02
1.302757110595703125e+02
3.711341552734375000e+02
2.657618103027343750e+02
3.032322998046875000e+02
3.791463623046875000e+02
1.677168884277343750e+02
4.361240234375000000e+02
4.818220214843750000e+02
1.552520446777343750e+02
5.091431884765625000e+02
6.646329345703125000e+02
4.667844543457031250e+02
1.611968383789062500e+02
3.488587036132812500e+02
1.595646972656250000e+02
3.969228820800781250e+02
4.662808532714843750e+02
2.221753845214843750e+02
4.399584350585937500e+02
5.560990600585937500e+02
2.784917602539062500e+02
4.298641357421875000e+02
6.339068603515625000e+02
4.847245483398437500e+02
1.333277587890625000e+02
5.106546325683593750e+02
5.211398925781250000e+02
1.616805725097656250e+02
5.293630981445312500e+02
7.140167236328125000e+02
5.385777587890625000e+02
1.328243103027343750e+02
5.805653076171875000e+02
6.785520019531250000e+02
3.893757934570312500e+02
3.400007629394531250e+02
5.572842407226562500e+02
4.352780151367187500e+02
1.391096496582031250e+02
3.741567382812500000e+02
2.527310180664062500e+02
3.184616699218750000e+02
4.080311279296875000e+02
1.991612243652343750e+02
4.116649780273437500e+02
4.793151550292968750e+02
1.731057739257812500e+02
4.903678894042968750e+02
6.606487426757812500e+02
4.781641540527343750e+02
1.428443756103515625e+02
4.595418701171875000e+02
3.957971801757812500e+02
1.682101135253906250e+02
3.069969482421875000e+02
1.763888092041015625e+02
3.356083068847656250e+02
3.127548217773437500e+02
1.969105529785156250e+02
2.621795959472656250e+02
1.364023742675781250e+02
2.370348205566406250e+02
1.448312683105468750e+02
1.717787170410156250e+02
1.593663024902343750e+02
1.349201507568359375e+02
1.408372802734375000e+02
1.432767028808593750e+02
1.434401092529296875e+02
1.284462890625000000e+02
1.378771820068359375e+02
1.568706665039062500e+02
1.278149108886718750e+02
1.408812255859375000e+02
1.748603820800781250e+02
1.275116806030273438e+02
1.932285919189453125e+02
1.715222167968750000e+02
1.424061431884765625e+02
2.226644744873046875e+02
1.249050064086914062e+02
1.692148132324218750e+02
1.582908325195312500e+02
1.304229125976562500e+02
1.310397033691406250e+02
1.554737396240234375e+02
1.621403503417968750e+02
1.264288558959960938e+02
1.592048645019531250e+02
1.851650695800781250e+02
1.307541809082031250e+02
2.248401947021484375e+02
1.344658813476562500e+02
1.538806762695312500e+02
1.824372863769531250e+02
1.328468170166015625e+02
1.316096801757812500e+02
1.705363616943359375e+02
1.567787170410156250e+02
1.257690887451171875e+02
1.646203002929687500e+02
1.811621856689453125e+02
1.302366333007812500e+02
2.276617889404296875e+02
1.329048919677734375e+02
1.565471649169921875e+02
1.805713806152343750e+02
1.327747039794921875e+02
1.320655975341796875e+02
1.714063568115234375e+02
1.580383605957031250e+02
1.293863372802734375e+02
1.680090484619140625e+02
1.742611694335937500e+02
1.281845092773437500e+02
2.120037841796875000e+02
1.402909393310546875e+02
1.432905731201171875e+02
2.007558746337890625e+02
1.351147155761718750e+02
1.392117614746093750e+02
1.893744049072265625e+02
1.421267852783203125e+02
1.298284759521484375e+02
1.730715942382812500e+02
1.683928222656250000e+02
1.278928909301757812e+02
2.062510986328125000e+02
1.518515930175781250e+02
1.387448272705078125e+02
2.054178771972656250e+02
1.371973571777343750e+02
1.375038146972656250e+02
1.843268737792968750e+02
1.412398529052734375e+02
1.267793731689453125e+02
1.601894226074218750e+02
1.692043762207031250e+02
1.289089202880859375e+02
1.822042236328125000e+02
1.726259613037109375e+02
1.319188995361328125e+02
2.243621673583984375e+02
1.292528381347656250e+02
1.668607788085937500e+02
1.716974182128906250e+02
1.309021606445312500e+02
1.319166717529296875e+02
1.539188385009765625e+02
1.619091033935546875e+02
1.271152191162109375e+02
1.441624450683593750e+02
1.820742187500000000e+02
1.263039550781250000e+02
1.785739440917968750e+02
1.832898712158203125e+02
1.347088317871093750e+02
2.416105957031250000e+02
1.257838668823242188e+02
2.080494537353515625e+02
1.282265014648437500e+02
1.706462554931640625e+02
1.958855133056640625e+02
1.374401397705078125e+02
2.669556884765625000e+02
1.419302825927734375e+02
3.177117919921875000e+02
2.956555480957031250e+02
1.691087493896484375e+02
1.772910156250000000e+02
2.529192504882812500e+02
2.138663024902343750e+02
2.486322326660156250e+02
1.911191101074218750e+02
3.071677551269531250e+02
3.263308105468750000e+02
1.325807495117187500e+02
3.366434936523437500e+02
1.954783172607421875e+02
3.750428161621093750e+02
4.565362243652343750e+02
2.286214294433593750e+02
4.318930358886718750e+02
5.441298828125000000e+02
2.706856994628906250e+02
4.295426940917968750e+02
6.248760986328125000e+02
4.730133361816406250e+02
1.323123321533203125e+02
4.348967590332031250e+02
3.711962890625000000e+02
1.868265075683593750e+02
2.829586181640625000e+02
1.340592956542968750e+02
3.333453979492187500e+02
2.322334594726562500e+02
3.213874511718750000e+02
3.912323608398437500e+02
1.725118865966796875e+02
4.402782897949218750e+02
4.972908325195312500e+02
1.851674652099609375e+02
5.025132446289062500e+02
6.806569213867187500e+02
5.155277099609375000e+02
1.323249816894531250e+02
5.441643066406250000e+02
5.980147705078125000e+02
2.701561279296875000e+02
4.725137023925781250e+02
7.127081298828125000e+02
5.939769287109375000e+02
1.906528930664062500e+02
6.214273071289062500e+02
8.635812988281250000e+02
7.035860595703125000e+02
1.953122863769531250e+02
6.539179077148437500e+02
9.968825683593750000e+02
9.370463256835937500e+02
5.303198242187500000e+02
2.685798950195312500e+02
5.547628173828125000e+02
4.444891357421875000e+02
1.672015991210937500e+02
3.334707946777343750e+02
2.292290496826171875e+02
2.945130310058593750e+02
2.948789672851562500e+02
1.918775634765625000e+02
2.446793823242187500e+02
1.421721496582031250e+02
2.018163757324218750e+02
1.802424163818359375e+02
1.757315521240234375e+02
1.899866180419921875e+02
1.372923736572265625e+02
1.627558898925781250e+02
1.372322540283203125e+02
1.422930145263671875e+02
1.733977355957031250e+02
1.343849487304687500e+02
1.897868652343750000e+02
1.583282012939453125e+02
1.455561218261718750e+02
2.047860565185546875e+02
1.371347656250000000e+02
1.479114532470703125e+02
1.703778533935546875e+02
1.452609863281250000e+02
1.307878723144531250e+02
1.747346191406250000e+02
1.680492248535156250e+02
1.310233459472656250e+02
2.090999908447265625e+02
1.412812194824218750e+02
1.401280059814453125e+02
1.945000152587890625e+02
1.374882659912109375e+02
1.326727905273437500e+02
1.810296325683593750e+02
1.543379364013671875e+02
1.295313110351562500e+02
1.711219482421875000e+02
1.678327484130859375e+02
1.265140228271484375e+02
1.937502441406250000e+02
1.592106628417968750e+02
1.319776000976562500e+02
2.049985046386718750e+02
1.411023254394531250e+02
1.368854064941406250e+02
1.905315246582031250e+02
1.435063476562500000e+02
1.286425628662109375e+02
1.743718872070312500e+02
1.572270355224609375e+02
1.279582901000976562e+02
1.569731750488281250e+02
1.712903747558593750e+02
1.281671752929687500e+02
1.742443237304687500e+02
1.772071228027343750e+02
1.350671844482421875e+02
2.333151397705078125e+02
1.275314788818359375e+02
1.954348754882812500e+02
1.408369598388671875e+02
1.331898193359375000e+02
1.763502807617187500e+02
1.298706817626953125e+02
1.336997528076171875e+02
1.598770599365234375e+02
1.338081665039062500e+02
1.299971466064453125e+02
1.284682006835937500e+02
1.384923095703125000e+02
1.513277587890625000e+02
1.333348083496093750e+02
1.272637634277343750e+02
1.320670471191406250e+02
1.450861206054687500e+02
1.547240600585937500e+02
1.301391754150390625e+02
1.310710449218750000e+02
1.548794097900390625e+02
1.381548461914062500e+02
1.278189849853515625e+02
1.268801422119140625e+02
1.315964965820312500e+02
1.404037780761718750e+02
1.403497467041015625e+02
1.383874511718750000e+02
1.300832672119140625e+02
1.333706359863281250e+02
1.347213745117187500e+02
1.369088439941406250e+02
1.337481689453125000e+02
1.326882171630859375e+02
1.345717468261718750e+02
1.394961547851562500e+02
1.350213012695312500e+02
1.305246734619140625e+02
1.322492980957031250e+02
1.377035675048828125e+02
1.362612915039062500e+02
1.399725036621093750e+02
1.351622924804687500e+02
1.336966705322265625e+02
1.318463287353515625e+02
1.345668640136718750e+02
1.336090850830078125e+02
1.380472717285156250e+02
1.366712646484375000e+02
1.389622802734375000e+02
1.355085144042968750e+02
1.356388549804687500e+02
1.322665405273437500e+02
1.345219573974609375e+02
1.362505035400390625e+02
1.397703399658203125e+02
1.369704895019531250e+02
1.348286437988281250e+02
1.328620758056640625e+02
1.360793151855468750e+02
1.340700378417968750e+02
1.379214324951171875e+02
1.367775268554687500e+02
1.368919219970703125e+02
1.366552124023437500e+02
1.371296844482421875e+02
1.346877746582031250e+02
1.361852111816406250e+02
1.358916015625000000e+02
1.408872375488281250e+02
1.366899261474609375e+02
1.429353027343750000e+02
1.359027099609375000e+02
1.353131713867187500e+02
1.364730072021484375e+02
1.378890228271484375e+02
1.394617614746093750e+02
1.405317535400390625e+02
1.345421905517578125e+02
1.350405120849609375e+02
1.359197387695312500e+02
1.394177703857421875e+02
1.340439453125000000e+02
1.330750122070312500e+02
1.319957885742187500e+02
1.308139953613281250e+02
1.352003936767578125e+02
1.444192810058593750e+02
1.399454803466796875e+02
1.375580749511718750e+02
1.334590759277343750e+02
1.350060882568359375e+02
1.369537048339843750e+02
1.452180938720703125e+02
1.429325408935546875e+02
1.411210479736328125e+02
1.355654907226562500e+02
1.382434387207031250e+02
1.380877227783203125e+02
1.401808929443359375e+02
1.375278778076171875e+02
1.379281616210937500e+02
1.348495788574218750e+02
1.402838439941406250e+02
1.357976837158203125e+02
1.389962615966796875e+02
1.380791778564453125e+02
1.418662872314453125e+02
1.385489807128906250e+02
1.333647460937500000e+02
1.326417236328125000e+02
1.397283630371093750e+02
1.400048828125000000e+02
1.457727355957031250e+02
1.337591247558593750e+02
1.327021942138671875e+02
1.309465942382812500e+02
1.331567840576171875e+02
1.416856994628906250e+02
1.561463623046875000e+02
1.349301147460937500e+02
1.276137695312500000e+02
1.250924072265625000e+02
1.263401031494140625e+02
1.286421661376953125e+02
1.331748352050781250e+02
1.516860656738281250e+02
1.450038452148437500e+02
1.423434753417968750e+02
1.315906372070312500e+02
1.333410034179687500e+02
1.335824890136718750e+02
1.394859924316406250e+02
1.411377716064453125e+02
1.433488464355468750e+02
1.353262023925781250e+02
1.340657653808593750e+02
1.341108551025390625e+02
1.431802673339843750e+02
1.453541259765625000e+02
1.518152618408203125e+02
1.296764984130859375e+02
1.255942535400390625e+02
1.277262725830078125e+02
1.307857055664062500e+02
1.433626708984375000e+02
1.492587280273437500e+02
1.507957305908203125e+02
1.308824615478515625e+02
1.269699859619140625e+02
1.262453842163085938e+02
1.308841552734375000e+02
1.407235870361328125e+02
1.473049926757812500e+02
1.508211059570312500e+02
1.299085388183593750e+02
1.281615600585937500e+02
1.274285125732421875e+02
1.259479293823242188e+02
1.270300903320312500e+02
1.298072662353515625e+02
1.351619567871093750e+02
1.480596771240234375e+02
1.615101776123046875e+02
1.303916931152343750e+02
1.290128326416015625e+02
1.483016204833984375e+02
1.547542114257812500e+02
1.523192138671875000e+02
1.311779174804687500e+02
1.256370544433593750e+02
1.269785461425781250e+02
1.382406921386718750e+02
1.685122375488281250e+02
1.381138305664062500e+02
1.269061889648437500e+02
1.301646728515625000e+02
1.290674743652343750e+02
1.334633178710937500e+02
1.455445861816406250e+02
1.478816223144531250e+02
1.541492462158203125e+02
1.321117248535156250e+02
1.276562042236328125e+02
1.272270812988281250e+02
1.348302307128906250e+02
1.597299499511718750e+02
1.434710693359375000e+02
1.376534271240234375e+02
1.313805389404296875e+02
1.382917480468750000e+02
1.420827331542968750e+02
1.598509368896484375e+02
1.376005859375000000e+02
1.308060150146484375e+02
1.302054748535156250e+02
1.283406524658203125e+02
1.265428237915039062e+02
1.269325637817382812e+02
1.332228393554687500e+02
1.578483886718750000e+02
1.504120025634765625e+02
1.401924133300781250e+02
1.311476440429687500e+02
1.326928558349609375e+02
1.321694335937500000e+02
1.426509094238281250e+02
1.468699035644531250e+02
1.573732452392578125e+02
1.327704315185546875e+02
1.291991119384765625e+02
1.270534439086914062e+02
1.281629791259765625e+02
1.315266723632812500e+02
1.374284362792968750e+02
1.499555969238281250e+02
1.620051879882812500e+02
1.355421447753906250e+02
1.275443649291992188e+02
1.261216506958007812e+02
1.312088623046875000e+02
1.470624084472656250e+02
1.578500366210937500e+02
1.575025482177734375e+02
1.296202087402343750e+02
1.279783325195312500e+02
1.390255889892578125e+02
1.558653869628906250e+02
1.711054229736328125e+02
1.300945587158203125e+02
1.399647216796875000e+02
1.947135467529296875e+02
1.257889480590820312e+02
1.686918334960937500e+02
2.094099578857421875e+02
1.386530609130859375e+02
2.908952331542968750e+02
1.532770385742187500e+02
3.678314208984375000e+02
3.771129150390625000e+02
1.293874359130859375e+02
4.178881530761718750e+02
3.479333496093750000e+02
2.325702819824218750e+02
3.003654174804687500e+02
1.274534149169921875e+02
2.758711242675781250e+02
1.273623428344726562e+02
2.184425964355468750e+02
1.286065979003906250e+02
1.720726928710937500e+02
2.130916595458984375e+02
1.469577331542968750e+02
2.901975097656250000e+02
1.626599731445312500e+02
3.670128173828125000e+02
3.916435241699218750e+02
1.380025329589843750e+02
4.658679809570312500e+02
4.631599121093750000e+02
1.272565536499023438e+02
3.673406982421875000e+02
3.214637756347656250e+02
1.807128601074218750e+02
2.000988769531250000e+02
2.609857482910156250e+02
2.371900939941406250e+02
2.357563629150390625e+02
1.782415313720703125e+02
3.181800842285156250e+02
3.189211120605468750e+02
1.475580444335937500e+02
2.347126159667968750e+02
1.885169219970703125e+02
1.782816162109375000e+02
2.223829803466796875e+02
1.321995544433593750e+02
2.051900634765625000e+02
1.299914550781250000e+02
1.831949768066406250e+02
2.049302215576171875e+02
1.492770080566406250e+02
2.838160705566406250e+02
1.626056518554687500e+02
3.494199523925781250e+02
3.576976928710937500e+02
1.290547332763671875e+02
3.688220825195312500e+02
2.409957733154296875e+02
3.563416748046875000e+02
4.495256958007812500e+02
2.186608428955078125e+02
4.567055358886718750e+02
5.641096191406250000e+02
2.642571411132812500e+02
4.765099792480468750e+02
6.934219360351562500e+02
5.376697998046875000e+02
1.348649291992187500e+02
5.832055664062500000e+02
6.663872070312500000e+02
3.474652709960937500e+02
4.194195251464843750e+02
6.599970703125000000e+02
5.307239379882812500e+02
1.436369018554687500e+02
5.905156250000000000e+02
7.060629882812500000e+02
4.177734375000000000e+02
3.274376220703125000e+02
5.440853881835937500e+02
4.179718933105468750e+02
1.655762329101562500e+02
3.080074462890625000e+02
1.336525878906250000e+02
2.506217193603515625e+02
1.525103302001953125e+02
3.152710571289062500e+02
2.116999053955078125e+02
3.483489379882812500e+02
4.125337524414062500e+02
1.787090759277343750e+02
4.588185424804687500e+02
5.197454833984375000e+02
1.938505859375000000e+02
5.330226440429687500e+02
7.386546020507812500e+02
5.720285034179687500e+02
1.446429138183593750e+02
6.317156372070312500e+02
7.898244018554687500e+02
5.433901367187500000e+02
1.969582519531250000e+02
4.223859863281250000e+02
3.239610900878906250e+02
2.147217864990234375e+02
2.556631927490234375e+02
2.040495605468750000e+02
2.096934509277343750e+02
2.082182617187500000e+02
1.410176849365234375e+02
2.480532226562500000e+02
1.783873291015625000e+02
2.893339233398437500e+02
2.000800170898437500e+02
3.334317626953125000e+02
3.775291137695312500e+02
1.563198547363281250e+02
4.269355468750000000e+02
4.154685058593750000e+02
1.478303527832031250e+02
2.985820007324218750e+02
1.864066467285156250e+02
3.423197021484375000e+02
3.205405273437500000e+02
2.044371948242187500e+02
2.601763305664062500e+02
1.458696289062500000e+02
1.869857177734375000e+02
2.043039550781250000e+02
1.619057769775390625e+02
2.552713623046875000e+02
1.459060668945312500e+02
2.804906005859375000e+02
2.273658905029296875e+02
2.502629394531250000e+02
1.973956604003906250e+02
3.052730712890625000e+02
3.216717529296875000e+02
1.410843200683593750e+02
3.265046997070312500e+02
1.632102203369140625e+02
3.773093872070312500e+02
4.271270751953125000e+02
1.796792907714843750e+02
4.698371582031250000e+02
5.472802734375000000e+02
2.375462951660156250e+02
4.960587768554687500e+02
7.095007324218750000e+02
5.665237426757812500e+02
1.573086547851562500e+02
6.258773193359375000e+02
8.067468261718750000e+02
5.851785888671875000e+02
1.498508300781250000e+02
4.318662109375000000e+02
4.076881408691406250e+02
1.360499267578125000e+02
4.598002319335937500e+02
4.567738647460937500e+02
1.325220031738281250e+02
3.851477355957031250e+02
3.786289672851562500e+02
1.350287628173828125e+02
4.333928222656250000e+02
3.965283203125000000e+02
1.618990173339843750e+02
2.803079528808593750e+02
1.479728546142578125e+02
3.492870178222656250e+02
2.796452026367187500e+02
2.677629699707031250e+02
3.299731445312500000e+02
1.362648162841796875e+02
3.823460388183593750e+02
3.139552001953125000e+02
2.369633636474609375e+02
2.994785461425781250e+02
1.341127929687500000e+02
3.229112854003906250e+02
1.857418365478515625e+02
3.724414367675781250e+02
4.375739746093750000e+02
2.043133697509765625e+02
4.495859985351562500e+02
5.484633178710937500e+02
2.598504028320312500e+02
4.569234924316406250e+02
6.651401367187500000e+02
5.235998535156250000e+02
1.413003997802734375e+02
5.782548217773437500e+02
6.878653564453125000e+02
4.043245849609375000e+02
3.268982238769531250e+02
5.398068237304687500e+02
4.181730651855468750e+02
1.505111999511718750e+02
3.282055664062500000e+02
1.622370605468750000e+02
3.686455993652343750e+02
4.104482421875000000e+02
1.707451782226562500e+02
4.530932922363281250e+02
5.067875366210937500e+02
1.900508422851562500e+02
5.094515686035156250e+02
7.026798095703125000e+02
5.437465209960937500e+02
1.481693420410156250e+02
5.940631103515625000e+02
7.289749145507812500e+02
4.693300781250000000e+02
2.464508361816406250e+02
4.514709777832031250e+02
3.402676086425781250e+02
2.047427215576171875e+02
2.756009521484375000e+02
1.664501800537109375e+02
1.956832885742187500e+02
1.702632141113281250e+02
1.360718383789062500e+02
1.695233612060546875e+02
1.391732177734375000e+02
1.575553588867187500e+02
1.902847900390625000e+02
1.474409484863281250e+02
2.409245300292968750e+02
1.336248931884765625e+02
2.091694946289062500e+02
1.337416839599609375e+02
2.409170532226562500e+02
1.370720520019531250e+02
1.758072814941406250e+02
1.620899353027343750e+02
1.350423889160156250e+02
1.331556549072265625e+02
1.547511291503906250e+02
1.666616973876953125e+02
1.301431732177734375e+02
1.746636047363281250e+02
1.809176330566406250e+02
1.377273559570312500e+02
2.365390472412109375e+02
1.306227569580078125e+02
1.807000427246093750e+02
1.540374908447265625e+02
1.291203613281250000e+02
1.424095764160156250e+02
1.670996704101562500e+02
1.548430175781250000e+02
1.312387695312500000e+02
1.465240783691406250e+02
1.741988677978515625e+02
1.307937774658203125e+02
1.626592102050781250e+02
1.923272705078125000e+02
1.331091003417968750e+02
2.430963439941406250e+02
1.293885650634765625e+02
1.977634887695312500e+02
1.399846191406250000e+02
1.332586975097656250e+02
1.761011657714843750e+02
1.364345092773437500e+02
1.315631561279296875e+02
1.493355102539062500e+02
1.469238891601562500e+02
1.439125671386718750e+02
1.333290710449218750e+02
1.284853057861328125e+02
1.349533843994140625e+02
1.440985107421875000e+02
1.556500549316406250e+02
1.346273193359375000e+02
1.293026733398437500e+02
1.313786315917968750e+02
1.390629882812500000e+02
1.549074554443359375e+02
1.377112731933593750e+02
1.290142822265625000e+02
1.306832122802734375e+02
1.441383361816406250e+02
1.675617370605468750e+02
1.325470123291015625e+02
1.334748840332031250e+02
1.573322753906250000e+02
1.427027893066406250e+02
1.353478393554687500e+02
1.301921691894531250e+02
1.278495178222656250e+02
1.311755065917968750e+02
1.392359313964843750e+02
1.559193878173828125e+02
1.401909484863281250e+02
1.339723510742187500e+02
1.300017547607421875e+02
1.293552856445312500e+02
1.320872039794921875e+02
1.344621276855468750e+02
1.365386352539062500e+02
1.518000335693359375e+02
1.391395263671875000e+02
1.333236389160156250e+02
1.297389526367187500e+02
1.317235717773437500e+02
1.308723449707031250e+02
1.321399841308593750e+02
1.326807861328125000e+02
1.388431549072265625e+02
1.466043395996093750e+02
1.514989013671875000e+02
1.352028198242187500e+02
1.300383605957031250e+02
1.304670410156250000e+02
1.343389434814453125e+02
1.402350616455078125e+02
1.504712524414062500e+02
1.407446899414062500e+02
1.388048095703125000e+02
1.373161926269531250e+02
1.438965148925781250e+02
1.422424316406250000e+02
1.451896972656250000e+02
1.364127502441406250e+02
1.331368103027343750e+02
1.325807189941406250e+02
1.349320526123046875e+02
1.368662719726562500e+02
1.466939849853515625e+02
1.446830139160156250e+02
1.447291259765625000e+02
1.370002136230468750e+02
1.382305603027343750e+02
1.381938476562500000e+02
1.484279327392578125e+02
1.400319061279296875e+02
1.383824310302734375e+02
1.378525695800781250e+02
1.393860473632812500e+02
1.417493743896484375e+02
1.493360900878906250e+02
1.398831176757812500e+02
1.350150146484375000e+02
1.339764709472656250e+02
1.388529205322265625e+02
1.399155578613281250e+02
1.501510925292968750e+02
1.390100402832031250e+02
1.354880981445312500e+02
1.341145935058593750e+02
1.424443664550781250e+02
1.410823669433593750e+02
1.472518920898437500e+02
1.377605590820312500e+02
1.360207977294921875e+02
1.344236755371093750e+02
1.370324707031250000e+02
1.439475708007812500e+02
1.578356475830078125e+02
1.403706207275390625e+02
1.360758361816406250e+02
1.310276489257812500e+02
1.349840698242187500e+02
1.377736053466796875e+02
1.460679168701171875e+02
1.444511108398437500e+02
1.474606323242187500e+02
1.383189544677734375e+02
1.367985229492187500e+02
1.381151733398437500e+02
1.429943542480468750e+02
1.434764099121093750e+02
1.498930816650390625e+02
1.389594116210937500e+02
1.377197723388671875e+02
1.379813079833984375e+02
1.419668884277343750e+02
1.421533508300781250e+02
1.498143463134765625e+02
1.408864440917968750e+02
1.365488128662109375e+02
1.407206726074218750e+02
1.505084533691406250e+02
1.453057250976562500e+02
1.457994079589843750e+02
1.351920928955078125e+02
1.362038574218750000e+02
1.346984252929687500e+02
1.389023742675781250e+02
1.411909179687500000e+02
1.515443115234375000e+02
1.410420532226562500e+02
1.364887695312500000e+02
1.345065917968750000e+02
1.397463836669921875e+02
1.450068206787109375e+02
1.573736419677734375e+02
1.373454895019531250e+02
1.322807464599609375e+02
1.295298309326171875e+02
1.285314788818359375e+02
1.301726379394531250e+02
1.324129333496093750e+02
1.376643066406250000e+02
1.600533142089843750e+02
1.434930725097656250e+02
1.392226257324218750e+02
1.355208587646484375e+02
1.369560394287109375e+02
1.391201782226562500e+02
1.499253234863281250e+02
1.431405334472656250e+02
1.440529785156250000e+02
1.395118408203125000e+02
1.429273376464843750e+02
1.418889465332031250e+02
1.497113952636718750e+02
1.419104156494140625e+02
1.436005401611328125e+02
1.379727783203125000e+02
1.403398742675781250e+02
1.444107055664062500e+02
1.447833251953125000e+02
1.413188323974609375e+02
1.429865570068359375e+02
1.373177795410156250e+02
1.431089782714843750e+02
1.411385803222656250e+02
1.448652191162109375e+02
1.432735595703125000e+02
1.470673522949218750e+02
1.398507232666015625e+02
1.444516601562500000e+02
1.390986633300781250e+02
1.438936767578125000e+02
1.460230712890625000e+02
1.522924499511718750e+02
1.405270996093750000e+02
1.373103027343750000e+02
1.374729919433593750e+02
1.470547180175781250e+02
1.481516418457031250e+02
1.517019348144531250e+02
1.376744079589843750e+02
1.370603637695312500e+02
1.378589630126953125e+02
1.395948486328125000e+02
1.460164337158203125e+02
1.566886596679687500e+02
1.396507873535156250e+02
1.356018371582031250e+02
1.368217468261718750e+02
1.452928466796875000e+02
1.450582580566406250e+02
1.487218170166015625e+02
1.429279479980468750e+02
1.404190979003906250e+02
1.392160797119140625e+02
1.440020294189453125e+02
1.422872619628906250e+02
1.459430541992187500e+02
1.392233734130859375e+02
1.429857635498046875e+02
1.395180358886718750e+02
1.454896850585937500e+02
1.449201202392578125e+02
1.452771606445312500e+02
1.384370574951171875e+02
1.448529815673828125e+02
1.455580596923828125e+02
1.520336761474609375e+02
1.378970794677734375e+02
1.387787475585937500e+02
1.366929779052734375e+02
1.489984893798828125e+02
1.502405090332031250e+02
1.564380493164062500e+02
1.394244232177734375e+02
1.370653076171875000e+02
1.376251525878906250e+02
1.456818847656250000e+02
1.469864196777343750e+02
1.535105895996093750e+02
1.382623291015625000e+02
1.345737609863281250e+02
1.355779113769531250e+02
1.468827209472656250e+02
1.515130615234375000e+02
1.589012451171875000e+02
1.399067382812500000e+02
1.350273742675781250e+02
1.329638977050781250e+02
1.363558349609375000e+02
1.435367126464843750e+02
1.596399230957031250e+02
1.429582519531250000e+02
1.380634460449218750e+02
1.378208007812500000e+02
1.463323516845703125e+02
1.507189636230468750e+02
1.605067443847656250e+02
1.400273132324218750e+02
1.348410644531250000e+02
1.337679138183593750e+02
1.420726318359375000e+02
1.546327209472656250e+02
1.665998535156250000e+02
1.339330444335937500e+02
1.285887451171875000e+02
1.307442932128906250e+02
1.436258239746093750e+02
1.777609405517578125e+02
1.371906433105468750e+02
1.320261840820312500e+02
1.295102539062500000e+02
1.395899047851562500e+02
1.799508972167968750e+02
1.431979064941406250e+02
1.317464599609375000e+02
1.306562805175781250e+02
1.447096862792968750e+02
1.797038269042968750e+02
1.375414428710937500e+02
1.297160949707031250e+02
1.404765014648437500e+02
1.605818786621093750e+02
1.745148620605468750e+02
1.318781890869140625e+02
1.344971313476562500e+02
1.730124969482421875e+02
1.487569580078125000e+02
1.369226379394531250e+02
1.306516418457031250e+02
1.360291137695312500e+02
1.460435180664062500e+02
1.730318450927734375e+02
1.394971313476562500e+02
1.343221740722656250e+02
1.313647613525390625e+02
1.343789978027343750e+02
1.423435363769531250e+02
1.614120330810546875e+02
1.417223358154296875e+02
1.378519287109375000e+02
1.390581054687500000e+02
1.441908264160156250e+02
1.466723937988281250e+02
1.560892486572265625e+02
1.428422851562500000e+02
1.439921417236328125e+02
1.404858703613281250e+02
1.468845977783203125e+02
1.471599884033203125e+02
1.581048583984375000e+02
1.404770507812500000e+02
1.394413604736328125e+02
1.405046386718750000e+02
1.570932006835937500e+02
1.484746856689453125e+02
1.512452850341796875e+02
1.401132507324218750e+02
1.376903991699218750e+02
1.434365234375000000e+02
1.596640777587890625e+02
1.451782684326171875e+02
1.414291381835937500e+02
1.361420898437500000e+02
1.447862854003906250e+02
1.463298034667968750e+02
1.628487854003906250e+02
1.406030273437500000e+02
1.344630126953125000e+02
1.362162170410156250e+02
1.482424011230468750e+02
1.523063659667968750e+02
1.621289978027343750e+02
1.386824035644531250e+02
1.303888549804687500e+02
1.324094238281250000e+02
1.344277343750000000e+02
1.420890045166015625e+02
1.645810852050781250e+02
1.465943603515625000e+02
1.420914306640625000e+02
1.419361267089843750e+02
1.530039062500000000e+02
1.478360595703125000e+02
1.522811584472656250e+02
1.380910339355468750e+02
1.401019287109375000e+02
1.429472808837890625e+02
1.539272613525390625e+02
1.455223388671875000e+02
1.519801788330078125e+02
1.429658813476562500e+02
1.463171081542968750e+02
1.422156066894531250e+02
1.518905639648437500e+02
1.470368041992187500e+02
1.565624389648437500e+02
1.432933654785156250e+02
1.413269348144531250e+02
1.403130645751953125e+02
1.464175415039062500e+02
1.489437561035156250e+02
1.533781585693359375e+02
1.457552185058593750e+02
1.478044433593750000e+02
1.426290893554687500e+02
1.521569671630859375e+02
1.457182312011718750e+02
1.538778076171875000e+02
1.439123077392578125e+02
1.437849731445312500e+02
1.396925354003906250e+02
1.492873535156250000e+02
1.470975036621093750e+02
1.525635375976562500e+02
1.427757873535156250e+02
1.390775146484375000e+02
1.429857788085937500e+02
1.573612976074218750e+02
1.505775756835937500e+02
1.496192932128906250e+02
1.408627624511718750e+02
1.426175994873046875e+02
1.497606811523437500e+02
1.667677764892578125e+02
1.436034240722656250e+02
1.409645996093750000e+02
1.394334106445312500e+02
1.521225891113281250e+02
1.515072174072265625e+02
1.609809570312500000e+02
1.406829528808593750e+02
1.345947265625000000e+02
1.350193328857421875e+02
1.440754394531250000e+02
1.553059387207031250e+02
1.698569335937500000e+02
1.379301147460937500e+02
1.304380340576171875e+02
1.301562042236328125e+02
1.297154541015625000e+02
1.340998229980468750e+02
1.462934875488281250e+02
1.787540435791015625e+02
1.415411834716796875e+02
1.312022094726562500e+02
1.316707458496093750e+02
1.294412384033203125e+02
1.302401733398437500e+02
1.409281005859375000e+02
1.652407836914062500e+02
1.795691833496093750e+02
1.316873779296875000e+02
1.381991577148437500e+02
2.000928344726562500e+02
1.369035644531250000e+02
1.448594665527343750e+02
2.131956176757812500e+02
1.299367370605468750e+02
2.446012268066406250e+02
1.510173034667968750e+02
1.485178680419921875e+02
2.330751800537109375e+02
1.399685668945312500e+02
1.463482971191406250e+02
2.123644104003906250e+02
1.476952819824218750e+02
1.312247314453125000e+02
1.856346130371093750e+02
1.941711120605468750e+02
1.340225372314453125e+02
2.420065155029296875e+02
1.465065307617187500e+02
1.431525726318359375e+02
2.295859985351562500e+02
1.399159240722656250e+02
1.368045349121093750e+02
2.011381530761718750e+02
1.740152282714843750e+02
1.301175689697265625e+02
1.873900451660156250e+02
2.031395874023437500e+02
1.375247497558593750e+02
2.829173889160156250e+02
1.359485321044921875e+02
3.176260681152343750e+02
2.466832275390625000e+02
3.038750610351562500e+02
2.804247741699218750e+02
2.696220703125000000e+02
2.934044189453125000e+02
1.603703765869140625e+02
1.608169403076171875e+02
2.600916748046875000e+02
1.858249206542968750e+02
3.317236328125000000e+02
2.656549682617187500e+02
3.107490844726562500e+02
3.606350097656250000e+02
1.370984802246093750e+02
4.120072021484375000e+02
3.290629882812500000e+02
2.691444091796875000e+02
3.399558105468750000e+02
1.333694610595703125e+02
3.827080383300781250e+02
2.759812622070312500e+02
3.287864379882812500e+02
4.099667358398437500e+02
1.716985473632812500e+02
4.994169311523437500e+02
5.683775634765625000e+02
2.276589355468750000e+02
5.564149780273437500e+02
7.935588378906250000e+02
6.348281860351562500e+02
1.745847930908203125e+02
7.068241577148437500e+02
9.600518798828125000e+02
7.691142578125000000e+02
2.009507751464843750e+02
7.501931762695312500e+02
1.145041748046875000e+03
1.092148193359375000e+03
6.597644653320312500e+02
1.999199218750000000e+02
5.441333007812500000e+02
4.609611511230468750e+02
1.692698516845703125e+02
3.163907775878906250e+02
1.759612426757812500e+02
3.806728515625000000e+02
3.480654296875000000e+02
2.081475524902343750e+02
2.683698120117187500e+02
1.465520324707031250e+02
1.812369079589843750e+02
2.369818420410156250e+02
1.859659729003906250e+02
2.761930541992187500e+02
1.776168518066406250e+02
3.529723205566406250e+02
3.773154907226562500e+02
1.465269470214843750e+02
4.353222656250000000e+02
3.819498901367187500e+02
1.974533996582031250e+02
2.862993164062500000e+02
1.359883270263671875e+02
2.955565185546875000e+02
1.408308563232421875e+02
3.167591552734375000e+02
2.586951599121093750e+02
2.615004272460937500e+02
2.334511260986328125e+02
2.904545288085937500e+02
3.130150146484375000e+02
1.492092132568359375e+02
2.516243286132812500e+02
1.701640319824218750e+02
1.801541748046875000e+02
2.007803039550781250e+02
1.359936523437500000e+02
1.734814605712890625e+02
1.608179016113281250e+02
1.413823242187500000e+02
1.332581176757812500e+02
1.404255828857421875e+02
1.633979949951171875e+02
1.400719299316406250e+02
1.362592926025390625e+02
1.341220092773437500e+02
1.322939147949218750e+02
1.320248870849609375e+02
1.366759338378906250e+02
1.451684722900390625e+02
1.622561950683593750e+02
1.458597564697265625e+02
1.372349395751953125e+02
1.355215759277343750e+02
1.431180114746093750e+02
1.472908325195312500e+02
1.569734191894531250e+02
1.421210632324218750e+02
1.381591339111328125e+02
1.376901550292968750e+02
1.484412536621093750e+02
1.509897460937500000e+02
1.579307556152343750e+02
1.439085998535156250e+02
1.393535461425781250e+02
1.381093750000000000e+02
1.502591552734375000e+02
1.502623291015625000e+02
1.550425109863281250e+02
1.434811401367187500e+02
1.451143951416015625e+02
1.396551208496093750e+02
1.500351409912109375e+02
1.474724884033203125e+02
1.498993530273437500e+02
1.457653503417968750e+02
1.504675292968750000e+02
1.482702789306640625e+02
1.562536010742187500e+02
1.405962219238281250e+02
1.383868255615234375e+02
1.377629699707031250e+02
1.432607421875000000e+02
1.478548278808593750e+02
1.625199890136718750e+02
1.421523437500000000e+02
1.381550750732421875e+02
1.368927612304687500e+02
1.463753967285156250e+02
1.544635009765625000e+02
1.647816009521484375e+02
1.356193847656250000e+02
1.344351806640625000e+02
1.303913726806640625e+02
1.318678436279296875e+02
1.473480987548828125e+02
1.625243835449218750e+02
1.687045135498046875e+02
1.359188385009765625e+02
1.297276763916015625e+02
1.312635040283203125e+02
1.352169189453125000e+02
1.507765197753906250e+02
1.576203308105468750e+02
1.618613281250000000e+02
1.380127563476562500e+02
1.328415222167968750e+02
1.302472839355468750e+02
1.337737121582031250e+02
1.364660186767578125e+02
1.540997924804687500e+02
1.569266967773437500e+02
1.585017547607421875e+02
1.394195861816406250e+02
1.323912506103515625e+02
1.324734191894531250e+02
1.355323486328125000e+02
1.500579223632812500e+02
1.783669128417968750e+02
1.363735656738281250e+02
1.308400726318359375e+02
1.523884277343750000e+02
1.703751678466796875e+02
1.651590576171875000e+02
1.297118072509765625e+02
1.350073242187500000e+02
1.673293151855468750e+02
1.564718017578125000e+02
1.462718353271484375e+02
1.368800659179687500e+02
1.346654357910156250e+02
1.381082153320312500e+02
1.544934082031250000e+02
1.572300567626953125e+02
1.599251251220703125e+02
1.360362854003906250e+02
1.328234252929687500e+02
1.319521179199218750e+02
1.390419769287109375e+02
1.564138183593750000e+02
1.779160919189453125e+02
1.368229522705078125e+02
1.318700866699218750e+02
1.484154663085937500e+02
1.692381591796875000e+02
1.718458557128906250e+02
1.301803283691406250e+02
1.473666687011718750e+02
2.045213470458984375e+02
1.294351959228515625e+02
1.903962097167968750e+02
2.124956054687500000e+02
1.527789001464843750e+02
3.053138427734375000e+02
1.823612670898437500e+02
3.890245056152343750e+02
4.339869995117187500e+02
1.650789642333984375e+02
5.335054321289062500e+02
6.190330810546875000e+02
2.949388732910156250e+02
4.933891906738281250e+02
7.283596191406250000e+02
5.819006958007812500e+02
1.460903625488281250e+02
6.747383422851562500e+02
8.614230957031250000e+02
6.160262451171875000e+02
1.590969543457031250e+02
4.228719177246093750e+02
3.578499145507812500e+02
1.800424499511718750e+02
2.385309600830078125e+02
2.176106262207031250e+02
1.933974914550781250e+02
2.714415283203125000e+02
1.778634338378906250e+02
3.562734680175781250e+02
3.803528442382812500e+02
1.412541503906250000e+02
4.288555603027343750e+02
3.646630554199218750e+02
2.224342956542968750e+02
2.972545166015625000e+02
1.352693023681640625e+02
3.035045776367187500e+02
1.386463928222656250e+02
3.223952941894531250e+02
2.662053833007812500e+02
2.513939819335937500e+02
2.226053771972656250e+02
2.976799316406250000e+02
3.158842163085937500e+02
1.528976898193359375e+02
2.087663574218750000e+02
2.252662963867187500e+02
1.852591094970703125e+02
2.799899291992187500e+02
1.859304199218750000e+02
3.530382995605468750e+02
3.778673706054687500e+02
1.452369384765625000e+02
4.290827331542968750e+02
3.723410949707031250e+02
2.094329833984375000e+02
2.900901489257812500e+02
1.332887573242187500e+02
2.916279296875000000e+02
1.345869293212890625e+02
2.582804260253906250e+02
1.554315338134765625e+02
3.392497558593750000e+02
2.592772216796875000e+02
3.127872314453125000e+02
3.709808959960937500e+02
1.483245086669921875e+02
4.545857238769531250e+02
4.494794921875000000e+02
1.333046569824218750e+02
3.315946044921875000e+02
2.487743835449218750e+02
2.968534545898437500e+02
2.862876586914062500e+02
2.373586730957031250e+02
2.607242736816406250e+02
1.779626922607421875e+02
1.496110992431640625e+02
2.481326141357421875e+02
1.716260375976562500e+02
3.044470214843750000e+02
2.092627563476562500e+02
3.555831298828125000e+02
4.144615173339843750e+02
1.676122741699218750e+02
4.875418701171875000e+02
5.460386962890625000e+02
2.112828674316406250e+02
5.447089233398437500e+02
7.707768554687500000e+02
6.219535522460937500e+02
1.748471679687500000e+02
6.883779296875000000e+02
9.401257934570312500e+02
7.663984375000000000e+02
2.214759368896484375e+02
7.131116333007812500e+02
1.100536987304687500e+03
1.064194702148437500e+03
6.585864257812500000e+02
1.750164031982421875e+02
5.473578491210937500e+02
5.054166259765625000e+02
1.395617523193359375e+02
4.296911010742187500e+02
4.491155090332031250e+02
1.786261291503906250e+02
5.074288330078125000e+02
5.979889526367187500e+02
2.890571594238281250e+02
4.649970703125000000e+02
6.918078002929687500e+02
5.556198120117187500e+02
1.526760864257812500e+02
6.163987426757812500e+02
7.680606689453125000e+02
5.163852539062500000e+02
2.263650817871093750e+02
4.387782287597656250e+02
3.263626098632812500e+02
2.312500305175781250e+02
2.790436706542968750e+02
1.921732482910156250e+02
2.152189178466796875e+02
1.928057250976562500e+02
1.411634216308593750e+02
2.061533203125000000e+02
1.443415527343750000e+02
2.454272155761718750e+02
1.454299926757812500e+02
1.821026916503906250e+02
1.586495056152343750e+02
1.388078460693359375e+02
1.385101013183593750e+02
1.478836669921875000e+02
1.606516418457031250e+02
1.361598968505859375e+02
1.353185882568359375e+02
1.489962005615234375e+02
1.485193786621093750e+02
1.535409545898437500e+02
1.355569610595703125e+02
1.313001708984375000e+02
1.364556579589843750e+02
1.520588836669921875e+02
1.745879669189453125e+02
1.343686676025390625e+02
1.374665527343750000e+02
1.580949096679687500e+02
1.570528106689453125e+02
1.464466552734375000e+02
1.342127532958984375e+02
1.333686981201171875e+02
1.335709533691406250e+02
1.482323913574218750e+02
1.670129699707031250e+02
1.426531372070312500e+02
1.327066192626953125e+02
1.311555633544921875e+02
1.418983154296875000e+02
1.629322967529296875e+02
1.460658111572265625e+02
1.387845764160156250e+02
1.347857208251953125e+02
1.311798248291015625e+02
1.313332672119140625e+02
1.361606445312500000e+02
1.363587951660156250e+02
1.385682220458984375e+02
1.476354370117187500e+02
1.617528991699218750e+02
1.445256652832031250e+02
1.351645812988281250e+02
1.313581542968750000e+02
1.318074645996093750e+02
1.427125701904296875e+02
1.602052001953125000e+02
1.709125061035156250e+02
1.387863464355468750e+02
1.325941467285156250e+02
1.326805114746093750e+02
1.485246429443359375e+02
1.752993774414062500e+02
1.368264465332031250e+02
1.329219207763671875e+02
1.604959411621093750e+02
1.587237701416015625e+02
1.520368041992187500e+02
1.350208892822265625e+02
1.311776733398437500e+02
1.324303436279296875e+02
1.457395935058593750e+02
1.730416412353515625e+02
1.426177215576171875e+02
1.332308349609375000e+02
1.316643218994140625e+02
1.355915985107421875e+02
1.550380554199218750e+02
1.576669616699218750e+02
1.499842834472656250e+02
1.387413330078125000e+02
1.362834777832031250e+02
1.356271667480468750e+02
1.475245666503906250e+02
1.551023559570312500e+02
1.600234680175781250e+02
1.385153198242187500e+02
1.337551574707031250e+02
1.317232360839843750e+02
1.319940490722656250e+02
1.357778015136718750e+02
1.410950927734375000e+02
1.574631958007812500e+02
1.734130706787109375e+02
1.357769775390625000e+02
1.349838256835937500e+02
1.633844299316406250e+02
1.534313507080078125e+02
1.462223358154296875e+02
1.367590637207031250e+02
1.323942260742187500e+02
1.371110229492187500e+02
1.437702484130859375e+02
1.582738647460937500e+02
1.736032104492187500e+02
1.350447692871093750e+02
1.313576049804687500e+02
1.427034301757812500e+02
1.623863525390625000e+02
1.772294769287109375e+02
1.341969604492187500e+02
1.579963073730468750e+02
2.092183837890625000e+02
1.370915832519531250e+02
2.666963806152343750e+02
1.345359497070312500e+02
2.155004577636718750e+02
1.387795715332031250e+02
1.448092346191406250e+02
2.166577453613281250e+02
1.328364257812500000e+02
2.435518341064453125e+02
1.473834075927734375e+02
1.504396057128906250e+02
2.237793273925781250e+02
1.392811584472656250e+02
1.439260253906250000e+02
1.986849670410156250e+02
1.569946899414062500e+02
1.309931640625000000e+02
1.704014282226562500e+02
2.005316162109375000e+02
1.359818878173828125e+02
2.574006347656250000e+02
1.350499572753906250e+02
1.857836303710937500e+02
1.709656982421875000e+02
1.412384948730468750e+02
1.317969818115234375e+02
1.455503234863281250e+02
1.843470153808593750e+02
1.411002807617187500e+02
1.322243499755859375e+02
1.586896514892578125e+02
1.654841766357421875e+02
1.601012573242187500e+02
1.340111846923828125e+02
1.327655792236328125e+02
1.438338317871093750e+02
1.657655944824218750e+02
1.709522705078125000e+02
1.326127166748046875e+02
1.490256652832031250e+02
1.980275421142578125e+02
1.310646667480468750e+02
1.777737731933593750e+02
2.074484863281250000e+02
1.419310607910156250e+02
2.856900024414062500e+02
1.451491241455078125e+02
3.410384521484375000e+02
3.144080505371093750e+02
1.885024719238281250e+02
1.821513519287109375e+02
2.884928283691406250e+02
2.601609802246093750e+02
2.359823303222656250e+02
1.863351287841796875e+02
3.245126342773437500e+02
3.276930541992187500e+02
1.483848876953125000e+02
2.433993072509765625e+02
1.860348663330078125e+02
1.720099029541015625e+02
2.441248626708984375e+02
1.351448974609375000e+02
2.437171020507812500e+02
1.442483673095703125e+02
3.167801513671875000e+02
1.923448944091796875e+02
3.809435424804687500e+02
4.378280029296875000e+02
1.849582977294921875e+02
5.053491516113281250e+02
6.012224121093750000e+02
2.913831176757812500e+02
4.715126342773437500e+02
6.953060913085937500e+02
5.512205200195312500e+02
1.455391235351562500e+02
6.219301147460937500e+02
7.543771362304687500e+02
4.779480285644531250e+02
2.795513916015625000e+02
4.937666931152343750e+02
3.668546752929687500e+02
2.141519775390625000e+02
2.850692443847656250e+02
1.780602111816406250e+02
1.912033081054687500e+02
2.123703918457031250e+02
1.368292846679687500e+02
2.109437713623046875e+02
1.361854553222656250e+02
2.246402893066406250e+02
1.720110015869140625e+02
1.636442260742187500e+02
2.258033905029296875e+02
1.339839477539062500e+02
1.779474029541015625e+02
1.718943786621093750e+02
1.395068664550781250e+02
1.359876098632812500e+02
1.567268066406250000e+02
1.852907409667968750e+02
1.355695190429687500e+02
2.081037597656250000e+02
1.821367492675781250e+02
1.466557312011718750e+02
2.525060882568359375e+02
1.343236083984375000e+02
2.366657409667968750e+02
1.354969635009765625e+02
2.686456298828125000e+02
1.311889801025390625e+02
2.389838256835937500e+02
1.351130371093750000e+02
2.837186889648437500e+02
1.377799072265625000e+02
3.195564270019531250e+02
2.645115356445312500e+02
2.550153045654296875e+02
2.277525787353515625e+02
2.926936645507812500e+02
3.076372680664062500e+02
1.521256713867187500e+02
2.068561706542968750e+02
2.214127655029296875e+02
1.812598571777343750e+02
2.782964782714843750e+02
1.833093261718750000e+02
3.541293945312500000e+02
3.840573425292968750e+02
1.404475708007812500e+02
4.499799804687500000e+02
4.303164062500000000e+02
1.427887725830078125e+02
2.972240295410156250e+02
1.783393554687500000e+02
3.750558166503906250e+02
3.581632080078125000e+02
1.877332916259765625e+02
2.451083984375000000e+02
1.560620727539062500e+02
1.481365356445312500e+02
2.241894531250000000e+02
1.492211761474609375e+02
2.913663330078125000e+02
1.590659179687500000e+02
3.511092834472656250e+02
3.581604309082031250e+02
1.365733642578125000e+02
3.614050292968750000e+02
2.278486175537109375e+02
3.747057495117187500e+02
4.653139648437500000e+02
2.383134307861328125e+02
4.459721069335937500e+02
5.640903930664062500e+02
2.843889465332031250e+02
4.456725158691406250e+02
6.486538085937500000e+02
4.963017883300781250e+02
1.401991577148437500e+02
4.531463317871093750e+02
3.887345275878906250e+02
1.883793945312500000e+02
2.901604003906250000e+02
1.431665344238281250e+02
3.369271850585937500e+02
2.195985107421875000e+02
3.591430358886718750e+02
4.331582946777343750e+02
2.035307006835937500e+02
4.654738159179687500e+02
5.600086669921875000e+02
2.657462768554687500e+02
4.684323425292968750e+02
6.837775268554687500e+02
5.400177001953125000e+02
1.424720001220703125e+02
5.833636474609375000e+02
6.965329589843750000e+02
4.096232910156250000e+02
3.326088867187500000e+02
5.481647949218750000e+02
4.250726928710937500e+02
1.590949707031250000e+02
3.205040588378906250e+02
1.447413635253906250e+02
3.317922363281250000e+02
3.001404418945312500e+02
1.826552734375000000e+02
1.913577728271484375e+02
2.566792602539062500e+02
2.353730163574218750e+02
2.122844238281250000e+02
1.634163513183593750e+02
2.391868743896484375e+02
1.889773406982421875e+02
2.618126525878906250e+02
1.705217285156250000e+02
3.302788696289062500e+02
3.389312744140625000e+02
1.405026550292968750e+02
3.211333923339843750e+02
1.636400451660156250e+02
3.710390014648437500e+02
4.046049194335937500e+02
1.590505981445312500e+02
4.672770385742187500e+02
5.110573730468750000e+02
1.767973632812500000e+02
5.256359252929687500e+02
7.107199707031250000e+02
5.439832153320312500e+02
1.417234802246093750e+02
5.945695800781250000e+02
7.012058715820312500e+02
4.166116027832031250e+02
3.311596984863281250e+02
5.415130004882812500e+02
4.277786560058593750e+02
1.500361633300781250e+02
3.462934875488281250e+02
1.818227844238281250e+02
3.874747314453125000e+02
4.545701293945312500e+02
2.233005218505859375e+02
4.429428710937500000e+02
5.519960937500000000e+02
2.719636230468750000e+02
4.458641967773437500e+02
6.520735473632812500e+02
5.098472290039062500e+02
1.471401367187500000e+02
5.529742431640625000e+02
6.216407470703125000e+02
3.054694213867187500e+02
4.458620605468750000e+02
6.775090332031250000e+02
5.632935180664062500e+02
1.746281433105468750e+02
6.120210571289062500e+02
8.034101562500000000e+02
6.028683471679687500e+02
1.459035339355468750e+02
4.685854492187500000e+02
5.124299926757812500e+02
2.525592803955078125e+02
4.458821411132812500e+02
5.888512573242187500e+02
3.444327392578125000e+02
3.519507446289062500e+02
5.324862670898437500e+02
3.921636352539062500e+02
1.889844970703125000e+02
2.966347351074218750e+02
1.513880310058593750e+02
2.189927062988281250e+02
1.404240264892578125e+02
2.464046325683593750e+02
1.472868957519531250e+02
1.858110198974609375e+02
1.588772277832031250e+02
1.403043518066406250e+02
1.554842224121093750e+02
1.491488647460937500e+02
1.414266662597656250e+02
1.378868103027343750e+02
1.393455200195312500e+02
1.482412109375000000e+02
1.399900817871093750e+02
1.353499755859375000e+02
1.342649688720703125e+02
1.347060241699218750e+02
1.384980773925781250e+02
1.434873504638671875e+02
1.563594970703125000e+02
1.396813812255859375e+02
1.344719085693359375e+02
1.335123901367187500e+02
1.327494201660156250e+02
1.333397216796875000e+02
1.381361083984375000e+02
1.427707824707031250e+02
1.534272766113281250e+02
1.546987609863281250e+02
1.403022308349609375e+02
1.320646362304687500e+02
1.353566284179687500e+02
1.394666290283203125e+02
1.516158752441406250e+02
1.515623474121093750e+02
1.451536102294921875e+02
1.385807952880859375e+02
1.403304443359375000e+02
1.431800231933593750e+02
1.498199462890625000e+02
1.441706390380859375e+02
1.478723754882812500e+02
1.428464965820312500e+02
1.448294067382812500e+02
1.439357757568359375e+02
1.434338378906250000e+02
1.425965881347656250e+02
1.429708251953125000e+02
1.436434478759765625e+02
1.429479980468750000e+02
1.392045288085937500e+02
1.454816589355468750e+02
1.479678649902343750e+02
1.538543701171875000e+02
1.410725708007812500e+02
1.352430114746093750e+02
1.339099884033203125e+02
1.357062988281250000e+02
1.349535827636718750e+02
1.471497802734375000e+02
1.526227722167968750e+02
1.568879241943359375e+02
1.408078613281250000e+02
1.360734710693359375e+02
1.342957305908203125e+02
1.343309478759765625e+02
1.394347839355468750e+02
1.549837036132812500e+02
1.521125946044921875e+02
1.466393737792968750e+02
1.410233306884765625e+02
1.388366394042968750e+02
1.402759704589843750e+02
1.473428649902343750e+02
1.491803283691406250e+02
1.544847564697265625e+02
1.411079254150390625e+02
1.390948181152343750e+02
1.401931304931640625e+02
1.414627685546875000e+02
1.496401977539062500e+02
1.578493041992187500e+02
1.435074157714843750e+02
1.386964721679687500e+02
1.356732025146484375e+02
1.390139465332031250e+02
1.415140228271484375e+02
1.523932800292968750e+02
1.467841491699218750e+02
1.476277923583984375e+02
1.418182830810546875e+02
1.413842773437500000e+02
1.412309265136718750e+02
1.501038208007812500e+02
1.451586151123046875e+02
1.491740722656250000e+02
1.431508483886718750e+02
1.419370727539062500e+02
1.432260131835937500e+02
1.485111999511718750e+02
1.470637054443359375e+02
1.521663970947265625e+02
1.446498718261718750e+02
1.436746673583984375e+02
1.449034118652343750e+02
1.460199127197265625e+02
1.443656616210937500e+02
1.510466613769531250e+02
1.437213439941406250e+02
1.416963348388671875e+02
1.439657897949218750e+02
1.467833557128906250e+02
1.486388854980468750e+02
1.495744781494140625e+02
1.428191070556640625e+02
1.427854309082031250e+02
1.388219909667968750e+02
1.431988220214843750e+02
1.439794616699218750e+02
1.512501525878906250e+02
1.452264709472656250e+02
1.460680236816406250e+02
1.447050476074218750e+02
1.479943847656250000e+02
1.433916473388671875e+02
1.457988128662109375e+02
1.455624237060546875e+02
1.516511535644531250e+02
1.474763793945312500e+02
1.477426452636718750e+02
1.413752593994140625e+02
1.443247222900390625e+02
1.455100402832031250e+02
1.566973571777343750e+02
1.460366363525390625e+02
1.414871520996093750e+02
1.417137756347656250e+02
1.441940002441406250e+02
1.482680053710937500e+02
1.576924591064453125e+02
1.448284301757812500e+02
1.443121490478515625e+02
1.438218536376953125e+02
1.485892333984375000e+02
1.467846527099609375e+02
1.531589660644531250e+02
1.428547363281250000e+02
1.401913452148437500e+02
1.401612548828125000e+02
1.465139465332031250e+02
1.503041992187500000e+02
1.594526672363281250e+02
1.425267944335937500e+02
1.352266845703125000e+02
1.369501037597656250e+02
1.473602905273437500e+02
1.567471771240234375e+02
1.669473571777343750e+02
1.384676513671875000e+02
1.336295013427734375e+02
1.407965393066406250e+02
1.618256225585937500e+02
1.759145812988281250e+02
1.351494750976562500e+02
1.439106597900390625e+02
1.881733093261718750e+02
1.388655548095703125e+02
1.355498657226562500e+02
1.587932739257812500e+02
1.554465332031250000e+02
1.554779968261718750e+02
1.362146911621093750e+02
1.337853240966796875e+02
1.314437255859375000e+02
1.349412231445312500e+02
1.419004821777343750e+02
1.577426757812500000e+02
1.538768920898437500e+02
1.504743194580078125e+02
1.382203979492187500e+02
1.345823364257812500e+02
1.372075195312500000e+02
1.504154968261718750e+02
1.559005126953125000e+02
1.615232238769531250e+02
1.411259765625000000e+02
1.340819549560546875e+02
1.326468200683593750e+02
1.329000396728515625e+02
1.400104064941406250e+02
1.484692382812500000e+02
1.719192810058593750e+02
1.399955749511718750e+02
1.322446899414062500e+02
1.315896606445312500e+02
1.325287017822265625e+02
1.335245056152343750e+02
1.349105224609375000e+02
1.436741638183593750e+02
1.625200042724609375e+02
1.685088806152343750e+02
1.380276336669921875e+02
1.346683349609375000e+02
1.395369567871093750e+02
1.568875122070312500e+02
1.728170166015625000e+02
1.375082550048828125e+02
1.341293487548828125e+02
1.482957305908203125e+02
1.653719482421875000e+02
1.709865264892578125e+02
1.344612731933593750e+02
1.393505249023437500e+02
1.804724884033203125e+02
1.478474731445312500e+02
1.350659179687500000e+02
1.324619140625000000e+02
1.341578521728515625e+02
1.442876892089843750e+02
1.649901123046875000e+02
1.725777893066406250e+02
1.367940826416015625e+02
1.367614440917968750e+02
1.486067199707031250e+02
1.640335998535156250e+02
1.652365112304687500e+02
1.340540771484375000e+02
1.328413085937500000e+02
1.475705261230468750e+02
1.668870849609375000e+02
1.754934692382812500e+02
1.337410583496093750e+02
1.434202575683593750e+02
1.959665527343750000e+02
1.366138916015625000e+02
1.453193664550781250e+02
2.035210876464843750e+02
1.342511138916015625e+02
1.997003936767578125e+02
1.990266571044921875e+02
1.504822540283203125e+02
2.804236755371093750e+02
1.507386627197265625e+02
3.498570556640625000e+02
3.300119934082031250e+02
1.636795654296875000e+02
1.915001373291015625e+02
2.576047973632812500e+02
2.153565063476562500e+02
2.834017944335937500e+02
2.224782257080078125e+02
3.264532165527343750e+02
3.665926208496093750e+02
1.452442016601562500e+02
4.049329528808593750e+02
3.266241149902343750e+02
2.622777709960937500e+02
3.296110229492187500e+02
1.369454498291015625e+02
3.793809204101562500e+02
2.839597778320312500e+02
3.096742248535156250e+02
3.855266418457031250e+02
1.638693542480468750e+02
4.723037109375000000e+02
5.145052490234375000e+02
1.757569274902343750e+02
5.440382080078125000e+02
7.288746948242187500e+02
5.438657226562500000e+02
1.381065216064453125e+02
5.438098144531250000e+02
5.682248535156250000e+02
2.070771789550781250e+02
5.749328613281250000e+02
8.161436157226562500e+02
6.798867797851562500e+02
2.380359802246093750e+02
6.605628662109375000e+02
9.603526611328125000e+02
8.375708007812500000e+02
3.281496582031250000e+02
5.888671875000000000e+02
9.653348999023437500e+02
9.406574707031250000e+02
5.608779296875000000e+02
2.462725982666015625e+02
5.181628417968750000e+02
3.823374633789062500e+02
2.518170318603515625e+02
3.710109558105468750e+02
1.945238037109375000e+02
4.061576538085937500e+02
4.296203308105468750e+02
1.437855682373046875e+02
3.469099426269531250e+02
2.945620117187500000e+02
2.101114501953125000e+02
2.096188812255859375e+02
2.674718933105468750e+02
2.585396118164062500e+02
1.965983581542968750e+02
1.714305725097656250e+02
2.425246276855468750e+02
2.014107513427734375e+02
2.485301818847656250e+02
1.593280487060546875e+02
2.907182922363281250e+02
2.524130249023437500e+02
2.341833343505859375e+02
1.954377746582031250e+02
3.010783691406250000e+02
3.021698608398437500e+02
1.608697509765625000e+02
2.119272460937500000e+02
2.186618041992187500e+02
1.980936889648437500e+02
2.350433044433593750e+02
1.489974365234375000e+02
2.551366729736328125e+02
1.850777282714843750e+02
2.950241088867187500e+02
2.159655456542968750e+02
3.279588012695312500e+02
3.799902343750000000e+02
1.536671600341796875e+02
4.404421997070312500e+02
4.423847045898437500e+02
1.404148864746093750e+02
3.408519287109375000e+02
2.815076293945312500e+02
2.304735412597656250e+02
2.205738830566406250e+02
2.676427612304687500e+02
2.694289855957031250e+02
1.843813934326171875e+02
1.608377685546875000e+02
2.554289550781250000e+02
1.987396850585937500e+02
2.708505249023437500e+02
1.933201599121093750e+02
3.358754272460937500e+02
3.636513671875000000e+02
1.481679229736328125e+02
4.277001037597656250e+02
3.922553100585937500e+02
1.710569763183593750e+02
2.829010620117187500e+02
1.444349670410156250e+02
3.474549255371093750e+02
2.538111724853515625e+02
3.141372680664062500e+02
3.802893066406250000e+02
1.692060546875000000e+02
4.513577880859375000e+02
4.922125244140625000e+02
1.694759826660156250e+02
5.119012451171875000e+02
6.718914184570312500e+02
4.856846618652343750e+02
1.518939514160156250e+02
4.016163330078125000e+02
2.685737609863281250e+02
3.341839599609375000e+02
4.322088317871093750e+02
2.290430603027343750e+02
4.134326782226562500e+02
4.943718261718750000e+02
1.976467742919921875e+02
5.067943115234375000e+02
6.942789916992187500e+02
5.379049072265625000e+02
1.459898223876953125e+02
5.830867919921875000e+02
6.841302490234375000e+02
3.990573730468750000e+02
3.420482482910156250e+02
5.567681884765625000e+02
4.392928161621093750e+02
1.517244873046875000e+02
3.843424072265625000e+02
2.579588928222656250e+02
3.316129455566406250e+02
4.176871337890625000e+02
2.132823638916015625e+02
4.185219116210937500e+02
4.901937561035156250e+02
1.949911346435546875e+02
4.905174560546875000e+02
6.646613769531250000e+02
5.008403320312500000e+02
1.429550628662109375e+02
5.279204101562500000e+02
5.508266601562500000e+02
2.028414916992187500e+02
5.350914306640625000e+02
7.621373901367187500e+02
6.367151489257812500e+02
2.222195434570312500e+02
6.194462890625000000e+02
8.834617309570312500e+02
7.455491333007812500e+02
2.560527954101562500e+02
6.239721069335937500e+02
9.811274414062500000e+02
9.565184326171875000e+02
5.927606201171875000e+02
1.891965332031250000e+02
5.129641113281250000e+02
4.470345764160156250e+02
1.571164855957031250e+02
3.349042358398437500e+02
2.533686676025390625e+02
2.640264892578125000e+02
2.579484558105468750e+02
2.378086242675781250e+02
2.648604736328125000e+02
1.574505462646484375e+02
2.244513854980468750e+02
1.918695068359375000e+02
2.020573272705078125e+02
1.855536804199218750e+02
1.456526336669921875e+02
1.790536193847656250e+02
1.416398010253906250e+02
1.980093383789062500e+02
1.749419860839843750e+02
1.600885009765625000e+02
2.162256469726562500e+02
1.417559509277343750e+02
1.739180908203125000e+02
1.520179443359375000e+02
1.384132080078125000e+02
1.408724365234375000e+02
1.535357208251953125e+02
1.679490356445312500e+02
1.355221557617187500e+02
1.595309143066406250e+02
1.920859375000000000e+02
1.362437438964843750e+02
2.344485778808593750e+02
1.444363708496093750e+02
1.544680786132812500e+02
2.012346801757812500e+02
1.430615234375000000e+02
1.426533813476562500e+02
1.939928741455078125e+02
1.538061828613281250e+02
1.355018920898437500e+02
1.685169067382812500e+02
1.785702819824218750e+02
1.345276489257812500e+02
1.906965637207031250e+02
1.770412292480468750e+02
1.394562377929687500e+02
2.146645202636718750e+02
1.543690643310546875e+02
1.437266540527343750e+02
2.082780151367187500e+02
1.489578247070312500e+02
1.371879425048828125e+02
1.840013122558593750e+02
1.680439453125000000e+02
1.349591827392578125e+02
1.757963256835937500e+02
1.830844421386718750e+02
1.347716217041015625e+02
2.113292541503906250e+02
1.615614318847656250e+02
1.415945434570312500e+02
2.130021057128906250e+02
1.503354492187500000e+02
1.409649353027343750e+02
1.926541137695312500e+02
1.626904144287109375e+02
1.354017333984375000e+02
1.796947937011718750e+02
1.850535888671875000e+02
1.361457519531250000e+02
2.220749511718750000e+02
1.521360778808593750e+02
1.475399780273437500e+02
2.093851928710937500e+02
1.452678985595703125e+02
1.448693847656250000e+02
1.884873962402343750e+02
1.546094970703125000e+02
1.345830230712890625e+02
1.683498840332031250e+02
1.871104125976562500e+02
1.355102386474609375e+02
2.107921447753906250e+02
1.600325317382812500e+02
1.418540191650390625e+02
2.189589996337890625e+02
1.432980651855468750e+02
1.518515014648437500e+02
2.013373718261718750e+02
1.431251068115234375e+02
1.394647674560546875e+02
1.841260986328125000e+02
1.633012390136718750e+02
1.324007110595703125e+02
1.751135711669921875e+02
1.862865905761718750e+02
1.326238098144531250e+02
2.061005859375000000e+02
1.653508605957031250e+02
1.377091522216796875e+02
2.135694274902343750e+02
1.485615844726562500e+02
1.393777618408203125e+02
1.965690155029296875e+02
1.543989868164062500e+02
1.352546081542968750e+02
1.691857910156250000e+02
1.792108154296875000e+02
1.338529510498046875e+02
1.855743255615234375e+02
1.850343475341796875e+02
1.377516784667968750e+02
2.315736999511718750e+02
1.400669097900390625e+02
1.600924377441406250e+02
1.990673217773437500e+02
1.375255737304687500e+02
1.493418121337890625e+02
1.937445373535156250e+02
1.505581665039062500e+02
1.353478240966796875e+02
1.684438781738281250e+02
1.777687683105468750e+02
1.340196533203125000e+02
1.750007019042968750e+02
1.857940368652343750e+02
1.363854370117187500e+02
2.238832092285156250e+02
1.482944793701171875e+02
1.462302093505859375e+02
2.085986938476562500e+02
1.453588104248046875e+02
1.390707702636718750e+02
1.878018035888671875e+02
1.618069763183593750e+02
1.343939819335937500e+02
1.701493225097656250e+02
1.845727233886718750e+02
1.339304199218750000e+02
1.907490539550781250e+02
1.777052612304687500e+02
1.379303894042968750e+02
2.187377319335937500e+02
1.472581176757812500e+02
1.464881591796875000e+02
2.073944091796875000e+02
1.465875549316406250e+02
1.381324157714843750e+02
1.858833770751953125e+02
1.656113739013671875e+02
1.354989471435546875e+02
1.789728546142578125e+02
1.851464538574218750e+02
1.342522583007812500e+02
2.042120361328125000e+02
1.652792968750000000e+02
1.377124633789062500e+02
2.033681640625000000e+02
1.564142456054687500e+02
1.370302124023437500e+02
1.833238983154296875e+02
1.692755126953125000e+02
1.335242614746093750e+02
1.839782409667968750e+02
1.803807067871093750e+02
1.351556243896484375e+02
2.121271667480468750e+02
1.572848815917968750e+02
1.407616271972656250e+02
2.110090942382812500e+02
1.507179565429687500e+02
1.392039794921875000e+02
1.893863830566406250e+02
1.625962829589843750e+02
1.322955169677734375e+02
1.719192810058593750e+02
1.821002502441406250e+02
1.327580108642578125e+02
1.850889892578125000e+02
1.858760223388671875e+02
1.380243377685546875e+02
2.385285644531250000e+02
1.348506622314453125e+02
1.845113830566406250e+02
1.771001281738281250e+02
1.368882293701171875e+02
1.477005920410156250e+02
1.865140380859375000e+02
1.510933532714843750e+02
1.345487670898437500e+02
1.582177124023437500e+02
1.798691711425781250e+02
1.346283569335937500e+02
1.513324584960937500e+02
1.912834930419921875e+02
1.342743988037109375e+02
1.631641540527343750e+02
1.950738525390625000e+02
1.353161926269531250e+02
2.234676208496093750e+02
1.531671447753906250e+02
1.454968872070312500e+02
2.108801879882812500e+02
1.458634948730468750e+02
1.405731048583984375e+02
1.858133850097656250e+02
1.655847778320312500e+02
1.318397674560546875e+02
1.747124786376953125e+02
1.865919189453125000e+02
1.354624633789062500e+02
2.161599121093750000e+02
1.583705444335937500e+02
1.421052551269531250e+02
2.136836395263671875e+02
1.472048187255859375e+02
1.388641662597656250e+02
1.914200897216796875e+02
1.654370727539062500e+02
1.338049621582031250e+02
1.661433868408203125e+02
1.843449707031250000e+02
1.331606140136718750e+02
1.891627044677734375e+02
1.866345825195312500e+02
1.382755126953125000e+02
2.353668670654296875e+02
1.397822723388671875e+02
1.672149353027343750e+02
1.963099060058593750e+02
1.403706207275390625e+02
1.429835205078125000e+02
1.920759277343750000e+02
1.587682342529296875e+02
1.347983856201171875e+02
1.745951843261718750e+02
1.829689636230468750e+02
1.339166412353515625e+02
1.999786987304687500e+02
1.746223754882812500e+02
1.378391265869140625e+02
2.169869232177734375e+02
1.536158294677734375e+02
1.384959716796875000e+02
1.955019531250000000e+02
1.593784790039062500e+02
1.331886138916015625e+02
1.721450500488281250e+02
1.787174224853515625e+02
1.334801025390625000e+02
1.810107421875000000e+02
1.875094604492187500e+02
1.395002593994140625e+02
2.331650695800781250e+02
1.408008575439453125e+02
1.572373657226562500e+02
2.007641601562500000e+02
1.390470581054687500e+02
1.476247100830078125e+02
1.962210083007812500e+02
1.500408325195312500e+02
1.344466857910156250e+02
1.700843048095703125e+02
1.790174865722656250e+02
1.342747955322265625e+02
1.725908050537109375e+02
1.898845214843750000e+02
1.336171722412109375e+02
2.158559875488281250e+02
1.581904296875000000e+02
1.395867767333984375e+02
2.033446044921875000e+02
1.562754516601562500e+02
1.342027587890625000e+02
1.874335784912109375e+02
1.725851745605468750e+02
1.345634613037109375e+02
1.715422363281250000e+02
1.931850280761718750e+02
1.344653930664062500e+02
2.151378784179687500e+02
1.605751953125000000e+02
1.440180358886718750e+02
2.222447052001953125e+02
1.418797149658203125e+02
1.561013488769531250e+02
2.071583099365234375e+02
1.398037719726562500e+02
1.503823547363281250e+02
1.965591430664062500e+02
1.498184509277343750e+02
1.368422393798828125e+02
1.687882690429687500e+02
1.748578491210937500e+02
1.343774414062500000e+02
1.587013244628906250e+02
1.903301696777343750e+02
1.325147247314453125e+02
1.809630432128906250e+02
1.916619873046875000e+02
1.394042510986328125e+02
2.469739532470703125e+02
1.360110473632812500e+02
1.901170959472656250e+02
1.699342346191406250e+02
1.352254638671875000e+02
1.485891113281250000e+02
1.813805541992187500e+02
1.564053192138671875e+02
1.346708068847656250e+02
1.534725036621093750e+02
1.830459899902343750e+02
1.361869506835937500e+02
1.475230255126953125e+02
1.906390686035156250e+02
1.349800415039062500e+02
1.463648376464843750e+02
1.943275756835937500e+02
1.334923553466796875e+02
1.778072204589843750e+02
1.979061431884765625e+02
1.406811370849609375e+02
2.623651733398437500e+02
1.330876617431640625e+02
2.666637573242187500e+02
1.750375366210937500e+02
3.458912963867187500e+02
3.062089843750000000e+02
2.372471313476562500e+02
2.781394348144531250e+02
1.481927947998046875e+02
1.798742675781250000e+02
2.285375518798828125e+02
1.750544738769531250e+02
2.916918945312500000e+02
2.059430847167968750e+02
3.409924316406250000e+02
3.876187744140625000e+02
1.540910949707031250e+02
4.590724487304687500e+02
4.851076965332031250e+02
1.552361755371093750e+02
5.055862731933593750e+02
6.364923095703125000e+02
4.321643676757812500e+02
2.126113891601562500e+02
3.449291687011718750e+02
1.383798065185546875e+02
3.204147338867187500e+02
2.657276000976562500e+02
2.399224243164062500e+02
2.118414154052734375e+02
2.907355957031250000e+02
3.033684082031250000e+02
1.521278686523437500e+02
2.220647583007812500e+02
1.998142700195312500e+02
1.871722412109375000e+02
2.301525878906250000e+02
1.420580444335937500e+02
2.516989288330078125e+02
1.727809753417968750e+02
3.129634094238281250e+02
2.452869567871093750e+02
3.007217407226562500e+02
3.517601013183593750e+02
1.443912048339843750e+02
4.180924987792968750e+02
3.940746765136718750e+02
1.607427062988281250e+02
2.688969421386718750e+02
1.423352050781250000e+02
3.189420166015625000e+02
2.057157897949218750e+02
3.531506958007812500e+02
4.114080200195312500e+02
1.811997375488281250e+02
4.636485595703125000e+02
5.343905029296875000e+02
2.272284393310546875e+02
5.030986633300781250e+02
7.169110107421875000e+02
5.847136230468750000e+02
1.757837829589843750e+02
6.352514648437500000e+02
8.514394531250000000e+02
6.710737915039062500e+02
1.557331542968750000e+02
6.473225708007812500e+02
9.182635498046875000e+02
8.131008300781250000e+02
3.962816162109375000e+02
4.419161987304687500e+02
7.334750366210937500e+02
6.238228149414062500e+02
1.753715209960937500e+02
6.008917236328125000e+02
8.510424804687500000e+02
7.409345092773437500e+02
3.236748352050781250e+02
5.207702026367187500e+02
8.098497314453125000e+02
6.969421997070312500e+02
2.322234191894531250e+02
6.158261108398437500e+02
9.424830322265625000e+02
8.959361572265625000e+02
5.203895263671875000e+02
2.706661987304687500e+02
5.367364501953125000e+02
4.129887084960937500e+02
2.047156982421875000e+02
3.445427551269531250e+02
2.098732604980468750e+02
3.417611389160156250e+02
3.459704895019531250e+02
1.736943511962890625e+02
2.608246459960937500e+02
1.483381347656250000e+02
2.964963684082031250e+02
1.711871032714843750e+02
3.265778198242187500e+02
3.372126464843750000e+02
1.438782958984375000e+02
3.540852050781250000e+02
2.362394104003906250e+02
3.345946960449218750e+02
4.153501892089843750e+02
2.099119873046875000e+02
4.152797851562500000e+02
4.856298828125000000e+02
1.988852996826171875e+02
4.808881530761718750e+02
6.536913452148437500e+02
4.953219604492187500e+02
1.433793182373046875e+02
5.193568725585937500e+02
5.561125488281250000e+02
2.287339324951171875e+02
5.046742858886718750e+02
7.261651611328125000e+02
6.111045532226562500e+02
2.160045776367187500e+02
5.994974365234375000e+02
8.536448974609375000e+02
7.157675781250000000e+02
2.298337402343750000e+02
6.235136718750000000e+02
9.681160888671875000e+02
9.399218750000000000e+02
5.859455566406250000e+02
1.847129211425781250e+02
5.112700500488281250e+02
4.593813476562500000e+02
1.500695037841796875e+02
3.547620849609375000e+02
3.179131774902343750e+02
1.658737182617187500e+02
2.483380126953125000e+02
1.712164001464843750e+02
2.022415313720703125e+02
1.613979339599609375e+02
1.532008361816406250e+02
1.848150329589843750e+02
1.467457275390625000e+02
2.125399780273437500e+02
1.557628173828125000e+02
1.642950439453125000e+02
1.862074737548828125e+02
1.447015075683593750e+02
1.493287658691406250e+02
1.638717956542968750e+02
1.587514343261718750e+02
1.380136718750000000e+02
1.767587890625000000e+02
1.799152679443359375e+02
1.431572265625000000e+02
2.311123962402343750e+02
1.384157104492187500e+02
1.724990386962890625e+02
1.743395233154296875e+02
1.371201934814453125e+02
1.445280456542968750e+02
1.780326080322265625e+02
1.585030212402343750e+02
1.350692596435546875e+02
1.602691497802734375e+02
1.795617218017578125e+02
1.354201812744140625e+02
1.688610687255859375e+02
1.834302978515625000e+02
1.355046386718750000e+02
1.864287872314453125e+02
1.765090332031250000e+02
1.369356536865234375e+02
1.996734924316406250e+02
1.633749389648437500e+02
1.354822387695312500e+02
1.920204772949218750e+02
1.635970458984375000e+02
1.355331726074218750e+02
1.856738433837890625e+02
1.662078552246093750e+02
1.346336059570312500e+02
1.791552581787109375e+02
1.741950988769531250e+02
1.355643463134765625e+02
2.038336944580078125e+02
1.601573181152343750e+02
1.390928649902343750e+02
2.048656311035156250e+02
1.512185668945312500e+02
1.392538757324218750e+02
1.881732482910156250e+02
1.614838256835937500e+02
1.364079895019531250e+02
1.794317932128906250e+02
1.731534423828125000e+02
1.387816162109375000e+02
2.031490325927734375e+02
1.617329101562500000e+02
1.417899475097656250e+02
2.159083251953125000e+02
1.443915710449218750e+02
1.508412475585937500e+02
1.998015441894531250e+02
1.420623779296875000e+02
1.403149719238281250e+02
1.808911437988281250e+02
1.623783874511718750e+02
1.350374145507812500e+02
1.677268371582031250e+02
1.801807250976562500e+02
1.342757873535156250e+02
1.923747863769531250e+02
1.710006103515625000e+02
1.378152770996093750e+02
2.137136383056640625e+02
1.500770874023437500e+02
1.397662658691406250e+02
1.990357055664062500e+02
1.527922210693359375e+02
1.379612426757812500e+02
1.751163330078125000e+02
1.737373046875000000e+02
1.342121734619140625e+02
1.728605957031250000e+02
1.822547760009765625e+02
1.359983978271484375e+02
2.095944519042968750e+02
1.578916320800781250e+02
1.406248016357421875e+02
2.034290466308593750e+02
1.477864685058593750e+02
1.394759674072265625e+02
1.855417175292968750e+02
1.607861938476562500e+02
1.369292144775390625e+02
1.693219909667968750e+02
1.824451599121093750e+02
1.364519195556640625e+02
1.927549438476562500e+02
1.766304626464843750e+02
1.377355346679687500e+02
2.163645935058593750e+02
1.487208404541015625e+02
1.435432891845703125e+02
1.999942321777343750e+02
1.464640502929687500e+02
1.358432617187500000e+02
1.769986267089843750e+02
1.692428436279296875e+02
1.363764953613281250e+02
1.650931396484375000e+02
1.800891571044921875e+02
1.355958251953125000e+02
1.845404663085937500e+02
1.793049926757812500e+02
1.368305053710937500e+02
2.155125122070312500e+02
1.473055725097656250e+02
1.448754425048828125e+02
2.062689819335937500e+02
1.446509246826171875e+02
1.425092468261718750e+02
1.878374023437500000e+02
1.564587402343750000e+02
1.350061187744140625e+02
1.696132507324218750e+02
1.767222900390625000e+02
1.336357269287109375e+02
1.782653808593750000e+02
1.848536376953125000e+02
1.367182922363281250e+02
2.174970397949218750e+02
1.488396453857421875e+02
1.430904541015625000e+02
2.077050781250000000e+02
1.453917236328125000e+02
1.399020080566406250e+02
1.861287536621093750e+02
1.577527770996093750e+02
1.354740753173828125e+02
1.642026672363281250e+02
1.823139953613281250e+02
1.352495574951171875e+02
1.860791320800781250e+02
1.805443267822265625e+02
1.384073638916015625e+02
2.323530578613281250e+02
1.376553955078125000e+02
1.697227478027343750e+02
1.885499267578125000e+02
1.383244628906250000e+02
1.468664855957031250e+02
1.827342224121093750e+02
1.547798767089843750e+02
1.350076599121093750e+02
1.661372375488281250e+02
1.768432312011718750e+02
1.374875183105468750e+02
1.658999023437500000e+02
1.871430053710937500e+02
1.372955322265625000e+02
2.199859161376953125e+02
1.521578369140625000e+02
1.438911895751953125e+02
2.062147827148437500e+02
1.479316864013671875e+02
1.396720886230468750e+02
1.846978302001953125e+02
1.636600646972656250e+02
1.359895782470703125e+02
1.603833923339843750e+02
1.824021301269531250e+02
1.344967651367187500e+02
1.794013366699218750e+02
1.837484130859375000e+02
1.370946960449218750e+02
2.117908782958984375e+02
1.527296752929687500e+02
1.397400207519531250e+02
1.961740417480468750e+02
1.613788452148437500e+02
1.339029846191406250e+02
1.755786132812500000e+02
1.756562805175781250e+02
1.361797637939453125e+02
1.884498596191406250e+02
1.783222656250000000e+02
1.390843505859375000e+02
2.290192108154296875e+02
1.418046875000000000e+02
1.607184600830078125e+02
1.966342620849609375e+02
1.408073425292968750e+02
1.462882690429687500e+02
1.922381134033203125e+02
1.529079284667968750e+02
1.369556579589843750e+02
1.684655761718750000e+02
1.709354858398437500e+02
1.346859893798828125e+02
1.601479492187500000e+02
1.908467254638671875e+02
1.354245910644531250e+02
1.996345825195312500e+02
1.749128112792968750e+02
1.389951629638671875e+02
2.172843475341796875e+02
1.467855834960937500e+02
1.448872680664062500e+02
2.021191558837890625e+02
1.495552673339843750e+02
1.357446594238281250e+02
1.687294464111328125e+02
1.772725830078125000e+02
1.338196258544921875e+02
1.571767578125000000e+02
1.822546081542968750e+02
1.364396362304687500e+02
1.703792724609375000e+02
1.956535644531250000e+02
1.356616821289062500e+02
2.368978271484375000e+02
1.409319152832031250e+02
1.702098388671875000e+02
1.893773803710937500e+02
1.368949279785156250e+02
1.490776672363281250e+02
1.840932617187500000e+02
1.528742065429687500e+02
1.347440338134765625e+02
1.566429138183593750e+02
1.807342224121093750e+02
1.371567077636718750e+02
1.529602203369140625e+02
1.864527282714843750e+02
1.363985748291015625e+02
1.629768676757812500e+02
1.976720581054687500e+02
1.345342864990234375e+02
2.210492248535156250e+02
1.515528259277343750e+02
1.471920928955078125e+02
2.080963592529296875e+02
1.424279785156250000e+02
1.405553436279296875e+02
1.832767944335937500e+02
1.613715209960937500e+02
1.344033050537109375e+02
1.672195281982421875e+02
1.824836730957031250e+02
1.354821014404296875e+02
1.947716979980468750e+02
1.742357482910156250e+02
1.393125000000000000e+02
2.254375915527343750e+02
1.435370941162109375e+02
1.528884582519531250e+02
2.082166900634765625e+02
1.385259399414062500e+02
1.513865661621093750e+02
1.975588684082031250e+02
1.458748931884765625e+02
1.392009887695312500e+02
1.787606201171875000e+02
1.685896453857421875e+02
1.337888183593750000e+02
1.550068359375000000e+02
1.857926635742187500e+02
1.357757415771484375e+02
1.523513641357421875e+02
1.901007995605468750e+02
1.339462280273437500e+02
1.800011291503906250e+02
1.934029083251953125e+02
1.377282409667968750e+02
2.333767242431640625e+02
1.426720886230468750e+02
1.605145874023437500e+02
1.985295715332031250e+02
1.388836364746093750e+02
1.444094848632812500e+02
1.922879333496093750e+02
1.535174713134765625e+02
1.368789672851562500e+02
1.695858154296875000e+02
1.856345214843750000e+02
1.342883605957031250e+02
1.906875000000000000e+02
1.800557556152343750e+02
1.408968811035156250e+02
2.219718933105468750e+02
1.474508666992187500e+02
1.461306762695312500e+02
2.023569793701171875e+02
1.478553466796875000e+02
1.381487426757812500e+02
1.715139465332031250e+02
1.721947631835937500e+02
1.371977691650390625e+02
1.632418823242187500e+02
1.863692321777343750e+02
1.353645324707031250e+02
1.883056335449218750e+02
1.819436340332031250e+02
1.383825836181640625e+02
2.179677429199218750e+02
1.497840576171875000e+02
1.412095336914062500e+02
2.031713104248046875e+02
1.548380126953125000e+02
1.363467864990234375e+02
1.730954284667968750e+02
1.752182159423828125e+02
1.369577331542968750e+02
1.670124969482421875e+02
1.912951660156250000e+02
1.371033325195312500e+02
2.062907409667968750e+02
1.665940246582031250e+02
1.386473388671875000e+02
2.139628601074218750e+02
1.476286621093750000e+02
1.400773315429687500e+02
1.965672454833984375e+02
1.567397918701171875e+02
1.361876678466796875e+02
1.712395172119140625e+02
1.770733947753906250e+02
1.359032440185546875e+02
1.649476928710937500e+02
1.922883148193359375e+02
1.350755157470703125e+02
2.261233215332031250e+02
1.492156372070312500e+02
1.445605468750000000e+02
2.074354248046875000e+02
1.479523315429687500e+02
1.388694000244140625e+02
1.850317077636718750e+02
1.668260192871093750e+02
1.339562530517578125e+02
1.713306427001953125e+02
1.892237854003906250e+02
1.369097442626953125e+02
2.108384704589843750e+02
1.661550445556640625e+02
1.399960632324218750e+02
2.178936157226562500e+02
1.461833496093750000e+02
1.432126159667968750e+02
1.946935577392578125e+02
1.553625183105468750e+02
1.335336303710937500e+02
1.632313537597656250e+02
1.786903381347656250e+02
1.351610412597656250e+02
1.512069854736328125e+02
1.889162597656250000e+02
1.372661895751953125e+02
1.605490112304687500e+02
1.947960510253906250e+02
1.349128417968750000e+02
2.007705993652343750e+02
1.747103576660156250e+02
1.412411804199218750e+02
2.289513854980468750e+02
1.421329345703125000e+02
1.552700805664062500e+02
1.985553283691406250e+02
1.414765472412109375e+02
1.408119659423828125e+02
1.908733825683593750e+02
1.608377990722656250e+02
1.350090942382812500e+02
1.646799621582031250e+02
1.881645965576171875e+02
1.365202789306640625e+02
1.835859375000000000e+02
1.872020721435546875e+02
1.358663024902343750e+02
2.210435180664062500e+02
1.522123413085937500e+02
1.414061279296875000e+02
1.997585296630859375e+02
1.555824584960937500e+02
1.354791412353515625e+02
1.615750427246093750e+02
1.807616577148437500e+02
1.353832702636718750e+02
1.543436279296875000e+02
1.879805297851562500e+02
1.370202026367187500e+02
1.648117218017578125e+02
1.952779083251953125e+02
1.344819335937500000e+02
2.156454162597656250e+02
1.591205596923828125e+02
1.389192657470703125e+02
2.075135803222656250e+02
1.545825805664062500e+02
1.371081848144531250e+02
1.833896789550781250e+02
1.714877319335937500e+02
1.352543487548828125e+02
1.780136108398437500e+02
1.860730895996093750e+02
1.373018493652343750e+02
2.187565917968750000e+02
1.569005432128906250e+02
1.436935577392578125e+02
2.183873901367187500e+02
1.426573181152343750e+02
1.453111572265625000e+02
1.994592590332031250e+02
1.507777404785156250e+02
1.358567810058593750e+02
1.617264862060546875e+02
1.754704589843750000e+02
1.373202209472656250e+02
1.476865539550781250e+02
1.870681762695312500e+02
1.388783874511718750e+02
1.440520019531250000e+02
1.860357666015625000e+02
1.401849365234375000e+02
1.391291656494140625e+02
1.759792175292968750e+02
1.509474487304687500e+02
1.349844818115234375e+02
1.365290374755859375e+02
1.499386749267578125e+02
1.732203979492187500e+02
1.442987670898437500e+02
1.358958435058593750e+02
1.363164367675781250e+02
1.467075805664062500e+02
1.628314819335937500e+02
1.441057434082031250e+02
1.365947875976562500e+02
1.331485290527343750e+02
1.352673645019531250e+02
1.427790832519531250e+02
1.575155029296875000e+02
1.645304565429687500e+02
1.406041259765625000e+02
1.363369750976562500e+02
1.370551757812500000e+02
1.526529541015625000e+02
1.709079284667968750e+02
1.422465515136718750e+02
1.337446899414062500e+02
1.353015136718750000e+02
1.534146118164062500e+02
1.677947692871093750e+02
1.431222534179687500e+02
1.351569519042968750e+02
1.352440338134765625e+02
1.413319549560546875e+02
1.555086212158203125e+02
1.604710693359375000e+02
1.506475524902343750e+02
1.411961059570312500e+02
1.367956237792968750e+02
1.338573608398437500e+02
1.333143463134765625e+02
1.388981781005859375e+02
1.517034301757812500e+02
1.589965820312500000e+02
1.562555847167968750e+02
1.425641784667968750e+02
1.378904724121093750e+02
1.357643585205078125e+02
1.347416687011718750e+02
1.372322692871093750e+02
1.407489929199218750e+02
1.481204071044921875e+02
1.614141693115234375e+02
1.523644409179687500e+02
1.443317718505859375e+02
1.434468994140625000e+02
1.475237274169921875e+02
1.486085510253906250e+02
1.521546325683593750e+02
1.488121337890625000e+02
1.528414001464843750e+02
1.446681823730468750e+02
1.415912475585937500e+02
1.442641143798828125e+02
1.511753692626953125e+02
1.525317535400390625e+02
1.550509033203125000e+02
1.424366760253906250e+02
1.383636474609375000e+02
1.376296539306640625e+02
1.426801452636718750e+02
1.510396423339843750e+02
1.628258972167968750e+02
1.496993713378906250e+02
1.417351379394531250e+02
1.396426849365234375e+02
1.441282653808593750e+02
1.497341308593750000e+02
1.623700561523437500e+02
1.488374633789062500e+02
1.421214904785156250e+02
1.446009521484375000e+02
1.524152984619140625e+02
1.574910430908203125e+02
1.532500610351562500e+02
1.460163269042968750e+02
1.439767913818359375e+02
1.436961669921875000e+02
1.500243530273437500e+02
1.530017700195312500e+02
1.557029571533203125e+02
1.458333892822265625e+02
1.420112915039062500e+02
1.443483886718750000e+02
1.561338195800781250e+02
1.600327758789062500e+02
1.522250061035156250e+02
1.440022277832031250e+02
1.410513763427734375e+02
1.438780517578125000e+02
1.508075714111328125e+02
1.526907653808593750e+02
1.558701934814453125e+02
1.462224731445312500e+02
1.421555938720703125e+02
1.425473937988281250e+02
1.487193298339843750e+02
1.567964477539062500e+02
1.647032470703125000e+02
1.430706329345703125e+02
1.372533264160156250e+02
1.377748565673828125e+02
1.389948730468750000e+02
1.499728088378906250e+02
1.702269287109375000e+02
1.434281005859375000e+02
1.393677978515625000e+02
1.357203979492187500e+02
1.362541046142578125e+02
1.342513885498046875e+02
1.381006774902343750e+02
1.513686828613281250e+02
1.725456848144531250e+02
1.457423248291015625e+02
1.380871582031250000e+02
1.365437774658203125e+02
1.419301452636718750e+02
1.509928283691406250e+02
1.587466735839843750e+02
1.501967468261718750e+02
1.439538726806640625e+02
1.458878479003906250e+02
1.534424438476562500e+02
1.505054626464843750e+02
1.583893737792968750e+02
1.459717712402343750e+02
1.419015045166015625e+02
1.419390563964843750e+02
1.508686218261718750e+02
1.564014739990234375e+02
1.633824920654296875e+02
1.447634277343750000e+02
1.411498107910156250e+02
1.418929901123046875e+02
1.514791564941406250e+02
1.567952575683593750e+02
1.583298034667968750e+02
1.454374389648437500e+02
1.456210632324218750e+02
1.448472595214843750e+02
1.539756774902343750e+02
1.545603179931640625e+02
1.549919891357421875e+02
1.469693145751953125e+02
1.426931457519531250e+02
1.458980407714843750e+02
1.558760375976562500e+02
1.549267883300781250e+02
1.553176422119140625e+02
1.456696929931640625e+02
1.460306091308593750e+02
1.526141510009765625e+02
1.636699218750000000e+02
1.493755187988281250e+02
1.445404815673828125e+02
1.468069152832031250e+02
1.495565643310546875e+02
1.503703613281250000e+02
1.545093688964843750e+02
1.490399017333984375e+02
1.536703796386718750e+02
1.493744812011718750e+02
1.525990295410156250e+02
1.457417449951171875e+02
1.528766479492187500e+02
1.513197937011718750e+02
1.558182220458984375e+02
1.532357482910156250e+02
1.514111938476562500e+02
1.494836578369140625e+02
1.514768981933593750e+02
1.523194732666015625e+02
1.551647644042968750e+02
1.448976440429687500e+02
1.466901245117187500e+02
1.508690490722656250e+02
1.605368347167968750e+02
1.502026977539062500e+02
1.507119903564453125e+02
1.490965118408203125e+02
1.555621337890625000e+02
1.538730163574218750e+02
1.524922332763671875e+02
1.483767395019531250e+02
1.516508789062500000e+02
1.536164550781250000e+02
1.597784729003906250e+02
1.499090881347656250e+02
1.467514648437500000e+02
1.460959167480468750e+02
1.534226379394531250e+02
1.522108459472656250e+02
1.533424224853515625e+02
1.492755737304687500e+02
1.551985778808593750e+02
1.515061645507812500e+02
1.549865112304687500e+02
1.512970886230468750e+02
1.500096130371093750e+02
1.463569030761718750e+02
1.507933349609375000e+02
1.528373413085937500e+02
1.591830444335937500e+02
1.506723022460937500e+02
1.437058715820312500e+02
1.449203491210937500e+02
1.522744445800781250e+02
1.574194030761718750e+02
1.566714630126953125e+02
1.475153045654296875e+02
1.464414825439453125e+02
1.505187377929687500e+02
1.607644653320312500e+02
1.532232208251953125e+02
1.499481506347656250e+02
1.480403442382812500e+02
1.564781036376953125e+02
1.518236083984375000e+02
1.521983337402343750e+02
1.493674774169921875e+02
1.515402832031250000e+02
1.486600646972656250e+02
1.500440673828125000e+02
1.498126678466796875e+02
1.568457641601562500e+02
1.547751159667968750e+02
1.588822631835937500e+02
1.504414672851562500e+02
1.505384826660156250e+02
1.497674713134765625e+02
1.585375366210937500e+02
1.504864959716796875e+02
1.483783416748046875e+02
1.466342468261718750e+02
1.528009338378906250e+02
1.512499084472656250e+02
1.595463562011718750e+02
1.490718231201171875e+02
1.495758666992187500e+02
1.488830108642578125e+02
1.553083496093750000e+02
1.515862731933593750e+02
1.592588653564453125e+02
1.491460266113281250e+02
1.456964721679687500e+02
1.461947937011718750e+02
1.561113281250000000e+02
1.539292602539062500e+02
1.587850036621093750e+02
1.483280334472656250e+02
1.487926940917968750e+02
1.512174682617187500e+02
1.608008728027343750e+02
1.516515960693359375e+02
1.485215301513671875e+02
1.464878692626953125e+02
1.498465881347656250e+02
1.558675231933593750e+02
1.617498168945312500e+02
1.492712554931640625e+02
1.440695800781250000e+02
1.474253692626953125e+02
1.571137390136718750e+02
1.583424682617187500e+02
1.599775085449218750e+02
1.451997985839843750e+02
1.436051330566406250e+02
1.424778747558593750e+02
1.554126586914062500e+02
1.642743835449218750e+02
1.655437011718750000e+02
1.397236328125000000e+02
1.343450927734375000e+02
1.360289764404296875e+02
1.419343261718750000e+02
1.681392211914062500e+02
1.659530029296875000e+02
1.599609375000000000e+02
1.432665405273437500e+02
1.373799133300781250e+02
1.434932098388671875e+02
1.620576782226562500e+02
1.625741882324218750e+02
1.596629943847656250e+02
1.435724945068359375e+02
1.414388427734375000e+02
1.477642211914062500e+02
1.683078460693359375e+02
1.551270141601562500e+02
1.504897613525390625e+02
1.441874542236328125e+02
1.488793029785156250e+02
1.555882263183593750e+02
1.671937866210937500e+02
1.491050415039062500e+02
1.407548217773437500e+02
1.414638214111328125e+02
1.540908660888671875e+02
1.640737457275390625e+02
1.698892211914062500e+02
1.432794494628906250e+02
1.368267517089843750e+02
1.333055877685546875e+02
1.330565795898437500e+02
1.327113647460937500e+02
1.397173767089843750e+02
1.519233093261718750e+02
1.749959716796875000e+02
1.739869079589843750e+02
1.391580200195312500e+02
1.365717773437500000e+02
1.471514892578125000e+02
1.658772277832031250e+02
1.831723937988281250e+02
1.387040100097656250e+02
1.387612609863281250e+02
1.827361755371093750e+02
1.614433593750000000e+02
1.440111999511718750e+02
1.393408203125000000e+02
1.413054351806640625e+02
1.492209014892578125e+02
1.730901489257812500e+02
1.537253265380859375e+02
1.490408782958984375e+02
1.443418884277343750e+02
1.583237915039062500e+02
1.583804321289062500e+02
1.625417480468750000e+02
1.513237304687500000e+02
1.457692871093750000e+02
1.477400207519531250e+02
1.598613891601562500e+02
1.558220520019531250e+02
1.555920715332031250e+02
1.462171020507812500e+02
1.466766357421875000e+02
1.542223205566406250e+02
1.694228363037109375e+02
1.473157653808593750e+02
1.440676574707031250e+02
1.498488769531250000e+02
1.549509887695312500e+02
1.552132720947265625e+02
1.599047393798828125e+02
1.481426696777343750e+02
1.480581054687500000e+02
1.556138000488281250e+02
1.670551757812500000e+02
1.512810058593750000e+02
1.474259948730468750e+02
1.497796478271484375e+02
1.592962493896484375e+02
1.540090637207031250e+02
1.536008300781250000e+02
1.487592926025390625e+02
1.526305389404296875e+02
1.554255523681640625e+02
1.652858581542968750e+02
1.489628906250000000e+02
1.481558837890625000e+02
1.474765319824218750e+02
1.594990386962890625e+02
1.548592834472656250e+02
1.574287109375000000e+02
1.483613281250000000e+02
1.543705139160156250e+02
1.570089416503906250e+02
1.660598754882812500e+02
1.481032409667968750e+02
1.506232910156250000e+02
1.549798126220703125e+02
1.676630401611328125e+02
1.506423950195312500e+02
1.433797912597656250e+02
1.426773376464843750e+02
1.537808532714843750e+02
1.629093322753906250e+02
1.750398864746093750e+02
1.419838714599609375e+02
1.350245666503906250e+02
1.343320617675781250e+02
1.412183990478515625e+02
1.654481811523437500e+02
1.675337982177734375e+02
1.595306396484375000e+02
1.419924926757812500e+02
1.416787414550781250e+02
1.477311706542968750e+02
1.713528594970703125e+02
1.543301544189453125e+02
1.501019287109375000e+02
1.476793365478515625e+02
1.555779113769531250e+02
1.556123046875000000e+02
1.644572143554687500e+02
1.494205322265625000e+02
1.480803833007812500e+02
1.501265258789062500e+02
1.662506408691406250e+02
1.533532409667968750e+02
1.489647216796875000e+02
1.486820983886718750e+02
1.593486175537109375e+02
1.539729003906250000e+02
1.635977478027343750e+02
1.509866943359375000e+02
1.508191986083984375e+02
1.524297790527343750e+02
1.621114196777343750e+02
1.513701171875000000e+02
1.554820861816406250e+02
1.526427917480468750e+02
1.603915100097656250e+02
1.507424621582031250e+02
1.519022674560546875e+02
1.531862487792968750e+02
1.613669738769531250e+02
1.542593536376953125e+02
1.526404113769531250e+02
1.505473785400390625e+02
1.633590240478515625e+02
1.526243438720703125e+02
1.576458129882812500e+02
1.507754669189453125e+02
1.587883911132812500e+02
1.520174255371093750e+02
1.571616821289062500e+02
1.562818298339843750e+02
1.599702911376953125e+02
1.506915283203125000e+02
1.542374267578125000e+02
1.556434631347656250e+02
1.633880004882812500e+02
1.490169219970703125e+02
1.448804779052734375e+02
1.509885253906250000e+02
1.651320953369140625e+02
1.550011138916015625e+02
1.519301757812500000e+02
1.478948974609375000e+02
1.577529907226562500e+02
1.587009887695312500e+02
1.670775756835937500e+02
1.499673461914062500e+02
1.488427581787109375e+02
1.537959442138671875e+02
1.680025329589843750e+02
1.470631713867187500e+02
1.419771728515625000e+02
1.434729919433593750e+02
1.559736022949218750e+02
1.657459716796875000e+02
1.702438964843750000e+02
1.432682342529296875e+02
1.383830566406250000e+02
1.354294128417968750e+02
1.453613891601562500e+02
1.623278045654296875e+02
1.869654541015625000e+02
1.405457458496093750e+02
1.353578796386718750e+02
1.627225646972656250e+02
1.766282348632812500e+02
1.673919982910156250e+02
1.370910034179687500e+02
1.362113647460937500e+02
1.672622985839843750e+02
1.768586120605468750e+02
1.619005279541015625e+02
1.418875122070312500e+02
1.372605285644531250e+02
1.415215759277343750e+02
1.608403778076171875e+02
1.655028381347656250e+02
1.669168395996093750e+02
1.445041503906250000e+02
1.404141540527343750e+02
1.522417907714843750e+02
1.796422729492187500e+02
1.487697906494140625e+02
1.445684509277343750e+02
1.444193420410156250e+02
1.615638275146484375e+02
1.617939758300781250e+02
1.675004730224609375e+02
1.461414184570312500e+02
1.438797912597656250e+02
1.461824188232421875e+02
1.667395782470703125e+02
1.623439636230468750e+02
1.627257690429687500e+02
1.486741943359375000e+02
1.557970275878906250e+02
1.559514465332031250e+02
1.691599731445312500e+02
1.507258453369140625e+02
1.475912170410156250e+02
1.483547668457031250e+02
1.697450866699218750e+02
1.607379150390625000e+02
1.562097015380859375e+02
1.480528259277343750e+02
1.557666931152343750e+02
1.603351745605468750e+02
1.679810180664062500e+02
1.488448791503906250e+02
1.436393432617187500e+02
1.448969726562500000e+02
1.672224884033203125e+02
1.615424804687500000e+02
1.630077514648437500e+02
1.430703735351562500e+02
1.438809356689453125e+02
1.549646606445312500e+02
1.750383453369140625e+02
1.504101867675781250e+02
1.451848754882812500e+02
1.500796813964843750e+02
1.646967010498046875e+02
1.555961151123046875e+02
1.586631774902343750e+02
1.529058532714843750e+02
1.551331176757812500e+02
1.561757202148437500e+02
1.642094726562500000e+02
1.533652648925781250e+02
1.518606872558593750e+02
1.487002410888671875e+02
1.608780517578125000e+02
1.556725158691406250e+02
1.615901641845703125e+02
1.531086425781250000e+02
1.537391052246093750e+02
1.500947418212890625e+02
1.581035003662109375e+02
1.605021057128906250e+02
1.675840148925781250e+02
1.482626037597656250e+02
1.418392486572265625e+02
1.453579101562500000e+02
1.647238922119140625e+02
1.635775299072265625e+02
1.648170471191406250e+02
1.459791259765625000e+02
1.424499511718750000e+02
1.508848876953125000e+02
1.674840393066406250e+02
1.511645202636718750e+02
1.483879699707031250e+02
1.544600830078125000e+02
1.710842742919921875e+02
1.556050720214843750e+02
1.510155944824218750e+02
1.497317504882812500e+02
1.613936157226562500e+02
1.549881744384765625e+02
1.599022521972656250e+02
1.517212524414062500e+02
1.556281585693359375e+02
1.559709777832031250e+02
1.650624694824218750e+02
1.521527099609375000e+02
1.489824371337890625e+02
1.502841491699218750e+02
1.610492248535156250e+02
1.585394897460937500e+02
1.590722961425781250e+02
1.502906646728515625e+02
1.565632629394531250e+02
1.571159515380859375e+02
1.667528686523437500e+02
1.509959259033203125e+02
1.506095581054687500e+02
1.530589904785156250e+02
1.703116760253906250e+02
1.566767425537109375e+02
1.554670562744140625e+02
1.481566467285156250e+02
1.577158050537109375e+02
1.563256225585937500e+02
1.650179748535156250e+02
1.496327514648437500e+02
1.478177947998046875e+02
1.522966156005859375e+02
1.712004089355468750e+02
1.583278198242187500e+02
1.554183959960937500e+02
1.489376831054687500e+02
1.520287322998046875e+02
1.570392303466796875e+02
1.703925781250000000e+02
1.484231872558593750e+02
1.475834655761718750e+02
1.516055297851562500e+02
1.709277954101562500e+02
1.552014160156250000e+02
1.509414215087890625e+02
1.465500183105468750e+02
1.531722717285156250e+02
1.573195800781250000e+02
1.708856811523437500e+02
1.507433929443359375e+02
1.485811767578125000e+02
1.511161499023437500e+02
1.630375061035156250e+02
1.612483367919921875e+02
1.636841278076171875e+02
1.481593627929687500e+02
1.468823242187500000e+02
1.512141723632812500e+02
1.695859069824218750e+02
1.559726867675781250e+02
1.536386260986328125e+02
1.540050354003906250e+02
1.626391906738281250e+02
1.577220458984375000e+02
1.573565673828125000e+02
1.507981872558593750e+02
1.575441589355468750e+02
1.537334747314453125e+02
1.597917785644531250e+02
1.505103149414062500e+02
1.534575958251953125e+02
1.582241973876953125e+02
1.648336639404296875e+02
1.543591308593750000e+02
1.533764343261718750e+02
1.521397399902343750e+02
1.635282745361328125e+02
1.549101562500000000e+02
1.566465148925781250e+02
1.518496704101562500e+02
1.617052307128906250e+02
1.601979064941406250e+02
1.599178161621093750e+02
1.502221374511718750e+02
1.526225891113281250e+02
1.547731018066406250e+02
1.653442993164062500e+02
1.496713714599609375e+02
1.489667053222656250e+02
1.474328308105468750e+02
1.601739807128906250e+02
1.595934753417968750e+02
1.654461059570312500e+02
1.485715179443359375e+02
1.468032989501953125e+02
1.523587036132812500e+02
1.703453674316406250e+02
1.567449493408203125e+02
1.536922912597656250e+02
1.502848510742187500e+02
1.632390136718750000e+02
1.600567016601562500e+02
1.614302673339843750e+02
1.476088867187500000e+02
1.509458007812500000e+02
1.573948974609375000e+02
1.773478851318359375e+02
1.519577178955078125e+02
1.450398712158203125e+02
1.446741638183593750e+02
1.604738006591796875e+02
1.661268615722656250e+02
1.714593505859375000e+02
1.458243865966796875e+02
1.415487365722656250e+02
1.443694152832031250e+02
1.606748352050781250e+02
1.696775207519531250e+02
1.727378234863281250e+02
1.417750091552734375e+02
1.395378417968750000e+02
1.387226867675781250e+02
1.523576660156250000e+02
1.709917297363281250e+02
1.833091430664062500e+02
1.423856658935546875e+02
1.342641906738281250e+02
1.473571319580078125e+02
1.763359069824218750e+02
1.862423553466796875e+02
1.373286132812500000e+02
1.461567840576171875e+02
2.041640625000000000e+02
1.429580535888671875e+02
1.384363403320312500e+02
1.730730743408203125e+02
1.767282104492187500e+02
1.615955505371093750e+02
1.398750152587890625e+02
1.380751647949218750e+02
1.380700073242187500e+02
1.549000701904296875e+02
1.788572387695312500e+02
1.812064819335937500e+02
1.399209289550781250e+02
1.366401062011718750e+02
1.530861206054687500e+02
1.782355346679687500e+02
1.800638122558593750e+02
1.342536163330078125e+02
1.466872253417968750e+02
2.044337463378906250e+02
1.434008941650390625e+02
1.378137207031250000e+02
1.810375976562500000e+02
1.702167968750000000e+02
1.588791351318359375e+02
1.422799987792968750e+02
1.410812377929687500e+02
1.475329895019531250e+02
1.748419494628906250e+02
1.583184356689453125e+02
1.504770507812500000e+02
1.508140869140625000e+02
1.631034698486328125e+02
1.600431823730468750e+02
1.654866333007812500e+02
1.480713195800781250e+02
1.501596679687500000e+02
1.531635437011718750e+02
1.720468597412109375e+02
1.554415130615234375e+02
1.527749938964843750e+02
1.530630950927734375e+02
1.656159210205078125e+02
1.564178009033203125e+02
1.592478027343750000e+02
1.493753662109375000e+02
1.600218353271484375e+02
1.573590698242187500e+02
1.718733520507812500e+02
1.498652038574218750e+02
1.486331787109375000e+02
1.496834564208984375e+02
1.748155517578125000e+02
1.604572448730468750e+02
1.565798034667968750e+02
1.492702026367187500e+02
1.543535766601562500e+02
1.572776184082031250e+02
1.649231262207031250e+02
1.532199096679687500e+02
1.555912170410156250e+02
1.524359436035156250e+02
1.598627319335937500e+02
1.583314819335937500e+02
1.641400604248046875e+02
1.502057037353515625e+02
1.507780761718750000e+02
1.549513854980468750e+02
1.695664825439453125e+02
1.572918395996093750e+02
1.570450439453125000e+02
1.518344116210937500e+02
1.599213562011718750e+02
1.571560211181640625e+02
1.628440704345703125e+02
1.534365692138671875e+02
1.588904113769531250e+02
1.537662658691406250e+02
1.596482238769531250e+02
1.602828674316406250e+02
1.698610839843750000e+02
1.537838439941406250e+02
1.550745544433593750e+02
1.550577697753906250e+02
1.683023529052734375e+02
1.511228332519531250e+02
1.551946716308593750e+02
1.538157043457031250e+02
1.646282043457031250e+02
1.594673919677734375e+02
1.674154510498046875e+02
1.518225708007812500e+02
1.533563842773437500e+02
1.546480102539062500e+02
1.725520935058593750e+02
1.558653869628906250e+02
1.567982940673828125e+02
1.521250000000000000e+02
1.580851593017578125e+02
1.580968017578125000e+02
1.672992248535156250e+02
1.499185485839843750e+02
1.459734039306640625e+02
1.500164947509765625e+02
1.720893859863281250e+02
1.558217468261718750e+02
1.566910705566406250e+02
1.523216552734375000e+02
1.595148620605468750e+02
1.543237304687500000e+02
1.626110229492187500e+02
1.529484252929687500e+02
1.525223693847656250e+02
1.529644622802734375e+02
1.677143096923828125e+02
1.581086425781250000e+02
1.625174102783203125e+02
1.494164276123046875e+02
1.556447448730468750e+02
1.502189788818359375e+02
1.619829101562500000e+02
1.599865722656250000e+02
1.666619873046875000e+02
1.545575256347656250e+02
1.541705017089843750e+02
1.559133605957031250e+02
1.732861633300781250e+02
1.521031799316406250e+02
1.501507568359375000e+02
1.525573425292968750e+02
1.654341125488281250e+02
1.597268981933593750e+02
1.610692901611328125e+02
1.507996520996093750e+02
1.571179199218750000e+02
1.588205413818359375e+02
1.688007202148437500e+02
1.499091339111328125e+02
1.449612731933593750e+02
1.471247558593750000e+02
1.668938903808593750e+02
1.607521667480468750e+02
1.655338745117187500e+02
1.489479827880859375e+02
1.527276916503906250e+02
1.541916198730468750e+02
1.694017944335937500e+02
1.547694854736328125e+02
1.533336181640625000e+02
1.522214050292968750e+02
1.628581237792968750e+02
1.574552917480468750e+02
1.637335205078125000e+02
1.547237243652343750e+02
1.555769042968750000e+02
1.532787780761718750e+02
1.655590820312500000e+02
1.575726470947265625e+02
1.611423492431640625e+02
1.517299804687500000e+02
1.549832611083984375e+02
1.528337707519531250e+02
1.689741516113281250e+02
1.569506072998046875e+02
1.552801055908203125e+02
1.531469573974609375e+02
1.657093811035156250e+02
1.596427459716796875e+02
1.626787414550781250e+02
1.501626739501953125e+02
1.505612030029296875e+02
1.555314941406250000e+02
1.756228179931640625e+02
1.507455749511718750e+02
1.509199829101562500e+02
1.530013732910156250e+02
1.726316528320312500e+02
1.553168792724609375e+02
1.532224731445312500e+02
1.500740966796875000e+02
1.686913299560546875e+02
1.558135375976562500e+02
1.555474853515625000e+02
1.521862030029296875e+02
1.623096008300781250e+02
1.577209320068359375e+02
1.688176269531250000e+02
1.553539428710937500e+02
1.605473937988281250e+02
1.566863403320312500e+02
1.675096740722656250e+02
1.533805541992187500e+02
1.529280395507812500e+02
1.515594482421875000e+02
1.653320312500000000e+02
1.604459228515625000e+02
1.658728942871093750e+02
1.514107360839843750e+02
1.533811950683593750e+02
1.537676086425781250e+02
1.686484069824218750e+02
1.555839080810546875e+02
1.578341674804687500e+02
1.568185729980468750e+02
1.671671752929687500e+02
1.548826599121093750e+02
1.529035949707031250e+02
1.511195678710937500e+02
1.602245788574218750e+02
1.569899749755859375e+02
1.682379455566406250e+02
1.544378662109375000e+02
1.624960937500000000e+02
1.535753479003906250e+02
1.592097320556640625e+02
1.552539978027343750e+02
1.580809020996093750e+02
1.541150817871093750e+02
1.621782531738281250e+02
1.589822387695312500e+02
1.667815704345703125e+02
1.521377563476562500e+02
1.597780151367187500e+02
1.572731018066406250e+02
1.670904083251953125e+02
1.496562500000000000e+02
1.469465942382812500e+02
1.498211822509765625e+02
1.703126525878906250e+02
1.578232727050781250e+02
1.579033813476562500e+02
1.533306274414062500e+02
1.611450500488281250e+02
1.547922821044921875e+02
1.637680206298828125e+02
1.501380310058593750e+02
1.535337219238281250e+02
1.519643554687500000e+02
1.670298919677734375e+02
1.578271484375000000e+02
1.648718261718750000e+02
1.531654205322265625e+02
1.593961181640625000e+02
1.568028869628906250e+02
1.646676025390625000e+02
1.552116241455078125e+02
1.562605133056640625e+02
1.512830963134765625e+02
1.605276641845703125e+02
1.578492431640625000e+02
1.621863098144531250e+02
1.540523071289062500e+02
1.595676269531250000e+02
1.558536834716796875e+02
1.621376800537109375e+02
1.560115966796875000e+02
1.599337158203125000e+02
1.520315856933593750e+02
1.553637084960937500e+02
1.590754089355468750e+02
1.686304168701171875e+02
1.504679107666015625e+02
1.502425231933593750e+02
1.566168518066406250e+02
1.770048828125000000e+02
1.542771606445312500e+02
1.513171691894531250e+02
1.492858276367187500e+02
1.640792388916015625e+02
1.643783111572265625e+02
1.692359619140625000e+02
1.491948547363281250e+02
1.473877258300781250e+02
1.508177490234375000e+02
1.746079101562500000e+02
1.570599365234375000e+02
1.577949981689453125e+02
1.522127990722656250e+02
1.632429809570312500e+02
1.559541625976562500e+02
1.583452453613281250e+02
1.545425872802734375e+02
1.703482818603515625e+02
1.563491210937500000e+02
1.586787109375000000e+02
1.538985900878906250e+02
1.632867889404296875e+02
1.571664123535156250e+02
1.625897521972656250e+02
1.519815979003906250e+02
1.544223480224609375e+02
1.568874969482421875e+02
1.712317352294921875e+02
1.508958129882812500e+02
1.546328735351562500e+02
1.586560668945312500e+02
1.754714202880859375e+02
1.508321228027343750e+02
1.432955169677734375e+02
1.410432128906250000e+02
1.595982513427734375e+02
1.668813323974609375e+02
1.777494812011718750e+02
1.465835876464843750e+02
1.403872985839843750e+02
1.422251586914062500e+02
1.573544616699218750e+02
1.685386199951171875e+02
1.764996337890625000e+02
1.437404174804687500e+02
1.351134033203125000e+02
1.362932739257812500e+02
1.406729736328125000e+02
1.644015502929687500e+02
1.812514648437500000e+02
1.708495788574218750e+02
1.400087585449218750e+02
1.343932952880859375e+02
1.324967651367187500e+02
1.374000701904296875e+02
1.473398895263671875e+02
1.868239440917968750e+02
1.592215576171875000e+02
1.508166503906250000e+02
1.497962341308593750e+02
1.632706298828125000e+02
1.652325286865234375e+02
1.678474121093750000e+02
1.518607025146484375e+02
1.522306060791015625e+02
1.590069427490234375e+02
1.764220733642578125e+02
1.523063049316406250e+02
1.491369018554687500e+02
1.534338684082031250e+02
1.795353393554687500e+02
1.563972473144531250e+02
1.517722930908203125e+02
1.486093444824218750e+02
1.661790771484375000e+02
1.594851837158203125e+02
1.636994018554687500e+02
1.495287475585937500e+02
1.499187316894531250e+02
1.555192565917968750e+02
1.785596313476562500e+02
1.540624694824218750e+02
1.517836914062500000e+02
1.521600341796875000e+02
1.680042114257812500e+02
1.559668273925781250e+02
1.551127777099609375e+02
1.526937561035156250e+02
1.712006988525390625e+02
1.602519226074218750e+02
1.628745422363281250e+02
1.543610839843750000e+02
1.615151062011718750e+02
1.530892791748046875e+02
1.613697814941406250e+02
1.574266052246093750e+02
1.642471618652343750e+02
1.542441864013671875e+02
1.568571472167968750e+02
1.566955108642578125e+02
1.678263549804687500e+02
1.563430175781250000e+02
1.590079040527343750e+02
1.566616210937500000e+02
1.664371643066406250e+02
1.517827148437500000e+02
1.598849334716796875e+02
1.550546569824218750e+02
1.643383331298828125e+02
1.532212982177734375e+02
1.548060913085937500e+02
1.568801422119140625e+02
1.711893920898437500e+02
1.576668395996093750e+02
1.563699493408203125e+02
1.547442321777343750e+02
1.696596679687500000e+02
1.544229431152343750e+02
1.548540802001953125e+02
1.529766235351562500e+02
1.731831054687500000e+02
1.529499816894531250e+02
1.543050842285156250e+02
1.565401306152343750e+02
1.770334625244140625e+02
1.497199401855468750e+02
1.427318115234375000e+02
1.478147735595703125e+02
1.758721923828125000e+02
1.657165527343750000e+02
1.596256408691406250e+02
1.471611938476562500e+02
1.523619995117187500e+02
1.604901733398437500e+02
1.739638977050781250e+02
1.487070312500000000e+02
1.474292297363281250e+02
1.517936553955078125e+02
1.773558349609375000e+02
1.579326934814453125e+02
1.583998260498046875e+02
1.514886474609375000e+02
1.614482116699218750e+02
1.581264038085937500e+02
1.705137634277343750e+02
1.565674896240234375e+02
1.571095275878906250e+02
1.577441253662109375e+02
1.708408660888671875e+02
1.566431884765625000e+02
1.567386169433593750e+02
1.521506042480468750e+02
1.652171325683593750e+02
1.553153991699218750e+02
1.578911743164062500e+02
1.561052093505859375e+02
1.674865722656250000e+02
1.588294372558593750e+02
1.630453186035156250e+02
1.547022857666015625e+02
1.560628204345703125e+02
1.547065582275390625e+02
1.694505615234375000e+02
1.578843383789062500e+02
1.574829864501953125e+02
1.565398559570312500e+02
1.654621276855468750e+02
1.547344360351562500e+02
1.578020782470703125e+02
1.543329467773437500e+02
1.660640869140625000e+02
1.542525939941406250e+02
1.577822570800781250e+02
1.594659729003906250e+02
1.723803100585937500e+02
1.513430328369140625e+02
1.495077056884765625e+02
1.543940887451171875e+02
1.701931762695312500e+02
1.563492431640625000e+02
1.542128906250000000e+02
1.523865966796875000e+02
1.658569030761718750e+02
1.572224731445312500e+02
1.626857910156250000e+02
1.545409240722656250e+02
1.626633911132812500e+02
1.536594848632812500e+02
1.668317565917968750e+02
1.563265686035156250e+02
1.630871276855468750e+02
1.532808837890625000e+02
1.596844024658203125e+02
1.588562927246093750e+02
1.683955535888671875e+02
1.588428649902343750e+02
1.604109191894531250e+02
1.544798278808593750e+02
1.648839263916015625e+02
1.540204772949218750e+02
1.601855773925781250e+02
1.559798889160156250e+02
1.624039154052734375e+02
1.587941894531250000e+02
1.650764465332031250e+02
1.540969238281250000e+02
1.595500488281250000e+02
1.577350769042968750e+02
1.622075042724609375e+02
1.529412384033203125e+02
1.576583557128906250e+02
1.591767272949218750e+02
1.794956054687500000e+02
1.477199707031250000e+02
1.441712646484375000e+02
1.471776428222656250e+02
1.664699554443359375e+02
1.692405242919921875e+02
1.685743560791015625e+02
1.464438781738281250e+02
1.467248229980468750e+02
1.583301696777343750e+02
1.768737487792968750e+02
1.492049560546875000e+02
1.425007934570312500e+02
1.502497558593750000e+02
1.678442687988281250e+02
1.667258605957031250e+02
1.710432128906250000e+02
1.517801513671875000e+02
1.482079925537109375e+02
1.531394500732421875e+02
1.753574371337890625e+02
1.566772155761718750e+02
1.577483215332031250e+02
1.533302917480468750e+02
1.663981628417968750e+02
1.602149505615234375e+02
1.678958435058593750e+02
1.482435607910156250e+02
1.524221191406250000e+02
1.526060180664062500e+02
1.674744873046875000e+02
1.603808898925781250e+02
1.646409606933593750e+02
1.524519348144531250e+02
1.573839874267578125e+02
1.630414123535156250e+02
1.774911346435546875e+02
1.489010009765625000e+02
1.457823181152343750e+02
1.545662536621093750e+02
1.805436096191406250e+02
1.575096130371093750e+02
1.514393768310546875e+02
1.476582946777343750e+02
1.609388732910156250e+02
1.633632965087890625e+02
1.690332031250000000e+02
1.495469512939453125e+02
1.503171844482421875e+02
1.586650085449218750e+02
1.788068542480468750e+02
1.508161163330078125e+02
1.513950805664062500e+02
1.524723205566406250e+02
1.695876007080078125e+02
1.592347106933593750e+02
1.606358337402343750e+02
1.543962097167968750e+02
1.624790344238281250e+02
1.539929046630859375e+02
1.646056518554687500e+02
1.576458129882812500e+02
1.637463073730468750e+02
1.566082153320312500e+02
1.642273254394531250e+02
1.606851959228515625e+02
1.647111511230468750e+02
1.522185363769531250e+02
1.611703796386718750e+02
1.573728942871093750e+02
1.693979339599609375e+02
1.549790649414062500e+02
1.637846374511718750e+02
1.582607727050781250e+02
1.630449523925781250e+02
1.549838562011718750e+02
1.576059265136718750e+02
1.594679107666015625e+02
1.752770385742187500e+02
1.504628295898437500e+02
1.503899993896484375e+02
1.534733276367187500e+02
1.778433227539062500e+02
1.567845458984375000e+02
1.554761505126953125e+02
1.538934631347656250e+02
1.686643371582031250e+02
1.534106445312500000e+02
1.569008483886718750e+02
1.496790771484375000e+02
1.637684783935546875e+02
1.619422760009765625e+02
1.661462097167968750e+02
1.517426452636718750e+02
1.561495361328125000e+02
1.568162231445312500e+02
1.737541503906250000e+02
1.543811950683593750e+02
1.513918762207031250e+02
1.508969116210937500e+02
1.676956481933593750e+02
1.619141540527343750e+02
1.660308227539062500e+02
1.555639648437500000e+02
1.562300262451171875e+02
1.570342559814453125e+02
1.746530609130859375e+02
1.541583709716796875e+02
1.522611389160156250e+02
1.551054992675781250e+02
1.788002929687500000e+02
1.505743103027343750e+02
1.439475860595703125e+02
1.458041687011718750e+02
1.744969787597656250e+02
1.694155883789062500e+02
1.644578857421875000e+02
1.475713806152343750e+02
1.492510528564453125e+02
1.609895019531250000e+02
1.770883483886718750e+02
1.529670104980468750e+02
1.477805938720703125e+02
1.440889129638671875e+02
1.581817321777343750e+02
1.702164306640625000e+02
1.782438049316406250e+02
1.460086212158203125e+02
1.395499572753906250e+02
1.404979400634765625e+02
1.470895843505859375e+02
1.721768188476562500e+02
1.897341156005859375e+02
1.406643066406250000e+02
1.370216827392578125e+02
1.777704925537109375e+02
1.773421630859375000e+02
1.636965332031250000e+02
1.400226135253906250e+02
1.361242675781250000e+02
1.373529357910156250e+02
1.349786224365234375e+02
1.370877075195312500e+02
1.436594085693359375e+02
1.788975524902343750e+02
1.725767822265625000e+02
1.618847961425781250e+02
1.448211364746093750e+02
1.405306854248046875e+02
1.449947662353515625e+02
1.693387908935546875e+02
1.775795288085937500e+02
1.747176513671875000e+02
1.434659271240234375e+02
1.402267913818359375e+02
1.392664794921875000e+02
1.505770416259765625e+02
1.724654541015625000e+02
1.879007568359375000e+02
1.414988403320312500e+02
1.380229644775390625e+02
1.720230560302734375e+02
1.868062438964843750e+02
1.679115295410156250e+02
1.411508483886718750e+02
1.368415527343750000e+02
1.519999694824218750e+02
1.903093261718750000e+02
1.780399475097656250e+02
1.416834716796875000e+02
1.475334625244140625e+02
2.072544555664062500e+02
1.453247680664062500e+02
1.461029510498046875e+02
1.979526672363281250e+02
1.523950500488281250e+02
1.401015930175781250e+02
1.367274780273437500e+02
1.353112030029296875e+02
1.360942993164062500e+02
1.411101989746093750e+02
1.676527252197265625e+02
1.816820373535156250e+02
1.694064636230468750e+02
1.411739196777343750e+02
1.376267700195312500e+02
1.376482696533203125e+02
1.357710723876953125e+02
1.439708862304687500e+02
1.752290039062500000e+02
1.727337188720703125e+02
1.652562561035156250e+02
1.510023803710937500e+02
1.520222473144531250e+02
1.620739288330078125e+02
1.783252258300781250e+02
1.501681518554687500e+02
1.438439788818359375e+02
1.473869323730468750e+02
1.713867187500000000e+02
1.737216796875000000e+02
1.699459991455078125e+02
1.470809631347656250e+02
1.504826507568359375e+02
1.643779602050781250e+02
1.894298400878906250e+02
1.438531036376953125e+02
1.370811004638671875e+02
1.367130126953125000e+02
1.382404327392578125e+02
1.715432586669921875e+02
1.873870697021484375e+02
1.682994384765625000e+02
1.424722137451171875e+02
1.418412017822265625e+02
1.525430908203125000e+02
1.906504974365234375e+02
1.519903564453125000e+02
1.430523376464843750e+02
1.402610931396484375e+02
1.529038085937500000e+02
1.752202606201171875e+02
1.976056060791015625e+02
1.370558166503906250e+02
1.520148925781250000e+02
2.218433532714843750e+02
1.374923248291015625e+02
2.087808227539062500e+02
2.243346099853515625e+02
1.542191467285156250e+02
3.195686340332031250e+02
1.867136230468750000e+02
4.149644775390625000e+02
4.687443847656250000e+02
1.848315582275390625e+02
5.674785156250000000e+02
6.900885620117187500e+02
3.911482238769531250e+02
4.043235778808593750e+02
6.248421630859375000e+02
4.744509887695312500e+02
1.755566406250000000e+02
3.267652893066406250e+02
1.392044525146484375e+02
2.632235717773437500e+02
1.417785339355468750e+02
3.344822387695312500e+02
1.904377441406250000e+02
4.222384338378906250e+02
4.888090820312500000e+02
2.181396179199218750e+02
5.372883911132812500e+02
6.749306640625000000e+02
3.902617797851562500e+02
3.909553527832031250e+02
6.025982055664062500e+02
4.477826232910156250e+02
1.940452270507812500e+02
3.020759582519531250e+02
1.652125854492187500e+02
1.952408752441406250e+02
2.226819458007812500e+02
1.405636444091796875e+02
1.701595916748046875e+02
1.911299285888671875e+02
1.633961181640625000e+02
1.386772155761718750e+02
1.604131774902343750e+02
2.126186828613281250e+02
1.377512512207031250e+02
2.298625030517578125e+02
1.863434600830078125e+02
1.491957550048828125e+02
2.688873291015625000e+02
1.376048889160156250e+02
2.523984985351562500e+02
1.377609863281250000e+02
3.033652648925781250e+02
1.465109558105468750e+02
3.702071228027343750e+02
3.350995483398437500e+02
1.898449707031250000e+02
1.952255554199218750e+02
2.899116210937500000e+02
2.549127197265625000e+02
2.701161804199218750e+02
2.199529876708984375e+02
3.356573181152343750e+02
3.578827514648437500e+02
1.470112609863281250e+02
3.391571350097656250e+02
1.675368652343750000e+02
4.149357910156250000e+02
4.582259826660156250e+02
1.825508117675781250e+02
5.524524536132812500e+02
6.697860107421875000e+02
3.751774291992187500e+02
4.055156250000000000e+02
6.220163574218750000e+02
4.744505920410156250e+02
1.631433105468750000e+02
3.562446594238281250e+02
1.719911651611328125e+02
4.287720031738281250e+02
4.829910278320312500e+02
2.186309509277343750e+02
5.163426513671875000e+02
6.429147338867187500e+02
3.583766784667968750e+02
4.104057312011718750e+02
6.220894775390625000e+02
4.726267089843750000e+02
1.631407775878906250e+02
3.982500915527343750e+02
2.312887878417968750e+02
4.225234375000000000e+02
5.352926025390625000e+02
3.127265625000000000e+02
3.864084472656250000e+02
5.054077453613281250e+02
2.216588745117187500e+02
4.992446289062500000e+02
6.758702392578125000e+02
4.955673828125000000e+02
1.664350585937500000e+02
4.000592651367187500e+02
2.414960937500000000e+02
4.001127929687500000e+02
5.054360351562500000e+02
2.828248901367187500e+02
4.102210083007812500e+02
5.222203979492187500e+02
2.383410034179687500e+02
4.866929321289062500e+02
6.687156982421875000e+02
4.914318847656250000e+02
1.720140991210937500e+02
4.443274536132812500e+02
3.322811279296875000e+02
2.903134765625000000e+02
3.825491027832031250e+02
1.805245971679687500e+02
4.321053161621093750e+02
4.463026428222656250e+02
1.565007019042968750e+02
3.782526855468750000e+02
3.390806274414062500e+02
1.776460266113281250e+02
2.313615570068359375e+02
2.204127502441406250e+02
2.077997894287109375e+02
2.349375457763671875e+02
1.592725524902343750e+02
2.529915924072265625e+02
1.795363922119140625e+02
3.062739257812500000e+02
2.126260070800781250e+02
3.509010925292968750e+02
3.900972290039062500e+02
1.588730468750000000e+02
4.353367004394531250e+02
4.161799926757812500e+02
1.645375213623046875e+02
2.859651794433593750e+02
1.561302185058593750e+02
3.566228637695312500e+02
2.723495483398437500e+02
3.137752380371093750e+02
3.790263671875000000e+02
1.592205047607421875e+02
4.529054260253906250e+02
4.584934997558593750e+02
1.437717437744140625e+02
3.748042602539062500e+02
3.390266418457031250e+02
1.748029479980468750e+02
2.192072143554687500e+02
2.416291809082031250e+02
2.114855957031250000e+02
2.717009277343750000e+02
1.940996093750000000e+02
3.396049194335937500e+02
3.595031433105468750e+02
1.476131896972656250e+02
3.761101684570312500e+02
2.521756744384765625e+02
3.609906311035156250e+02
4.528845520019531250e+02
2.299533386230468750e+02
4.582641601562500000e+02
5.611461181640625000e+02
2.821996154785156250e+02
4.616296386718750000e+02
6.611351928710937500e+02
5.153375854492187500e+02
1.509109344482421875e+02
5.110230407714843750e+02
5.168218994140625000e+02
1.626396484375000000e+02
5.363994140625000000e+02
6.958320922851562500e+02
5.049295654296875000e+02
1.598174133300781250e+02
4.428620605468750000e+02
3.442518005371093750e+02
2.663248901367187500e+02
3.534347534179687500e+02
1.660952758789062500e+02
4.062337646484375000e+02
3.826101379394531250e+02
1.797181854248046875e+02
2.739002685546875000e+02
1.466480407714843750e+02
2.941801757812500000e+02
1.517330017089843750e+02
3.213475036621093750e+02
2.758151245117187500e+02
2.362542419433593750e+02
2.068467407226562500e+02
3.011468505859375000e+02
3.078464660644531250e+02
1.699364318847656250e+02
2.405324401855468750e+02
2.030234375000000000e+02
2.031441040039062500e+02
2.171462402343750000e+02
1.440674896240234375e+02
2.276563110351562500e+02
1.455959777832031250e+02
2.571386413574218750e+02
1.455132751464843750e+02
1.905550537109375000e+02
1.640031127929687500e+02
1.419715881347656250e+02
1.420408630371093750e+02
1.519194030761718750e+02
1.758427276611328125e+02
1.398464660644531250e+02
1.407030181884765625e+02
1.764365386962890625e+02
1.541846160888671875e+02
1.455626220703125000e+02
1.408441772460937500e+02
1.428539886474609375e+02
1.483500518798828125e+02
1.662267303466796875e+02
1.550369110107421875e+02
1.498283233642578125e+02
1.460265808105468750e+02
1.463369750976562500e+02
1.535915069580078125e+02
1.681669921875000000e+02
1.549859161376953125e+02
1.475572814941406250e+02
1.467487182617187500e+02
1.559345703125000000e+02
1.571515197753906250e+02
1.600988006591796875e+02
1.498566741943359375e+02
1.451512756347656250e+02
1.462997131347656250e+02
1.522592163085937500e+02
1.574080200195312500e+02
1.620535736083984375e+02
1.510942993164062500e+02
1.510562591552734375e+02
1.555585937500000000e+02
1.639933471679687500e+02
1.528982238769531250e+02
1.506858825683593750e+02
1.472473602294921875e+02
1.495529022216796875e+02
1.577023620605468750e+02
1.615386962890625000e+02
1.481098937988281250e+02
1.441330871582031250e+02
1.460889587402343750e+02
1.589423065185546875e+02
1.541047210693359375e+02
1.548198394775390625e+02
1.498532714843750000e+02
1.473763427734375000e+02
1.475825347900390625e+02
1.543626403808593750e+02
1.540692901611328125e+02
1.633531341552734375e+02
1.496103668212890625e+02
1.509438018798828125e+02
1.538523864746093750e+02
1.636242675781250000e+02
1.559913024902343750e+02
1.530957336425781250e+02
1.553158416748046875e+02
1.614781188964843750e+02
1.510045928955078125e+02
1.492291259765625000e+02
1.507582702636718750e+02
1.645488281250000000e+02
1.529445190429687500e+02
1.520421447753906250e+02
1.491321105957031250e+02
1.554371032714843750e+02
1.582956848144531250e+02
1.639203948974609375e+02
1.486978759765625000e+02
1.467376708984375000e+02
1.476791687011718750e+02
1.585406494140625000e+02
1.594852600097656250e+02
1.644086303710937500e+02
1.493026580810546875e+02
1.465700836181640625e+02
1.511149902343750000e+02
1.654408264160156250e+02
1.552838134765625000e+02
1.539692993164062500e+02
1.470699157714843750e+02
1.518106079101562500e+02
1.556011199951171875e+02
1.617086791992187500e+02
1.517024536132812500e+02
1.524261779785156250e+02
1.487103576660156250e+02
1.589230499267578125e+02
1.544907073974609375e+02
1.616917114257812500e+02
1.488971557617187500e+02
1.466903076171875000e+02
1.540316467285156250e+02
1.678710632324218750e+02
1.558921813964843750e+02
1.474329681396484375e+02
1.475683441162109375e+02
1.529825744628906250e+02
1.566557159423828125e+02
1.651145324707031250e+02
1.480557098388671875e+02
1.414084167480468750e+02
1.458956756591796875e+02
1.568857421875000000e+02
1.630408935546875000e+02
1.694708862304687500e+02
1.450164642333984375e+02
1.396017456054687500e+02
1.407462158203125000e+02
1.492203369140625000e+02
1.682512817382812500e+02
1.794789123535156250e+02
1.393231048583984375e+02
1.376918640136718750e+02
1.556244812011718750e+02
1.805188293457031250e+02
1.744601287841796875e+02
1.388801574707031250e+02
1.430649871826171875e+02
1.871923980712890625e+02
1.560811157226562500e+02
1.411479034423828125e+02
1.380542297363281250e+02
1.387711639404296875e+02
1.484666137695312500e+02
1.733864288330078125e+02
1.560814819335937500e+02
1.504603729248046875e+02
1.484316253662109375e+02
1.605267944335937500e+02
1.508043670654296875e+02
1.564089965820312500e+02
1.528045349121093750e+02
1.559848175048828125e+02
1.553527832031250000e+02
1.635413665771484375e+02
1.508536376953125000e+02
1.510221252441406250e+02
1.548481750488281250e+02
1.606650390625000000e+02
1.523965606689453125e+02
1.520308532714843750e+02
1.559825744628906250e+02
1.661931762695312500e+02
1.550046997070312500e+02
1.534551086425781250e+02
1.531799468994140625e+02
1.545062866210937500e+02
1.538557891845703125e+02
1.633177337646484375e+02
1.538855285644531250e+02
1.556629486083984375e+02
1.501436004638671875e+02
1.596001586914062500e+02
1.560017395019531250e+02
1.635980224609375000e+02
1.530915679931640625e+02
1.495363464355468750e+02
1.481446838378906250e+02
1.533615264892578125e+02
1.594504699707031250e+02
1.720951690673828125e+02
1.504833221435546875e+02
1.394212951660156250e+02
1.396995239257812500e+02
1.397683410644531250e+02
1.501826477050781250e+02
1.768819885253906250e+02
1.553718261718750000e+02
1.471310119628906250e+02
1.428551483154296875e+02
1.500906677246093750e+02
1.634286499023437500e+02
1.723969421386718750e+02
1.481277618408203125e+02
1.391370086669921875e+02
1.361508331298828125e+02
1.371306610107421875e+02
1.366813354492187500e+02
1.391878051757812500e+02
1.524742431640625000e+02
1.869597625732421875e+02
1.497794647216796875e+02
1.398312988281250000e+02
1.396127319335937500e+02
1.433279113769531250e+02
1.602429809570312500e+02
1.838788452148437500e+02
1.447794952392578125e+02
1.377549438476562500e+02
1.368911437988281250e+02
1.519167785644531250e+02
1.861349792480468750e+02
1.512556762695312500e+02
1.404598846435546875e+02
1.413400268554687500e+02
1.557500610351562500e+02
1.783738098144531250e+02
1.761571655273437500e+02
1.422811889648437500e+02
1.353523406982421875e+02
1.385439147949218750e+02
1.505640869140625000e+02
1.947021179199218750e+02
1.431039428710937500e+02
1.383953247070312500e+02
1.646403198242187500e+02
1.838491363525390625e+02
1.671529541015625000e+02
1.408489532470703125e+02
1.383691558837890625e+02
1.432808227539062500e+02
1.726980590820312500e+02
1.940674438476562500e+02
1.371015930175781250e+02
1.678112640380859375e+02
2.238419799804687500e+02
1.420954589843750000e+02
3.003621826171875000e+02
1.574160003662109375e+02
3.815501708984375000e+02
3.870354003906250000e+02
1.371388702392578125e+02
3.668702087402343750e+02
2.384159851074218750e+02
3.833303527832031250e+02
4.678177490234375000e+02
2.343062133789062500e+02
4.816497497558593750e+02
6.006168823242187500e+02
3.249674987792968750e+02
4.268651733398437500e+02
6.297269897460937500e+02
4.801866455078125000e+02
1.601569519042968750e+02
3.923500061035156250e+02
2.451303405761718750e+02
3.893693847656250000e+02
4.903240661621093750e+02
2.693699951171875000e+02
4.293848876953125000e+02
5.461581420898437500e+02
2.669976196289062500e+02
4.787677917480468750e+02
6.806384277343750000e+02
5.258004150390625000e+02
1.509938201904296875e+02
5.252796630859375000e+02
5.338399047851562500e+02
1.694900512695312500e+02
5.565974121093750000e+02
7.400476684570312500e+02
5.657368164062500000e+02
1.514831542968750000e+02
6.051268920898437500e+02
7.125368041992187500e+02
4.264936523437500000e+02
3.406071166992187500e+02
5.574423217773437500e+02
4.324659118652343750e+02
1.663501739501953125e+02
3.291242980957031250e+02
1.492734375000000000e+02
3.299880981445312500e+02
2.894140319824218750e+02
2.264448089599609375e+02
1.990462036132812500e+02
3.002525939941406250e+02
2.944949340820312500e+02
1.875137939453125000e+02
1.995977783203125000e+02
2.495350036621093750e+02
2.214161376953125000e+02
2.491350250244140625e+02
1.747683410644531250e+02
3.146726074218750000e+02
3.003593139648437500e+02
1.864335021972656250e+02
1.920698394775390625e+02
2.714415893554687500e+02
2.383224945068359375e+02
2.516811523437500000e+02
1.942638092041015625e+02
3.206270751953125000e+02
3.284702758789062500e+02
1.572112731933593750e+02
2.908832397460937500e+02
1.521516571044921875e+02
2.121576385498046875e+02
1.517068481445312500e+02
1.595571441650390625e+02
2.120660858154296875e+02
1.490225219726562500e+02
2.721047973632812500e+02
1.421119689941406250e+02
2.439927215576171875e+02
1.488712768554687500e+02
3.170856933593750000e+02
1.938849792480468750e+02
3.836706542968750000e+02
4.439071655273437500e+02
1.973334808349609375e+02
4.993450927734375000e+02
6.097618408203125000e+02
3.308977966308593750e+02
4.168680114746093750e+02
6.199083862304687500e+02
4.800148315429687500e+02
1.483849029541015625e+02
4.035312805175781250e+02
2.920071411132812500e+02
3.132099914550781250e+02
3.971914367675781250e+02
1.880001525878906250e+02
4.476625366210937500e+02
4.949572143554687500e+02
1.795062561035156250e+02
5.174775390625000000e+02
6.733580932617187500e+02
4.921336669921875000e+02
1.584314270019531250e+02
3.990776977539062500e+02
2.609749755859375000e+02
3.581571044921875000e+02
4.572192993164062500e+02
2.494839324951171875e+02
4.208036193847656250e+02
5.200469360351562500e+02
2.439561920166015625e+02
4.817173461914062500e+02
6.779902954101562500e+02
5.343378906250000000e+02
1.533387298583984375e+02
5.724995727539062500e+02
6.629705810546875000e+02
3.766373596191406250e+02
3.768079833984375000e+02
5.889387207031250000e+02
4.696258544921875000e+02
1.489905395507812500e+02
4.570897216796875000e+02
4.127475585937500000e+02
1.712626037597656250e+02
2.990294494628906250e+02
1.738684692382812500e+02
3.541821289062500000e+02
3.097865905761718750e+02
2.440365753173828125e+02
2.936491699218750000e+02
1.504009857177734375e+02
2.736292724609375000e+02
1.487798156738281250e+02
2.019792175292968750e+02
1.555724487304687500e+02
1.432143859863281250e+02
1.676801757812500000e+02
1.521860961914062500e+02
1.439440612792968750e+02
1.403260345458984375e+02
1.383824157714843750e+02
1.400894775390625000e+02
1.427203674316406250e+02
1.563018341064453125e+02
1.556060943603515625e+02
1.585343170166015625e+02
1.514409179687500000e+02
1.498082427978515625e+02
1.520744323730468750e+02
1.628531799316406250e+02
1.544055175781250000e+02
1.531086730957031250e+02
1.519054412841796875e+02
1.544957580566406250e+02
1.556787719726562500e+02
1.634553527832031250e+02
1.570445251464843750e+02
1.513440551757812500e+02
1.488545532226562500e+02
1.503285522460937500e+02
1.589959716796875000e+02
1.669102935791015625e+02
1.545475616455078125e+02
1.498678588867187500e+02
1.490806884765625000e+02
1.556756286621093750e+02
1.601254577636718750e+02
1.661455993652343750e+02
1.476735229492187500e+02
1.420611267089843750e+02
1.459783630371093750e+02
1.586733856201171875e+02
1.646328277587890625e+02
1.569476318359375000e+02
1.412784576416015625e+02
1.380261535644531250e+02
1.366579589843750000e+02
1.373189086914062500e+02
1.379943542480468750e+02
1.397387542724609375e+02
1.433588562011718750e+02
1.645606994628906250e+02
1.854473114013671875e+02
1.409008178710937500e+02
1.461912536621093750e+02
1.871940917968750000e+02
1.471101684570312500e+02
1.375540466308593750e+02
1.543439178466796875e+02
1.774799499511718750e+02
1.706522216796875000e+02
1.374272460937500000e+02
1.400924682617187500e+02
1.687308959960937500e+02
1.674562377929687500e+02
1.593026428222656250e+02
1.409210510253906250e+02
1.401482696533203125e+02
1.399471893310546875e+02
1.443218994140625000e+02
1.600764007568359375e+02
1.816533203125000000e+02
1.432620697021484375e+02
1.378898773193359375e+02
1.525744171142578125e+02
1.738467407226562500e+02
1.754599914550781250e+02
1.388388977050781250e+02
1.465175781250000000e+02
1.874937438964843750e+02
1.494517517089843750e+02
1.377846832275390625e+02
1.355555725097656250e+02
1.419510192871093750e+02
1.659526977539062500e+02
1.648862915039062500e+02
1.629207305908203125e+02
1.452035980224609375e+02
1.395547332763671875e+02
1.412591247558593750e+02
1.531595001220703125e+02
1.674557647705078125e+02
1.695379028320312500e+02
1.469680938720703125e+02
1.379315490722656250e+02
1.392736663818359375e+02
1.437201232910156250e+02
1.518498382568359375e+02
1.784216766357421875e+02
1.495131683349609375e+02
1.405971832275390625e+02
1.387088470458984375e+02
1.403043823242187500e+02
1.569882507324218750e+02
1.843478088378906250e+02
1.490920104980468750e+02
1.363979492187500000e+02
1.389831695556640625e+02
1.543835754394531250e+02
1.873700103759765625e+02
1.430738220214843750e+02
1.373077850341796875e+02
1.650612640380859375e+02
1.795085449218750000e+02
1.632918701171875000e+02
1.400265808105468750e+02
1.383352813720703125e+02
1.433815307617187500e+02
1.701732482910156250e+02
1.883337097167968750e+02
1.393308105468750000e+02
1.525076293945312500e+02
2.066042327880859375e+02
1.383609924316406250e+02
1.775577545166015625e+02
2.191466217041015625e+02
1.489766235351562500e+02
3.056514892578125000e+02
1.831411437988281250e+02
3.927501525878906250e+02
4.385445861816406250e+02
1.853426208496093750e+02
5.203187866210937500e+02
6.335856933593750000e+02
3.591421508789062500e+02
3.917216796875000000e+02
5.946669311523437500e+02
4.552853393554687500e+02
1.588884887695312500e+02
3.329024658203125000e+02
1.563936767578125000e+02
3.800705261230468750e+02
3.946826171875000000e+02
1.479193267822265625e+02
4.636595153808593750e+02
4.569472351074218750e+02
1.391431121826171875e+02
3.604436035156250000e+02
3.106542053222656250e+02
2.099618377685546875e+02
2.124051513671875000e+02
2.693402404785156250e+02
2.549187774658203125e+02
2.312436828613281250e+02
1.779843750000000000e+02
3.187598266601562500e+02
3.109551696777343750e+02
1.764686584472656250e+02
2.048166809082031250e+02
2.451214904785156250e+02
2.190930328369140625e+02
2.464334564208984375e+02
1.700176696777343750e+02
3.169673461914062500e+02
2.982784729003906250e+02
1.932771301269531250e+02
1.844947357177734375e+02
2.792516784667968750e+02
2.468164367675781250e+02
2.445004272460937500e+02
1.935819091796875000e+02
3.146721801757812500e+02
3.184004516601562500e+02
1.609111328125000000e+02
2.540701904296875000e+02
1.830789947509765625e+02
1.892185974121093750e+02
2.126814270019531250e+02
1.437565155029296875e+02
2.005238037109375000e+02
1.527130584716796875e+02
1.448663635253906250e+02
1.725424804687500000e+02
1.500211486816406250e+02
1.427029876708984375e+02
1.434253540039062500e+02
1.548757629394531250e+02
1.701948394775390625e+02
1.471888275146484375e+02
1.395686645507812500e+02
1.395641632080078125e+02
1.608508148193359375e+02
1.857563934326171875e+02
1.422981719970703125e+02
1.563786926269531250e+02
2.071728057861328125e+02
1.381882781982421875e+02
1.855379028320312500e+02
2.091947784423828125e+02
1.438700256347656250e+02
2.740266723632812500e+02
1.402983551025390625e+02
2.979743041992187500e+02
2.169839630126953125e+02
3.319924011230468750e+02
3.170358886718750000e+02
2.161214141845703125e+02
2.505702209472656250e+02
1.906212463378906250e+02
1.523700561523437500e+02
2.518390655517578125e+02
1.665486450195312500e+02
3.422759704589843750e+02
2.812212219238281250e+02
2.877540893554687500e+02
3.367251281738281250e+02
1.467276611328125000e+02
3.251893920898437500e+02
1.827932128906250000e+02
3.953364257812500000e+02
4.538363342285156250e+02
2.123415985107421875e+02
4.775787353515625000e+02
5.881059570312500000e+02
3.159557495117187500e+02
4.174128417968750000e+02
6.156478271484375000e+02
4.817955627441406250e+02
1.683325653076171875e+02
4.550037841796875000e+02
4.065210571289062500e+02
1.738102111816406250e+02
2.838142395019531250e+02
1.476092529296875000e+02
3.203173522949218750e+02
2.057769165039062500e+02
3.573660278320312500e+02
4.070763549804687500e+02
1.754126892089843750e+02
4.600275878906250000e+02
5.050985717773437500e+02
1.880089721679687500e+02
5.191699829101562500e+02
6.988753662109375000e+02
5.356986083984375000e+02
1.471900177001953125e+02
5.776581420898437500e+02
6.665056152343750000e+02
3.802448425292968750e+02
3.684329223632812500e+02
5.776353759765625000e+02
4.600922546386718750e+02
1.551053619384765625e+02
4.339685058593750000e+02
3.744414672851562500e+02
2.033428039550781250e+02
2.871735229492187500e+02
1.415136718750000000e+02
3.098973999023437500e+02
1.684922180175781250e+02
3.606617126464843750e+02
3.825902099609375000e+02
1.538363494873046875e+02
4.476295166015625000e+02
4.460760803222656250e+02
1.403683013916015625e+02
3.554929199218750000e+02
3.168381347656250000e+02
1.908097381591796875e+02
2.102303924560546875e+02
2.448475952148437500e+02
2.201842041015625000e+02
2.508734130859375000e+02
1.894199829101562500e+02
3.228793334960937500e+02
3.361519775390625000e+02
1.488143920898437500e+02
3.222507019042968750e+02
1.665310668945312500e+02
3.629637145996093750e+02
3.819255981445312500e+02
1.503438568115234375e+02
4.461002502441406250e+02
4.480505065917968750e+02
1.435087890625000000e+02
3.870578308105468750e+02
3.771984863281250000e+02
1.421968231201171875e+02
3.791871337890625000e+02
2.875354003906250000e+02
2.921069641113281250e+02
3.655825195312500000e+02
1.664934387207031250e+02
4.306303710937500000e+02
4.458645019531250000e+02
1.433280944824218750e+02
3.793111572265625000e+02
3.750781250000000000e+02
1.410007324218750000e+02
3.893018188476562500e+02
3.060317993164062500e+02
2.672113952636718750e+02
3.345153503417968750e+02
1.480307922363281250e+02
3.895605773925781250e+02
3.447645263671875000e+02
2.081654205322265625e+02
2.727577819824218750e+02
1.460271606445312500e+02
2.181524047851562500e+02
1.991524658203125000e+02
1.771966857910156250e+02
2.438510437011718750e+02
1.460564880371093750e+02
2.669707641601562500e+02
1.840115966796875000e+02
3.202238159179687500e+02
2.731325073242187500e+02
2.674500122070312500e+02
3.079102783203125000e+02
1.411362915039062500e+02
2.771524047851562500e+02
1.395804138183593750e+02
2.376317291259765625e+02
1.449421081542968750e+02
2.906577758789062500e+02
1.584935302734375000e+02
3.457772827148437500e+02
3.444478454589843750e+02
1.444244995117187500e+02
2.858438415527343750e+02
1.395039825439453125e+02
2.479414978027343750e+02
1.502746124267578125e+02
3.196142272949218750e+02
2.222396545410156250e+02
3.454088134765625000e+02
4.047312011718750000e+02
1.827597961425781250e+02
4.721136779785156250e+02
5.568527832031250000e+02
2.800257568359375000e+02
4.473263549804687500e+02
6.460397338867187500e+02
5.151827392578125000e+02
1.466068725585937500e+02
5.782857666015625000e+02
6.937640991210937500e+02
4.401342773437500000e+02
2.832982788085937500e+02
4.754852600097656250e+02
3.562262573242187500e+02
2.150711975097656250e+02
2.811638183593750000e+02
1.730971527099609375e+02
1.941294555664062500e+02
1.991781921386718750e+02
1.422828674316406250e+02
1.722306518554687500e+02
1.557542419433593750e+02
1.460105590820312500e+02
1.414192504882812500e+02
1.462668762207031250e+02
1.624671478271484375e+02
1.517433166503906250e+02
1.455695190429687500e+02
1.436512603759765625e+02
1.424735565185546875e+02
1.483347167968750000e+02
1.616546325683593750e+02
1.485162353515625000e+02
1.410818786621093750e+02
1.377794036865234375e+02
1.400445861816406250e+02
1.486091918945312500e+02
1.634711303710937500e+02
1.632577972412109375e+02
1.461498260498046875e+02
1.398670501708984375e+02
1.394553222656250000e+02
1.394822235107421875e+02
1.431998138427734375e+02
1.477989349365234375e+02
1.585541687011718750e+02
1.648245544433593750e+02
1.509967346191406250e+02
1.440106964111328125e+02
1.429917755126953125e+02
1.481456146240234375e+02
1.562497406005859375e+02
1.652173156738281250e+02
1.484817504882812500e+02
1.403506011962890625e+02
1.392994842529296875e+02
1.393620605468750000e+02
1.407820739746093750e+02
1.477012481689453125e+02
1.625408630371093750e+02
1.697111206054687500e+02
1.457765960693359375e+02
1.389592895507812500e+02
1.399918823242187500e+02
1.392926940917968750e+02
1.476573181152343750e+02
1.667143249511718750e+02
1.701058654785156250e+02
1.424882965087890625e+02
1.386208801269531250e+02
1.475131530761718750e+02
1.691615600585937500e+02
1.737430114746093750e+02
1.410179138183593750e+02
1.391095275878906250e+02
1.644470520019531250e+02
1.675568237304687500e+02
1.543030090332031250e+02
1.420924377441406250e+02
1.400212097167968750e+02
1.404610595703125000e+02
1.417259521484375000e+02
1.505464782714843750e+02
1.722967834472656250e+02
1.526405029296875000e+02
1.448512115478515625e+02
1.429368896484375000e+02
1.483962097167968750e+02
1.576067504882812500e+02
1.679050598144531250e+02
1.480939941406250000e+02
1.391493682861328125e+02
1.396904602050781250e+02
1.454530792236328125e+02
1.526137695312500000e+02
1.652025451660156250e+02
1.555365600585937500e+02
1.498407592773437500e+02
1.515717163085937500e+02
1.564559631347656250e+02
1.502122039794921875e+02
1.531236877441406250e+02
1.499462127685546875e+02
1.561033325195312500e+02
1.543097229003906250e+02
1.563537902832031250e+02
1.518968048095703125e+02
1.522029876708984375e+02
1.514820556640625000e+02
1.559220886230468750e+02
1.557488098144531250e+02
1.563059692382812500e+02
1.484753417968750000e+02
1.543838500976562500e+02
1.501787109375000000e+02
1.575151672363281250e+02
1.587867889404296875e+02
1.593943481445312500e+02
1.504021148681640625e+02
1.483888854980468750e+02
1.499546661376953125e+02
1.560703430175781250e+02
1.554337310791015625e+02
1.547157440185546875e+02
1.502586669921875000e+02
1.511210937500000000e+02
1.556739654541015625e+02
1.671010894775390625e+02
1.516427764892578125e+02
1.441105957031250000e+02
1.453988647460937500e+02
1.523032531738281250e+02
1.606037597656250000e+02
1.642016906738281250e+02
1.464670257568359375e+02
1.437741088867187500e+02
1.415201568603515625e+02
1.455291137695312500e+02
1.586690979003906250e+02
1.766268157958984375e+02
1.463104248046875000e+02
1.386066894531250000e+02
1.404452514648437500e+02
1.566663970947265625e+02
1.837014770507812500e+02
1.454492645263671875e+02
1.378271026611328125e+02
1.430890808105468750e+02
1.691970520019531250e+02
1.836291809082031250e+02
1.395719757080078125e+02
1.461178588867187500e+02
1.904748229980468750e+02
1.486227111816406250e+02
1.376465454101562500e+02
1.474624023437500000e+02
1.724765777587890625e+02
1.771753234863281250e+02
1.393319091796875000e+02
1.456001129150390625e+02
1.896028900146484375e+02
1.485186614990234375e+02
1.381020660400390625e+02
1.453857116699218750e+02
1.678922882080078125e+02
1.849490356445312500e+02
1.401279144287109375e+02
1.500844116210937500e+02
2.012720031738281250e+02
1.387316284179687500e+02
1.652092742919921875e+02
2.184204101562500000e+02
1.462954559326171875e+02
2.894282226562500000e+02
1.567484436035156250e+02
3.620061340332031250e+02
3.593302001953125000e+02
1.398864440917968750e+02
3.177108459472656250e+02
1.591699981689453125e+02
3.873463745117187500e+02
4.163606567382812500e+02
1.612536468505859375e+02
5.036975097656250000e+02
5.749435424804687500e+02
2.685410156250000000e+02
4.847056884765625000e+02
7.047584838867187500e+02
5.783829345703125000e+02
1.760067138671875000e+02
6.570818481445312500e+02
8.859820556640625000e+02
7.208934936523437500e+02
2.106123657226562500e+02
6.927544555664062500e+02
1.048018066406250000e+03
1.022098754882812500e+03
6.627724609375000000e+02
1.550528564453125000e+02
5.904210205078125000e+02
6.463227539062500000e+02
3.361859741210937500e+02
4.297819824218750000e+02
6.590297241210937500e+02
5.539315185546875000e+02
1.765634613037109375e+02
6.084595947265625000e+02
7.946925048828125000e+02
5.949741210937500000e+02
1.502864074707031250e+02
4.536264038085937500e+02
4.770514831542968750e+02
2.085284118652343750e+02
5.023091430664062500e+02
6.375889282226562500e+02
3.990352783203125000e+02
3.141185607910156250e+02
4.894100952148437500e+02
3.609844970703125000e+02
2.284701385498046875e+02
2.988679199218750000e+02
1.727921752929687500e+02
2.156505432128906250e+02
1.690042114257812500e+02
1.490264587402343750e+02
1.784847717285156250e+02
1.473327941894531250e+02
1.639075927734375000e+02
2.020216827392578125e+02
1.478166809082031250e+02
2.541170043945312500e+02
1.430401306152343750e+02
2.051537475585937500e+02
1.513597412109375000e+02
1.420304718017578125e+02
1.732829284667968750e+02
1.563542785644531250e+02
1.456664428710937500e+02
1.369099273681640625e+02
1.394327850341796875e+02
1.384756164550781250e+02
1.452775115966796875e+02
1.569677124023437500e+02
1.686192779541015625e+02
1.633345947265625000e+02
1.457758178710937500e+02
1.428857727050781250e+02
1.381561889648437500e+02
1.396234130859375000e+02
1.385552215576171875e+02
1.381819763183593750e+02
1.444378814697265625e+02
1.548298339843750000e+02
1.688918151855468750e+02
1.701258544921875000e+02
1.466108093261718750e+02
1.412398071289062500e+02
1.372737121582031250e+02
1.388734741210937500e+02
1.406683959960937500e+02
1.441565551757812500e+02
1.596365356445312500e+02
1.826695251464843750e+02
1.457126770019531250e+02
1.367198028564453125e+02
1.450994873046875000e+02
1.727382812500000000e+02
1.828520812988281250e+02
1.395848083496093750e+02
1.511844024658203125e+02
2.039136047363281250e+02
1.407049255371093750e+02
1.759831542968750000e+02
2.173886413574218750e+02
1.507602233886718750e+02
3.028771362304687500e+02
1.847066955566406250e+02
3.788067626953125000e+02
4.262637634277343750e+02
1.836539306640625000e+02
5.053607788085937500e+02
6.092651977539062500e+02
3.368327636718750000e+02
3.946833496093750000e+02
5.919097900390625000e+02
4.600114440917968750e+02
1.519786376953125000e+02
3.784438781738281250e+02
2.518366088867187500e+02
3.545275268554687500e+02
4.420013427734375000e+02
2.356702880859375000e+02
4.270724487304687500e+02
5.205986328125000000e+02
2.476196899414062500e+02
4.673596801757812500e+02
6.590773925781250000e+02
5.140518188476562500e+02
1.581557006835937500e+02
5.401879882812500000e+02
6.084944458007812500e+02
3.119681396484375000e+02
4.413311462402343750e+02
6.599120483398437500e+02
5.456583862304687500e+02
1.749756927490234375e+02
6.101672363281250000e+02
7.914912719726562500e+02
5.920111694335937500e+02
1.547569274902343750e+02
4.691397399902343750e+02
5.022150268554687500e+02
2.471287841796875000e+02
4.632928466796875000e+02
6.096931152343750000e+02
3.861923828125000000e+02
3.135198669433593750e+02
4.793044128417968750e+02
3.453535156250000000e+02
2.495296173095703125e+02
3.193344116210937500e+02
1.685298461914062500e+02
2.428513336181640625e+02
1.492214813232421875e+02
2.682406616210937500e+02
1.474091796875000000e+02
2.325320739746093750e+02
1.505429077148437500e+02
2.623740539550781250e+02
1.459052429199218750e+02
2.601669921875000000e+02
1.805364074707031250e+02
3.143640747070312500e+02
2.534936218261718750e+02
2.954532470703125000e+02
3.427462158203125000e+02
1.563456878662109375e+02
3.751164550781250000e+02
3.010283813476562500e+02
2.681770019531250000e+02
3.290055541992187500e+02
1.442904357910156250e+02
3.862528991699218750e+02
3.281846313476562500e+02
2.352082214355468750e+02
2.912805480957031250e+02
1.474564208984375000e+02
2.657493896484375000e+02
1.419174194335937500e+02
1.993683776855468750e+02
1.547442626953125000e+02
1.446750488281250000e+02
1.649710693359375000e+02
1.533793640136718750e+02
1.483392639160156250e+02
1.450172119140625000e+02
1.453878479003906250e+02
1.389317932128906250e+02
1.431193847656250000e+02
1.472639770507812500e+02
1.574906005859375000e+02
1.561524200439453125e+02
1.522432861328125000e+02
1.473937683105468750e+02
1.463090515136718750e+02
1.484947967529296875e+02
1.543818206787109375e+02
1.569615173339843750e+02
1.601094818115234375e+02
1.486110992431640625e+02
1.428045654296875000e+02
1.461323394775390625e+02
1.492498016357421875e+02
1.520948944091796875e+02
1.645919036865234375e+02
1.549264221191406250e+02
1.489523620605468750e+02
1.457142028808593750e+02
1.511992187500000000e+02
1.588051147460937500e+02
1.665207672119140625e+02
1.450951690673828125e+02
1.408898620605468750e+02
1.411304321289062500e+02
1.439943237304687500e+02
1.491079406738281250e+02
1.681505737304687500e+02
1.566640625000000000e+02
1.496200866699218750e+02
1.463911895751953125e+02
1.441217193603515625e+02
1.491900939941406250e+02
1.572646179199218750e+02
1.542860107421875000e+02
1.561401977539062500e+02
1.477879486083984375e+02
1.534134063720703125e+02
1.518345336914062500e+02
1.595528259277343750e+02
1.551831207275390625e+02
1.523527526855468750e+02
1.519701843261718750e+02
1.573603210449218750e+02
1.533839416503906250e+02
1.550175018310546875e+02
1.522223052978515625e+02
1.507458496093750000e+02
1.514650268554687500e+02
1.576509246826171875e+02
1.559068603515625000e+02
1.550902099609375000e+02
1.491922607421875000e+02
1.549237518310546875e+02
1.536555786132812500e+02
1.552462463378906250e+02
1.485878906250000000e+02
1.497721862792968750e+02
1.510586242675781250e+02
1.570715637207031250e+02
1.542340393066406250e+02
1.616285095214843750e+02
1.503903656005859375e+02
1.517532501220703125e+02
1.504162750244140625e+02
1.580971984863281250e+02
1.558587188720703125e+02
1.577944030761718750e+02
1.534479064941406250e+02
1.550801696777343750e+02
1.483975677490234375e+02
1.525126342773437500e+02
1.532000122070312500e+02
1.590490112304687500e+02
1.561698913574218750e+02
1.522974853515625000e+02
1.513378295898437500e+02
1.537643280029296875e+02
1.576383361816406250e+02
1.621279907226562500e+02
1.505144195556640625e+02
1.514832000732421875e+02
1.495392456054687500e+02
1.551528167724609375e+02
1.556334533691406250e+02
1.570700073242187500e+02
1.541114501953125000e+02
1.510859680175781250e+02
1.550793151855468750e+02
1.571048126220703125e+02
1.549176940917968750e+02
1.553182678222656250e+02
1.540492858886718750e+02
1.559458007812500000e+02
1.504536132812500000e+02
1.542949829101562500e+02
1.550267791748046875e+02
1.624778442382812500e+02
1.503854064941406250e+02
1.538673553466796875e+02
1.541409606933593750e+02
1.570712890625000000e+02
1.560851898193359375e+02
1.608039245605468750e+02
1.514161834716796875e+02
1.504624938964843750e+02
1.565395660400390625e+02
1.650306396484375000e+02
1.544072875976562500e+02
1.520687255859375000e+02
1.485539398193359375e+02
1.538411865234375000e+02
1.570341033935546875e+02
1.691513671875000000e+02
1.509365692138671875e+02
1.488144683837890625e+02
1.491121215820312500e+02
1.577657928466796875e+02
1.608415985107421875e+02
1.652902221679687500e+02
1.518392028808593750e+02
1.473661499023437500e+02
1.511824340820312500e+02
1.604593505859375000e+02
1.602589111328125000e+02
1.640263977050781250e+02
1.499230651855468750e+02
1.483096618652343750e+02
1.519245605468750000e+02
1.663831787109375000e+02
1.557727661132812500e+02
1.561654357910156250e+02
1.518867034912109375e+02
1.585357208251953125e+02
1.554340667724609375e+02
1.578600311279296875e+02
1.532631988525390625e+02
1.550157012939453125e+02
1.525451965332031250e+02
1.571343994140625000e+02
1.593406982421875000e+02
1.639054107666015625e+02
1.514789733886718750e+02
1.465032043457031250e+02
1.461512756347656250e+02
1.532187805175781250e+02
1.621864776611328125e+02
1.707182922363281250e+02
1.518234252929687500e+02
1.464603118896484375e+02
1.467681427001953125e+02
1.593432617187500000e+02
1.588827514648437500e+02
1.680850524902343750e+02
1.470498046875000000e+02
1.398700714111328125e+02
1.406582336425781250e+02
1.382157592773437500e+02
1.390866394042968750e+02
1.403322906494140625e+02
1.464579925537109375e+02
1.680239868164062500e+02
1.667875671386718750e+02
1.584567260742187500e+02
1.462360076904296875e+02
1.436157684326171875e+02
1.460077362060546875e+02
1.601763916015625000e+02
1.637586212158203125e+02
1.588665008544921875e+02
1.502674713134765625e+02
1.497381744384765625e+02
1.500258483886718750e+02
1.644468994140625000e+02
1.600535583496093750e+02
1.639637908935546875e+02
1.497059631347656250e+02
1.508884277343750000e+02
1.550183105468750000e+02
1.632424316406250000e+02
1.567696228027343750e+02
1.593573608398437500e+02
1.515035247802734375e+02
1.603535919189453125e+02
1.579792175292968750e+02
1.635892944335937500e+02
1.525341339111328125e+02
1.518147888183593750e+02
1.532406463623046875e+02
1.617998962402343750e+02
1.566291198730468750e+02
1.582848510742187500e+02
1.516076507568359375e+02
1.539098663330078125e+02
1.506565704345703125e+02
1.606319427490234375e+02
1.593022308349609375e+02
1.630399475097656250e+02
1.531887207031250000e+02
1.538178710937500000e+02
1.541287536621093750e+02
1.644010314941406250e+02
1.556669311523437500e+02
1.522718811035156250e+02
1.506429290771484375e+02
1.558186340332031250e+02
1.587138366699218750e+02
1.666613464355468750e+02
1.536854858398437500e+02
1.504470062255859375e+02
1.524165344238281250e+02
1.588688507080078125e+02
1.600859375000000000e+02
1.633566894531250000e+02
1.504803771972656250e+02
1.506746826171875000e+02
1.555133666992187500e+02
1.712811584472656250e+02
1.562373046875000000e+02
1.534602355957031250e+02
1.503850402832031250e+02
1.604434204101562500e+02
1.632655639648437500e+02
1.622483673095703125e+02
1.477975158691406250e+02
1.454273681640625000e+02
1.499719848632812500e+02
1.591008605957031250e+02
1.633874359130859375e+02
1.634324645996093750e+02
1.518547668457031250e+02
1.535138854980468750e+02
1.569879608154296875e+02
1.676968536376953125e+02
1.542133483886718750e+02
1.492476806640625000e+02
1.475603179931640625e+02
1.641762542724609375e+02
1.616347351074218750e+02
1.579843444824218750e+02
1.502958374023437500e+02
1.546972961425781250e+02
1.545278472900390625e+02
1.684546356201171875e+02
1.530209655761718750e+02
1.496581115722656250e+02
1.507288513183593750e+02
1.569967041015625000e+02
1.636625061035156250e+02
1.726009826660156250e+02
1.493582305908203125e+02
1.435386352539062500e+02
1.451753845214843750e+02
1.594238891601562500e+02
1.676842346191406250e+02
1.704284667968750000e+02
1.479058227539062500e+02
1.419376220703125000e+02
1.428123474121093750e+02
1.457283020019531250e+02
1.573880920410156250e+02
1.773284301757812500e+02
1.501429443359375000e+02
1.415213012695312500e+02
1.427153167724609375e+02
1.500517578125000000e+02
1.665501708984375000e+02
1.819760131835937500e+02
1.442635650634765625e+02
1.389674224853515625e+02
1.498305664062500000e+02
1.772536010742187500e+02
1.884126586914062500e+02
1.400750122070312500e+02
1.637390747070312500e+02
2.196710510253906250e+02
1.382164001464843750e+02
2.566363830566406250e+02
1.417648773193359375e+02
1.792500152587890625e+02
2.105415191650390625e+02
1.440950622558593750e+02
1.424410095214843750e+02
1.949352111816406250e+02
1.829054870605468750e+02
1.361156768798828125e+02
1.902021179199218750e+02
2.110411682128906250e+02
1.457227172851562500e+02
2.826157226562500000e+02
1.457624816894531250e+02
3.239401855468750000e+02
2.664030151367187500e+02
2.680444946289062500e+02
2.445174255371093750e+02
2.885854187011718750e+02
3.035914306640625000e+02
1.660437927246093750e+02
1.832146301269531250e+02
2.650324096679687500e+02
2.120488891601562500e+02
3.057556457519531250e+02
2.585266113281250000e+02
2.981473999023437500e+02
3.288937072753906250e+02
1.455218200683593750e+02
3.058099365234375000e+02
1.459476928710937500e+02
3.225479736328125000e+02
2.685567626953125000e+02
2.560039672851562500e+02
2.337551574707031250e+02
2.930404663085937500e+02
3.044705810546875000e+02
1.662944641113281250e+02
1.891247558593750000e+02
2.551328125000000000e+02
2.062518920898437500e+02
2.928233032226562500e+02
2.293851623535156250e+02
3.272088012695312500e+02
3.668892211914062500e+02
1.563953857421875000e+02
4.172151489257812500e+02
3.710794982910156250e+02
1.991622619628906250e+02
2.770087890625000000e+02
1.453800354003906250e+02
2.269878234863281250e+02
1.864161987304687500e+02
1.578361663818359375e+02
2.593934326171875000e+02
1.460127258300781250e+02
2.491063842773437500e+02
1.551334838867187500e+02
3.175267333984375000e+02
2.060681762695312500e+02
3.781633911132812500e+02
4.402775268554687500e+02
2.060334167480468750e+02
4.865769653320312500e+02
5.944406127929687500e+02
3.217098999023437500e+02
4.178897705078125000e+02
6.168811645507812500e+02
4.809237060546875000e+02
1.515283813476562500e+02
4.215057373046875000e+02
3.383725585937500000e+02
2.522490539550781250e+02
3.241170959472656250e+02
1.493305053710937500e+02
3.672947998046875000e+02
2.748099670410156250e+02
3.102032165527343750e+02
3.778939208984375000e+02
1.688776245117187500e+02
4.464834594726562500e+02
4.737906494140625000e+02
1.558137207031250000e+02
4.834441223144531250e+02
5.894548950195312500e+02
3.763272399902343750e+02
2.972634277343750000e+02
4.178536987304687500e+02
1.773683013916015625e+02
4.601662902832031250e+02
5.717622070312500000e+02
3.640089111328125000e+02
2.997814331054687500e+02
4.131829833984375000e+02
1.705425109863281250e+02
4.354288940429687500e+02
5.183013916015625000e+02
2.929011230468750000e+02
3.937236328125000000e+02
5.209897460937500000e+02
2.741952209472656250e+02
4.335950012207031250e+02
6.133986816406250000e+02
4.636522827148437500e+02
1.596078186035156250e+02
4.120518188476562500e+02
3.064408264160156250e+02
2.909547729492187500e+02
3.730646362304687500e+02
1.813525390625000000e+02
4.209559326171875000e+02
4.457428894042968750e+02
1.497857360839843750e+02
3.929461364746093750e+02
4.030292968750000000e+02
1.595939331054687500e+02
4.613579711914062500e+02
4.865816040039062500e+02
1.693229064941406250e+02
5.034027099609375000e+02
6.467398681640625000e+02
4.676091308593750000e+02
1.721573791503906250e+02
3.588113403320312500e+02
1.890689392089843750e+02
4.027750854492187500e+02
4.816963806152343750e+02
2.637424011230468750e+02
4.137046508789062500e+02
5.298401489257812500e+02
2.743536987304687500e+02
4.361137695312500000e+02
6.189779052734375000e+02
4.783204650878906250e+02
1.520377044677734375e+02
4.890297546386718750e+02
4.746957702636718750e+02
1.483691864013671875e+02
4.226237182617187500e+02
4.582926025390625000e+02
2.148347015380859375e+02
4.749040527343750000e+02
5.935157470703125000e+02
3.472384948730468750e+02
3.592854003906250000e+02
5.434214477539062500e+02
4.100839233398437500e+02
1.825030212402343750e+02
3.201124267578125000e+02
1.493316040039062500e+02
2.942210998535156250e+02
2.248190765380859375e+02
2.784420776367187500e+02
2.359717407226562500e+02
2.874474182128906250e+02
3.205139160156250000e+02
1.595535583496093750e+02
3.473222045898437500e+02
2.233181152343750000e+02
3.618104248046875000e+02
4.413067016601562500e+02
2.344249877929687500e+02
4.250455322265625000e+02
5.233251953125000000e+02
2.612381591796875000e+02
4.408482055664062500e+02
6.276060791015625000e+02
4.889019165039062500e+02
1.501807861328125000e+02
4.955933227539062500e+02
5.164109497070312500e+02
1.935090637207031250e+02
5.190266113281250000e+02
7.070799560546875000e+02
5.717717895507812500e+02
1.797354278564453125e+02
6.107745361328125000e+02
8.087673339843750000e+02
6.297891235351562500e+02
1.564502105712890625e+02
5.601823120117187500e+02
7.407738037109375000e+02
5.883261108398437500e+02
1.868890075683593750e+02
6.273107910156250000e+02
8.518983154296875000e+02
6.998634033203125000e+02
2.240221252441406250e+02
6.408842163085937500e+02
9.697643432617187500e+02
9.453751220703125000e+02
6.003063964843750000e+02
1.759921264648437500e+02
5.193684082031250000e+02
4.950278320312500000e+02
1.599521636962890625e+02
4.574697265625000000e+02
5.466226196289062500e+02
3.361612548828125000e+02
3.186965026855468750e+02
4.368861694335937500e+02
2.018227386474609375e+02
4.377833862304687500e+02
5.720696411132812500e+02
3.996953735351562500e+02
2.161300659179687500e+02
3.351285095214843750e+02
1.590157012939453125e+02
2.751151733398437500e+02
2.105463256835937500e+02
2.740697631835937500e+02
2.206128234863281250e+02
2.911565856933593750e+02
3.141560363769531250e+02
1.532221984863281250e+02
3.106707763671875000e+02
1.745860595703125000e+02
3.441985168457031250e+02
3.694541015625000000e+02
1.574174499511718750e+02
4.132724609375000000e+02
3.979414062500000000e+02
1.598306274414062500e+02
2.951339416503906250e+02
1.949602355957031250e+02
3.307292785644531250e+02
3.107001342773437500e+02
2.133903198242187500e+02
2.598648071289062500e+02
1.548477172851562500e+02
1.950820617675781250e+02
2.136185150146484375e+02
1.803698272705078125e+02
2.489249877929687500e+02
1.574611206054687500e+02
2.881206665039062500e+02
2.388338928222656250e+02
2.490116271972656250e+02
2.159200744628906250e+02
2.874605407714843750e+02
3.022702026367187500e+02
1.547207031250000000e+02
2.439212646484375000e+02
1.724331359863281250e+02
1.800369567871093750e+02
2.092002563476562500e+02
1.441556243896484375e+02
1.791250305175781250e+02
1.641734924316406250e+02
1.448468933105468750e+02
1.457208404541015625e+02
1.592903594970703125e+02
1.774661865234375000e+02
1.421468963623046875e+02
1.604839630126953125e+02
1.933723754882812500e+02
1.435875549316406250e+02
2.099889526367187500e+02
1.771347351074218750e+02
1.512258911132812500e+02
2.256156616210937500e+02
1.468462371826171875e+02
1.645823059082031250e+02
2.024379882812500000e+02
1.478030395507812500e+02
1.521237335205078125e+02
1.934264526367187500e+02
1.585181121826171875e+02
1.406320037841796875e+02
1.754775543212890625e+02
1.859632568359375000e+02
1.411160278320312500e+02
1.691148681640625000e+02
1.955066070556640625e+02
1.410888824462890625e+02
2.041349792480468750e+02
1.773462371826171875e+02
1.458537902832031250e+02
2.273290405273437500e+02
1.463825225830078125e+02
1.637749481201171875e+02
2.087612915039062500e+02
1.462734832763671875e+02
1.578121032714843750e+02
2.005133972167968750e+02
1.494601440429687500e+02
1.455526428222656250e+02
1.830772094726562500e+02
1.801716308593750000e+02
1.380549926757812500e+02
1.779772033691406250e+02
1.895813903808593750e+02
1.417659606933593750e+02
2.131223144531250000e+02
1.712452239990234375e+02
1.441588745117187500e+02
2.161826019287109375e+02
1.559877014160156250e+02
1.451140747070312500e+02
1.947398376464843750e+02
1.702585754394531250e+02
1.417324676513671875e+02
1.800031127929687500e+02
1.926739807128906250e+02
1.432217407226562500e+02
2.274734802246093750e+02
1.530716247558593750e+02
1.517317199707031250e+02
2.085564880371093750e+02
1.541098175048828125e+02
1.445880737304687500e+02
1.914456787109375000e+02
1.699174346923828125e+02
1.398137512207031250e+02
1.646175231933593750e+02
1.927158355712890625e+02
1.396865539550781250e+02
1.888794860839843750e+02
1.948702239990234375e+02
1.465394287109375000e+02
2.422805175781250000e+02
1.399131774902343750e+02
2.017197570800781250e+02
1.656257476806640625e+02
1.391681213378906250e+02
1.497890930175781250e+02
1.782577972412109375e+02
1.665320434570312500e+02
1.402768859863281250e+02
1.496627960205078125e+02
1.748335723876953125e+02
1.512605133056640625e+02
1.414012451171875000e+02
1.438224639892578125e+02
1.557514648437500000e+02
1.748750915527343750e+02
1.482231750488281250e+02
1.395783386230468750e+02
1.395720520019531250e+02
1.501914367675781250e+02
1.700005798339843750e+02
1.557553100585937500e+02
1.463990631103515625e+02
1.429756164550781250e+02
1.425928649902343750e+02
1.413666076660156250e+02
1.468093566894531250e+02
1.522555999755859375e+02
1.650926055908203125e+02
1.543966522216796875e+02
1.484242095947265625e+02
1.428309631347656250e+02
1.439903411865234375e+02
1.498069763183593750e+02
1.591290283203125000e+02
1.556076354980468750e+02
1.531862792968750000e+02
1.497424011230468750e+02
1.482375183105468750e+02
1.524760437011718750e+02
1.547443847656250000e+02
1.548225097656250000e+02
1.538175048828125000e+02
1.508515319824218750e+02
1.539905700683593750e+02
1.546158447265625000e+02
1.563720703125000000e+02
1.513460388183593750e+02
1.540358886718750000e+02
1.528146362304687500e+02
1.546890411376953125e+02
1.526509552001953125e+02
1.523239440917968750e+02
1.549672241210937500e+02
1.594670715332031250e+02
1.518396606445312500e+02
1.471846008300781250e+02
1.478438110351562500e+02
1.510162200927734375e+02
1.564754028320312500e+02
1.615874938964843750e+02
1.512919464111328125e+02
1.476498718261718750e+02
1.484558410644531250e+02
1.510931701660156250e+02
1.558117828369140625e+02
1.625670471191406250e+02
1.540118865966796875e+02
1.494575500488281250e+02
1.475753479003906250e+02
1.495884552001953125e+02
1.571401977539062500e+02
1.668813934326171875e+02
1.486176452636718750e+02
1.442950134277343750e+02
1.456543121337890625e+02
1.534075927734375000e+02
1.648453063964843750e+02
1.613987731933593750e+02
1.459383392333984375e+02
1.414441986083984375e+02
1.405184783935546875e+02
1.386947479248046875e+02
1.471958007812500000e+02
1.620082397460937500e+02
1.634463500976562500e+02
1.551806335449218750e+02
1.456617279052734375e+02
1.451906127929687500e+02
1.502126464843750000e+02
1.605542297363281250e+02
1.594853515625000000e+02
1.587372589111328125e+02
1.508812408447265625e+02
1.489242248535156250e+02
1.522486114501953125e+02
1.609187622070312500e+02
1.535863189697265625e+02
1.534967346191406250e+02
1.507095336914062500e+02
1.550272827148437500e+02
1.535663757324218750e+02
1.579761047363281250e+02
1.547492065429687500e+02
1.546388702392578125e+02
1.561608886718750000e+02
1.624250183105468750e+02
1.540119018554687500e+02
1.533005981445312500e+02
1.519545898437500000e+02
1.578463134765625000e+02
1.559186401367187500e+02
1.551684417724609375e+02
1.525769958496093750e+02
1.566996459960937500e+02
1.578707885742187500e+02
1.619516296386718750e+02
1.537154083251953125e+02
1.466909790039062500e+02
1.489478912353515625e+02
1.514145507812500000e+02
1.543696441650390625e+02
1.673098754882812500e+02
1.563538818359375000e+02
1.515555419921875000e+02
1.542835388183593750e+02
1.592203979492187500e+02
1.585920410156250000e+02
1.554124298095703125e+02
1.513980712890625000e+02
1.521475067138671875e+02
1.531091918945312500e+02
1.660800170898437500e+02
1.576293182373046875e+02
1.534321441650390625e+02
1.508206481933593750e+02
1.587546081542968750e+02
1.566658630371093750e+02
1.559051513671875000e+02
1.530077514648437500e+02
1.564017333984375000e+02
1.576794281005859375e+02
1.620018920898437500e+02
1.530649414062500000e+02
1.495536804199218750e+02
1.481764221191406250e+02
1.511584777832031250e+02
1.577885131835937500e+02
1.670248413085937500e+02
1.529287414550781250e+02
1.490768585205078125e+02
1.482451171875000000e+02
1.518309936523437500e+02
1.565869445800781250e+02
1.632317810058593750e+02
1.516588439941406250e+02
1.526993103027343750e+02
1.553593139648437500e+02
1.671788024902343750e+02
1.531411437988281250e+02
1.472669067382812500e+02
1.457009124755859375e+02
1.523493194580078125e+02
1.605692138671875000e+02
1.689313049316406250e+02
1.508397216796875000e+02
1.449757232666015625e+02
1.469350585937500000e+02
1.529812622070312500e+02
1.624027099609375000e+02
1.705528259277343750e+02
1.481867675781250000e+02
1.407112121582031250e+02
1.379579772949218750e+02
1.469669494628906250e+02
1.669526367187500000e+02
1.637702026367187500e+02
1.604874877929687500e+02
1.515182647705078125e+02
1.523539886474609375e+02
1.553530883789062500e+02
1.636311645507812500e+02
1.519586791992187500e+02
1.508483581542968750e+02
1.533941650390625000e+02
1.621451110839843750e+02
1.581882324218750000e+02
1.575556335449218750e+02
1.525983886718750000e+02
1.518190917968750000e+02
1.525198059082031250e+02
1.593326721191406250e+02
1.545231628417968750e+02
1.577613983154296875e+02
1.564587707519531250e+02
1.574282531738281250e+02
1.570951690673828125e+02
1.606940460205078125e+02
1.558268127441406250e+02
1.550070800781250000e+02
1.553020477294921875e+02
1.609048767089843750e+02
1.537817687988281250e+02
1.525757141113281250e+02
1.531694030761718750e+02
1.603823547363281250e+02
1.582286071777343750e+02
1.566026916503906250e+02
1.543290710449218750e+02
1.546261291503906250e+02
1.586528930664062500e+02
1.662378540039062500e+02
1.546307067871093750e+02
1.521135864257812500e+02
1.505335235595703125e+02
1.569803771972656250e+02
1.613343505859375000e+02
1.682571563720703125e+02
1.537792968750000000e+02
1.514860687255859375e+02
1.509175567626953125e+02
1.627316589355468750e+02
1.593165283203125000e+02
1.592479248046875000e+02
1.522225646972656250e+02
1.521076965332031250e+02
1.574761505126953125e+02
1.653509979248046875e+02
1.572716979980468750e+02
1.502231445312500000e+02
1.504184570312500000e+02
1.554244232177734375e+02
1.596558837890625000e+02
1.652550354003906250e+02
1.552476806640625000e+02
1.521389770507812500e+02
1.556707916259765625e+02
1.641380615234375000e+02
1.612688140869140625e+02
1.594008789062500000e+02
1.511477813720703125e+02
1.533703918457031250e+02
1.596953430175781250e+02
1.696037292480468750e+02
1.533525238037109375e+02
1.476083374023437500e+02
1.485223846435546875e+02
1.558004608154296875e+02
1.618682556152343750e+02
1.666180114746093750e+02
1.550851440429687500e+02
1.511677856445312500e+02
1.555822296142578125e+02
1.735095672607421875e+02
1.575052795410156250e+02
1.533578491210937500e+02
1.514065551757812500e+02
1.595998687744140625e+02
1.563013305664062500e+02
1.638501892089843750e+02
1.531653137207031250e+02
1.529309692382812500e+02
1.557406311035156250e+02
1.662804870605468750e+02
1.541747894287109375e+02
1.513567962646484375e+02
1.490962066650390625e+02
1.559557647705078125e+02
1.648090515136718750e+02
1.733796997070312500e+02
1.486281890869140625e+02
1.420556640625000000e+02
1.388875427246093750e+02
1.401080169677734375e+02
1.425654449462890625e+02
1.491651611328125000e+02
1.727478332519531250e+02
1.687281188964843750e+02
1.632134399414062500e+02
1.462997131347656250e+02
1.445765228271484375e+02
1.441050567626953125e+02
1.519974365234375000e+02
1.660387573242187500e+02
1.790711669921875000e+02
1.501179504394531250e+02
1.398623962402343750e+02
1.401330566406250000e+02
1.397460327148437500e+02
1.395187072753906250e+02
1.413405609130859375e+02
1.492503051757812500e+02
1.747099304199218750e+02
1.822001953125000000e+02
1.438597106933593750e+02
1.438232727050781250e+02
1.726244201660156250e+02
1.692004394531250000e+02
1.582711181640625000e+02
1.483690185546875000e+02
1.439334106445312500e+02
1.474387512207031250e+02
1.659924774169921875e+02
1.701988525390625000e+02
1.680863494873046875e+02
1.496782073974609375e+02
1.457211761474609375e+02
1.463601989746093750e+02
1.582041015625000000e+02
1.689361572265625000e+02
1.724937591552734375e+02
1.477291870117187500e+02
1.432352905273437500e+02
1.405377197265625000e+02
1.432510986328125000e+02
1.571288909912109375e+02
1.850295410156250000e+02
1.528088989257812500e+02
1.430388336181640625e+02
1.433150634765625000e+02
1.465765380859375000e+02
1.623190612792968750e+02
1.880711975097656250e+02
1.464562225341796875e+02
1.391323852539062500e+02
1.452913818359375000e+02
1.697672424316406250e+02
1.903620605468750000e+02
1.422555541992187500e+02
1.436130065917968750e+02
1.743358459472656250e+02
1.769364929199218750e+02
1.637377014160156250e+02
1.460906219482421875e+02
1.406333465576171875e+02
1.413462524414062500e+02
1.581029357910156250e+02
1.796619873046875000e+02
1.811946258544921875e+02
1.417149963378906250e+02
1.469071807861328125e+02
1.928016662597656250e+02
1.551204223632812500e+02
1.412522430419921875e+02
1.415621337890625000e+02
1.449075622558593750e+02
1.706120758056640625e+02
1.752693176269531250e+02
1.635276184082031250e+02
1.500400085449218750e+02
1.498681488037109375e+02
1.550870666503906250e+02
1.728525543212890625e+02
1.572113037109375000e+02
1.518659057617187500e+02
1.509517364501953125e+02
1.652400512695312500e+02
1.677542724609375000e+02
1.636255950927734375e+02
1.500356750488281250e+02
1.515525207519531250e+02
1.585881652832031250e+02
1.762422180175781250e+02
1.542191467285156250e+02
1.495031280517578125e+02
1.495682830810546875e+02
1.575005798339843750e+02
1.676603088378906250e+02
1.769965209960937500e+02
1.509757080078125000e+02
1.440601043701171875e+02
1.429879150390625000e+02
1.545300598144531250e+02
1.758063507080078125e+02
1.801814270019531250e+02
1.478167114257812500e+02
1.386489410400390625e+02
1.385645904541015625e+02
1.518176727294921875e+02
1.864995422363281250e+02
1.582536621093750000e+02
1.477993774414062500e+02
1.480057373046875000e+02
1.612059020996093750e+02
1.700177001953125000e+02
1.747922668457031250e+02
1.501187896728515625e+02
1.456179199218750000e+02
1.438418121337890625e+02
1.507801055908203125e+02
1.687222290039062500e+02
1.855202026367187500e+02
1.465230712890625000e+02
1.388607025146484375e+02
1.450623931884765625e+02
1.730522460937500000e+02
1.992955627441406250e+02
1.410819854736328125e+02
1.741376190185546875e+02
2.265284118652343750e+02
1.467292175292968750e+02
3.043683471679687500e+02
1.757232666015625000e+02
3.923366699218750000e+02
4.277645263671875000e+02
1.688742218017578125e+02
5.246021728515625000e+02
6.132195434570312500e+02
3.201864929199218750e+02
4.466074829101562500e+02
6.593441162109375000e+02
5.246868896484375000e+02
1.417173919677734375e+02
5.581464843750000000e+02
6.242073974609375000e+02
3.117884521484375000e+02
4.658645629882812500e+02
6.923100585937500000e+02
5.684709472656250000e+02
1.704885253906250000e+02
6.545789794921875000e+02
8.558720703125000000e+02
6.653189086914062500e+02
1.499644165039062500e+02
6.329191284179687500e+02
8.535906982421875000e+02
7.153028564453125000e+02
2.767246093750000000e+02
6.244514770507812500e+02
9.292155761718750000e+02
8.314139404296875000e+02
3.741452636718750000e+02
5.240067138671875000e+02
8.648218994140625000e+02
8.349704589843750000e+02
4.803303833007812500e+02
3.200932312011718750e+02
5.632891845703125000e+02
4.212160949707031250e+02
2.345608825683593750e+02
3.731022949218750000e+02
2.286049652099609375e+02
3.681981811523437500e+02
3.950031738281250000e+02
1.554026794433593750e+02
2.981911010742187500e+02
1.939978637695312500e+02
3.383991088867187500e+02
2.974009399414062500e+02
2.559272918701171875e+02
2.989847106933593750e+02
1.580722656250000000e+02
2.694705810546875000e+02
1.574057617187500000e+02
2.001329040527343750e+02
1.762648010253906250e+02
1.481040802001953125e+02
1.532200927734375000e+02
1.780028686523437500e+02
1.784087524414062500e+02
1.443237457275390625e+02
1.800606231689453125e+02
2.121574401855468750e+02
1.519360351562500000e+02
2.678229980468750000e+02
1.423635711669921875e+02
2.721167297363281250e+02
1.746639709472656250e+02
3.584550781250000000e+02
3.207775573730468750e+02
2.338801879882812500e+02
2.777410888671875000e+02
1.651831817626953125e+02
1.764398498535156250e+02
2.554129028320312500e+02
1.865660400390625000e+02
3.302906799316406250e+02
2.773770141601562500e+02
2.804843750000000000e+02
3.219194946289062500e+02
1.572009887695312500e+02
2.961621093750000000e+02
1.470124969482421875e+02
2.825420227050781250e+02
1.919848327636718750e+02
3.493598022460937500e+02
3.256060485839843750e+02
2.178145446777343750e+02
2.734548339843750000e+02
1.678457641601562500e+02
2.159840698242187500e+02
2.061698913574218750e+02
1.604801940917968750e+02
2.798530273437500000e+02
1.673904876708984375e+02
3.151540527343750000e+02
2.847767639160156250e+02
2.207914123535156250e+02
2.089718017578125000e+02
2.713699340820312500e+02
2.521527709960937500e+02
2.290971069335937500e+02
1.824672241210937500e+02
3.019645690917968750e+02
2.781276855468750000e+02
2.135000152587890625e+02
1.868901519775390625e+02
2.893524169921875000e+02
2.655665283203125000e+02
2.303282318115234375e+02
1.941407775878906250e+02
3.006933593750000000e+02
2.930618591308593750e+02
1.844209899902343750e+02
1.819452209472656250e+02
2.622301635742187500e+02
2.171423034667968750e+02
2.697916870117187500e+02
2.074274291992187500e+02
3.265507507324218750e+02
3.499783325195312500e+02
1.512127075195312500e+02
3.842968444824218750e+02
2.992237548828125000e+02
2.834064331054687500e+02
3.494184265136718750e+02
1.574609375000000000e+02
4.206093444824218750e+02
4.106593017578125000e+02
1.537441406250000000e+02
2.947760925292968750e+02
1.843554687500000000e+02
3.529717102050781250e+02
3.252017211914062500e+02
2.191193389892578125e+02
2.679460449218750000e+02
1.600932159423828125e+02
1.912087097167968750e+02
2.352438354492187500e+02
1.929693908691406250e+02
2.732979125976562500e+02
1.878666076660156250e+02
3.367598876953125000e+02
3.573533935546875000e+02
1.449024963378906250e+02
3.899729309082031250e+02
3.149910888671875000e+02
2.589202880859375000e+02
3.240632019042968750e+02
1.453437805175781250e+02
3.619243774414062500e+02
2.795643615722656250e+02
2.962473754882812500e+02
3.592967224121093750e+02
1.569391326904296875e+02
4.293993530273437500e+02
4.336789855957031250e+02
1.441162109375000000e+02
3.566900939941406250e+02
3.151770935058593750e+02
1.945513763427734375e+02
2.054899597167968750e+02
2.585653686523437500e+02
2.388336181640625000e+02
2.470495300292968750e+02
1.948969573974609375e+02
3.127370300292968750e+02
3.223359375000000000e+02
1.582250823974609375e+02
2.559916687011718750e+02
1.717293090820312500e+02
1.846137542724609375e+02
2.075416412353515625e+02
1.454656524658203125e+02
1.766498413085937500e+02
1.820994873046875000e+02
1.523727416992187500e+02
1.431796112060546875e+02
1.576767272949218750e+02
1.885420532226562500e+02
1.425760955810546875e+02
1.860346527099609375e+02
2.089551696777343750e+02
1.498154602050781250e+02
2.746077270507812500e+02
1.524002532958984375e+02
3.198712158203125000e+02
2.823354492187500000e+02
2.225541381835937500e+02
2.072535705566406250e+02
2.882624511718750000e+02
2.819612731933593750e+02
1.915534515380859375e+02
1.804720611572265625e+02
2.675844421386718750e+02
2.229610595703125000e+02
2.746630249023437500e+02
2.319997711181640625e+02
2.998698120117187500e+02
3.268367004394531250e+02
1.472725067138671875e+02
3.142742309570312500e+02
1.689321899414062500e+02
3.693620605468750000e+02
3.906320800781250000e+02
1.560071868896484375e+02
4.689859619140625000e+02
5.103713378906250000e+02
2.040626831054687500e+02
5.168260498046875000e+02
7.072413940429687500e+02
5.707047119140625000e+02
1.758724212646484375e+02
6.366392822265625000e+02
8.569935302734375000e+02
7.008900146484375000e+02
2.139315795898437500e+02
6.660917968750000000e+02
1.004871459960937500e+03
9.837789306640625000e+02
6.432174072265625000e+02
1.534626770019531250e+02
5.922052001953125000e+02
6.691528320312500000e+02
3.888954162597656250e+02
3.500067749023437500e+02
5.581369628906250000e+02
4.522030639648437500e+02
1.507848205566406250e+02
4.387360839843750000e+02
4.025385437011718750e+02
1.656540374755859375e+02
2.896672363281250000e+02
1.766239929199218750e+02
3.470604248046875000e+02
3.072849731445312500e+02
2.327127380371093750e+02
2.786613769531250000e+02
1.546472167968750000e+02
2.511569213867187500e+02
1.634721679687500000e+02
1.846448974609375000e+02
1.841929779052734375e+02
1.500149383544921875e+02
1.559514923095703125e+02
1.732740783691406250e+02
1.678971252441406250e+02
1.436167144775390625e+02
1.559955444335937500e+02
1.891372222900390625e+02
1.434949188232421875e+02
1.772415466308593750e+02
2.010915527343750000e+02
1.487308502197265625e+02
2.455383605957031250e+02
1.427705688476562500e+02
1.966633605957031250e+02
1.731800537109375000e+02
1.434654083251953125e+02
1.540713195800781250e+02
1.849782257080078125e+02
1.722956237792968750e+02
1.414997863769531250e+02
1.580751495361328125e+02
1.884237365722656250e+02
1.450554809570312500e+02
1.522046203613281250e+02
1.915086669921875000e+02
1.469789886474609375e+02
1.472159576416015625e+02
1.807905426025390625e+02
1.615248718261718750e+02
1.440453186035156250e+02
1.414580841064453125e+02
1.480735321044921875e+02
1.701165161132812500e+02
1.581554107666015625e+02
1.507128906250000000e+02
1.477507324218750000e+02
1.480947265625000000e+02
1.533627319335937500e+02
1.582817077636718750e+02
1.559596710205078125e+02
1.570150756835937500e+02
1.510429687500000000e+02
1.517415161132812500e+02
1.533638305664062500e+02
1.573590698242187500e+02
1.520845031738281250e+02
1.528881988525390625e+02
1.505509033203125000e+02
1.527132873535156250e+02
1.534503173828125000e+02
1.600639648437500000e+02
1.531595458984375000e+02
1.570137634277343750e+02
1.546167907714843750e+02
1.536408996582031250e+02
1.519200744628906250e+02
1.509888916015625000e+02
1.526600952148437500e+02
1.614458465576171875e+02
1.568272705078125000e+02
1.530087127685546875e+02
1.532609252929687500e+02
1.521549530029296875e+02
1.555059814453125000e+02
1.635237274169921875e+02
1.569261169433593750e+02
1.548346862792968750e+02
1.482577514648437500e+02
1.541882934570312500e+02
1.551008605957031250e+02
1.630443267822265625e+02
1.587858123779296875e+02
1.520975189208984375e+02
1.519255218505859375e+02
1.536229858398437500e+02
1.577781066894531250e+02
1.606617279052734375e+02
1.517641143798828125e+02
1.501443939208984375e+02
1.501888275146484375e+02
1.546209411621093750e+02
1.586993103027343750e+02
1.657583160400390625e+02
1.556997680664062500e+02
1.467030639648437500e+02
1.479183959960937500e+02
1.522260437011718750e+02
1.592731628417968750e+02
1.661765136718750000e+02
1.545168762207031250e+02
1.473141784667968750e+02
1.467180175781250000e+02
1.474176025390625000e+02
1.588054962158203125e+02
1.678608703613281250e+02
1.551209106445312500e+02
1.515872650146484375e+02
1.523351287841796875e+02
1.564018859863281250e+02
1.610746307373046875e+02
1.624637756347656250e+02
1.509075164794921875e+02
1.488509521484375000e+02
1.515636291503906250e+02
1.655051574707031250e+02
1.609795227050781250e+02
1.597053070068359375e+02
1.523847656250000000e+02
1.529569702148437500e+02
1.535326538085937500e+02
1.577108459472656250e+02
1.582680053710937500e+02
1.641317443847656250e+02
1.559607543945312500e+02
1.511148376464843750e+02
1.502159271240234375e+02
1.560587158203125000e+02
1.624820556640625000e+02
1.672427368164062500e+02
1.552598571777343750e+02
1.504993591308593750e+02
1.473045196533203125e+02
1.521824340820312500e+02
1.608946533203125000e+02
1.724712066650390625e+02
1.533877563476562500e+02
1.450184020996093750e+02
1.458142395019531250e+02
1.462917175292968750e+02
1.541937408447265625e+02
1.702164306640625000e+02
1.562455139160156250e+02
1.520084991455078125e+02
1.481449432373046875e+02
1.570357055664062500e+02
1.629676513671875000e+02
1.670536956787109375e+02
1.514799499511718750e+02
1.462708740234375000e+02
1.439445800781250000e+02
1.486692810058593750e+02
1.636337280273437500e+02
1.759759826660156250e+02
1.481031036376953125e+02
1.426888580322265625e+02
1.408965454101562500e+02
1.436738281250000000e+02
1.586574707031250000e+02
1.733023376464843750e+02
1.703204498291015625e+02
1.437427062988281250e+02
1.403120269775390625e+02
1.438970947265625000e+02
1.627665863037109375e+02
1.885637207031250000e+02
1.455173034667968750e+02
1.429918212890625000e+02
1.735796508789062500e+02
1.701315002441406250e+02
1.586122131347656250e+02
1.491942138671875000e+02
1.468989105224609375e+02
1.492790527343750000e+02
1.584083862304687500e+02
1.697260131835937500e+02
1.679368591308593750e+02
1.481326751708984375e+02
1.433687133789062500e+02
1.415592803955078125e+02
1.422792968750000000e+02
1.540280151367187500e+02
1.746391296386718750e+02
1.781407165527343750e+02
1.456460571289062500e+02
1.437010803222656250e+02
1.695278625488281250e+02
1.750681152343750000e+02
1.642651977539062500e+02
1.455003509521484375e+02
1.394202117919921875e+02
1.437448425292968750e+02
1.635139923095703125e+02
1.868926086425781250e+02
1.456811370849609375e+02
1.429935150146484375e+02
1.626434020996093750e+02
1.800458374023437500e+02
1.665547943115234375e+02
1.448119506835937500e+02
1.463742218017578125e+02
1.691492004394531250e+02
1.800339965820312500e+02
1.668838348388671875e+02
1.458218994140625000e+02
1.422353363037109375e+02
1.682381286621093750e+02
1.804259033203125000e+02
1.688007507324218750e+02
1.463509826660156250e+02
1.403720703125000000e+02
1.470045318603515625e+02
1.728536529541015625e+02
1.931483154296875000e+02
1.436566314697265625e+02
1.729049682617187500e+02
2.121443481445312500e+02
1.415026702880859375e+02
2.475391845703125000e+02
1.473381042480468750e+02
1.639072723388671875e+02
2.205232391357421875e+02
1.444158935546875000e+02
1.580307312011718750e+02
2.181167297363281250e+02
1.518180236816406250e+02
1.461013793945312500e+02
1.898783264160156250e+02
1.901432189941406250e+02
1.395449981689453125e+02
1.803946075439453125e+02
2.105864562988281250e+02
1.451909790039062500e+02
2.622294311523437500e+02
1.400649719238281250e+02
2.344394836425781250e+02
1.416804656982421875e+02
1.878715820312500000e+02
2.168801879882812500e+02
1.513487243652343750e+02
2.977480773925781250e+02
1.770100097656250000e+02
3.790380554199218750e+02
4.110999145507812500e+02
1.640690002441406250e+02
4.996012573242187500e+02
5.702661132812500000e+02
2.737457885742187500e+02
4.829589233398437500e+02
6.918989868164062500e+02
5.648313598632812500e+02
1.687203063964843750e+02
6.526629028320312500e+02
8.662246093750000000e+02
6.913999633789062500e+02
1.877347412109375000e+02
6.871367797851562500e+02
1.011689941406250000e+03
9.685889282226562500e+02
5.974331054687500000e+02
2.126078186035156250e+02
4.952104492187500000e+02
3.989284057617187500e+02
2.105828857421875000e+02
3.152868652343750000e+02
1.614542846679687500e+02
3.809461669921875000e+02
3.396779174804687500e+02
2.196380310058593750e+02
2.771952209472656250e+02
1.531068115234375000e+02
2.173473358154296875e+02
2.048824615478515625e+02
1.759719848632812500e+02
2.578717651367187500e+02
1.540256347656250000e+02
2.894600219726562500e+02
2.328353118896484375e+02
2.875234375000000000e+02
2.584356079101562500e+02
2.723266296386718750e+02
2.977162780761718750e+02
1.606072692871093750e+02
2.108532409667968750e+02
2.219213562011718750e+02
1.884794616699218750e+02
2.714012145996093750e+02
1.831227416992187500e+02
3.370502014160156250e+02
3.547019653320312500e+02
1.475126037597656250e+02
3.581057434082031250e+02
2.478454437255859375e+02
3.423935241699218750e+02
4.190412292480468750e+02
2.086605072021484375e+02
4.534426879882812500e+02
5.435683593750000000e+02
2.740681762695312500e+02
4.494910888671875000e+02
6.417830810546875000e+02
5.126799316406250000e+02
1.551798400878906250e+02
5.485429077148437500e+02
6.345427856445312500e+02
3.580765380859375000e+02
3.780221557617187500e+02
5.819580078125000000e+02
4.644977416992187500e+02
1.523248901367187500e+02
4.393727416992187500e+02
3.967345275878906250e+02
1.726390686035156250e+02
2.829148559570312500e+02
1.556164703369140625e+02
3.388709411621093750e+02
2.464070587158203125e+02
3.235652770996093750e+02
3.897355041503906250e+02
1.820370941162109375e+02
4.432966003417968750e+02
4.939684448242187500e+02
1.977521972656250000e+02
5.124287109375000000e+02
6.929343261718750000e+02
5.504108276367187500e+02
1.655522613525390625e+02
6.158043212890625000e+02
7.971300048828125000e+02
6.034854125976562500e+02
1.478380584716796875e+02
4.996015930175781250e+02
5.901761474609375000e+02
3.699214477539062500e+02
2.998389282226562500e+02
4.293803100585937500e+02
2.117916870117187500e+02
4.392591552734375000e+02
5.738273925781250000e+02
3.990062561035156250e+02
2.238043823242187500e+02
3.313660888671875000e+02
1.529288940429687500e+02
2.610534667968750000e+02
1.696626281738281250e+02
3.120407714843750000e+02
2.324310302734375000e+02
3.166664428710937500e+02
3.624955749511718750e+02
1.620152435302734375e+02
4.216914062500000000e+02
4.228546752929687500e+02
1.484063262939453125e+02
3.574585876464843750e+02
3.228106384277343750e+02
1.774163360595703125e+02
2.213567810058593750e+02
2.259222717285156250e+02
2.078782653808593750e+02
2.330395812988281250e+02
1.620696716308593750e+02
2.755388793945312500e+02
2.203735351562500000e+02
2.742168884277343750e+02
2.337702941894531250e+02
2.862698974609375000e+02
3.099896240234375000e+02
1.544354553222656250e+02
2.686976318359375000e+02
1.475795288085937500e+02
2.001559143066406250e+02
1.579773559570312500e+02
1.442646331787109375e+02
1.609287109375000000e+02
1.612425079345703125e+02
1.601599121093750000e+02
1.464789886474609375e+02
1.438439788818359375e+02
1.484277648925781250e+02
1.593510131835937500e+02
1.706180419921875000e+02
1.481777191162109375e+02
1.435601501464843750e+02
1.444419860839843750e+02
1.525159454345703125e+02
1.656405944824218750e+02
1.619464416503906250e+02
1.553284912109375000e+02
1.480584869384765625e+02
1.449793243408203125e+02
1.462290039062500000e+02
1.562272338867187500e+02
1.617738952636718750e+02
1.667453765869140625e+02
1.522317810058593750e+02
1.491092071533203125e+02
1.454860839843750000e+02
1.510478057861328125e+02
1.569599151611328125e+02
1.622621765136718750e+02
1.517940063476562500e+02
1.494803161621093750e+02
1.497392120361328125e+02
1.591607513427734375e+02
1.622545471191406250e+02
1.611269531250000000e+02
1.507086181640625000e+02
1.446053619384765625e+02
1.447158966064453125e+02
1.503674163818359375e+02
1.552171630859375000e+02
1.682123718261718750e+02
1.562624511718750000e+02
1.516511535644531250e+02
1.509799957275390625e+02
1.572994689941406250e+02
1.617728576660156250e+02
1.644730834960937500e+02
1.492247161865234375e+02
1.424645690917968750e+02
1.444432678222656250e+02
1.477071075439453125e+02
1.567253723144531250e+02
1.731908874511718750e+02
1.520390472412109375e+02
1.451022796630859375e+02
1.448067626953125000e+02
1.439394836425781250e+02
1.495108032226562500e+02
1.620449218750000000e+02
1.684439086914062500e+02
1.651364135742187500e+02
1.506338806152343750e+02
1.491020812988281250e+02
1.479648284912109375e+02
1.587349548339843750e+02
1.608523101806640625e+02
1.605344543457031250e+02
1.510796508789062500e+02
1.531109313964843750e+02
1.528797912597656250e+02
1.614631500244140625e+02
1.601686553955078125e+02
1.574432220458984375e+02
1.530744476318359375e+02
1.504084625244140625e+02
1.556860046386718750e+02
1.651443786621093750e+02
1.606357116699218750e+02
1.575309753417968750e+02
1.509679260253906250e+02
1.530461120605468750e+02
1.561187133789062500e+02
1.632587890625000000e+02
1.587281799316406250e+02
1.542775878906250000e+02
1.549531250000000000e+02
1.600079803466796875e+02
1.568635864257812500e+02
1.602104797363281250e+02
1.532121429443359375e+02
1.511148071289062500e+02
1.534868469238281250e+02
1.594023437500000000e+02
1.627873840332031250e+02
1.645934753417968750e+02
1.505776977539062500e+02
1.471811523437500000e+02
1.498578948974609375e+02
1.633612518310546875e+02
1.624851837158203125e+02
1.637349090576171875e+02
1.531217346191406250e+02
1.448591613769531250e+02
1.434288482666015625e+02
1.506524047851562500e+02
1.649206848144531250e+02
1.757857666015625000e+02
1.492634429931640625e+02
1.404813079833984375e+02
1.422109680175781250e+02
1.493330535888671875e+02
1.707465515136718750e+02
1.669662780761718750e+02
1.602684936523437500e+02
1.495296783447265625e+02
1.465877380371093750e+02
1.547903442382812500e+02
1.740360107421875000e+02
1.571799011230468750e+02
1.496418304443359375e+02
1.471716003417968750e+02
1.491108703613281250e+02
1.567833251953125000e+02
1.695684814453125000e+02
1.613307647705078125e+02
1.585082855224609375e+02
1.534466400146484375e+02
1.581102142333984375e+02
1.593143463134765625e+02
1.618046722412109375e+02
1.545865478515625000e+02
1.527885437011718750e+02
1.533235778808593750e+02
1.636728515625000000e+02
1.599441223144531250e+02
1.644801025390625000e+02
1.542242279052734375e+02
1.549164733886718750e+02
1.567737121582031250e+02
1.664875793457031250e+02
1.554786224365234375e+02
1.571263122558593750e+02
1.564285888671875000e+02
1.668304595947265625e+02
1.573274841308593750e+02
1.557803955078125000e+02
1.542981262207031250e+02
1.620027313232421875e+02
1.569877624511718750e+02
1.585584411621093750e+02
1.555760498046875000e+02
1.585683288574218750e+02
1.563529968261718750e+02
1.562350006103515625e+02
1.556634826660156250e+02
1.603461914062500000e+02
1.601514282226562500e+02
1.638717041015625000e+02
1.560306701660156250e+02
1.592919311523437500e+02
1.613309631347656250e+02
1.619471435546875000e+02
1.541492767333984375e+02
1.543971405029296875e+02
1.563880920410156250e+02
1.632348937988281250e+02
1.600149230957031250e+02
1.629869689941406250e+02
1.531059722900390625e+02
1.520326080322265625e+02
1.532120361328125000e+02
1.604098052978515625e+02
1.627487487792968750e+02
1.633885955810546875e+02
1.527116241455078125e+02
1.517786560058593750e+02
1.522192077636718750e+02
1.619215545654296875e+02
1.624366149902343750e+02
1.673860168457031250e+02
1.542573547363281250e+02
1.518924865722656250e+02
1.496825408935546875e+02
1.601532592773437500e+02
1.683315124511718750e+02
1.727200469970703125e+02
1.510740509033203125e+02
1.443103027343750000e+02
1.440622558593750000e+02
1.440703582763671875e+02
1.520720214843750000e+02
1.800558471679687500e+02
1.591007995605468750e+02
1.502215881347656250e+02
1.520527954101562500e+02
1.624331359863281250e+02
1.642443237304687500e+02
1.648673858642578125e+02
1.580983886718750000e+02
1.539872894287109375e+02
1.571710662841796875e+02
1.643432922363281250e+02
1.590412597656250000e+02
1.579249877929687500e+02
1.548853607177734375e+02
1.623072204589843750e+02
1.621971740722656250e+02
1.667372894287109375e+02
1.564914245605468750e+02
1.561529235839843750e+02
1.537780914306640625e+02
1.600716705322265625e+02
1.623862915039062500e+02
1.697682495117187500e+02
1.538977966308593750e+02
1.539042358398437500e+02
1.568348083496093750e+02
1.690011444091796875e+02
1.624356994628906250e+02
1.555306396484375000e+02
1.515644226074218750e+02
1.561328430175781250e+02
1.616983795166015625e+02
1.665437316894531250e+02
1.539625396728515625e+02
1.525224151611328125e+02
1.530822143554687500e+02
1.652976684570312500e+02
1.632861633300781250e+02
1.646706237792968750e+02
1.529846801757812500e+02
1.499575195312500000e+02
1.509277954101562500e+02
1.595202331542968750e+02
1.669495849609375000e+02
1.698815307617187500e+02
1.505600280761718750e+02
1.447829589843750000e+02
1.448893127441406250e+02
1.531093139648437500e+02
1.674217834472656250e+02
1.822995452880859375e+02
1.471064758300781250e+02
1.417425079345703125e+02
1.560003662109375000e+02
1.836608886718750000e+02
1.775262756347656250e+02
1.410332031250000000e+02
1.534828186035156250e+02
1.950157623291015625e+02
1.506080627441406250e+02
1.387963562011718750e+02
1.516166381835937500e+02
1.777758026123046875e+02
1.894003753662109375e+02
1.412798156738281250e+02
1.640827331542968750e+02
2.141152191162109375e+02
1.423590240478515625e+02
2.368717346191406250e+02
1.620877380371093750e+02
1.469222412109375000e+02
2.289218444824218750e+02
1.550692443847656250e+02
1.450503234863281250e+02
1.988170471191406250e+02
1.843282928466796875e+02
1.414125366210937500e+02
1.940892028808593750e+02
2.076656951904296875e+02
1.480121459960937500e+02
2.715272216796875000e+02
1.425666656494140625e+02
2.871592407226562500e+02
1.995127563476562500e+02
3.583736572265625000e+02
3.500786743164062500e+02
1.900290222167968750e+02
2.298950958251953125e+02
2.082811889648437500e+02
1.445026550292968750e+02
2.399510650634765625e+02
1.465560150146484375e+02
3.023129577636718750e+02
1.696611938476562500e+02
3.787131347656250000e+02
4.046062316894531250e+02
1.552109375000000000e+02
4.883541870117187500e+02
5.320705566406250000e+02
2.155160522460937500e+02
5.394091186523437500e+02
7.512209472656250000e+02
6.241692504882812500e+02
2.081652984619140625e+02
6.651151123046875000e+02
9.384277343750000000e+02
8.204851684570312500e+02
3.543088989257812500e+02
5.478416748046875000e+02
8.946940917968750000e+02
8.788985595703125000e+02
5.421593017578125000e+02
2.408892822265625000e+02
4.896112060546875000e+02
3.659273986816406250e+02
2.592447204589843750e+02
3.661406250000000000e+02
1.983891906738281250e+02
4.152745666503906250e+02
4.449499511718750000e+02
1.528809204101562500e+02
4.195667724609375000e+02
4.571828002929687500e+02
2.081493530273437500e+02
4.800575561523437500e+02
5.904090576171875000e+02
3.320681762695312500e+02
3.918259582519531250e+02
5.807474365234375000e+02
4.470612792968750000e+02
1.673273315429687500e+02
3.822677001953125000e+02
2.535992126464843750e+02
3.535859375000000000e+02
4.425548095703125000e+02
2.413871459960937500e+02
4.182019042968750000e+02
5.141553344726562500e+02
2.517357940673828125e+02
4.581747436523437500e+02
6.412509155273437500e+02
4.973889770507812500e+02
1.613491516113281250e+02
5.067645568847656250e+02
5.331511230468750000e+02
2.124245910644531250e+02
5.218284912109375000e+02
7.241069335937500000e+02
6.005952148437500000e+02
2.100661926269531250e+02
6.168585815429687500e+02
8.557124633789062500e+02
7.168929443359375000e+02
2.484904174804687500e+02
6.224033203125000000e+02
9.486036376953125000e+02
9.209445800781250000e+02
5.790277099609375000e+02
2.003909301757812500e+02
5.005466918945312500e+02
4.359966735839843750e+02
1.707732849121093750e+02
3.294880371093750000e+02
2.319246673583984375e+02
3.113250122070312500e+02
3.052019348144531250e+02
2.173039855957031250e+02
2.650778808593750000e+02
1.607379455566406250e+02
2.270137939453125000e+02
1.953050537109375000e+02
1.936303710937500000e+02
2.201166687011718750e+02
1.512959136962890625e+02
2.041505584716796875e+02
1.511728057861328125e+02
1.899331665039062500e+02
2.037352905273437500e+02
1.629865417480468750e+02
2.582761840820312500e+02
1.487019805908203125e+02
2.740282592773437500e+02
1.960542449951171875e+02
3.238401184082031250e+02
2.862869262695312500e+02
2.507557067871093750e+02
2.827899780273437500e+02
1.634513549804687500e+02
1.878412170410156250e+02
2.407756195068359375e+02
1.853407287597656250e+02
2.938324584960937500e+02
2.243926696777343750e+02
3.307800292968750000e+02
3.725984497070312500e+02
1.575879669189453125e+02
4.386483764648437500e+02
4.551750183105468750e+02
1.515268859863281250e+02
4.595823364257812500e+02
5.399344482421875000e+02
3.212173461914062500e+02
3.539895324707031250e+02
4.817750244140625000e+02
2.594155578613281250e+02
4.205912780761718750e+02
5.776721801757812500e+02
4.260024719238281250e+02
1.833107299804687500e+02
3.241726074218750000e+02
1.541533050537109375e+02
3.267560729980468750e+02
2.923270874023437500e+02
1.999194793701171875e+02
2.000737762451171875e+02
2.660507202148437500e+02
2.472830810546875000e+02
2.212880249023437500e+02
1.777575073242187500e+02
2.716688232421875000e+02
2.386848602294921875e+02
2.403115386962890625e+02
1.936465606689453125e+02
2.986171569824218750e+02
3.019883117675781250e+02
1.704150085449218750e+02
2.202516479492187500e+02
2.120885772705078125e+02
1.964188232421875000e+02
2.344276123046875000e+02
1.569215087890625000e+02
2.594249267578125000e+02
1.924466552734375000e+02
2.922541198730468750e+02
2.322918395996093750e+02
3.030438232421875000e+02
3.413199768066406250e+02
1.523868408203125000e+02
3.853247985839843750e+02
3.295964355468750000e+02
2.229889984130859375e+02
2.893811645507812500e+02
1.473716125488281250e+02
2.783420410156250000e+02
1.469090881347656250e+02
2.574288635253906250e+02
1.744128723144531250e+02
3.183087158203125000e+02
2.551524353027343750e+02
2.905707397460937500e+02
3.357119750976562500e+02
1.496846618652343750e+02
3.860803222656250000e+02
3.327214965820312500e+02
2.220261840820312500e+02
2.806651000976562500e+02
1.497635498046875000e+02
2.376967773437500000e+02
1.680175781250000000e+02
1.645205688476562500e+02
2.224060974121093750e+02
1.473284454345703125e+02
1.783607788085937500e+02
1.799529113769531250e+02
1.508974914550781250e+02
1.480787048339843750e+02
1.679960021972656250e+02
1.802479553222656250e+02
1.437373809814453125e+02
1.569460449218750000e+02
1.904640808105468750e+02
1.453803710937500000e+02
1.598415527343750000e+02
2.031929321289062500e+02
1.426746215820312500e+02
2.021682434082031250e+02
1.875062255859375000e+02
1.467538146972656250e+02
2.349046020507812500e+02
1.476647186279296875e+02
1.701214752197265625e+02
2.067904205322265625e+02
1.459010620117187500e+02
1.565861206054687500e+02
1.994858398437500000e+02
1.594702911376953125e+02
1.430770111083984375e+02
1.692287902832031250e+02
1.906788024902343750e+02
1.436432189941406250e+02
1.695240478515625000e+02
2.015630950927734375e+02
1.439442138671875000e+02
2.213437500000000000e+02
1.652855987548828125e+02
1.491094970703125000e+02
2.070830230712890625e+02
1.651392822265625000e+02
1.431914367675781250e+02
1.858293762207031250e+02
1.857266235351562500e+02
1.430273437500000000e+02
1.909228210449218750e+02
1.916783752441406250e+02
1.470275726318359375e+02
2.341312866210937500e+02
1.466654968261718750e+02
1.700039062500000000e+02
2.095384826660156250e+02
1.465440216064453125e+02
1.582672119140625000e+02
2.017234497070312500e+02
1.554496154785156250e+02
1.430101165771484375e+02
1.756413269042968750e+02
1.910940246582031250e+02
1.416407775878906250e+02
1.735985717773437500e+02
2.034981994628906250e+02
1.436923065185546875e+02
2.311127624511718750e+02
1.543854217529296875e+02
1.533800964355468750e+02
2.146803894042968750e+02
1.541832427978515625e+02
1.486058349609375000e+02
1.928425903320312500e+02
1.677987365722656250e+02
1.436762390136718750e+02
1.620657653808593750e+02
1.914099731445312500e+02
1.449733734130859375e+02
1.554093627929687500e+02
1.926763916015625000e+02
1.491086273193359375e+02
1.439255676269531250e+02
1.761112670898437500e+02
1.656888122558593750e+02
1.511180419921875000e+02
1.436558074951171875e+02
1.422314605712890625e+02
1.420552520751953125e+02
1.434537353515625000e+02
1.429743041992187500e+02
1.492015686035156250e+02
1.602718048095703125e+02
1.663939361572265625e+02
1.600938415527343750e+02
1.514726562500000000e+02
1.446220397949218750e+02
1.415689239501953125e+02
1.430743255615234375e+02
1.441236419677734375e+02
1.527093048095703125e+02
1.664663238525390625e+02
1.723884887695312500e+02
1.468413391113281250e+02
1.432420043945312500e+02
1.473276977539062500e+02
1.597505798339843750e+02
1.770348815917968750e+02
1.503616485595703125e+02
1.415786132812500000e+02
1.429873504638671875e+02
1.500862884521484375e+02
1.656554565429687500e+02
1.692788696289062500e+02
1.618680267333984375e+02
1.479281921386718750e+02
1.445535278320312500e+02
1.414792175292968750e+02
1.469035339355468750e+02
1.547491760253906250e+02
1.748838043212890625e+02
1.594217987060546875e+02
1.505169677734375000e+02
1.503620300292968750e+02
1.542630004882812500e+02
1.594147644042968750e+02
1.676326293945312500e+02
1.539382629394531250e+02
1.484669952392578125e+02
1.483604888916015625e+02
1.514266967773437500e+02
1.608471984863281250e+02
1.726842346191406250e+02
1.562591094970703125e+02
1.469763031005859375e+02
1.442125854492187500e+02
1.454123535156250000e+02
1.515489654541015625e+02
1.744962768554687500e+02
1.624534301757812500e+02
1.545379638671875000e+02
1.543852691650390625e+02
1.592454986572265625e+02
1.594508514404296875e+02
1.606694641113281250e+02
1.525544891357421875e+02
1.520634155273437500e+02
1.474152526855468750e+02
1.548433837890625000e+02
1.628486633300781250e+02
1.678993835449218750e+02
1.535294799804687500e+02
1.516461486816406250e+02
1.565635986328125000e+02
1.613602600097656250e+02
1.615965881347656250e+02
1.608198242187500000e+02
1.540936737060546875e+02
1.496271057128906250e+02
1.538138732910156250e+02
1.617816772460937500e+02
1.649750976562500000e+02
1.597182922363281250e+02
1.518183746337890625e+02
1.488171386718750000e+02
1.501518249511718750e+02
1.589045104980468750e+02
1.644903869628906250e+02
1.671998291015625000e+02
1.497595977783203125e+02
1.463695526123046875e+02
1.467418975830078125e+02
1.568032531738281250e+02
1.689541320800781250e+02
1.705538635253906250e+02
1.483485412597656250e+02
1.428910369873046875e+02
1.425337524414062500e+02
1.444241180419921875e+02
1.460051269531250000e+02
1.627006530761718750e+02
1.867899475097656250e+02
1.514884796142578125e+02
1.402160644531250000e+02
1.452213897705078125e+02
1.637026062011718750e+02
1.888300018310546875e+02
1.458857574462890625e+02
1.447946472167968750e+02
1.701167907714843750e+02
1.807259826660156250e+02
1.573968963623046875e+02
1.446753845214843750e+02
1.427429962158203125e+02
1.489617309570312500e+02
1.697802124023437500e+02
1.887469787597656250e+02
1.456723022460937500e+02
1.518020172119140625e+02
2.001431427001953125e+02
1.486423187255859375e+02
1.485253906250000000e+02
1.878507995605468750e+02
1.588342285156250000e+02
1.439452819824218750e+02
1.413486938476562500e+02
1.419592132568359375e+02
1.416330261230468750e+02
1.435752258300781250e+02
1.452439880371093750e+02
1.555055541992187500e+02
1.793798217773437500e+02
1.554767150878906250e+02
1.459044952392578125e+02
1.417778778076171875e+02
1.449773864746093750e+02
1.474918212890625000e+02
1.635714874267578125e+02
1.741343078613281250e+02
1.684638977050781250e+02
1.469033813476562500e+02
1.437811584472656250e+02
1.418342895507812500e+02
1.423348846435546875e+02
1.482659759521484375e+02
1.759343261718750000e+02
1.675760803222656250e+02
1.584817504882812500e+02
1.544736328125000000e+02
1.568990325927734375e+02
1.612785339355468750e+02
1.657831878662109375e+02
1.573867340087890625e+02
1.547800598144531250e+02
1.578982849121093750e+02
1.667967834472656250e+02
1.616238098144531250e+02
1.638977661132812500e+02
1.545291290283203125e+02
1.547115325927734375e+02
1.554372863769531250e+02
1.596594390869140625e+02
1.626870422363281250e+02
1.709709472656250000e+02
1.557651672363281250e+02
1.541079254150390625e+02
1.542254791259765625e+02
1.684965515136718750e+02
1.603895111083984375e+02
1.589859619140625000e+02
1.521052551269531250e+02
1.570496063232421875e+02
1.622695922851562500e+02
1.723235168457031250e+02
1.557969970703125000e+02
1.514152526855468750e+02
1.526206207275390625e+02
1.653375854492187500e+02
1.671797637939453125e+02
1.696369628906250000e+02
1.516035766601562500e+02
1.442474060058593750e+02
1.481358642578125000e+02
1.568690490722656250e+02
1.714617919921875000e+02
1.772450714111328125e+02
1.489597167968750000e+02
1.416875305175781250e+02
1.426734924316406250e+02
1.424644317626953125e+02
1.469244537353515625e+02
1.646183471679687500e+02
1.872671966552734375e+02
1.469146881103515625e+02
1.410881958007812500e+02
1.498800354003906250e+02
1.765692291259765625e+02
1.869886169433593750e+02
1.457272033691406250e+02
1.470867614746093750e+02
1.826860351562500000e+02
1.663987884521484375e+02
1.555139312744140625e+02
1.503790893554687500e+02
1.498166809082031250e+02
1.590903320312500000e+02
1.730927124023437500e+02
1.613079528808593750e+02
1.573895416259765625e+02
1.533488464355468750e+02
1.597614746093750000e+02
1.652042694091796875e+02
1.730715942382812500e+02
1.509994506835937500e+02
1.443355255126953125e+02
1.425469512939453125e+02
1.433378601074218750e+02
1.467392883300781250e+02
1.660377197265625000e+02
1.745668182373046875e+02
1.673503723144531250e+02
1.478309783935546875e+02
1.458370666503906250e+02
1.455915832519531250e+02
1.560258026123046875e+02
1.753384094238281250e+02
1.806376647949218750e+02
1.485099334716796875e+02
1.412471160888671875e+02
1.489013824462890625e+02
1.772765350341796875e+02
1.886307067871093750e+02
1.447271423339843750e+02
1.541818389892578125e+02
2.035702514648437500e+02
1.461656494140625000e+02
1.494239349365234375e+02
2.046372070312500000e+02
1.479149627685546875e+02
1.440327606201171875e+02
1.823755493164062500e+02
1.744962463378906250e+02
1.562522125244140625e+02
1.461381988525390625e+02
1.456737518310546875e+02
1.488292694091796875e+02
1.669546966552734375e+02
1.746316223144531250e+02
1.691607360839843750e+02
1.509290466308593750e+02
1.476830444335937500e+02
1.509559478759765625e+02
1.704691162109375000e+02
1.639681396484375000e+02
1.618184204101562500e+02
1.537820434570312500e+02
1.607888488769531250e+02
1.638025512695312500e+02
1.710656433105468750e+02
1.572506256103515625e+02
1.545877532958984375e+02
1.530991668701171875e+02
1.636962127685546875e+02
1.653462371826171875e+02
1.724568481445312500e+02
1.592379302978515625e+02
1.552467803955078125e+02
1.567831420898437500e+02
1.669864349365234375e+02
1.619708251953125000e+02
1.620091247558593750e+02
1.560728149414062500e+02
1.627952880859375000e+02
1.657231903076171875e+02
1.737559814453125000e+02
1.582802734375000000e+02
1.545139160156250000e+02
1.565192413330078125e+02
1.687334594726562500e+02
1.630914001464843750e+02
1.654770202636718750e+02
1.573684387207031250e+02
1.611363067626953125e+02
1.581184997558593750e+02
1.638042602539062500e+02
1.612839660644531250e+02
1.647877197265625000e+02
1.573736267089843750e+02
1.607439880371093750e+02
1.627834930419921875e+02
1.687883300781250000e+02
1.554522399902343750e+02
1.520192413330078125e+02
1.516290130615234375e+02
1.604657287597656250e+02
1.687688598632812500e+02
1.750284423828125000e+02
1.518873138427734375e+02
1.436296997070312500e+02
1.449988098144531250e+02
1.530147857666015625e+02
1.698392944335937500e+02
1.827707366943359375e+02
1.492413330078125000e+02
1.419228515625000000e+02
1.428568115234375000e+02
1.424708404541015625e+02
1.449147949218750000e+02
1.547926635742187500e+02
1.782872619628906250e+02
1.896896667480468750e+02
1.446968383789062500e+02
1.543480377197265625e+02
2.073451843261718750e+02
1.454405822753906250e+02
1.653271942138671875e+02
2.310867309570312500e+02
1.495799865722656250e+02
2.942516479492187500e+02
1.617289733886718750e+02
3.777105712890625000e+02
3.861259155273437500e+02
1.409224395751953125e+02
3.896062011718750000e+02
3.007377319335937500e+02
2.976611328125000000e+02
3.614061584472656250e+02
1.554325561523437500e+02
4.405733032226562500e+02
4.295408325195312500e+02
1.480075225830078125e+02
3.006694030761718750e+02
1.818716125488281250e+02
3.873911132812500000e+02
3.824077758789062500e+02
1.698091583251953125e+02
2.452548370361328125e+02
1.599644470214843750e+02
1.573384094238281250e+02
2.320409545898437500e+02
1.529656524658203125e+02
2.921549682617187500e+02
1.598511962890625000e+02
3.408571777343750000e+02
3.126240234375000000e+02
1.952471008300781250e+02
1.935083160400390625e+02
2.847338256835937500e+02
2.512406158447265625e+02
2.610364685058593750e+02
2.184906921386718750e+02
3.152791137695312500e+02
3.340454101562500000e+02
1.531959533691406250e+02
2.951693725585937500e+02
1.449313659667968750e+02
2.378563232421875000e+02
1.455975341796875000e+02
2.390653381347656250e+02
1.672957458496093750e+02
1.544471740722656250e+02
2.229775848388671875e+02
1.597564544677734375e+02
1.497395629882812500e+02
2.116149444580078125e+02
1.725319213867187500e+02
1.465525360107421875e+02
2.132225646972656250e+02
1.808396148681640625e+02
1.424971923828125000e+02
2.114357910156250000e+02
1.861337890625000000e+02
1.450843200683593750e+02
2.240452423095703125e+02
1.730556640625000000e+02
1.434801330566406250e+02
2.068707122802734375e+02
1.863418884277343750e+02
1.419756317138671875e+02
1.879090118408203125e+02
2.100806884765625000e+02
1.435295104980468750e+02
2.589266967773437500e+02
1.421887359619140625e+02
2.052531738281250000e+02
1.841397399902343750e+02
1.431993560791015625e+02
1.507604675292968750e+02
1.988527374267578125e+02
1.811506958007812500e+02
1.430115051269531250e+02
1.642124938964843750e+02
2.139034118652343750e+02
1.420210266113281250e+02
2.043725433349609375e+02
2.070749969482421875e+02
1.490056610107421875e+02
2.699454956054687500e+02
1.424567565917968750e+02
2.858890686035156250e+02
1.919676361083984375e+02
3.630308227539062500e+02
3.474995727539062500e+02
1.974733886718750000e+02
2.397512512207031250e+02
1.996449584960937500e+02
1.477185516357421875e+02
2.336182861328125000e+02
1.431729278564453125e+02
2.687061767578125000e+02
1.419635009765625000e+02
2.321616210937500000e+02
1.440791320800781250e+02
1.933777465820312500e+02
2.214405822753906250e+02
1.615140380859375000e+02
3.130558166503906250e+02
2.112385559082031250e+02
3.655358581542968750e+02
4.159848632812500000e+02
1.826346740722656250e+02
4.833782043457031250e+02
5.604407958984375000e+02
2.698415527343750000e+02
4.838208312988281250e+02
6.905554809570312500e+02
5.576419677734375000e+02
1.628013763427734375e+02
6.299508056640625000e+02
8.132495117187500000e+02
6.210075683593750000e+02
1.473887786865234375e+02
5.405080566406250000e+02
6.526354980468750000e+02
4.395633850097656250e+02
2.269563293457031250e+02
3.633543701171875000e+02
1.618677368164062500e+02
3.796598510742187500e+02
3.921247558593750000e+02
1.517098999023437500e+02
4.510555114746093750e+02
4.447929382324218750e+02
1.463367309570312500e+02
3.731476440429687500e+02
3.359067382812500000e+02
1.806678161621093750e+02
2.309996948242187500e+02
2.232603149414062500e+02
1.915503845214843750e+02
2.775726928710937500e+02
1.920106353759765625e+02
3.386026000976562500e+02
3.586028442382812500e+02
1.537998199462890625e+02
3.888887329101562500e+02
3.098591308593750000e+02
2.729688110351562500e+02
3.381723327636718750e+02
1.508523254394531250e+02
3.745664978027343750e+02
3.059709472656250000e+02
2.658198242187500000e+02
3.228435974121093750e+02
1.456598205566406250e+02
3.374069824218750000e+02
2.217542114257812500e+02
3.653590087890625000e+02
4.374244384765625000e+02
2.151830902099609375e+02
4.528024291992187500e+02
5.446437988281250000e+02
2.758621215820312500e+02
4.510847167968750000e+02
6.471484985351562500e+02
5.148247680664062500e+02
1.556924133300781250e+02
5.419260253906250000e+02
6.182008056640625000e+02
3.398424072265625000e+02
4.015518188476562500e+02
6.067702636718750000e+02
4.890175781250000000e+02
1.565970458984375000e+02
4.852125854492187500e+02
5.013802185058593750e+02
1.810179443359375000e+02
5.210986938476562500e+02
6.937692260742187500e+02
5.403628540039062500e+02
1.627823791503906250e+02
5.784652099609375000e+02
6.936423950195312500e+02
4.409735107421875000e+02
2.882456054687500000e+02
4.779886169433593750e+02
3.638301391601562500e+02
2.173589782714843750e+02
2.905372924804687500e+02
1.745324554443359375e+02
2.046407775878906250e+02
1.875543518066406250e+02
1.500496673583984375e+02
1.742756958007812500e+02
1.578425292968750000e+02
1.478202209472656250e+02
1.524480590820312500e+02
1.642194061279296875e+02
1.773997497558593750e+02
1.500644683837890625e+02
1.454426269531250000e+02
1.495220336914062500e+02
1.596593322753906250e+02
1.785132446289062500e+02
1.482763366699218750e+02
1.432953643798828125e+02
1.576356811523437500e+02
1.764268493652343750e+02
1.729109802246093750e+02
1.473448181152343750e+02
1.439014892578125000e+02
1.461183929443359375e+02
1.667153167724609375e+02
1.814683227539062500e+02
1.529299774169921875e+02
1.441114654541015625e+02
1.490089569091796875e+02
1.732030944824218750e+02
1.837913513183593750e+02
1.477658386230468750e+02
1.485009460449218750e+02
1.825658264160156250e+02
1.691868286132812500e+02
1.499927062988281250e+02
1.433679656982421875e+02
1.471855316162109375e+02
1.621016387939453125e+02
1.759921264648437500e+02
1.709071197509765625e+02
1.464816894531250000e+02
1.416396026611328125e+02
1.623613433837890625e+02
1.791381530761718750e+02
1.670399169921875000e+02
1.486416778564453125e+02
1.522278594970703125e+02
1.789520568847656250e+02
1.649726257324218750e+02
1.530754089355468750e+02
1.464250030517578125e+02
1.462700195312500000e+02
1.488911132812500000e+02
1.635996551513671875e+02
1.633656311035156250e+02
1.547739562988281250e+02
1.477270355224609375e+02
1.419463043212890625e+02
1.424523162841796875e+02
1.445879669189453125e+02
1.453487701416015625e+02
1.486496887207031250e+02
1.660798950195312500e+02
1.813960266113281250e+02
1.522168121337890625e+02
1.446703491210937500e+02
1.571168823242187500e+02
1.798393249511718750e+02
1.771235351562500000e+02
1.451356048583984375e+02
1.481636657714843750e+02
1.893558349609375000e+02
1.618378906250000000e+02
1.460119018554687500e+02
1.442525024414062500e+02
1.445462799072265625e+02
1.572683410644531250e+02
1.747558593750000000e+02
1.744087524414062500e+02
1.498674316406250000e+02
1.436071624755859375e+02
1.432511444091796875e+02
1.546694335937500000e+02
1.750479431152343750e+02
1.795123596191406250e+02
1.493764953613281250e+02
1.419102783203125000e+02
1.434901428222656250e+02
1.519705505371093750e+02
1.728610229492187500e+02
1.673443145751953125e+02
1.558130035400390625e+02
1.517044525146484375e+02
1.544426879882812500e+02
1.599316711425781250e+02
1.689931335449218750e+02
1.585643920898437500e+02
1.539440460205078125e+02
1.521346893310546875e+02
1.568316955566406250e+02
1.664759063720703125e+02
1.783995666503906250e+02
1.512753448486328125e+02
1.432073974609375000e+02
1.419193420410156250e+02
1.447885589599609375e+02
1.433282775878906250e+02
1.466176910400390625e+02
1.663960266113281250e+02
1.820881500244140625e+02
1.705366516113281250e+02
1.472926177978515625e+02
1.441617279052734375e+02
1.428528900146484375e+02
1.420747070312500000e+02
1.430478515625000000e+02
1.455911407470703125e+02
1.573176269531250000e+02
1.867382812500000000e+02
1.764042358398437500e+02
1.450962829589843750e+02
1.435769653320312500e+02
1.621794586181640625e+02
1.833684692382812500e+02
1.756813354492187500e+02
1.444877014160156250e+02
1.425427246093750000e+02
1.552573394775390625e+02
1.807592163085937500e+02
1.829559326171875000e+02
1.451981964111328125e+02
1.427379150390625000e+02
1.602445068359375000e+02
1.905878295898437500e+02
1.736877746582031250e+02
1.423483276367187500e+02
1.445557861328125000e+02
1.728489990234375000e+02
1.809099121093750000e+02
1.651680297851562500e+02
1.450159606933593750e+02
1.413531188964843750e+02
1.424368286132812500e+02
1.555246887207031250e+02
1.852792358398437500e+02
1.591333923339843750e+02
1.512945861816406250e+02
1.488008270263671875e+02
1.572142791748046875e+02
1.694441223144531250e+02
1.789288635253906250e+02
1.517515716552734375e+02
1.412952880859375000e+02
1.441452484130859375e+02
1.550661773681640625e+02
1.925465393066406250e+02
1.520536651611328125e+02
1.401575164794921875e+02
1.422506408691406250e+02
1.512632446289062500e+02
1.837093963623046875e+02
1.647431488037109375e+02
1.538117218017578125e+02
1.496950073242187500e+02
1.565347595214843750e+02
1.721800231933593750e+02
1.834854278564453125e+02
1.507215728759765625e+02
1.438684997558593750e+02
1.469444580078125000e+02
1.623609161376953125e+02
1.940686950683593750e+02
1.499888916015625000e+02
1.427133178710937500e+02
1.688854370117187500e+02
1.842600708007812500e+02
1.662850341796875000e+02
1.465608520507812500e+02
1.418721923828125000e+02
1.402563476562500000e+02
1.463267669677734375e+02
1.593457641601562500e+02
1.810606079101562500e+02
1.791381530761718750e+02
1.455388031005859375e+02
1.443157958984375000e+02
1.787264862060546875e+02
1.817908020019531250e+02
1.621332702636718750e+02
1.461054077148437500e+02
1.456017303466796875e+02
1.478973388671875000e+02
1.666762237548828125e+02
1.847177429199218750e+02
1.713063659667968750e+02
1.493919525146484375e+02
1.427653503417968750e+02
1.425202331542968750e+02
1.451887512207031250e+02
1.587278747558593750e+02
1.788440093994140625e+02
1.790105285644531250e+02
1.487698974609375000e+02
1.419491271972656250e+02
1.414064483642578125e+02
1.537961120605468750e+02
1.861349182128906250e+02
1.627353515625000000e+02
1.530650634765625000e+02
1.512683105468750000e+02
1.602066955566406250e+02
1.748324890136718750e+02
1.766768798828125000e+02
1.521239929199218750e+02
1.449875183105468750e+02
1.417583312988281250e+02
1.420856018066406250e+02
1.426111145019531250e+02
1.512810516357421875e+02
1.777991943359375000e+02
1.785039367675781250e+02
1.664699401855468750e+02
1.507337646484375000e+02
1.457397155761718750e+02
1.462903442382812500e+02
1.576120147705078125e+02
1.790014038085937500e+02
1.848211517333984375e+02
1.478130950927734375e+02
1.433828430175781250e+02
1.484151000976562500e+02
1.681767272949218750e+02
1.959761657714843750e+02
1.465067443847656250e+02
1.502387084960937500e+02
1.939490051269531250e+02
1.624119567871093750e+02
1.512549438476562500e+02
1.513904418945312500e+02
1.640090789794921875e+02
1.753895874023437500e+02
1.747599639892578125e+02
1.508416290283203125e+02
1.451550445556640625e+02
1.422336120605468750e+02
1.441083679199218750e+02
1.618385620117187500e+02
1.808671569824218750e+02
1.792653350830078125e+02
1.477872619628906250e+02
1.433357543945312500e+02
1.417197723388671875e+02
1.460949401855468750e+02
1.638686218261718750e+02
1.897868957519531250e+02
1.783163452148437500e+02
1.445862121582031250e+02
1.415763092041015625e+02
1.563545227050781250e+02
1.900451660156250000e+02
1.813684082031250000e+02
1.455123138427734375e+02
1.488695831298828125e+02
1.989107208251953125e+02
1.587205963134765625e+02
1.470380706787109375e+02
1.439068603515625000e+02
1.456123657226562500e+02
1.593304595947265625e+02
1.932296447753906250e+02
1.543061218261718750e+02
1.459761657714843750e+02
1.420138397216796875e+02
1.429879913330078125e+02
1.496312255859375000e+02
1.713673706054687500e+02
1.961470947265625000e+02
1.442894592285156250e+02
1.461560668945312500e+02
1.906033935546875000e+02
1.694685058593750000e+02
1.517304077148437500e+02
1.444061279296875000e+02
1.434648742675781250e+02
1.491002807617187500e+02
1.703510437011718750e+02
1.855836334228515625e+02
1.694649810791015625e+02
1.470619049072265625e+02
1.459244842529296875e+02
1.431505737304687500e+02
1.480635375976562500e+02
1.708045349121093750e+02
2.007019348144531250e+02
1.437159881591796875e+02
1.520583190917968750e+02
2.068139190673828125e+02
1.497507629394531250e+02
1.436965484619140625e+02
1.652853393554687500e+02
1.893853149414062500e+02
1.756138610839843750e+02
1.470135345458984375e+02
1.446516113281250000e+02
1.583440856933593750e+02
1.861463623046875000e+02
1.882004699707031250e+02
1.423909759521484375e+02
1.653879394531250000e+02
2.243199768066406250e+02
1.450384979248046875e+02
2.684892272949218750e+02
1.420364379882812500e+02
2.274830932617187500e+02
1.572269592285156250e+02
1.423882293701171875e+02
1.756054534912109375e+02
1.864985351562500000e+02
1.692861938476562500e+02
1.441243743896484375e+02
1.453440399169921875e+02
1.540169982910156250e+02
1.858994750976562500e+02
1.891620483398437500e+02
1.468131713867187500e+02
1.536702728271484375e+02
2.067714843750000000e+02
1.506512756347656250e+02
1.474530944824218750e+02
1.868339538574218750e+02
1.734573822021484375e+02
1.610101470947265625e+02
1.535814971923828125e+02
1.598744506835937500e+02
1.685858764648437500e+02
1.824314880371093750e+02
1.528157348632812500e+02
1.501295471191406250e+02
1.491024017333984375e+02
1.638709259033203125e+02
1.788265228271484375e+02
1.790153350830078125e+02
1.527668304443359375e+02
1.468285522460937500e+02
1.516726837158203125e+02
1.762626342773437500e+02
1.718252410888671875e+02
1.708102722167968750e+02
1.538750457763671875e+02
1.554059753417968750e+02
1.635039978027343750e+02
1.842577819824218750e+02
1.616953430175781250e+02
1.542315826416015625e+02
1.582045288085937500e+02
1.807274169921875000e+02
1.631489105224609375e+02
1.589244842529296875e+02
1.578707885742187500e+02
1.695190429687500000e+02
1.657236328125000000e+02
1.701331939697265625e+02
1.632853393554687500e+02
1.621168212890625000e+02
1.631825561523437500e+02
1.718641052246093750e+02
1.592366333007812500e+02
1.584006958007812500e+02
1.614131774902343750e+02
1.761366271972656250e+02
1.690322418212890625e+02
1.667647399902343750e+02
1.565772399902343750e+02
1.623153381347656250e+02
1.643598175048828125e+02
1.751232757568359375e+02
1.590283813476562500e+02
1.578829956054687500e+02
1.627054443359375000e+02
1.797158813476562500e+02
1.628335266113281250e+02
1.588151702880859375e+02
1.609934082031250000e+02
1.775410614013671875e+02
1.637641906738281250e+02
1.576388092041015625e+02
1.614003906250000000e+02
1.772402648925781250e+02
1.625211486816406250e+02
1.573950805664062500e+02
1.645150909423828125e+02
1.805179138183593750e+02
1.578223876953125000e+02
1.582277832031250000e+02
1.594239807128906250e+02
1.741807861328125000e+02
1.599245300292968750e+02
1.630157318115234375e+02
1.641022338867187500e+02
1.718706817626953125e+02
1.625022277832031250e+02
1.615727539062500000e+02
1.613216857910156250e+02
1.728983154296875000e+02
1.657781066894531250e+02
1.659399108886718750e+02
1.584534149169921875e+02
1.604048461914062500e+02
1.626744079589843750e+02
1.766657409667968750e+02
1.620746154785156250e+02
1.583369750976562500e+02
1.617662963867187500e+02
1.755188293457031250e+02
1.611882629394531250e+02
1.595546569824218750e+02
1.613976135253906250e+02
1.760980529785156250e+02
1.651398010253906250e+02
1.608520050048828125e+02
1.610293273925781250e+02
1.698715667724609375e+02
1.642800903320312500e+02
1.677124786376953125e+02
1.594854431152343750e+02
1.676790466308593750e+02
1.661248474121093750e+02
1.727423706054687500e+02
1.614452056884765625e+02
1.622099151611328125e+02
1.639875183105468750e+02
1.768959045410156250e+02
1.608986663818359375e+02
1.602940979003906250e+02
1.605870971679687500e+02
1.748645629882812500e+02
1.627600860595703125e+02
1.594138488769531250e+02
1.593473510742187500e+02
1.745146484375000000e+02
1.641775360107421875e+02
1.657534942626953125e+02
1.579944763183593750e+02
1.602149658203125000e+02
1.602666778564453125e+02
1.750037841796875000e+02
1.633608551025390625e+02
1.642813415527343750e+02
1.584224243164062500e+02
1.694121093750000000e+02
1.648186035156250000e+02
1.665059509277343750e+02
1.599910278320312500e+02
1.649608459472656250e+02
1.670438537597656250e+02
1.735018615722656250e+02
1.619172515869140625e+02
1.602282714843750000e+02
1.579128417968750000e+02
1.698213806152343750e+02
1.642180786132812500e+02
1.673962402343750000e+02
1.623309173583984375e+02
1.685057373046875000e+02
1.604476318359375000e+02
1.627549133300781250e+02
1.644004516601562500e+02
1.742399902343750000e+02
1.620645446777343750e+02
1.643424987792968750e+02
1.623882598876953125e+02
1.679961242675781250e+02
1.619401245117187500e+02
1.676437377929687500e+02
1.676271820068359375e+02
1.735265045166015625e+02
1.603426208496093750e+02
1.616623382568359375e+02
1.588282775878906250e+02
1.632978210449218750e+02
1.650547180175781250e+02
1.708871765136718750e+02
1.625087738037109375e+02
1.620543823242187500e+02
1.635247955322265625e+02
1.733518066406250000e+02
1.625679931640625000e+02
1.595832519531250000e+02
1.593114471435546875e+02
1.690843811035156250e+02
1.672180786132812500e+02
1.702960815429687500e+02
1.622704772949218750e+02
1.648105468750000000e+02
1.694209594726562500e+02
1.740558013916015625e+02
1.576046752929687500e+02
1.518345336914062500e+02
1.559793853759765625e+02
1.713549957275390625e+02
1.692401428222656250e+02
1.700997924804687500e+02
1.607980194091796875e+02
1.604683837890625000e+02
1.647453613281250000e+02
1.753315124511718750e+02
1.576386108398437500e+02
1.562543945312500000e+02
1.623882141113281250e+02
1.758783264160156250e+02
1.660003356933593750e+02
1.630354003906250000e+02
1.572520446777343750e+02
1.667585144042968750e+02
1.705813903808593750e+02
1.755882263183593750e+02
1.557601165771484375e+02
1.526933135986328125e+02
1.590087280273437500e+02
1.799351043701171875e+02
1.652749786376953125e+02
1.607095489501953125e+02
1.586974029541015625e+02
1.684335937500000000e+02
1.705842895507812500e+02
1.669172821044921875e+02
1.577607116699218750e+02
1.544967651367187500e+02
1.545018615722656250e+02
1.712022399902343750e+02
1.752578887939453125e+02
1.758108215332031250e+02
1.549543914794921875e+02
1.506363220214843750e+02
1.565804443359375000e+02
1.750796203613281250e+02
1.671925048828125000e+02
1.645430908203125000e+02
1.559498138427734375e+02
1.605456237792968750e+02
1.672976074218750000e+02
1.799600524902343750e+02
1.547765197753906250e+02
1.533318786621093750e+02
1.577459259033203125e+02
1.788328857421875000e+02
1.690987854003906250e+02
1.670580444335937500e+02
1.564108428955078125e+02
1.577135314941406250e+02
1.671795806884765625e+02
1.842596740722656250e+02
1.544094390869140625e+02
1.483541107177734375e+02
1.525043945312500000e+02
1.743049163818359375e+02
1.718528900146484375e+02
1.656985778808593750e+02
1.542082519531250000e+02
1.549408569335937500e+02
1.622047729492187500e+02
1.771114501953125000e+02
1.628507080078125000e+02
1.624324035644531250e+02
1.588993225097656250e+02
1.698060760498046875e+02
1.671019897460937500e+02
1.688435363769531250e+02
1.587277221679687500e+02
1.616525878906250000e+02
1.647890472412109375e+02
1.756218872070312500e+02
1.587927246093750000e+02
1.581469421386718750e+02
1.634833526611328125e+02
1.795549621582031250e+02
1.596137695312500000e+02
1.588445434570312500e+02
1.593128967285156250e+02
1.734135437011718750e+02
1.623858337402343750e+02
1.670060119628906250e+02
1.630230102539062500e+02
1.695692138671875000e+02
1.650064849853515625e+02
1.688691406250000000e+02
1.620124206542968750e+02
1.679799499511718750e+02
1.628590698242187500e+02
1.671989288330078125e+02
1.656260986328125000e+02
1.690870361328125000e+02
1.625295104980468750e+02
1.641229248046875000e+02
1.624024047851562500e+02
1.746957092285156250e+02
1.612196350097656250e+02
1.614446716308593750e+02
1.602908020019531250e+02
1.674425964355468750e+02
1.668511047363281250e+02
1.693852081298828125e+02
1.605242309570312500e+02
1.658031311035156250e+02
1.623951416015625000e+02
1.705162658691406250e+02
1.591206970214843750e+02
1.618250732421875000e+02
1.661150207519531250e+02
1.720218811035156250e+02
1.620227050781250000e+02
1.609057922363281250e+02
1.617655639648437500e+02
1.696175231933593750e+02
1.643535156250000000e+02
1.705293884277343750e+02
1.610228271484375000e+02
1.631063537597656250e+02
1.625754394531250000e+02
1.726332397460937500e+02
1.613848266601562500e+02
1.624749603271484375e+02
1.643282470703125000e+02
1.706646728515625000e+02
1.613255004882812500e+02
1.651590576171875000e+02
1.632594299316406250e+02
1.707655487060546875e+02
1.590782775878906250e+02
1.633741760253906250e+02
1.682065429687500000e+02
1.800116882324218750e+02
1.558436279296875000e+02
1.511541900634765625e+02
1.562001037597656250e+02
1.814103698730468750e+02
1.667962341308593750e+02
1.587485809326171875e+02
1.526816558837890625e+02
1.599317321777343750e+02
1.682099304199218750e+02
1.815648803710937500e+02
1.553355865478515625e+02
1.453687286376953125e+02
1.464679870605468750e+02
1.558566894531250000e+02
1.703188018798828125e+02
1.993742675781250000e+02
1.479804382324218750e+02
1.444964904785156250e+02
1.709049377441406250e+02
1.923052673339843750e+02
1.710916442871093750e+02
1.471554870605468750e+02
1.417683715820312500e+02
1.497609558105468750e+02
1.809590148925781250e+02
2.025387725830078125e+02
1.417317047119140625e+02
1.718031005859375000e+02
2.314211120605468750e+02
1.492341918945312500e+02
2.923554687500000000e+02
1.570433654785156250e+02
3.593301391601562500e+02
3.366756286621093750e+02
1.807624206542968750e+02
1.954660339355468750e+02
2.878335571289062500e+02
2.481278686523437500e+02
2.813339843750000000e+02
2.432599487304687500e+02
3.152276611328125000e+02
3.387863159179687500e+02
1.568837127685546875e+02
2.727161254882812500e+02
1.599748992919921875e+02
1.786096801757812500e+02
2.367497406005859375e+02
1.493224334716796875e+02
2.186223449707031250e+02
1.592022399902343750e+02
1.431716766357421875e+02
1.579535980224609375e+02
1.841591796875000000e+02
1.922698669433593750e+02
1.439266815185546875e+02
2.038083953857421875e+02
2.075412597656250000e+02
1.476808624267578125e+02
2.716648559570312500e+02
1.441615447998046875e+02
2.776599121093750000e+02
1.699847106933593750e+02
3.827468261718750000e+02
3.419006347656250000e+02
2.301342468261718750e+02
2.711315612792968750e+02
1.819472045898437500e+02
1.611280822753906250e+02
2.642388916015625000e+02
1.790597076416015625e+02
3.572554931640625000e+02
3.103292236328125000e+02
2.608799743652343750e+02
2.990262451171875000e+02
1.704081726074218750e+02
2.083462677001953125e+02
2.374249572753906250e+02
1.826995849609375000e+02
3.173240356445312500e+02
2.421476898193359375e+02
3.387088623046875000e+02
3.848561401367187500e+02
1.658226928710937500e+02
4.314351806640625000e+02
4.082113037109375000e+02
1.659579925537109375e+02
2.641612548828125000e+02
1.487369995117187500e+02
2.192720947265625000e+02
1.961382293701171875e+02
1.502563781738281250e+02
2.495578155517578125e+02
1.498608093261718750e+02
1.773084411621093750e+02
2.052236938476562500e+02
1.565964355468750000e+02
1.455188751220703125e+02
1.720546569824218750e+02
2.138326721191406250e+02
1.430218353271484375e+02
2.264087524414062500e+02
1.820007324218750000e+02
1.467883300781250000e+02
2.218413696289062500e+02
1.763227386474609375e+02
1.437924041748046875e+02
1.879734497070312500e+02
2.124636688232421875e+02
1.459930725097656250e+02
2.433013763427734375e+02
1.556306762695312500e+02
1.497415618896484375e+02
2.253873901367187500e+02
1.636119232177734375e+02
1.434977722167968750e+02
1.741311340332031250e+02
2.064971160888671875e+02
1.423573913574218750e+02
1.844875183105468750e+02
2.218538208007812500e+02
1.513979492187500000e+02
2.925280761718750000e+02
1.640776519775390625e+02
3.623103942871093750e+02
3.533633422851562500e+02
1.586205139160156250e+02
2.378036804199218750e+02
2.027768707275390625e+02
1.627833404541015625e+02
2.938645324707031250e+02
1.793783416748046875e+02
3.777943725585937500e+02
4.022483520507812500e+02
1.536692199707031250e+02
4.719001464843750000e+02
4.895687866210937500e+02
1.603877868652343750e+02
5.240029296875000000e+02
6.523937377929687500e+02
4.512032470703125000e+02
2.210830841064453125e+02
3.483763122558593750e+02
1.466158142089843750e+02
3.389774780273437500e+02
2.861963195800781250e+02
2.477384490966796875e+02
2.319451141357421875e+02
2.941295471191406250e+02
3.026772460937500000e+02
1.792729797363281250e+02
1.967198486328125000e+02
2.621283264160156250e+02
2.224067993164062500e+02
2.867572021484375000e+02
2.332446899414062500e+02
3.176458740234375000e+02
3.493375854492187500e+02
1.475515441894531250e+02
3.425833740234375000e+02
2.108103942871093750e+02
3.844093627929687500e+02
4.518454895019531250e+02
2.203366699218750000e+02
4.733366394042968750e+02
5.873151855468750000e+02
3.327607116699218750e+02
3.996825866699218750e+02
5.867529296875000000e+02
4.392183227539062500e+02
1.755701446533203125e+02
3.354394836425781250e+02
1.572516479492187500e+02
3.543184204101562500e+02
3.364074096679687500e+02
1.681636047363281250e+02
2.409869995117187500e+02
2.056181030273437500e+02
1.881303710937500000e+02
2.512510070800781250e+02
1.551537628173828125e+02
2.795675659179687500e+02
2.078517150878906250e+02
3.205690002441406250e+02
2.862416076660156250e+02
2.611977844238281250e+02
2.922359619140625000e+02
1.653091278076171875e+02
2.025287017822265625e+02
2.339570312500000000e+02
1.868785400390625000e+02
2.919235229492187500e+02
2.103845825195312500e+02
3.420434570312500000e+02
3.697366638183593750e+02
1.551194000244140625e+02
3.857343750000000000e+02
3.218096313476562500e+02
2.531987915039062500e+02
3.088934326171875000e+02
1.488514862060546875e+02
2.793833923339843750e+02
1.462696990966796875e+02
2.314933166503906250e+02
1.449686889648437500e+02
2.216461181640625000e+02
1.875538940429687500e+02
1.590951995849609375e+02
2.537554931640625000e+02
1.464896545410156250e+02
2.358610839843750000e+02
1.451206054687500000e+02
2.437040863037109375e+02
1.616839599609375000e+02
1.575749511718750000e+02
2.282939300537109375e+02
1.523155059814453125e+02
1.582751922607421875e+02
2.166259918212890625e+02
1.588622436523437500e+02
1.462075347900390625e+02
1.862406616210937500e+02
1.923063201904296875e+02
1.425428771972656250e+02
1.909753112792968750e+02
2.015591888427734375e+02
1.463975830078125000e+02
2.375261230468750000e+02
1.578153991699218750e+02
1.507522888183593750e+02
2.056283264160156250e+02
1.722292785644531250e+02
1.430065002441406250e+02
1.557743530273437500e+02
2.002890930175781250e+02
1.487089080810546875e+02
1.514121246337890625e+02
2.011073608398437500e+02
1.508918457031250000e+02
1.442184753417968750e+02
1.768037872314453125e+02
1.777510070800781250e+02
1.565329742431640625e+02
1.465532226562500000e+02
1.410447540283203125e+02
1.431441802978515625e+02
1.433794403076171875e+02
1.602361297607421875e+02
1.798976440429687500e+02
1.769134826660156250e+02
1.467607116699218750e+02
1.441358642578125000e+02
1.450316162109375000e+02
1.505384216308593750e+02
1.780784912109375000e+02
1.678067626953125000e+02
1.580697784423828125e+02
1.516088256835937500e+02
1.522623443603515625e+02
1.547854309082031250e+02
1.629721374511718750e+02
1.641669006347656250e+02
1.702834320068359375e+02
1.576979370117187500e+02
1.574069213867187500e+02
1.630091400146484375e+02
1.767333984375000000e+02
1.590704040527343750e+02
1.521490173339843750e+02
1.525618743896484375e+02
1.615176696777343750e+02
1.684739685058593750e+02
1.718399047851562500e+02
1.568925170898437500e+02
1.520507354736328125e+02
1.498688049316406250e+02
1.568316497802734375e+02
1.737196044921875000e+02
1.785539855957031250e+02
1.520707855224609375e+02
1.457028961181640625e+02
1.472502136230468750e+02
1.530821990966796875e+02
1.729104919433593750e+02
1.866382446289062500e+02
1.466727905273437500e+02
1.428995056152343750e+02
1.580941925048828125e+02
1.892915344238281250e+02
1.774386596679687500e+02
1.465486145019531250e+02
1.452111053466796875e+02
1.674233093261718750e+02
1.830066223144531250e+02
1.702173156738281250e+02
1.485324707031250000e+02
1.423445739746093750e+02
1.443156127929687500e+02
1.398931579589843750e+02
1.444108123779296875e+02
1.443056335449218750e+02
1.505752868652343750e+02
1.758575744628906250e+02
1.669631805419921875e+02
1.582691955566406250e+02
1.510917968750000000e+02
1.533311462402343750e+02
1.632284088134765625e+02
1.799235534667968750e+02
1.606916503906250000e+02
1.558016357421875000e+02
1.559859924316406250e+02
1.693074798583984375e+02
1.640224914550781250e+02
1.596238708496093750e+02
1.576911621093750000e+02
1.650351562500000000e+02
1.661489257812500000e+02
1.685369262695312500e+02
1.605015869140625000e+02
1.588268890380859375e+02
1.591700744628906250e+02
1.651536254882812500e+02
1.614050598144531250e+02
1.664877624511718750e+02
1.618035125732421875e+02
1.703013610839843750e+02
1.655342712402343750e+02
1.657537689208984375e+02
1.585723571777343750e+02
1.635078735351562500e+02
1.634652709960937500e+02
1.695454101562500000e+02
1.594073181152343750e+02
1.592101440429687500e+02
1.612623748779296875e+02
1.710057067871093750e+02
1.651986999511718750e+02
1.656362609863281250e+02
1.578155822753906250e+02
1.604016876220703125e+02
1.606863250732421875e+02
1.709115905761718750e+02
1.619419555664062500e+02
1.600349578857421875e+02
1.584104461669921875e+02
1.664788818359375000e+02
1.643929901123046875e+02
1.666493225097656250e+02
1.577052001953125000e+02
1.607470855712890625e+02
1.600336914062500000e+02
1.706936340332031250e+02
1.619640808105468750e+02
1.600232543945312500e+02
1.603986663818359375e+02
1.683155822753906250e+02
1.632582244873046875e+02
1.650277252197265625e+02
1.624038543701171875e+02
1.641767578125000000e+02
1.636105346679687500e+02
1.702157287597656250e+02
1.619412536621093750e+02
1.622182006835937500e+02
1.570534667968750000e+02
1.616418304443359375e+02
1.652327880859375000e+02
1.675246276855468750e+02
1.593415527343750000e+02
1.577332763671875000e+02
1.571914825439453125e+02
1.707581939697265625e+02
1.642413024902343750e+02
1.608336486816406250e+02
1.581318664550781250e+02
1.621445770263671875e+02
1.649422302246093750e+02
1.672374267578125000e+02
1.610593872070312500e+02
1.618757019042968750e+02
1.620447387695312500e+02
1.639053649902343750e+02
1.608278198242187500e+02
1.663743896484375000e+02
1.625264892578125000e+02
1.677964019775390625e+02
1.615128784179687500e+02
1.660198516845703125e+02
1.641808471679687500e+02
1.696689453125000000e+02
1.612427673339843750e+02
1.661076965332031250e+02
1.591576538085937500e+02
1.629034118652343750e+02
1.614580993652343750e+02
1.675454711914062500e+02
1.626579589843750000e+02
1.656359100341796875e+02
1.614394073486328125e+02
1.602565612792968750e+02
1.543060760498046875e+02
1.626864013671875000e+02
1.667693328857421875e+02
1.751531066894531250e+02
1.572096557617187500e+02
1.511264953613281250e+02
1.545553131103515625e+02
1.645023956298828125e+02
1.716864166259765625e+02
1.704464263916015625e+02
1.564071502685546875e+02
1.577737426757812500e+02
1.627162475585937500e+02
1.731342773437500000e+02
1.626840972900390625e+02
1.589192047119140625e+02
1.587885284423828125e+02
1.617581481933593750e+02
1.647834625244140625e+02
1.735625457763671875e+02
1.586312561035156250e+02
1.571145324707031250e+02
1.544197692871093750e+02
1.586534118652343750e+02
1.667106628417968750e+02
1.782704162597656250e+02
1.542434387207031250e+02
1.495266265869140625e+02
1.513789825439453125e+02
1.668542175292968750e+02
1.726176300048828125e+02
1.722527770996093750e+02
1.535569610595703125e+02
1.489582519531250000e+02
1.493745117187500000e+02
1.634668273925781250e+02
1.748700103759765625e+02
1.800185546875000000e+02
1.531205902099609375e+02
1.464055786132812500e+02
1.427754974365234375e+02
1.497089996337890625e+02
1.672400054931640625e+02
1.885259094238281250e+02
1.531730499267578125e+02
1.429251861572265625e+02
1.412337951660156250e+02
1.462105407714843750e+02
1.675229492187500000e+02
1.818438568115234375e+02
1.706237792968750000e+02
1.551557922363281250e+02
1.518052825927734375e+02
1.530339050292968750e+02
1.681656951904296875e+02
1.739909667968750000e+02
1.737763519287109375e+02
1.552878875732421875e+02
1.500335388183593750e+02
1.489619903564453125e+02
1.634879760742187500e+02
1.808758087158203125e+02
1.754569549560546875e+02
1.512882537841796875e+02
1.441923828125000000e+02
1.430798034667968750e+02
1.410141296386718750e+02
1.440270385742187500e+02
1.463048858642578125e+02
1.567121429443359375e+02
1.830233154296875000e+02
1.885587463378906250e+02
1.481406860351562500e+02
1.485556488037109375e+02
1.831519775390625000e+02
1.788709564208984375e+02
1.660782318115234375e+02
1.529514465332031250e+02
1.578002014160156250e+02
1.732825622558593750e+02
1.840686492919921875e+02
1.561387023925781250e+02
1.454732360839843750e+02
1.416183929443359375e+02
1.506876525878906250e+02
1.865486755371093750e+02
1.728456726074218750e+02
1.622572937011718750e+02
1.555499572753906250e+02
1.612151031494140625e+02
1.699434509277343750e+02
1.739323883056640625e+02
1.568525390625000000e+02
