1.107664296875000000e+05
9.973906250000000000e+04
8.885330468750000000e+04
7.790333593750000000e+04
6.723464843750000000e+04
5.696866015625000000e+04
4.773925781250000000e+04
3.990989453125000000e+04
3.363678515625000000e+04
2.897865234375000000e+04
2.662715234375000000e+04
2.627821484375000000e+04
2.723526562500000000e+04
2.958681640625000000e+04
3.194694921875000000e+04
3.417368359375000000e+04
3.529523046875000000e+04
3.547036718750000000e+04
3.483253125000000000e+04
3.326484375000000000e+04
3.140853515625000000e+04
2.940828515625000000e+04
2.797350195312500000e+04
2.690746679687500000e+04
2.622854687500000000e+04
2.590303906250000000e+04
2.608755664062500000e+04
2.631759960937500000e+04
2.676604687500000000e+04
2.727327734375000000e+04
2.743125585937500000e+04
2.778839257812500000e+04
2.774412695312500000e+04
2.770817578125000000e+04
2.740895703125000000e+04
2.696740234375000000e+04
2.656423437500000000e+04
2.625961132812500000e+04
2.608044531250000000e+04
2.580344335937500000e+04
2.565871679687500000e+04
2.557081835937500000e+04
2.561317773437500000e+04
2.573600000000000000e+04
2.593673632812500000e+04
2.579146875000000000e+04
2.593785546875000000e+04
2.600123437500000000e+04
2.576268945312500000e+04
2.571089843750000000e+04
2.560640039062500000e+04
2.550174414062500000e+04
2.533798632812500000e+04
2.541403906250000000e+04
2.530886132812500000e+04
2.527167968750000000e+04
2.508818164062500000e+04
2.528458593750000000e+04
2.529683203125000000e+04
2.514581054687500000e+04
2.520856835937500000e+04
2.531048437500000000e+04
2.509127929687500000e+04
2.501464453125000000e+04
2.488375000000000000e+04
2.491975976562500000e+04
2.475832031250000000e+04
2.482544726562500000e+04
2.487366601562500000e+04
2.463803906250000000e+04
2.471716015625000000e+04
2.461722656250000000e+04
2.455768554687500000e+04
2.453556250000000000e+04
2.449713867187500000e+04
2.453278125000000000e+04
2.443121289062500000e+04
2.427589062500000000e+04
2.432763476562500000e+04
2.429432812500000000e+04
2.417895703125000000e+04
2.410614648437500000e+04
2.406154687500000000e+04
2.393811132812500000e+04
2.383138085937500000e+04
2.381625781250000000e+04
2.369616796875000000e+04
2.360791210937500000e+04
2.360281250000000000e+04
2.354299804687500000e+04
2.348054101562500000e+04
2.337850585937500000e+04
2.321443750000000000e+04
2.330376757812500000e+04
2.314868164062500000e+04
2.285765039062500000e+04
2.302225585937500000e+04
2.269422851562500000e+04
2.266910546875000000e+04
2.260007617187500000e+04
2.241733789062500000e+04
2.237821093750000000e+04
2.225987304687500000e+04
2.220246289062500000e+04
2.197583789062500000e+04
2.186571484375000000e+04
2.186352343750000000e+04
2.171511132812500000e+04
2.146519140625000000e+04
2.135892578125000000e+04
2.121098632812500000e+04
2.107010546875000000e+04
2.088063671875000000e+04
2.074550195312500000e+04
2.062580273437500000e+04
2.049122656250000000e+04
2.027961914062500000e+04
2.008057421875000000e+04
2.000263867187500000e+04
1.982500976562500000e+04
1.968876171875000000e+04
1.948934570312500000e+04
1.925433203125000000e+04
1.904543554687500000e+04
1.889695703125000000e+04
1.856812109375000000e+04
1.843858398437500000e+04
1.821008984375000000e+04
1.799708398437500000e+04
1.775842773437500000e+04
1.767758789062500000e+04
1.729743359375000000e+04
1.708782421875000000e+04
1.682319531250000000e+04
1.651409765625000000e+04
1.631027343750000000e+04
1.609937304687500000e+04
1.584410546875000000e+04
1.554211425781250000e+04
1.533271582031250000e+04
1.494287402343750000e+04
1.468212890625000000e+04
1.441059472656250000e+04
1.410795996093750000e+04
1.390305761718750000e+04
1.360489453125000000e+04
1.329371875000000000e+04
1.296104394531250000e+04
1.272471289062500000e+04
1.243826953125000000e+04
1.226109960937500000e+04
1.198388476562500000e+04
1.173844824218750000e+04
1.149859960937500000e+04
1.126994921875000000e+04
1.110414355468750000e+04
1.083708007812500000e+04
1.077661914062500000e+04
1.058946289062500000e+04
1.040153417968750000e+04
1.021045605468750000e+04
1.004394140625000000e+04
9.956271484375000000e+03
9.851625976562500000e+03
9.630957031250000000e+03
9.485053710937500000e+03
9.400061523437500000e+03
9.234143554687500000e+03
9.106685546875000000e+03
9.024902343750000000e+03
8.839990234375000000e+03
8.760501953125000000e+03
8.636809570312500000e+03
8.515600585937500000e+03
8.413837890625000000e+03
8.314860351562500000e+03
8.196864257812500000e+03
8.058797363281250000e+03
7.980397949218750000e+03
7.810162597656250000e+03
7.743370605468750000e+03
7.656041992187500000e+03
7.595679199218750000e+03
7.457983886718750000e+03
7.385994628906250000e+03
7.337810058593750000e+03
7.236543945312500000e+03
7.199029296875000000e+03
7.139058593750000000e+03
7.051790527343750000e+03
6.954753906250000000e+03
6.907817382812500000e+03
6.856725097656250000e+03
6.842914550781250000e+03
6.790249023437500000e+03
6.763469726562500000e+03
6.685226074218750000e+03
6.625169433593750000e+03
6.581875488281250000e+03
6.517969238281250000e+03
6.525875976562500000e+03
6.455120117187500000e+03
6.422478515625000000e+03
6.411874511718750000e+03
6.354362792968750000e+03
6.345637695312500000e+03
6.343049316406250000e+03
6.323737304687500000e+03
6.302910156250000000e+03
6.275377441406250000e+03
6.254131347656250000e+03
6.228258789062500000e+03
6.247291503906250000e+03
6.229354492187500000e+03
6.177290527343750000e+03
6.192713867187500000e+03
6.146379882812500000e+03
6.150182128906250000e+03
6.137979980468750000e+03
6.079753417968750000e+03
6.076139160156250000e+03
6.032673339843750000e+03
6.016015136718750000e+03
6.026971191406250000e+03
5.996437988281250000e+03
6.007165039062500000e+03
5.972640625000000000e+03
5.973095703125000000e+03
5.972118652343750000e+03
5.935973144531250000e+03
5.933786132812500000e+03
5.940281250000000000e+03
5.894095214843750000e+03
5.852350097656250000e+03
5.826397460937500000e+03
5.847129394531250000e+03
5.797761230468750000e+03
5.794233398437500000e+03
5.797539062500000000e+03
5.775974121093750000e+03
5.738330566406250000e+03
5.729339843750000000e+03
5.732856445312500000e+03
5.714511718750000000e+03
5.668504394531250000e+03
5.627556640625000000e+03
5.631188476562500000e+03
5.601065917968750000e+03
5.610609863281250000e+03
5.564377929687500000e+03
5.559657714843750000e+03
5.537785156250000000e+03
5.543647460937500000e+03
5.528574218750000000e+03
5.503711425781250000e+03
5.505634277343750000e+03
5.494561523437500000e+03
5.469050781250000000e+03
5.427373046875000000e+03
5.427087890625000000e+03
5.464844726562500000e+03
5.405913085937500000e+03
5.351558593750000000e+03
5.375825683593750000e+03
5.324364746093750000e+03
5.309896484375000000e+03
5.329510253906250000e+03
5.271388183593750000e+03
5.278843261718750000e+03
5.270294921875000000e+03
5.243658203125000000e+03
5.267980468750000000e+03
5.246855468750000000e+03
5.206889160156250000e+03
5.199253417968750000e+03
5.164708496093750000e+03
5.164886230468750000e+03
5.154817871093750000e+03
5.114652832031250000e+03
5.113305175781250000e+03
5.114166503906250000e+03
5.063527343750000000e+03
5.053183105468750000e+03
5.067099609375000000e+03
5.017165039062500000e+03
5.022372070312500000e+03
4.992926757812500000e+03
5.002798828125000000e+03
4.943597167968750000e+03
4.963316894531250000e+03
4.947432128906250000e+03
4.916530273437500000e+03
4.886748535156250000e+03
4.878513671875000000e+03
4.888846191406250000e+03
4.862981445312500000e+03
4.846422363281250000e+03
4.857868164062500000e+03
4.820126953125000000e+03
4.778368164062500000e+03
4.772983886718750000e+03
4.786265625000000000e+03
4.781173828125000000e+03
4.722286132812500000e+03
4.782365722656250000e+03
4.720196777343750000e+03
4.711554687500000000e+03
4.669063476562500000e+03
4.653525390625000000e+03
4.649090820312500000e+03
4.627280761718750000e+03
4.604082031250000000e+03
4.581312988281250000e+03
4.616053222656250000e+03
4.578153808593750000e+03
4.551731445312500000e+03
4.560160156250000000e+03
4.536311523437500000e+03
4.522929687500000000e+03
4.499403808593750000e+03
4.514809570312500000e+03
4.457585449218750000e+03
4.483696777343750000e+03
4.449705566406250000e+03
4.459618164062500000e+03
4.401722656250000000e+03
4.402452148437500000e+03
4.382740234375000000e+03
4.379794433593750000e+03
4.383075195312500000e+03
4.321348144531250000e+03
4.332278808593750000e+03
4.336208496093750000e+03
4.314062988281250000e+03
4.288812011718750000e+03
4.269989257812500000e+03
4.286462402343750000e+03
4.267591308593750000e+03
4.262579101562500000e+03
4.216517089843750000e+03
4.211395996093750000e+03
4.217989746093750000e+03
4.198504394531250000e+03
4.173851074218750000e+03
4.143019042968750000e+03
4.117792480468750000e+03
4.148948242187500000e+03
4.112214843750000000e+03
4.114512695312500000e+03
4.103524414062500000e+03
4.078046630859375000e+03
4.084575195312500000e+03
4.086108886718750000e+03
4.054288574218750000e+03
4.041929687500000000e+03
4.017155273437500000e+03
4.044241699218750000e+03
4.038543701171875000e+03
4.027137695312500000e+03
3.999958984375000000e+03
3.979014404296875000e+03
3.962904541015625000e+03
3.987183349609375000e+03
3.984899902343750000e+03
3.958985595703125000e+03
3.930763671875000000e+03
3.909418212890625000e+03
3.886967041015625000e+03
3.891221679687500000e+03
3.891854003906250000e+03
3.874156250000000000e+03
3.853968261718750000e+03
3.834927978515625000e+03
3.827718994140625000e+03
3.806833007812500000e+03
3.818409912109375000e+03
3.802219970703125000e+03
3.782289306640625000e+03
3.788734375000000000e+03
3.780378906250000000e+03
3.781038330078125000e+03
3.735573974609375000e+03
3.778909667968750000e+03
3.761179199218750000e+03
3.726698242187500000e+03
3.756707031250000000e+03
3.745015380859375000e+03
3.711831054687500000e+03
3.690730224609375000e+03
3.664554931640625000e+03
3.653709716796875000e+03
3.644951416015625000e+03
3.657978271484375000e+03
3.652766601562500000e+03
3.635503662109375000e+03
3.668043945312500000e+03
3.642710205078125000e+03
3.630085205078125000e+03
3.599752685546875000e+03
3.609831054687500000e+03
3.584652587890625000e+03
3.561716552734375000e+03
3.555967041015625000e+03
3.645411865234375000e+03
3.672595947265625000e+03
3.623927978515625000e+03
3.551138671875000000e+03
3.516630371093750000e+03
3.524593750000000000e+03
3.582680664062500000e+03
3.617484375000000000e+03
3.566926513671875000e+03
3.490587646484375000e+03
3.490217529296875000e+03
3.562935302734375000e+03
3.573028564453125000e+03
3.508773193359375000e+03
3.487091552734375000e+03
3.506737060546875000e+03
3.544711914062500000e+03
3.502237304687500000e+03
3.433186279296875000e+03
3.428107177734375000e+03
3.463568359375000000e+03
3.478775390625000000e+03
3.427538574218750000e+03
3.416960693359375000e+03
3.450552001953125000e+03
3.456962402343750000e+03
3.434618408203125000e+03
3.371860351562500000e+03
3.386046875000000000e+03
3.396895263671875000e+03
3.396496582031250000e+03
3.347641601562500000e+03
3.352785888671875000e+03
3.369978515625000000e+03
3.400098388671875000e+03
3.337385253906250000e+03
3.295537597656250000e+03
3.323114990234375000e+03
3.373393554687500000e+03
3.319084960937500000e+03
3.317203369140625000e+03
3.281775390625000000e+03
3.306575927734375000e+03
3.272895996093750000e+03
3.271981201171875000e+03
3.253545654296875000e+03
3.302416259765625000e+03
3.255937011718750000e+03
3.278083007812500000e+03
3.265646240234375000e+03
3.230592529296875000e+03
3.227865234375000000e+03
3.261370361328125000e+03
3.242741943359375000e+03
3.201525634765625000e+03
3.210378906250000000e+03
3.200542236328125000e+03
3.232166259765625000e+03
3.205207519531250000e+03
3.207533935546875000e+03
3.194008544921875000e+03
3.185990234375000000e+03
3.176421875000000000e+03
3.179619628906250000e+03
3.166954589843750000e+03
3.136864990234375000e+03
3.153080078125000000e+03
3.143889648437500000e+03
3.144356933593750000e+03
3.145851074218750000e+03
3.148316894531250000e+03
3.136012695312500000e+03
3.137823242187500000e+03
3.140275390625000000e+03
3.119799560546875000e+03
3.091561279296875000e+03
3.105674072265625000e+03
3.103709716796875000e+03
3.096520019531250000e+03
3.101299560546875000e+03
3.120303955078125000e+03
3.111477050781250000e+03
3.132169189453125000e+03
3.115461181640625000e+03
3.096126220703125000e+03
3.089144042968750000e+03
3.114354980468750000e+03
3.093733886718750000e+03
3.119235595703125000e+03
3.102228027343750000e+03
3.094349609375000000e+03
3.051442626953125000e+03
3.016367187500000000e+03
3.007069335937500000e+03
3.030544677734375000e+03
3.052248535156250000e+03
3.067098632812500000e+03
3.040170410156250000e+03
3.066063964843750000e+03
3.048656250000000000e+03
3.041215087890625000e+03
3.002979003906250000e+03
3.015766845703125000e+03
3.000091308593750000e+03
2.991584960937500000e+03
2.950877929687500000e+03
2.957694335937500000e+03
2.951897705078125000e+03
2.946752685546875000e+03
2.942132568359375000e+03
2.947672363281250000e+03
2.935854248046875000e+03
2.947303955078125000e+03
2.961655273437500000e+03
2.963708740234375000e+03
2.954397705078125000e+03
2.965453369140625000e+03
2.937377929687500000e+03
2.961407714843750000e+03
2.949549560546875000e+03
2.931464599609375000e+03
2.921864990234375000e+03
2.901144531250000000e+03
2.892882324218750000e+03
2.874154052734375000e+03
2.856981689453125000e+03
2.899847412109375000e+03
2.935633544921875000e+03
2.982116943359375000e+03
3.031899658203125000e+03
3.046408203125000000e+03
3.038709228515625000e+03
2.945594970703125000e+03
2.870753417968750000e+03
2.850605224609375000e+03
2.877586181640625000e+03
2.943375244140625000e+03
2.978702392578125000e+03
2.983842041015625000e+03
2.899255615234375000e+03
2.838991943359375000e+03
2.811667968750000000e+03
2.823422363281250000e+03
2.839218750000000000e+03
2.841170898437500000e+03
2.822093261718750000e+03
2.814139892578125000e+03
2.798288330078125000e+03
2.770000732421875000e+03
2.794645751953125000e+03
2.803050292968750000e+03
2.815550537109375000e+03
2.851131591796875000e+03
2.819274414062500000e+03
2.821022216796875000e+03
2.804754638671875000e+03
2.776355224609375000e+03
2.775560546875000000e+03
2.753806640625000000e+03
2.738778808593750000e+03
2.747825683593750000e+03
2.734243408203125000e+03
2.731163574218750000e+03
2.756303710937500000e+03
2.749985351562500000e+03
2.774616455078125000e+03
2.771179199218750000e+03
2.777051025390625000e+03
2.742753906250000000e+03
2.697901367187500000e+03
2.702503662109375000e+03
2.730555419921875000e+03
2.750453369140625000e+03
2.782928222656250000e+03
2.781135742187500000e+03
2.821061523437500000e+03
2.793862548828125000e+03
2.748968261718750000e+03
2.723701904296875000e+03
2.677095458984375000e+03
2.661957763671875000e+03
2.685053710937500000e+03
2.732214355468750000e+03
2.803889892578125000e+03
2.843981933593750000e+03
2.855290527343750000e+03
2.772305664062500000e+03
2.688003417968750000e+03
2.638610595703125000e+03
2.644045898437500000e+03
2.680069824218750000e+03
2.677086425781250000e+03
2.654891357421875000e+03
2.651497558593750000e+03
2.642646240234375000e+03
2.613733154296875000e+03
2.607562011718750000e+03
2.609567382812500000e+03
2.588760009765625000e+03
2.624104248046875000e+03
2.616155029296875000e+03
2.623813720703125000e+03
2.623179443359375000e+03
2.606190185546875000e+03
2.617843017578125000e+03
2.627641601562500000e+03
2.627992187500000000e+03
2.601564208984375000e+03
2.578565185546875000e+03
2.579843505859375000e+03
2.568693603515625000e+03
2.576371093750000000e+03
2.572367431640625000e+03
2.591968261718750000e+03
2.654063720703125000e+03
2.697625244140625000e+03
2.710674560546875000e+03
2.688040039062500000e+03
2.652961181640625000e+03
2.617135009765625000e+03
2.585849853515625000e+03
2.551242919921875000e+03
2.507002685546875000e+03
2.535668212890625000e+03
2.520281250000000000e+03
2.534047363281250000e+03
2.556429931640625000e+03
2.552942138671875000e+03
2.580267089843750000e+03
2.627678466796875000e+03
2.670144531250000000e+03
2.677644531250000000e+03
2.663125488281250000e+03
2.617528076171875000e+03
2.566446777343750000e+03
2.511969482421875000e+03
2.465654785156250000e+03
2.476471435546875000e+03
2.498697753906250000e+03
2.498295654296875000e+03
2.501450927734375000e+03
2.496580566406250000e+03
2.484362060546875000e+03
2.492557861328125000e+03
2.470254394531250000e+03
2.465700195312500000e+03
2.453102050781250000e+03
2.443688232421875000e+03
2.436701416015625000e+03
2.435395263671875000e+03
2.427307373046875000e+03
2.444649658203125000e+03
2.487963867187500000e+03
2.517466064453125000e+03
2.562064697265625000e+03
2.593860595703125000e+03
2.613878173828125000e+03
2.573114013671875000e+03
2.536433593750000000e+03
2.441546386718750000e+03
2.398668701171875000e+03
2.401540039062500000e+03
2.426989746093750000e+03
2.428723388671875000e+03
2.433765380859375000e+03
2.463842529296875000e+03
2.493129394531250000e+03
2.557210205078125000e+03
2.622461425781250000e+03
2.663042724609375000e+03
2.580162109375000000e+03
2.473136718750000000e+03
2.391254394531250000e+03
2.360780761718750000e+03
2.407509277343750000e+03
2.450128173828125000e+03
2.514093017578125000e+03
2.503049560546875000e+03
2.476144531250000000e+03
2.400705566406250000e+03
2.356447753906250000e+03
2.332658203125000000e+03
2.408892578125000000e+03
2.495425292968750000e+03
2.517213378906250000e+03
2.505776855468750000e+03
2.424746582031250000e+03
2.329534423828125000e+03
2.326937011718750000e+03
2.355991943359375000e+03
2.409362304687500000e+03
2.390173095703125000e+03
2.390150390625000000e+03
2.389068359375000000e+03
2.349852783203125000e+03
2.314578369140625000e+03
2.315617431640625000e+03
2.302453613281250000e+03
2.314651123046875000e+03
2.334343017578125000e+03
2.331685546875000000e+03
2.314107421875000000e+03
2.305610595703125000e+03
2.286625000000000000e+03
2.275451416015625000e+03
2.280135253906250000e+03
2.285566894531250000e+03
2.262996337890625000e+03
2.278034912109375000e+03
2.276030761718750000e+03
2.247959472656250000e+03
2.267201904296875000e+03
2.263768554687500000e+03
2.260562988281250000e+03
2.247465820312500000e+03
2.272427734375000000e+03
2.271322509765625000e+03
2.293417724609375000e+03
2.332451416015625000e+03
2.376647705078125000e+03
2.483815185546875000e+03
2.576633544921875000e+03
2.571322021484375000e+03
2.452313232421875000e+03
2.346484375000000000e+03
2.251517578125000000e+03
2.242819580078125000e+03
2.337226806640625000e+03
2.366607177734375000e+03
2.406988525390625000e+03
2.362868408203125000e+03
2.336733398437500000e+03
2.262748291015625000e+03
2.243198730468750000e+03
2.215320800781250000e+03
2.194388183593750000e+03
2.203037597656250000e+03
2.192690429687500000e+03
2.198457031250000000e+03
2.194763671875000000e+03
2.190126708984375000e+03
2.202849121093750000e+03
2.218597167968750000e+03
2.245991943359375000e+03
2.269832519531250000e+03
2.325715820312500000e+03
2.345876708984375000e+03
2.417495361328125000e+03
2.328460449218750000e+03
2.236293212890625000e+03
2.167076904296875000e+03
2.161074462890625000e+03
2.185129394531250000e+03
2.226830566406250000e+03
2.305744384765625000e+03
2.317336914062500000e+03
2.335221435546875000e+03
2.311365478515625000e+03
2.271054687500000000e+03
2.187286865234375000e+03
2.148341552734375000e+03
2.120497558593750000e+03
2.178423095703125000e+03
2.225604248046875000e+03
2.266045166015625000e+03
2.284309082031250000e+03
2.246117187500000000e+03
2.217977050781250000e+03
2.148950927734375000e+03
2.114498535156250000e+03
2.112111572265625000e+03
2.135835449218750000e+03
2.148819824218750000e+03
2.164519531250000000e+03
2.190313964843750000e+03
2.176947753906250000e+03
2.232730468750000000e+03
2.208297607421875000e+03
2.235910400390625000e+03
2.210482910156250000e+03
2.180280273437500000e+03
2.132212402343750000e+03
2.082184326171875000e+03
2.087870117187500000e+03
2.122178222656250000e+03
2.154509521484375000e+03
2.173229492187500000e+03
2.172852539062500000e+03
2.197679443359375000e+03
2.178968505859375000e+03
2.160358886718750000e+03
2.136925048828125000e+03
2.075959228515625000e+03
2.061082031250000000e+03
2.058241699218750000e+03
2.064968261718750000e+03
2.071560302734375000e+03
2.097448486328125000e+03
2.151525878906250000e+03
2.223450683593750000e+03
2.279419921875000000e+03
2.278115722656250000e+03
2.242194091796875000e+03
2.124871093750000000e+03
2.054093994140625000e+03
2.037327148437500000e+03
2.047297607421875000e+03
2.099325927734375000e+03
2.147132568359375000e+03
2.187626953125000000e+03
2.185845703125000000e+03
2.163230712890625000e+03
2.099864013671875000e+03
2.069814941406250000e+03
2.042378173828125000e+03
2.024017944335937500e+03
2.011124267578125000e+03
2.003600830078125000e+03
2.012014282226562500e+03
2.011918945312500000e+03
2.034315673828125000e+03
2.039261352539062500e+03
2.084130615234375000e+03
2.148012207031250000e+03
2.213467285156250000e+03
2.199679199218750000e+03
2.187554687500000000e+03
2.082059570312500000e+03
2.019678955078125000e+03
1.976328857421875000e+03
2.013252929687500000e+03
2.048172363281250000e+03
2.074906005859375000e+03
2.119645263671875000e+03
2.172462158203125000e+03
2.168600585937500000e+03
2.145871582031250000e+03
2.097392089843750000e+03
2.019261596679687500e+03
1.990870483398437500e+03
1.964382690429687500e+03
1.952683105468750000e+03
1.966124023437500000e+03
1.980620117187500000e+03
2.000927368164062500e+03
2.030897827148437500e+03
2.106118896484375000e+03
2.145825195312500000e+03
2.158689208984375000e+03
2.093279785156250000e+03
2.011838500976562500e+03
1.974900512695312500e+03
1.933084106445312500e+03
1.961568969726562500e+03
2.007493530273437500e+03
2.078959960937500000e+03
2.101784912109375000e+03
2.071859863281250000e+03
1.987630981445312500e+03
1.956440185546875000e+03
1.924438842773437500e+03
1.906022705078125000e+03
1.914082641601562500e+03
1.922674682617187500e+03
1.967541625976562500e+03
2.009045166015625000e+03
2.072884521484375000e+03
2.101424560546875000e+03
2.123025146484375000e+03
2.049647705078125000e+03
1.964369506835937500e+03
1.906507202148437500e+03
1.898142089843750000e+03
1.910820190429687500e+03
1.959450927734375000e+03
2.047695922851562500e+03
2.126963867187500000e+03
2.116650390625000000e+03
2.027549316406250000e+03
1.959557861328125000e+03
1.878569702148437500e+03
1.867998291015625000e+03
1.869712036132812500e+03
1.903272705078125000e+03
1.934969360351562500e+03
1.965115356445312500e+03
2.024162475585937500e+03
2.040647338867187500e+03
1.994027343750000000e+03
1.939572631835937500e+03
1.903271362304687500e+03
1.889080444335937500e+03
1.849385986328125000e+03
1.839835205078125000e+03
1.847318481445312500e+03
1.851601928710937500e+03
1.845533691406250000e+03
1.870419311523437500e+03
1.926027465820312500e+03
2.049793945312500000e+03
2.168282958984375000e+03
2.118086914062500000e+03
1.964496948242187500e+03
1.890157470703125000e+03
1.833446655273437500e+03
1.851768676757812500e+03
1.929222656250000000e+03
1.977687866210937500e+03
2.034732299804687500e+03
2.011312988281250000e+03
1.936212158203125000e+03
1.883847656250000000e+03
1.870978637695312500e+03
1.832618530273437500e+03
1.836012329101562500e+03
1.821170288085937500e+03
1.813458007812500000e+03
1.814402465820312500e+03
1.806061035156250000e+03
1.814140014648437500e+03
1.806604858398437500e+03
1.824467773437500000e+03
1.907491455078125000e+03
1.994387329101562500e+03
2.102351318359375000e+03
2.100967041015625000e+03
2.018773925781250000e+03
1.857599121093750000e+03
1.800723510742187500e+03
1.776417358398437500e+03
1.812148925781250000e+03
1.899151855468750000e+03
1.968063598632812500e+03
1.991252807617187500e+03
1.963928466796875000e+03
1.897853515625000000e+03
1.850061645507812500e+03
1.803491699218750000e+03
1.803611450195312500e+03
1.810584106445312500e+03
1.792392456054687500e+03
1.817807983398437500e+03
1.821568969726562500e+03
1.874929321289062500e+03
1.910636596679687500e+03
1.948702148437500000e+03
1.932230102539062500e+03
1.903800659179687500e+03
1.846393676757812500e+03
1.813858276367187500e+03
1.759642089843750000e+03
1.745943969726562500e+03
1.729167602539062500e+03
1.751913330078125000e+03
1.773757446289062500e+03
1.809611938476562500e+03
1.904383178710937500e+03
2.016074462890625000e+03
2.022202148437500000e+03
1.922148315429687500e+03
1.844227783203125000e+03
1.757249267578125000e+03
1.729514770507812500e+03
1.736738647460937500e+03
1.729185668945312500e+03
1.775169921875000000e+03
1.806511962890625000e+03
1.850528686523437500e+03
1.910820190429687500e+03
1.930289428710937500e+03
1.887673706054687500e+03
1.825146484375000000e+03
1.751864501953125000e+03
1.736488037109375000e+03
1.703794311523437500e+03
1.711474609375000000e+03
1.703367431640625000e+03
1.708342773437500000e+03
1.694369873046875000e+03
1.702731201171875000e+03
1.719437622070312500e+03
1.790396606445312500e+03
1.944532836914062500e+03
2.112702636718750000e+03
1.994544921875000000e+03
1.788063476562500000e+03
1.717231689453125000e+03
1.696484863281250000e+03
1.729193847656250000e+03
1.858319335937500000e+03
1.943859130859375000e+03
1.946032592773437500e+03
1.891117797851562500e+03
1.797491699218750000e+03
1.733235595703125000e+03
1.701560668945312500e+03
1.696253784179687500e+03
1.699400756835937500e+03
1.717752197265625000e+03
1.734923828125000000e+03
1.791668457031250000e+03
1.853356201171875000e+03
1.901197265625000000e+03
1.868748657226562500e+03
1.770833496093750000e+03
1.738505859375000000e+03
1.696325195312500000e+03
1.679320922851562500e+03
1.676995483398437500e+03
1.694939941406250000e+03
1.750046142578125000e+03
1.803433959960937500e+03
1.875135864257812500e+03
1.873016113281250000e+03
1.808747436523437500e+03
1.734314208984375000e+03
1.699020263671875000e+03
1.675741821289062500e+03
1.678035766601562500e+03
1.679573974609375000e+03
1.695659790039062500e+03
1.745259277343750000e+03
1.797561767578125000e+03
1.825450195312500000e+03
1.838644775390625000e+03
1.812216186523437500e+03
1.759647949218750000e+03
1.742837646484375000e+03
1.677095092773437500e+03
1.655840332031250000e+03
1.634583129882812500e+03
1.616645141601562500e+03
1.616241088867187500e+03
1.613806152343750000e+03
1.618087280273437500e+03
1.616924194335937500e+03
1.606983520507812500e+03
1.605865600585937500e+03
1.605622192382812500e+03
1.610597534179687500e+03
1.601666992187500000e+03
1.598177368164062500e+03
1.628600341796875000e+03
1.686829467773437500e+03
1.891516357421875000e+03
2.044647827148437500e+03
1.880871093750000000e+03
1.709271972656250000e+03
1.630330810546875000e+03
1.601461669921875000e+03
1.595910156250000000e+03
1.606681274414062500e+03
1.651552612304687500e+03
1.733490600585937500e+03
1.818517822265625000e+03
1.837897460937500000e+03
1.812056152343750000e+03
1.758381347656250000e+03
1.709533203125000000e+03
1.682486450195312500e+03
1.676999755859375000e+03
1.678749511718750000e+03
1.686866088867187500e+03
1.728208618164062500e+03
1.753813476562500000e+03
1.781833374023437500e+03
1.761558349609375000e+03
1.703929809570312500e+03
1.664088134765625000e+03
1.650882934570312500e+03
1.615600097656250000e+03
1.598983520507812500e+03
1.598256835937500000e+03
1.612073852539062500e+03
1.653675537109375000e+03
1.698258789062500000e+03
1.800496948242187500e+03
1.834937622070312500e+03
1.814906982421875000e+03
1.704599975585937500e+03
1.645658447265625000e+03
1.609346923828125000e+03
1.599196777343750000e+03
1.619909667968750000e+03
1.648059204101562500e+03
1.694307128906250000e+03
1.741781616210937500e+03
1.748541015625000000e+03
1.717292114257812500e+03
1.700036621093750000e+03
1.664247314453125000e+03
1.647511352539062500e+03
1.632724365234375000e+03
1.632059814453125000e+03
1.610380859375000000e+03
1.609558471679687500e+03
1.614047973632812500e+03
1.632496826171875000e+03
1.645364624023437500e+03
1.686106323242187500e+03
1.699139038085937500e+03
1.696961669921875000e+03
1.669542480468750000e+03
1.652327270507812500e+03
1.624799316406250000e+03
1.613738769531250000e+03
1.586229614257812500e+03
1.586032348632812500e+03
1.576783325195312500e+03
1.601760131835937500e+03
1.631351196289062500e+03
1.675976440429687500e+03
1.675649658203125000e+03
1.704620605468750000e+03
1.686282592773437500e+03
1.667193115234375000e+03
1.631582519531250000e+03
1.574001831054687500e+03
1.554104614257812500e+03
1.520436645507812500e+03
1.521861328125000000e+03
1.503223876953125000e+03
1.531603637695312500e+03
1.595101196289062500e+03
1.716013427734375000e+03
1.808746459960937500e+03
1.825653320312500000e+03
1.651554687500000000e+03
1.565150756835937500e+03
1.529729614257812500e+03
1.506261352539062500e+03
1.511288696289062500e+03
1.523804809570312500e+03
1.556188964843750000e+03
1.615892333984375000e+03
1.745150634765625000e+03
1.857285278320312500e+03
1.699909423828125000e+03
1.567686767578125000e+03
1.509609375000000000e+03
1.483589599609375000e+03
1.479115356445312500e+03
1.479298095703125000e+03
1.492740844726562500e+03
1.517550659179687500e+03
1.615128173828125000e+03
1.764117309570312500e+03
1.910136596679687500e+03
1.681220703125000000e+03
1.536638793945312500e+03
1.488254516601562500e+03
1.461511840820312500e+03
1.469027709960937500e+03
1.490106323242187500e+03
1.535259521484375000e+03
1.641987426757812500e+03
1.783381347656250000e+03
1.716283935546875000e+03
1.621157348632812500e+03
1.532886352539062500e+03
1.485272094726562500e+03
1.487185424804687500e+03
1.467975463867187500e+03
1.486207153320312500e+03
1.520025024414062500e+03
1.617594360351562500e+03
1.769218139648437500e+03
1.733922973632812500e+03
1.660094604492187500e+03
1.560402709960937500e+03
1.510591430664062500e+03
1.510099487304687500e+03
1.522336181640625000e+03
1.547124755859375000e+03
1.579520263671875000e+03
1.591135009765625000e+03
1.622416625976562500e+03
1.600390625000000000e+03
1.577040771484375000e+03
1.550063964843750000e+03
1.570746948242187500e+03
1.583948852539062500e+03
1.592384033203125000e+03
1.577903930664062500e+03
1.582784790039062500e+03
1.559643310546875000e+03
1.573853149414062500e+03
1.589349975585937500e+03
1.594892089843750000e+03
1.583229858398437500e+03
1.548597167968750000e+03
1.533510131835937500e+03
1.521407104492187500e+03
1.523936157226562500e+03
1.516629638671875000e+03
1.517049194335937500e+03
1.551237670898437500e+03
1.581001098632812500e+03
1.593136596679687500e+03
1.560801635742187500e+03
1.541173828125000000e+03
1.537266113281250000e+03
1.530653686523437500e+03
1.537244506835937500e+03
1.546848022460937500e+03
1.532956298828125000e+03
1.509227172851562500e+03
1.490103271484375000e+03
1.488114501953125000e+03
1.483711791992187500e+03
1.504134033203125000e+03
1.515777832031250000e+03
1.552157592773437500e+03
1.577413696289062500e+03
1.580408691406250000e+03
1.591909179687500000e+03
1.602291015625000000e+03
1.554580932617187500e+03
1.497287841796875000e+03
1.470740966796875000e+03
1.442623535156250000e+03
1.434584594726562500e+03
1.438477172851562500e+03
1.458238159179687500e+03
1.493243164062500000e+03
1.579297119140625000e+03
1.699746948242187500e+03
1.648328369140625000e+03
1.547576782226562500e+03
1.463839355468750000e+03
1.434460937500000000e+03
1.433698852539062500e+03
1.428333984375000000e+03
1.437841674804687500e+03
1.480719970703125000e+03
1.520550659179687500e+03
1.565150268554687500e+03
1.569910034179687500e+03
1.553330322265625000e+03
1.521003540039062500e+03
1.508947265625000000e+03
1.506578613281250000e+03
1.516164794921875000e+03
1.487220703125000000e+03
1.471931762695312500e+03
1.464201660156250000e+03
1.471102294921875000e+03
1.484081176757812500e+03
1.503552612304687500e+03
1.521262207031250000e+03
1.519483154296875000e+03
1.499375122070312500e+03
1.513823120117187500e+03
1.503603271484375000e+03
1.503034301757812500e+03
1.499765625000000000e+03
1.511018432617187500e+03
1.488445678710937500e+03
1.505401855468750000e+03
1.495380371093750000e+03
1.495348022460937500e+03
1.482594360351562500e+03
1.480802978515625000e+03
1.478837280273437500e+03
1.481055297851562500e+03
1.473674438476562500e+03
1.506597290039062500e+03
1.467536132812500000e+03
1.489532958984375000e+03
1.484500000000000000e+03
1.486932373046875000e+03
1.472667968750000000e+03
1.480279174804687500e+03
1.467178466796875000e+03
1.476900756835937500e+03
1.454731323242187500e+03
1.474098632812500000e+03
1.469486938476562500e+03
1.474660156250000000e+03
1.433100830078125000e+03
1.437672119140625000e+03
1.448858764648437500e+03
1.479646118164062500e+03
1.517139282226562500e+03
1.576176025390625000e+03
1.544526611328125000e+03
1.479975463867187500e+03
1.418485595703125000e+03
1.400590454101562500e+03
1.391831542968750000e+03
1.388479736328125000e+03
1.396043945312500000e+03
1.429412475585937500e+03
1.473415283203125000e+03
1.525459472656250000e+03
1.520633666992187500e+03
1.508127319335937500e+03
1.472007934570312500e+03
1.455420654296875000e+03
1.443604614257812500e+03
1.444641113281250000e+03
1.429952026367187500e+03
1.429596801757812500e+03
1.441500488281250000e+03
1.445553833007812500e+03
1.442989501953125000e+03
1.460743652343750000e+03
1.452254516601562500e+03
1.476010620117187500e+03
1.468194091796875000e+03
1.498864501953125000e+03
1.485079833984375000e+03
1.482365844726562500e+03
1.445936279296875000e+03
1.393592895507812500e+03
1.369049926757812500e+03
1.358340454101562500e+03
1.361556518554687500e+03
1.370363769531250000e+03
1.416624023437500000e+03
1.494578491210937500e+03
1.557542968750000000e+03
1.560945800781250000e+03
1.466636108398437500e+03
1.415868286132812500e+03
1.396208862304687500e+03
1.388474609375000000e+03
1.372430419921875000e+03
1.409910644531250000e+03
1.445207275390625000e+03
1.482996826171875000e+03
1.496099121093750000e+03
1.472162597656250000e+03
1.408258178710937500e+03
1.369158203125000000e+03
1.371733276367187500e+03
1.376367187500000000e+03
1.402884033203125000e+03
1.462183349609375000e+03
1.486199340820312500e+03
1.518572998046875000e+03
1.457509521484375000e+03
1.418327026367187500e+03
1.371974243164062500e+03
1.349491210937500000e+03
1.336471435546875000e+03
1.340976440429687500e+03
1.351993896484375000e+03
1.352930175781250000e+03
1.403299194335937500e+03
1.482191650390625000e+03
1.533749267578125000e+03
1.546037109375000000e+03
1.477906372070312500e+03
1.413295654296875000e+03
1.375111694335937500e+03
1.350829345703125000e+03
1.347943481445312500e+03
1.362392700195312500e+03
1.383572998046875000e+03
1.430161987304687500e+03
1.470397094726562500e+03
1.491407592773437500e+03
1.447357666015625000e+03
1.418144287109375000e+03
1.358926025390625000e+03
1.347326782226562500e+03
1.331795043945312500e+03
1.356129394531250000e+03
1.408104125976562500e+03
1.472233032226562500e+03
1.484185180664062500e+03
1.460713623046875000e+03
1.410046875000000000e+03
1.369347534179687500e+03
1.346060668945312500e+03
1.340337524414062500e+03
1.359147460937500000e+03
1.396789184570312500e+03
1.459824829101562500e+03
1.514661987304687500e+03
1.488383789062500000e+03
1.437341796875000000e+03
1.360328613281250000e+03
1.339419189453125000e+03
1.336010864257812500e+03
1.322552612304687500e+03
1.339023071289062500e+03
1.359428344726562500e+03
1.396459228515625000e+03
1.431130371093750000e+03
1.463210693359375000e+03
1.475790039062500000e+03
1.407666259765625000e+03
1.359855102539062500e+03
1.340450805664062500e+03
1.305312500000000000e+03
1.291562377929687500e+03
1.303554321289062500e+03
1.330420532226562500e+03
1.388300781250000000e+03
1.436635375976562500e+03
1.518229125976562500e+03
1.476155273437500000e+03
1.441970092773437500e+03
1.358470214843750000e+03
1.308461425781250000e+03
1.285959594726562500e+03
1.278160278320312500e+03
1.292752807617187500e+03
1.292536376953125000e+03
1.338365478515625000e+03
1.434688964843750000e+03
1.493328369140625000e+03
1.521181518554687500e+03
1.421315307617187500e+03
1.358760009765625000e+03
1.298074829101562500e+03
1.289437255859375000e+03
1.267097167968750000e+03
1.273536865234375000e+03
1.276012329101562500e+03
1.300549682617187500e+03
1.353460205078125000e+03
1.463138305664062500e+03
1.540944824218750000e+03
1.519900756835937500e+03
1.377537719726562500e+03
1.305514526367187500e+03
1.278545410156250000e+03
1.270190551757812500e+03
1.268170043945312500e+03
1.264689086914062500e+03
1.265497192382812500e+03
1.261895629882812500e+03
1.252153686523437500e+03
1.268694946289062500e+03
1.294999877929687500e+03
1.356766845703125000e+03
1.476859375000000000e+03
1.515271972656250000e+03
1.495878173828125000e+03
1.360087646484375000e+03
1.299154663085937500e+03
1.277686523437500000e+03
1.269625122070312500e+03
1.279260131835937500e+03
1.288244018554687500e+03
1.340633544921875000e+03
1.410534545898437500e+03
1.484785522460937500e+03
1.513852783203125000e+03
1.412690673828125000e+03
1.340723999023437500e+03
1.304182373046875000e+03
1.300222900390625000e+03
1.319895629882812500e+03
1.345794311523437500e+03
1.433612792968750000e+03
1.497443481445312500e+03
1.460174804687500000e+03
1.380147705078125000e+03
1.318984497070312500e+03
1.274399780273437500e+03
1.271807495117187500e+03
1.257980102539062500e+03
1.287449951171875000e+03
1.345115112304687500e+03
1.450076782226562500e+03
1.556654785156250000e+03
1.493976196289062500e+03
1.405937133789062500e+03
1.318607543945312500e+03
1.273741943359375000e+03
1.257557373046875000e+03
1.260369628906250000e+03
1.269628906250000000e+03
1.296017578125000000e+03
1.376785034179687500e+03
1.472990478515625000e+03
1.494571044921875000e+03
1.420562988281250000e+03
1.329323242187500000e+03
1.279648437500000000e+03
1.254035156250000000e+03
1.245874267578125000e+03
1.259214477539062500e+03
1.285784790039062500e+03
1.330984619140625000e+03
1.429058471679687500e+03
1.500366210937500000e+03
1.479282958984375000e+03
1.364708374023437500e+03
1.276412475585937500e+03
1.252930664062500000e+03
1.232059570312500000e+03
1.237839843750000000e+03
1.216862792968750000e+03
1.255483764648437500e+03
1.311587280273437500e+03
1.406346191406250000e+03
1.514016113281250000e+03
1.515832275390625000e+03
1.362535034179687500e+03
1.281786010742187500e+03
1.231390380859375000e+03
1.223346557617187500e+03
1.220026855468750000e+03
1.222939208984375000e+03
1.240408447265625000e+03
1.294332763671875000e+03
1.377813354492187500e+03
1.499015014648437500e+03
1.525612792968750000e+03
1.392125488281250000e+03
1.294692016601562500e+03
1.245807495117187500e+03
1.232025024414062500e+03
1.222985839843750000e+03
1.226521850585937500e+03
1.243885864257812500e+03
1.264275390625000000e+03
1.286781127929687500e+03
1.355380371093750000e+03
1.449513183593750000e+03
1.511225097656250000e+03
1.385284423828125000e+03
1.295439819335937500e+03
1.241658691406250000e+03
1.225060546875000000e+03
1.219269531250000000e+03
1.204175292968750000e+03
1.209856323242187500e+03
1.218477783203125000e+03
1.219305297851562500e+03
1.218764770507812500e+03
1.231519042968750000e+03
1.302136962890625000e+03
1.395483764648437500e+03
1.506772705078125000e+03
1.451234008789062500e+03
1.369578613281250000e+03
1.278036010742187500e+03
1.251547119140625000e+03
1.252819213867187500e+03
1.266183593750000000e+03
1.281968872070312500e+03
1.329609375000000000e+03
1.421880126953125000e+03
1.462115844726562500e+03
1.410725463867187500e+03
1.345080566406250000e+03
1.269564208984375000e+03
1.243620239257812500e+03
1.214124633789062500e+03
1.221266601562500000e+03
1.235779418945312500e+03
1.277579956054687500e+03
1.356170532226562500e+03
1.465488037109375000e+03
1.466857177734375000e+03
1.381740600585937500e+03
1.285458740234375000e+03
1.251803222656250000e+03
1.213566528320312500e+03
1.220475708007812500e+03
1.204271484375000000e+03
1.222826049804687500e+03
1.253220825195312500e+03
1.325710815429687500e+03
1.428309936523437500e+03
1.516438842773437500e+03
1.405214355468750000e+03
1.326922485351562500e+03
1.246767456054687500e+03
1.212882934570312500e+03
1.198115478515625000e+03
1.196162109375000000e+03
1.196830566406250000e+03
1.222077880859375000e+03
1.298142456054687500e+03
1.392186523437500000e+03
1.501696166992187500e+03
1.439150878906250000e+03
1.328195678710937500e+03
1.234741943359375000e+03
1.195063110351562500e+03
1.189868286132812500e+03
1.201298461914062500e+03
1.220735717773437500e+03
1.285363159179687500e+03
1.397218627929687500e+03
1.512691650390625000e+03
1.464830444335937500e+03
1.321035278320312500e+03
1.233582763671875000e+03
1.191669677734375000e+03
1.181300781250000000e+03
1.173400756835937500e+03
1.196578125000000000e+03
1.275718872070312500e+03
1.387006958007812500e+03
1.502405639648437500e+03
1.439625976562500000e+03
1.326004394531250000e+03
1.259165161132812500e+03
1.225994628906250000e+03
1.215023681640625000e+03
1.214535888671875000e+03
1.220480102539062500e+03
1.232051269531250000e+03
1.288702270507812500e+03
1.361327880859375000e+03
1.452846923828125000e+03
1.435615112304687500e+03
1.310933593750000000e+03
1.238589843750000000e+03
1.195445190429687500e+03
1.172110595703125000e+03
1.181792358398437500e+03
1.180246215820312500e+03
1.234132690429687500e+03
1.297049682617187500e+03
1.395879760742187500e+03
1.436421875000000000e+03
1.390519409179687500e+03
1.287092895507812500e+03
1.220828247070312500e+03
1.198439941406250000e+03
1.187284301757812500e+03
1.187992675781250000e+03
1.192846557617187500e+03
1.254315185546875000e+03
1.320224121093750000e+03
1.406250610351562500e+03
1.426307006835937500e+03
1.329183471679687500e+03
1.253542724609375000e+03
1.204058349609375000e+03
1.177998535156250000e+03
1.179384033203125000e+03
1.178288818359375000e+03
1.174443115234375000e+03
1.192877441406250000e+03
1.236960327148437500e+03
1.343260253906250000e+03
1.458964599609375000e+03
1.435003295898437500e+03
1.355025634765625000e+03
1.255413330078125000e+03
1.208193847656250000e+03
1.174685546875000000e+03
1.167864379882812500e+03
1.162765502929687500e+03
1.170077270507812500e+03
1.167227905273437500e+03
1.174632568359375000e+03
1.200530883789062500e+03
1.276252441406250000e+03
1.429755615234375000e+03
1.482158203125000000e+03
1.393965698242187500e+03
1.247593627929687500e+03
1.184440185546875000e+03
1.158447631835937500e+03
1.156639526367187500e+03
1.200867919921875000e+03
1.273067504882812500e+03
1.390073608398437500e+03
1.458160522460937500e+03
1.382321777343750000e+03
1.256005737304687500e+03
1.197677856445312500e+03
1.171522338867187500e+03
1.156081542968750000e+03
1.156617431640625000e+03
1.152683349609375000e+03
1.157236206054687500e+03
1.162950805664062500e+03
1.176826904296875000e+03
1.206142578125000000e+03
1.296142211914062500e+03
1.442596679687500000e+03
1.507533935546875000e+03
1.307624023437500000e+03
1.211432128906250000e+03
1.163479858398437500e+03
1.157408325195312500e+03
1.196310302734375000e+03
1.261822265625000000e+03
1.363025268554687500e+03
1.444864624023437500e+03
1.405850830078125000e+03
1.315193969726562500e+03
1.227927246093750000e+03
1.188079956054687500e+03
1.166986450195312500e+03
1.155240600585937500e+03
1.157231567382812500e+03
1.157419555664062500e+03
1.152855346679687500e+03
1.146516845703125000e+03
1.139678344726562500e+03
1.144513305664062500e+03
1.146953857421875000e+03
1.147999511718750000e+03
1.152114013671875000e+03
1.150089111328125000e+03
1.169971801757812500e+03
1.183451049804687500e+03
1.250290283203125000e+03
1.354544433593750000e+03
1.437575683593750000e+03
1.447358764648437500e+03
1.301931518554687500e+03
1.223843994140625000e+03
1.174157348632812500e+03
1.169010253906250000e+03
1.145522949218750000e+03
1.149935180664062500e+03
1.149000732421875000e+03
1.171503540039062500e+03
1.207482177734375000e+03
1.323692871093750000e+03
1.475346435546875000e+03
1.493619628906250000e+03
1.301869018554687500e+03
1.197207031250000000e+03
1.148648559570312500e+03
1.139314941406250000e+03
1.193859008789062500e+03
1.296488891601562500e+03
1.460416137695312500e+03
1.446620361328125000e+03
1.326541137695312500e+03
1.214689208984375000e+03
1.163889892578125000e+03
1.154306396484375000e+03
1.155886718750000000e+03
1.153330566406250000e+03
1.166002685546875000e+03
1.180052856445312500e+03
1.228984375000000000e+03
1.318892578125000000e+03
1.454519531250000000e+03
1.424699340820312500e+03
1.329310302734375000e+03
1.230797119140625000e+03
1.163910522460937500e+03
1.150731567382812500e+03
1.135009033203125000e+03
1.129084350585937500e+03
1.133594360351562500e+03
1.145759765625000000e+03
1.171285522460937500e+03
1.204510375976562500e+03
1.317711181640625000e+03
1.432249145507812500e+03
1.443278930664062500e+03
1.276492797851562500e+03
1.190458984375000000e+03
1.144827026367187500e+03
1.131611694335937500e+03
1.123055541992187500e+03
1.137260986328125000e+03
1.183305786132812500e+03
1.255067016601562500e+03
1.378057983398437500e+03
1.465490966796875000e+03
1.363620239257812500e+03
1.241675781250000000e+03
1.171052368164062500e+03
1.135650268554687500e+03
1.129907226562500000e+03
1.123730957031250000e+03
1.163479858398437500e+03
1.228090332031250000e+03
1.353756225585937500e+03
1.435961303710937500e+03
1.345021850585937500e+03
1.267213623046875000e+03
1.197400512695312500e+03
1.169672851562500000e+03
1.162521606445312500e+03
1.163180664062500000e+03
1.158622436523437500e+03
1.178353637695312500e+03
1.209753540039062500e+03
1.289991699218750000e+03
1.367372680664062500e+03
1.376418945312500000e+03
1.304463256835937500e+03
1.239187744140625000e+03
1.182376098632812500e+03
1.141813720703125000e+03
1.125043945312500000e+03
1.121191162109375000e+03
1.113444458007812500e+03
1.118716430664062500e+03
1.114939453125000000e+03
1.136035400390625000e+03
1.161347290039062500e+03
1.235605102539062500e+03
1.377726806640625000e+03
1.437955444335937500e+03
1.372772094726562500e+03
1.193340454101562500e+03
1.128456420898437500e+03
1.121711914062500000e+03
1.148214233398437500e+03
1.213969848632812500e+03
1.347364135742187500e+03
1.430122436523437500e+03
1.346654418945312500e+03
1.236456176757812500e+03
1.169643188476562500e+03
1.121760375976562500e+03
1.112666748046875000e+03
1.101702026367187500e+03
1.121201293945312500e+03
1.120550292968750000e+03
1.168281616210937500e+03
1.254461303710937500e+03
1.407407592773437500e+03
1.412919433593750000e+03
1.304816040039062500e+03
1.191066772460937500e+03
1.135089965820312500e+03
1.124744140625000000e+03
1.116586547851562500e+03
1.101416381835937500e+03
1.104064697265625000e+03
1.112135131835937500e+03
1.106419921875000000e+03
1.109122558593750000e+03
1.100782714843750000e+03
1.106677124023437500e+03
1.139326782226562500e+03
1.169351196289062500e+03
1.248797851562500000e+03
1.320059448242187500e+03
1.367952758789062500e+03
1.308291381835937500e+03
1.233388427734375000e+03
1.169130859375000000e+03
1.141716796875000000e+03
1.133127807617187500e+03
1.140138061523437500e+03
1.161333618164062500e+03
1.243830810546875000e+03
1.360065185546875000e+03
1.394426147460937500e+03
1.315566772460937500e+03
1.228446289062500000e+03
1.149878784179687500e+03
1.135814086914062500e+03
1.115704956054687500e+03
1.101528320312500000e+03
1.102503906250000000e+03
1.108672607421875000e+03
1.114799438476562500e+03
1.119713134765625000e+03
1.158281860351562500e+03
1.259377441406250000e+03
1.412995605468750000e+03
1.450488647460937500e+03
1.279391601562500000e+03
1.161410156250000000e+03
1.102452270507812500e+03
1.114406982421875000e+03
1.183614746093750000e+03
1.319419311523437500e+03
1.441689453125000000e+03
1.339259033203125000e+03
1.197835205078125000e+03
1.120857788085937500e+03
1.092910156250000000e+03
1.094682861328125000e+03
1.092947021484375000e+03
1.102479614257812500e+03
1.095934570312500000e+03
1.113333129882812500e+03
1.144004638671875000e+03
1.222043457031250000e+03
1.329632690429687500e+03
1.436146972656250000e+03
1.339768066406250000e+03
1.228732666015625000e+03
1.145609008789062500e+03
1.113241455078125000e+03
1.095289550781250000e+03
1.094680786132812500e+03
1.082740966796875000e+03
1.100922119140625000e+03
1.103678955078125000e+03
1.100015869140625000e+03
1.126919189453125000e+03
1.195572875976562500e+03
1.309764892578125000e+03
1.414029174804687500e+03
1.389041015625000000e+03
1.242458374023437500e+03
1.163245727539062500e+03
1.102804565429687500e+03
1.081947631835937500e+03
1.102843261718750000e+03
1.155486206054687500e+03
1.264609375000000000e+03
1.371772094726562500e+03
1.382939941406250000e+03
1.247844116210937500e+03
1.181800781250000000e+03
1.146531005859375000e+03
1.130438964843750000e+03
1.109021362304687500e+03
1.117191894531250000e+03
1.100179931640625000e+03
1.115301269531250000e+03
1.143964843750000000e+03
1.213955444335937500e+03
1.336787231445312500e+03
1.426611328125000000e+03
1.288204711914062500e+03
1.186243408203125000e+03
1.121075195312500000e+03
1.113296020507812500e+03
1.090067871093750000e+03
1.084653564453125000e+03
1.077419677734375000e+03
1.085064453125000000e+03
1.080411865234375000e+03
1.085522705078125000e+03
1.136152954101562500e+03
1.199348510742187500e+03
1.359046875000000000e+03
1.398775512695312500e+03
1.306852294921875000e+03
1.147611083984375000e+03
1.092562866210937500e+03
1.076345581054687500e+03
1.109570190429687500e+03
1.201540771484375000e+03
1.373863891601562500e+03
1.436167846679687500e+03
1.263917968750000000e+03
1.131017456054687500e+03
1.085670532226562500e+03
1.073215454101562500e+03
1.078066894531250000e+03
1.083371948242187500e+03
1.099737304687500000e+03
1.128775878906250000e+03
1.188473632812500000e+03
1.296358032226562500e+03
1.389038574218750000e+03
1.313456176757812500e+03
1.219436889648437500e+03
1.139534912109375000e+03
1.114969360351562500e+03
1.104542602539062500e+03
1.094942382812500000e+03
1.098705688476562500e+03
1.118259521484375000e+03
1.156253295898437500e+03
1.253055786132812500e+03
1.358163452148437500e+03
1.391614501953125000e+03
1.257617309570312500e+03
1.165036376953125000e+03
1.105694091796875000e+03
1.081979858398437500e+03
1.076410034179687500e+03
1.066465942382812500e+03
1.062432373046875000e+03
1.074994506835937500e+03
1.079760131835937500e+03
1.074841430664062500e+03
1.070312011718750000e+03
1.072863281250000000e+03
1.070599487304687500e+03
1.071035522460937500e+03
1.075131835937500000e+03
1.082885498046875000e+03
1.148832153320312500e+03
1.280064819335937500e+03
1.450119995117187500e+03
1.337916992187500000e+03
1.192920776367187500e+03
1.117978881835937500e+03
1.078262817382812500e+03
1.073906250000000000e+03
1.065809936523437500e+03
1.077417114257812500e+03
1.089037597656250000e+03
1.128693481445312500e+03
1.235244018554687500e+03
1.392702514648437500e+03
1.375506469726562500e+03
1.265047973632812500e+03
1.164541625976562500e+03
1.108505371093750000e+03
1.077917602539062500e+03
1.070607543945312500e+03
1.067143310546875000e+03
1.068033081054687500e+03
1.079806884765625000e+03
1.113686889648437500e+03
1.199150756835937500e+03
1.356989624023437500e+03
1.392447998046875000e+03
1.296616455078125000e+03
1.174179687500000000e+03
1.129176879882812500e+03
1.084911499023437500e+03
1.066401000976562500e+03
1.052262084960937500e+03
1.064587768554687500e+03
1.097300659179687500e+03
1.155647949218750000e+03
1.304991455078125000e+03
1.398328857421875000e+03
1.321732543945312500e+03
1.181607055664062500e+03
1.114998779296875000e+03
1.087162597656250000e+03
1.057280517578125000e+03
1.061185180664062500e+03
1.066289916992187500e+03
1.051165771484375000e+03
1.065302124023437500e+03
1.065168457031250000e+03
1.069895263671875000e+03
1.090559082031250000e+03
1.158520507812500000e+03
1.315016967773437500e+03
1.459285156250000000e+03
1.280507690429687500e+03
1.119682006835937500e+03
1.060360961914062500e+03
1.071278930664062500e+03
1.139494384765625000e+03
1.306436035156250000e+03
1.418836181640625000e+03
1.287030517578125000e+03
1.142981689453125000e+03
1.083867797851562500e+03
1.057254272460937500e+03
1.055793701171875000e+03
1.060204101562500000e+03
1.054389038085937500e+03
1.046368286132812500e+03
1.053563110351562500e+03
1.054932495117187500e+03
1.049919677734375000e+03
1.049894042968750000e+03
1.065703857421875000e+03
1.073426635742187500e+03
1.135060058593750000e+03
1.232710449218750000e+03
1.366305908203125000e+03
1.384362792968750000e+03
1.214913208007812500e+03
1.130086914062500000e+03
1.076193603515625000e+03
1.058814086914062500e+03
1.052704345703125000e+03
1.051898803710937500e+03
1.072675292968750000e+03
1.099356811523437500e+03
1.176036376953125000e+03
1.283007812500000000e+03
1.354177978515625000e+03
1.300218261718750000e+03
1.191202514648437500e+03
1.121944580078125000e+03
1.086185546875000000e+03
1.056618041992187500e+03
1.047859619140625000e+03
1.050029541015625000e+03
1.042035034179687500e+03
1.050486938476562500e+03
1.073595581054687500e+03
1.121254028320312500e+03
1.278307128906250000e+03
1.476289794921875000e+03
1.285755004882812500e+03
1.137904663085937500e+03
1.063194580078125000e+03
1.050719116210937500e+03
1.050028076171875000e+03
1.076669921875000000e+03
1.137888916015625000e+03
1.255818115234375000e+03
1.367118286132812500e+03
1.272484741210937500e+03
1.168713134765625000e+03
1.115256713867187500e+03
1.081703247070312500e+03
1.054506103515625000e+03
1.046730712890625000e+03
1.044201660156250000e+03
1.033195678710937500e+03
1.031786376953125000e+03
1.044501220703125000e+03
1.045387084960937500e+03
1.054588500976562500e+03
1.074410278320312500e+03
1.136186645507812500e+03
1.269161010742187500e+03
1.373014404296875000e+03
1.348096801757812500e+03
1.174925415039062500e+03
1.096819335937500000e+03
1.060037597656250000e+03
1.037582275390625000e+03
1.044870849609375000e+03
1.039868896484375000e+03
1.041801269531250000e+03
1.040227416992187500e+03
1.061471069335937500e+03
1.128620117187500000e+03
1.288659179687500000e+03
1.425768432617187500e+03
1.337797607421875000e+03
1.137791137695312500e+03
1.049574218750000000e+03
1.042183471679687500e+03
1.066749145507812500e+03
1.178856933593750000e+03
1.344087768554687500e+03
1.371657470703125000e+03
1.207488769531250000e+03
1.097040283203125000e+03
1.049198242187500000e+03
1.039360107421875000e+03
1.036946777343750000e+03
1.030110107421875000e+03
1.038744628906250000e+03
1.024261474609375000e+03
1.024937011718750000e+03
1.028039062500000000e+03
1.038795410156250000e+03
1.032169311523437500e+03
1.045482543945312500e+03
1.058739501953125000e+03
1.123220458984375000e+03
1.279792236328125000e+03
1.429655151367187500e+03
1.278696655273437500e+03
1.139420654296875000e+03
1.066064208984375000e+03
1.035019775390625000e+03
1.029572143554687500e+03
1.028805175781250000e+03
1.027885131835937500e+03
1.048078369140625000e+03
1.114647094726562500e+03
1.275650390625000000e+03
1.444005004882812500e+03
1.275857421875000000e+03
1.144317626953125000e+03
1.066225708007812500e+03
1.031711303710937500e+03
1.032010131835937500e+03
1.043534912109375000e+03
1.091559936523437500e+03
1.228464843750000000e+03
1.402838378906250000e+03
1.306955932617187500e+03
1.154400878906250000e+03
1.081526245117187500e+03
1.063900146484375000e+03
1.069944946289062500e+03
1.093498779296875000e+03
1.139806884765625000e+03
1.219262695312500000e+03
1.269103271484375000e+03
1.290309448242187500e+03
1.210138061523437500e+03
1.164120117187500000e+03
1.127809204101562500e+03
1.123519531250000000e+03
1.130291748046875000e+03
1.171417358398437500e+03
1.220123168945312500e+03
1.223207519531250000e+03
1.206550781250000000e+03
1.160916381835937500e+03
1.133440795898437500e+03
1.116097290039062500e+03
1.114535644531250000e+03
1.130220947265625000e+03
1.170157104492187500e+03
1.191109741210937500e+03
1.226155151367187500e+03
1.223291137695312500e+03
1.196383300781250000e+03
1.168616943359375000e+03
1.137092041015625000e+03
1.124870483398437500e+03
1.124906494140625000e+03
1.149639038085937500e+03
1.179180541992187500e+03
1.199486938476562500e+03
1.205781127929687500e+03
1.176947631835937500e+03
1.132503173828125000e+03
1.127609863281250000e+03
1.123796997070312500e+03
1.145644287109375000e+03
1.170040405273437500e+03
1.190117187500000000e+03
1.185173583984375000e+03
1.169554687500000000e+03
1.154539428710937500e+03
1.160184448242187500e+03
1.152999877929687500e+03
1.149142211914062500e+03
1.142316406250000000e+03
1.129036865234375000e+03
1.107587280273437500e+03
1.099174194335937500e+03
1.115804199218750000e+03
1.136797119140625000e+03
1.178228759765625000e+03
1.224606201171875000e+03
1.209213012695312500e+03
1.166656860351562500e+03
1.123833251953125000e+03
1.081049682617187500e+03
1.075383544921875000e+03
1.064356933593750000e+03
1.072872558593750000e+03
1.106285278320312500e+03
1.155199096679687500e+03
1.233213134765625000e+03
1.229043090820312500e+03
1.175103515625000000e+03
1.133459350585937500e+03
1.091706298828125000e+03
1.066318359375000000e+03
1.067072021484375000e+03
1.071015380859375000e+03
1.089604736328125000e+03
1.122528320312500000e+03
1.167216186523437500e+03
1.214719726562500000e+03
1.239054199218750000e+03
1.168930908203125000e+03
1.098225097656250000e+03
1.049329956054687500e+03
1.030751953125000000e+03
1.018625305175781250e+03
1.011152709960937500e+03
1.007285766601562500e+03
1.011910644531250000e+03
1.014499267578125000e+03
1.025578613281250000e+03
1.058508789062500000e+03
1.141516601562500000e+03
1.256865844726562500e+03
1.281240844726562500e+03
1.189447143554687500e+03
1.092855102539062500e+03
1.040038818359375000e+03
1.014871398925781250e+03
1.013904479980468750e+03
1.006424804687500000e+03
1.008471008300781250e+03
1.015922729492187500e+03
1.009616149902343750e+03
1.026785522460937500e+03
1.069514770507812500e+03
1.152968017578125000e+03
1.250066772460937500e+03
1.289690185546875000e+03
1.185759277343750000e+03
1.105690795898437500e+03
1.053893432617187500e+03
1.033171630859375000e+03
1.029557739257812500e+03
1.025509643554687500e+03
1.063091430664062500e+03
1.099585327148437500e+03
1.198022583007812500e+03
1.289802734375000000e+03
1.240682861328125000e+03
1.142489501953125000e+03
1.072604614257812500e+03
1.056858032226562500e+03
1.024474243164062500e+03
1.034756713867187500e+03
1.029546020507812500e+03
1.063768676757812500e+03
1.110455810546875000e+03
1.205561401367187500e+03
1.242960693359375000e+03
1.207087646484375000e+03
1.135831054687500000e+03
1.077748779296875000e+03
1.055902343750000000e+03
1.051917724609375000e+03
1.070256958007812500e+03
1.095376342773437500e+03
1.128806274414062500e+03
1.194141235351562500e+03
1.199742187500000000e+03
1.184047607421875000e+03
1.133130004882812500e+03
1.088613769531250000e+03
1.058505615234375000e+03
1.046745239257812500e+03
1.036738037109375000e+03
1.055807373046875000e+03
1.083687377929687500e+03
1.144751831054687500e+03
1.209184448242187500e+03
1.231117187500000000e+03
1.167159057617187500e+03
1.114615356445312500e+03
1.070454345703125000e+03
1.048021484375000000e+03
1.037382202148437500e+03
1.017046386718750000e+03
1.009992431640625000e+03
1.013279602050781250e+03
1.009331665039062500e+03
1.040193359375000000e+03
1.096585205078125000e+03
1.181542480468750000e+03
1.246659790039062500e+03
1.220890014648437500e+03
1.129873901367187500e+03
1.070542480468750000e+03
1.028765869140625000e+03
1.009036376953125000e+03
1.006645568847656250e+03
9.985350952148437500e+02
1.003948303222656250e+03
1.028648559570312500e+03
1.062644775390625000e+03
1.175758666992187500e+03
1.275062255859375000e+03
1.255659667968750000e+03
1.118443115234375000e+03
1.030937255859375000e+03
9.957525024414062500e+02
9.991965942382812500e+02
1.061610839843750000e+03
1.162678222656250000e+03
1.276069702148437500e+03
1.216756713867187500e+03
1.122952636718750000e+03
1.054402832031250000e+03
1.037420288085937500e+03
1.045456787109375000e+03
1.075883544921875000e+03
1.114109741210937500e+03
1.191830444335937500e+03
1.230394042968750000e+03
1.202999023437500000e+03
1.114489257812500000e+03
1.054602905273437500e+03
1.047191284179687500e+03
1.037111694335937500e+03
1.031754516601562500e+03
1.065679199218750000e+03
1.119091430664062500e+03
1.208411621093750000e+03
1.229753295898437500e+03
1.181983886718750000e+03
1.090042358398437500e+03
1.046824707031250000e+03
1.021137145996093750e+03
1.016210144042968750e+03
1.015384460449218750e+03
1.040490356445312500e+03
1.082927001953125000e+03
1.154054443359375000e+03
1.203447875976562500e+03
1.213918579101562500e+03
1.150155517578125000e+03
1.085653930664062500e+03
1.047093994140625000e+03
1.016214965820312500e+03
1.014299926757812500e+03
1.001614685058593750e+03
1.008114562988281250e+03
1.018995056152343750e+03
1.066577392578125000e+03
1.147867675781250000e+03
1.213069824218750000e+03
1.213448730468750000e+03
1.123581054687500000e+03
1.080021972656250000e+03
1.044146362304687500e+03
1.010940307617187500e+03
9.982359008789062500e+02
9.971181640625000000e+02
1.001483886718750000e+03
1.022556518554687500e+03
1.058725830078125000e+03
1.151832885742187500e+03
1.229606933593750000e+03
1.234317260742187500e+03
1.127226196289062500e+03
1.042944091796875000e+03
1.005383239746093750e+03
9.838588867187500000e+02
9.870319824218750000e+02
9.887008056640625000e+02
9.770194091796875000e+02
9.823591308593750000e+02
9.941798095703125000e+02
1.021496887207031250e+03
1.081358764648437500e+03
1.183759765625000000e+03
1.248841186523437500e+03
1.181939453125000000e+03
1.076635864257812500e+03
1.022339477539062500e+03
9.914017944335937500e+02
9.757384033203125000e+02
9.752352294921875000e+02
9.807595825195312500e+02
9.937573242187500000e+02
1.024644531250000000e+03
1.107617431640625000e+03
1.252966430664062500e+03
1.306044555664062500e+03
1.139579345703125000e+03
1.029614135742187500e+03
9.926017456054687500e+02
9.830286865234375000e+02
1.046810668945312500e+03
1.179717407226562500e+03
1.330698486328125000e+03
1.174851928710937500e+03
1.054856201171875000e+03
9.932086791992187500e+02
9.838910522460937500e+02
9.697917480468750000e+02
9.735559692382812500e+02
1.000378906250000000e+03
1.036767700195312500e+03
1.149134521484375000e+03
1.283301879882812500e+03
1.270422973632812500e+03
1.106817260742187500e+03
1.015646057128906250e+03
9.942399902343750000e+02
9.808246459960937500e+02
9.764353027343750000e+02
9.856372680664062500e+02
1.004139404296875000e+03
1.042861938476562500e+03
1.141046875000000000e+03
1.264349975585937500e+03
1.202052368164062500e+03
1.084023803710937500e+03
1.017654602050781250e+03
9.907580566406250000e+02
9.802769775390625000e+02
9.709934082031250000e+02
9.755353393554687500e+02
9.899328002929687500e+02
1.046344604492187500e+03
1.162991455078125000e+03
1.246113769531250000e+03
1.219761962890625000e+03
1.113095703125000000e+03
1.053588256835937500e+03
1.007518920898437500e+03
9.957409667968750000e+02
9.748850097656250000e+02
9.733402099609375000e+02
9.866376342773437500e+02
1.032222534179687500e+03
1.131263061523437500e+03
1.279399780273437500e+03
1.235116333007812500e+03
1.102604492187500000e+03
1.040832641601562500e+03
1.007197387695312500e+03
9.755413208007812500e+02
9.725558471679687500e+02
9.698652954101562500e+02
9.783784790039062500e+02
9.953982543945312500e+02
1.062460937500000000e+03
1.211947509765625000e+03
1.311756591796875000e+03
1.149723632812500000e+03
1.039083740234375000e+03
9.814488525390625000e+02
9.734714355468750000e+02
9.751372680664062500e+02
9.572794799804687500e+02
9.649699096679687500e+02
9.626799316406250000e+02
9.851939086914062500e+02
1.026057617187500000e+03
1.158403686523437500e+03
1.319963012695312500e+03
1.204824340820312500e+03
1.062089965820312500e+03
9.953789062500000000e+02
9.679078369140625000e+02
9.606414184570312500e+02
9.614406738281250000e+02
1.014539245605468750e+03
1.130375610351562500e+03
1.285910278320312500e+03
1.211445556640625000e+03
1.090675292968750000e+03
1.031789672851562500e+03
1.022632141113281250e+03
1.012572631835937500e+03
1.032672241210937500e+03
1.063058105468750000e+03
1.135149780273437500e+03
1.194824707031250000e+03
1.200960205078125000e+03
1.111829956054687500e+03
1.050147705078125000e+03
1.009643066406250000e+03
1.009023315429687500e+03
1.033240600585937500e+03
1.078325683593750000e+03
1.145235107421875000e+03
1.212300537109375000e+03
1.167362182617187500e+03
1.077637817382812500e+03
1.031636352539062500e+03
9.989564208984375000e+02
1.010536010742187500e+03
1.034061279296875000e+03
1.118816894531250000e+03
1.201078857421875000e+03
1.176952148437500000e+03
1.103803955078125000e+03
1.061493652343750000e+03
1.041499145507812500e+03
1.042892822265625000e+03
1.057240844726562500e+03
1.097744873046875000e+03
1.133945434570312500e+03
1.132484497070312500e+03
1.118499633789062500e+03
1.085057861328125000e+03
1.053541625976562500e+03
1.037800292968750000e+03
1.040342285156250000e+03
1.070289062500000000e+03
1.122899536132812500e+03
1.148997436523437500e+03
1.147359008789062500e+03
1.101515380859375000e+03
1.057349121093750000e+03
1.041844360351562500e+03
1.037735961914062500e+03
1.053658203125000000e+03
1.086789672851562500e+03
1.125260498046875000e+03
1.134296020507812500e+03
1.114975585937500000e+03
1.074819458007812500e+03
1.077306762695312500e+03
1.049031738281250000e+03
1.026134765625000000e+03
1.042614624023437500e+03
1.037300781250000000e+03
1.069955810546875000e+03
1.097348388671875000e+03
1.119546630859375000e+03
1.102689453125000000e+03
1.065172729492187500e+03
1.033022949218750000e+03
1.019642639160156250e+03
1.011674377441406250e+03
1.020601135253906250e+03
1.039885253906250000e+03
1.086763183593750000e+03
1.133778930664062500e+03
1.152682617187500000e+03
1.118058837890625000e+03
1.057875366210937500e+03
1.021905395507812500e+03
1.008025573730468750e+03
1.012263732910156250e+03
1.022225891113281250e+03
1.062116210937500000e+03
1.099619018554687500e+03
1.122909545898437500e+03
1.100726684570312500e+03
1.066211791992187500e+03
1.052561523437500000e+03
1.041881713867187500e+03
1.059264282226562500e+03
1.077955444335937500e+03
1.083221557617187500e+03
1.082517089843750000e+03
1.061795654296875000e+03
1.056698364257812500e+03
1.061133422851562500e+03
1.069413452148437500e+03
1.082340942382812500e+03
1.085022216796875000e+03
1.086981933593750000e+03
1.078359497070312500e+03
1.057211425781250000e+03
1.053209594726562500e+03
1.059199096679687500e+03
1.063078979492187500e+03
1.061005126953125000e+03
1.070008300781250000e+03
1.070174926757812500e+03
1.062156860351562500e+03
1.077777099609375000e+03
1.058073730468750000e+03
1.055949462890625000e+03
1.047978637695312500e+03
1.063182128906250000e+03
1.082414550781250000e+03
1.100145263671875000e+03
1.093054199218750000e+03
1.071992797851562500e+03
1.062481445312500000e+03
1.056186035156250000e+03
1.036946411132812500e+03
1.040100463867187500e+03
1.045989624023437500e+03
1.067944824218750000e+03
1.082052490234375000e+03
1.095550415039062500e+03
1.068675292968750000e+03
1.037280761718750000e+03
1.022930908203125000e+03
1.023861083984375000e+03
1.038349853515625000e+03
1.054907836914062500e+03
1.067157104492187500e+03
1.096471191406250000e+03
1.076726318359375000e+03
1.069688598632812500e+03
1.065645141601562500e+03
1.065711303710937500e+03
1.040925292968750000e+03
1.037447875976562500e+03
1.032995605468750000e+03
1.024528686523437500e+03
1.019795410156250000e+03
1.031579956054687500e+03
1.069979125976562500e+03
1.109785644531250000e+03
1.099871459960937500e+03
1.063422119140625000e+03
1.018610717773437500e+03
9.831035156250000000e+02
9.591622314453125000e+02
9.586528320312500000e+02
9.508471679687500000e+02
9.589949340820312500e+02
9.663372192382812500e+02
1.003967834472656250e+03
1.059563598632812500e+03
1.141567260742187500e+03
1.134714843750000000e+03
1.093927856445312500e+03
1.050615112304687500e+03
1.009495422363281250e+03
9.846934204101562500e+02
9.891625976562500000e+02
1.013462341308593750e+03
1.057349121093750000e+03
1.108172119140625000e+03
1.141324829101562500e+03
1.092667846679687500e+03
1.027748535156250000e+03
9.927502441406250000e+02
9.932162475585937500e+02
1.006553833007812500e+03
1.022852600097656250e+03
1.079006958007812500e+03
1.086899536132812500e+03
1.076321655273437500e+03
1.044241455078125000e+03
1.027356689453125000e+03
1.027109375000000000e+03
1.035800170898437500e+03
1.066929687500000000e+03
1.074357299804687500e+03
1.086652465820312500e+03
1.057660156250000000e+03
1.036332275390625000e+03
1.027828857421875000e+03
1.035142578125000000e+03
1.031786254882812500e+03
1.040279296875000000e+03
1.049817871093750000e+03
1.071610961914062500e+03
1.055076660156250000e+03
1.052845092773437500e+03
1.048265014648437500e+03
1.039431274414062500e+03
1.021996154785156250e+03
1.016004882812500000e+03
1.018113647460937500e+03
1.045630859375000000e+03
1.088506835937500000e+03
1.106862060546875000e+03
1.081486328125000000e+03
1.054000122070312500e+03
1.025029907226562500e+03
1.016547546386718750e+03
1.025263671875000000e+03
1.036063720703125000e+03
1.039944580078125000e+03
1.056838745117187500e+03
1.069132934570312500e+03
1.060018432617187500e+03
1.034317749023437500e+03
1.025377563476562500e+03
1.008382141113281250e+03
1.016465209960937500e+03
1.023236999511718750e+03
1.035920043945312500e+03
1.037074951171875000e+03
1.052917114257812500e+03
1.050755981445312500e+03
1.050707275390625000e+03
1.052395629882812500e+03
1.040510375976562500e+03
1.026627563476562500e+03
1.033219970703125000e+03
1.030056030273437500e+03
1.045344116210937500e+03
1.061934082031250000e+03
1.056837158203125000e+03
1.038853027343750000e+03
1.028067016601562500e+03
1.020693969726562500e+03
1.014994628906250000e+03
1.017669128417968750e+03
1.028757812500000000e+03
1.049457519531250000e+03
1.073878295898437500e+03
1.068574829101562500e+03
1.056234863281250000e+03
1.019985351562500000e+03
1.001778137207031250e+03
1.001496826171875000e+03
1.008391479492187500e+03
1.022018493652343750e+03
1.039521606445312500e+03
1.064106445312500000e+03
1.078520263671875000e+03
1.064050659179687500e+03
1.022694213867187500e+03
1.010069152832031250e+03
1.007307250976562500e+03
1.000759765625000000e+03
1.008810180664062500e+03
1.037129882812500000e+03
1.085966430664062500e+03
1.083020263671875000e+03
1.059102905273437500e+03
1.028959716796875000e+03
1.001043395996093750e+03
9.839030761718750000e+02
9.874276733398437500e+02
1.007472229003906250e+03
1.059225463867187500e+03
1.106699096679687500e+03
1.097824096679687500e+03
1.045150512695312500e+03
1.002028930664062500e+03
9.600061645507812500e+02
9.465839233398437500e+02
9.507433471679687500e+02
9.569544677734375000e+02
9.709799804687500000e+02
1.023309814453125000e+03
1.098896118164062500e+03
1.149650146484375000e+03
1.085476806640625000e+03
1.011782043457031250e+03
9.694488525390625000e+02
9.366576538085937500e+02
9.328239746093750000e+02
9.356434936523437500e+02
9.341323242187500000e+02
9.521882934570312500e+02
9.802473144531250000e+02
1.040849975585937500e+03
1.086371582031250000e+03
1.124616943359375000e+03
1.089037597656250000e+03
1.016088928222656250e+03
9.818925170898437500e+02
9.629254150390625000e+02
9.703885498046875000e+02
9.676398315429687500e+02
1.023452575683593750e+03
1.067291870117187500e+03
1.080155761718750000e+03
1.078351684570312500e+03
1.041575683593750000e+03
1.010580261230468750e+03
9.905942382812500000e+02
9.943211669921875000e+02
1.023649291992187500e+03
1.052750610351562500e+03
1.080481445312500000e+03
1.082583496093750000e+03
1.041873046875000000e+03
1.028954223632812500e+03
1.006983337402343750e+03
1.002531921386718750e+03
1.003227905273437500e+03
1.025951049804687500e+03
1.067418334960937500e+03
1.076498779296875000e+03
1.045462402343750000e+03
1.030781372070312500e+03
9.920722656250000000e+02
9.795587158203125000e+02
1.002801269531250000e+03
1.029730102539062500e+03
1.079279296875000000e+03
1.069461914062500000e+03
1.026248291015625000e+03
1.001359680175781250e+03
9.991613159179687500e+02
1.001984313964843750e+03
1.010416931152343750e+03
1.035724731445312500e+03
1.034405639648437500e+03
1.028555541992187500e+03
1.029439819335937500e+03
1.025533691406250000e+03
1.016959472656250000e+03
9.992257690429687500e+02
9.993488159179687500e+02
1.015033264160156250e+03
1.044097778320312500e+03
1.069466186523437500e+03
1.045861450195312500e+03
1.017498718261718750e+03
9.852062988281250000e+02
9.696930541992187500e+02
9.624199829101562500e+02
9.699183349609375000e+02
9.910876464843750000e+02
1.029542602539062500e+03
1.052330444335937500e+03
1.076204711914062500e+03
1.063864624023437500e+03
1.037080078125000000e+03
1.017300292968750000e+03
9.944585571289062500e+02
9.751282348632812500e+02
9.773444824218750000e+02
9.881895141601562500e+02
1.013712768554687500e+03
1.033180786132812500e+03
1.052180053710937500e+03
1.048299438476562500e+03
1.019394042968750000e+03
9.943823852539062500e+02
9.919019775390625000e+02
1.003076843261718750e+03
9.912240600585937500e+02
1.001695922851562500e+03
1.004366760253906250e+03
1.034993041992187500e+03
1.051843505859375000e+03
1.047684692382812500e+03
1.017276489257812500e+03
9.945190429687500000e+02
9.830496826171875000e+02
1.000466735839843750e+03
1.013666625976562500e+03
1.023108581542968750e+03
1.032110961914062500e+03
1.037321044921875000e+03
1.026169067382812500e+03
1.015459655761718750e+03
1.012723144531250000e+03
1.002033813476562500e+03
1.003637084960937500e+03
9.955023803710937500e+02
9.909813232421875000e+02
9.833873291015625000e+02
1.005756713867187500e+03
1.019716735839843750e+03
1.040811523437500000e+03
1.049535278320312500e+03
1.048772460937500000e+03
1.002906066894531250e+03
1.001318664550781250e+03
9.916122436523437500e+02
9.959665527343750000e+02
9.912731323242187500e+02
1.006622985839843750e+03
1.031862548828125000e+03
1.051309448242187500e+03
1.036097900390625000e+03
1.026040039062500000e+03
9.913426513671875000e+02
9.622787475585937500e+02
9.536773071289062500e+02
9.690426635742187500e+02
9.876069335937500000e+02
1.048210571289062500e+03
1.074513305664062500e+03
1.066181274414062500e+03
1.021049011230468750e+03
9.793383789062500000e+02
9.597647094726562500e+02
9.480908203125000000e+02
9.693820190429687500e+02
9.846724853515625000e+02
1.016353088378906250e+03
1.061296264648437500e+03
1.055498413085937500e+03
1.017691589355468750e+03
9.726620483398437500e+02
9.522305908203125000e+02
9.523467407226562500e+02
9.621464843750000000e+02
9.839532470703125000e+02
1.033953857421875000e+03
1.064887451171875000e+03
1.054970214843750000e+03
1.014250183105468750e+03
9.857370605468750000e+02
9.668877563476562500e+02
9.630455932617187500e+02
9.671585693359375000e+02
9.969243774414062500e+02
1.015480468750000000e+03
1.023916503906250000e+03
1.019301330566406250e+03
1.021487304687500000e+03
9.820368041992187500e+02
9.784979858398437500e+02
9.608460693359375000e+02
9.673549804687500000e+02
9.808134155273437500e+02
1.030894409179687500e+03
1.050391845703125000e+03
1.046867187500000000e+03
9.995089721679687500e+02
9.806284179687500000e+02
9.778823852539062500e+02
1.017853210449218750e+03
1.031186645507812500e+03
1.052432617187500000e+03
1.021066345214843750e+03
9.922843017578125000e+02
9.710256347656250000e+02
9.652734985351562500e+02
9.838081665039062500e+02
1.008644409179687500e+03
1.025376953125000000e+03
1.032653198242187500e+03
1.028691040039062500e+03
1.018217834472656250e+03
9.876035766601562500e+02
9.660225830078125000e+02
9.479596557617187500e+02
9.419404907226562500e+02
9.680999145507812500e+02
1.016099914550781250e+03
1.046873535156250000e+03
1.061137817382812500e+03
1.008414001464843750e+03
9.763684082031250000e+02
9.609897460937500000e+02
9.620697631835937500e+02
9.765458984375000000e+02
1.005262145996093750e+03
1.029092651367187500e+03
1.032175659179687500e+03
1.005719299316406250e+03
1.004298095703125000e+03
9.910269775390625000e+02
9.766619873046875000e+02
9.793145751953125000e+02
9.971733398437500000e+02
1.021096069335937500e+03
1.032487182617187500e+03
1.028827270507812500e+03
1.010921081542968750e+03
9.748909301757812500e+02
9.670023803710937500e+02
9.644073486328125000e+02
9.757215576171875000e+02
1.008321594238281250e+03
1.026259399414062500e+03
1.025415283203125000e+03
1.005341308593750000e+03
9.950084228515625000e+02
1.000063903808593750e+03
1.001291564941406250e+03
1.002656250000000000e+03
9.926433105468750000e+02
9.818040771484375000e+02
9.813797607421875000e+02
9.926527099609375000e+02
9.800062255859375000e+02
9.882858886718750000e+02
9.967062988281250000e+02
1.015198669433593750e+03
1.020272216796875000e+03
1.012002075195312500e+03
9.964190673828125000e+02
9.803009643554687500e+02
9.683608398437500000e+02
9.732360839843750000e+02
9.866137695312500000e+02
1.010066223144531250e+03
1.023354797363281250e+03
1.032697875976562500e+03
1.009969726562500000e+03
9.859130859375000000e+02
9.632540893554687500e+02
9.672211303710937500e+02
9.722427978515625000e+02
1.002835144042968750e+03
9.928720703125000000e+02
9.838779907226562500e+02
9.714213256835937500e+02
9.723015747070312500e+02
9.810684814453125000e+02
1.003549743652343750e+03
1.020590515136718750e+03
1.016524291992187500e+03
9.882581787109375000e+02
9.865288085937500000e+02
9.698972167968750000e+02
9.748916015625000000e+02
1.001189331054687500e+03
1.028799316406250000e+03
1.022736633300781250e+03
1.015489074707031250e+03
9.770324707031250000e+02
9.543864135742187500e+02
9.468855590820312500e+02
9.846964111328125000e+02
1.017066894531250000e+03
1.029519409179687500e+03
1.015528808593750000e+03
1.001434326171875000e+03
9.865378417968750000e+02
9.756099853515625000e+02
9.749058227539062500e+02
9.834473266601562500e+02
9.860970458984375000e+02
1.012461242675781250e+03
1.005155151367187500e+03
9.934430541992187500e+02
9.719188842773437500e+02
9.752910766601562500e+02
9.774468994140625000e+02
1.001253479003906250e+03
1.017035644531250000e+03
1.011325378417968750e+03
9.925209960937500000e+02
9.931964111328125000e+02
9.864241333007812500e+02
9.821134643554687500e+02
9.807363281250000000e+02
9.941273803710937500e+02
9.795123291015625000e+02
9.708215942382812500e+02
9.585133056640625000e+02
9.426179809570312500e+02
9.483276367187500000e+02
9.576412963867187500e+02
9.769036865234375000e+02
1.025093872070312500e+03
1.022991210937500000e+03
1.013524291992187500e+03
9.803215942382812500e+02
9.791508789062500000e+02
9.682400512695312500e+02
9.610025024414062500e+02
9.633745727539062500e+02
9.890890502929687500e+02
1.004401916503906250e+03
1.012560913085937500e+03
1.012055419921875000e+03
1.006785095214843750e+03
9.720533447265625000e+02
9.750604858398437500e+02
9.517749633789062500e+02
9.627270507812500000e+02
9.782760620117187500e+02
9.918386840820312500e+02
1.006756835937500000e+03
1.013783325195312500e+03
1.001163818359375000e+03
9.907295532226562500e+02
9.818206787109375000e+02
9.837970581054687500e+02
9.912502441406250000e+02
9.908962402343750000e+02
9.808562622070312500e+02
9.691067504882812500e+02
9.660844726562500000e+02
9.653358154296875000e+02
9.692128906250000000e+02
9.793233032226562500e+02
9.951042480468750000e+02
1.001436218261718750e+03
9.903383789062500000e+02
9.721477661132812500e+02
9.690895996093750000e+02
9.566197509765625000e+02
9.545167236328125000e+02
9.754283447265625000e+02
9.929908447265625000e+02
1.014853149414062500e+03
1.011102050781250000e+03
9.759744873046875000e+02
9.652523193359375000e+02
9.576397094726562500e+02
9.607711791992187500e+02
9.776215820312500000e+02
9.979340820312500000e+02
1.009428894042968750e+03
9.990595703125000000e+02
9.952214355468750000e+02
9.612714843750000000e+02
9.444467163085937500e+02
9.427448120117187500e+02
9.525372314453125000e+02
9.700985717773437500e+02
9.950903320312500000e+02
1.006517761230468750e+03
9.963074951171875000e+02
9.846295776367187500e+02
9.696382446289062500e+02
9.656029663085937500e+02
9.644812622070312500e+02
9.638281860351562500e+02
9.698414306640625000e+02
9.906604614257812500e+02
1.008452514648437500e+03
9.971229248046875000e+02
9.952194213867187500e+02
9.630399169921875000e+02
9.651614990234375000e+02
9.582055053710937500e+02
9.422486572265625000e+02
9.440097656250000000e+02
9.790187988281250000e+02
9.886266479492187500e+02
1.004079223632812500e+03
9.881405029296875000e+02
9.866702270507812500e+02
9.684488525390625000e+02
9.729379272460937500e+02
9.736079711914062500e+02
9.642792358398437500e+02
9.625401611328125000e+02
9.680285034179687500e+02
9.681742553710937500e+02
9.635752563476562500e+02
9.540764770507812500e+02
9.742420043945312500e+02
9.727201538085937500e+02
1.012127014160156250e+03
1.009951599121093750e+03
9.935812377929687500e+02
9.671230468750000000e+02
9.675900878906250000e+02
9.593460693359375000e+02
9.471900024414062500e+02
9.358302612304687500e+02
9.640715942382812500e+02
9.824353027343750000e+02
1.007298461914062500e+03
1.011604919433593750e+03
1.002978332519531250e+03
9.707877197265625000e+02
9.543026733398437500e+02
9.263720092773437500e+02
9.191242675781250000e+02
9.284611816406250000e+02
9.461829223632812500e+02
9.881010131835937500e+02
1.029905151367187500e+03
1.028851684570312500e+03
1.010112182617187500e+03
9.654756469726562500e+02
9.386872558593750000e+02
9.329329223632812500e+02
9.277059936523437500e+02
9.452447509765625000e+02
9.812288208007812500e+02
1.004543884277343750e+03
1.014169799804687500e+03
9.781074829101562500e+02
9.545517578125000000e+02
9.427651367187500000e+02
9.460579833984375000e+02
9.728002929687500000e+02
9.882517089843750000e+02
9.895144042968750000e+02
9.714409179687500000e+02
9.425186767578125000e+02
9.381519775390625000e+02
9.341832275390625000e+02
9.668272094726562500e+02
9.799992675781250000e+02
9.987409057617187500e+02
9.977376708984375000e+02
9.914669799804687500e+02
9.891318359375000000e+02
9.804729003906250000e+02
9.764782104492187500e+02
9.751365966796875000e+02
9.848180541992187500e+02
9.768939208984375000e+02
9.437189331054687500e+02
9.437287597656250000e+02
9.332926025390625000e+02
9.715097656250000000e+02
9.824213867187500000e+02
1.010546569824218750e+03
9.977185058593750000e+02
9.801371459960937500e+02
9.400798339843750000e+02
9.272817993164062500e+02
9.180311279296875000e+02
9.412983398437500000e+02
9.544283447265625000e+02
9.973408813476562500e+02
1.003010803222656250e+03
9.817182617187500000e+02
9.510214843750000000e+02
9.296914062500000000e+02
9.303690185546875000e+02
9.348515625000000000e+02
9.478425903320312500e+02
9.568557128906250000e+02
9.764185791015625000e+02
1.006920410156250000e+03
9.918488769531250000e+02
9.811160888671875000e+02
9.532842407226562500e+02
9.388720703125000000e+02
9.272969970703125000e+02
9.337802124023437500e+02
9.446001586914062500e+02
9.708213500976562500e+02
9.926233520507812500e+02
1.004498413085937500e+03
9.902861328125000000e+02
9.693663330078125000e+02
9.446843872070312500e+02
9.354443359375000000e+02
9.404505004882812500e+02
9.530611572265625000e+02
9.672000122070312500e+02
9.817030639648437500e+02
9.488353271484375000e+02
9.505966796875000000e+02
9.390962524414062500e+02
9.272477416992187500e+02
9.256162109375000000e+02
9.538439331054687500e+02
9.703893432617187500e+02
9.986179199218750000e+02
9.868667602539062500e+02
9.523230590820312500e+02
9.359658203125000000e+02
9.276982421875000000e+02
9.151615600585937500e+02
9.258358764648437500e+02
9.507210693359375000e+02
9.829140625000000000e+02
9.775997314453125000e+02
9.736704711914062500e+02
9.572219238281250000e+02
9.570469360351562500e+02
9.445739135742187500e+02
9.536383056640625000e+02
9.449624633789062500e+02
9.585976562500000000e+02
9.536948852539062500e+02
9.663309936523437500e+02
9.600025024414062500e+02
9.706781616210937500e+02
9.525597534179687500e+02
9.714386596679687500e+02
9.805153198242187500e+02
9.934293212890625000e+02
9.674284667968750000e+02
9.408271484375000000e+02
9.200275878906250000e+02
9.088197631835937500e+02
9.094450683593750000e+02
9.352068481445312500e+02
9.658200073242187500e+02
1.004086914062500000e+03
1.001843505859375000e+03
9.894199218750000000e+02
9.524915161132812500e+02
9.342376708984375000e+02
9.382694091796875000e+02
9.615299072265625000e+02
9.847324218750000000e+02
1.007853576660156250e+03
9.579948120117187500e+02
9.303576660156250000e+02
9.177758178710937500e+02
9.127742309570312500e+02
9.315365600585937500e+02
9.733948364257812500e+02
1.006280883789062500e+03
9.901212158203125000e+02
9.530933837890625000e+02
9.380285034179687500e+02
9.300852661132812500e+02
9.490278930664062500e+02
9.637000732421875000e+02
9.731361694335937500e+02
9.773380126953125000e+02
9.690844116210937500e+02
9.466467285156250000e+02
9.326815185546875000e+02
9.328373413085937500e+02
9.568638916015625000e+02
9.578168334960937500e+02
9.632582397460937500e+02
9.502163085937500000e+02
9.373444824218750000e+02
9.375465087890625000e+02
9.618618774414062500e+02
9.662291259765625000e+02
9.718740844726562500e+02
9.589699707031250000e+02
9.484810180664062500e+02
9.380857543945312500e+02
9.325583496093750000e+02
9.309225463867187500e+02
9.401875610351562500e+02
9.374791870117187500e+02
9.504325561523437500e+02
9.452341308593750000e+02
9.501312255859375000e+02
9.529945068359375000e+02
9.398227539062500000e+02
9.309498901367187500e+02
9.403558959960937500e+02
9.448105468750000000e+02
9.542553100585937500e+02
9.480889282226562500e+02
9.588782348632812500e+02
9.428524780273437500e+02
9.416329956054687500e+02
9.177517700195312500e+02
9.213007202148437500e+02
9.203748168945312500e+02
9.523708496093750000e+02
9.485930175781250000e+02
9.635164794921875000e+02
9.569769897460937500e+02
9.547418212890625000e+02
9.456173095703125000e+02
9.415009155273437500e+02
9.293542480468750000e+02
9.460625610351562500e+02
9.433139038085937500e+02
9.605563964843750000e+02
9.795876464843750000e+02
9.856743164062500000e+02
9.539030151367187500e+02
9.309658203125000000e+02
9.240046386718750000e+02
9.251741333007812500e+02
9.203687133789062500e+02
9.339780883789062500e+02
9.505455932617187500e+02
9.795958862304687500e+02
9.577034912109375000e+02
9.351428222656250000e+02
9.238659667968750000e+02
9.250906372070312500e+02
9.688796386718750000e+02
9.891181030273437500e+02
9.671489257812500000e+02
9.504955444335937500e+02
9.175207519531250000e+02
9.176555175781250000e+02
9.212108154296875000e+02
9.392468261718750000e+02
9.642299804687500000e+02
9.920029296875000000e+02
9.762557373046875000e+02
9.527975463867187500e+02
9.182482299804687500e+02
9.085616455078125000e+02
9.218732299804687500e+02
9.528676757812500000e+02
9.549249877929687500e+02
9.856871337890625000e+02
9.726593017578125000e+02
9.381478881835937500e+02
9.192322998046875000e+02
9.200325927734375000e+02
9.262675781250000000e+02
9.428634033203125000e+02
9.406656494140625000e+02
9.467575683593750000e+02
9.304884033203125000e+02
9.212994995117187500e+02
9.140164184570312500e+02
9.292672119140625000e+02
9.394321289062500000e+02
9.578424682617187500e+02
9.551118774414062500e+02
9.524318847656250000e+02
9.393787231445312500e+02
9.358357543945312500e+02
9.321613769531250000e+02
9.446820068359375000e+02
9.327851562500000000e+02
9.213121337890625000e+02
9.208877563476562500e+02
9.166746826171875000e+02
9.125681762695312500e+02
9.290113525390625000e+02
9.592810668945312500e+02
9.897229003906250000e+02
9.700921020507812500e+02
9.469413452148437500e+02
9.293605957031250000e+02
9.373560791015625000e+02
9.286087646484375000e+02
9.497500000000000000e+02
9.551154785156250000e+02
9.598660888671875000e+02
9.466188354492187500e+02
9.428923950195312500e+02
9.341240844726562500e+02
9.166093139648437500e+02
9.179373779296875000e+02
9.206389770507812500e+02
9.289418334960937500e+02
9.596948852539062500e+02
9.669234008789062500e+02
9.688508300781250000e+02
9.393654785156250000e+02
9.496492309570312500e+02
9.397783813476562500e+02
9.423865966796875000e+02
9.300104980468750000e+02
9.248401489257812500e+02
9.261888427734375000e+02
9.528513793945312500e+02
9.509028930664062500e+02
9.695653076171875000e+02
9.413308105468750000e+02
9.353099365234375000e+02
9.226378173828125000e+02
9.385687255859375000e+02
9.354490966796875000e+02
9.485586547851562500e+02
9.385734252929687500e+02
9.350098876953125000e+02
9.119028320312500000e+02
9.172392578125000000e+02
9.303134765625000000e+02
9.572142944335937500e+02
9.710307617187500000e+02
9.678751831054687500e+02
9.387916870117187500e+02
9.138087158203125000e+02
8.977487182617187500e+02
8.993181762695312500e+02
9.013544311523437500e+02
9.261500854492187500e+02
9.516890869140625000e+02
9.652361450195312500e+02
9.507233276367187500e+02
9.328965454101562500e+02
9.202694702148437500e+02
9.358940429687500000e+02
9.309516601562500000e+02
9.373540649414062500e+02
9.426707153320312500e+02
9.516450805664062500e+02
9.376222534179687500e+02
9.334621582031250000e+02
9.202344360351562500e+02
9.235599365234375000e+02
9.183542480468750000e+02
9.164142456054687500e+02
9.272510986328125000e+02
9.401900024414062500e+02
9.350950927734375000e+02
9.208268432617187500e+02
9.234512329101562500e+02
9.182078857421875000e+02
9.185328369140625000e+02
9.310004882812500000e+02
9.361488037109375000e+02
9.503988037109375000e+02
9.549395751953125000e+02
9.464254760742187500e+02
9.183266601562500000e+02
9.162441406250000000e+02
9.161160888671875000e+02
9.328526000976562500e+02
9.295673828125000000e+02
9.470561523437500000e+02
9.494812622070312500e+02
9.546407470703125000e+02
9.385100708007812500e+02
9.182791748046875000e+02
9.033380737304687500e+02
9.059484252929687500e+02
8.908688354492187500e+02
9.237740478515625000e+02
9.379984130859375000e+02
9.609891357421875000e+02
9.491161499023437500e+02
9.278776855468750000e+02
9.145089721679687500e+02
9.057975463867187500e+02
9.137609252929687500e+02
9.280516357421875000e+02
9.554094238281250000e+02
9.674300537109375000e+02
9.409514160156250000e+02
9.153320922851562500e+02
9.017528076171875000e+02
9.178611450195312500e+02
9.271056518554687500e+02
9.406366577148437500e+02
9.508098144531250000e+02
9.673285522460937500e+02
9.586210937500000000e+02
9.384962158203125000e+02
8.982714843750000000e+02
8.959263305664062500e+02
8.788541870117187500e+02
8.941065673828125000e+02
9.312313842773437500e+02
9.784836425781250000e+02
9.738649902343750000e+02
9.529669189453125000e+02
9.116400146484375000e+02
9.062185058593750000e+02
8.868608398437500000e+02
8.853479614257812500e+02
8.934090576171875000e+02
9.157742309570312500e+02
9.380473022460937500e+02
9.579955444335937500e+02
9.562157592773437500e+02
9.437954711914062500e+02
9.131261596679687500e+02
9.193546752929687500e+02
9.114739990234375000e+02
9.227536621093750000e+02
9.083951416015625000e+02
9.063594970703125000e+02
8.979445190429687500e+02
9.047090454101562500e+02
9.109252319335937500e+02
9.431921386718750000e+02
9.236668090820312500e+02
9.275031738281250000e+02
9.256325073242187500e+02
9.368333129882812500e+02
9.339819335937500000e+02
9.192371826171875000e+02
8.918858032226562500e+02
8.866121826171875000e+02
8.891857299804687500e+02
9.127426757812500000e+02
9.473213500976562500e+02
9.812172241210937500e+02
9.366886596679687500e+02
9.128928833007812500e+02
8.699621582031250000e+02
8.716352539062500000e+02
8.730123901367187500e+02
8.893248291015625000e+02
9.295908813476562500e+02
9.764783325195312500e+02
9.672128295898437500e+02
9.547145996093750000e+02
9.177398071289062500e+02
8.880000610351562500e+02
8.711253051757812500e+02
8.964791870117187500e+02
9.042012939453125000e+02
9.524621582031250000e+02
9.365531616210937500e+02
9.475798950195312500e+02
9.135870971679687500e+02
9.118585205078125000e+02
9.061465454101562500e+02
8.975705566406250000e+02
8.941170043945312500e+02
9.052956542968750000e+02
9.150515747070312500e+02
9.545656738281250000e+02
9.480430908203125000e+02
9.271174926757812500e+02
9.038197631835937500e+02
8.961140747070312500e+02
9.101115722656250000e+02
9.185061645507812500e+02
9.224610595703125000e+02
9.597758789062500000e+02
9.618187255859375000e+02
9.583493041992187500e+02
9.025958251953125000e+02
8.919902954101562500e+02
8.832982177734375000e+02
8.988937377929687500e+02
8.990488281250000000e+02
9.235835571289062500e+02
9.434882202148437500e+02
9.428504028320312500e+02
9.198272705078125000e+02
9.191704101562500000e+02
9.049774169921875000e+02
9.095758056640625000e+02
9.089464721679687500e+02
9.371558837890625000e+02
9.205125732421875000e+02
9.237901000976562500e+02
9.071275024414062500e+02
9.045358886718750000e+02
9.004293212890625000e+02
9.036380004882812500e+02
9.039277954101562500e+02
9.224279785156250000e+02
9.201896362304687500e+02
9.300769653320312500e+02
9.238154907226562500e+02
9.214710693359375000e+02
9.082066040039062500e+02
9.163025512695312500e+02
9.008432617187500000e+02
9.148666381835937500e+02
9.262326660156250000e+02
9.437828369140625000e+02
9.448357543945312500e+02
9.441809082031250000e+02
9.179223022460937500e+02
9.009201660156250000e+02
8.842115478515625000e+02
8.972504882812500000e+02
8.991500854492187500e+02
9.171885986328125000e+02
9.117145996093750000e+02
9.180275878906250000e+02
9.113391723632812500e+02
9.389780883789062500e+02
9.154803466796875000e+02
9.154927978515625000e+02
8.989890136718750000e+02
9.081460571289062500e+02
9.225301513671875000e+02
9.475997314453125000e+02
9.403193359375000000e+02
9.280490112304687500e+02
8.805874633789062500e+02
8.636812133789062500e+02
8.545048217773437500e+02
8.734448852539062500e+02
9.067631835937500000e+02
9.550511474609375000e+02
9.556756591796875000e+02
9.598218994140625000e+02
9.216077270507812500e+02
8.988319702148437500e+02
8.747470092773437500e+02
8.817243041992187500e+02
8.945777587890625000e+02
9.245045776367187500e+02
9.310080566406250000e+02
9.398549804687500000e+02
9.276867675781250000e+02
9.210846557617187500e+02
9.037325439453125000e+02
8.998621826171875000e+02
8.979508056640625000e+02
8.948962402343750000e+02
8.876457519531250000e+02
8.926813354492187500e+02
9.013977661132812500e+02
9.129027099609375000e+02
9.045661621093750000e+02
9.141725463867187500e+02
9.135832519531250000e+02
9.182416381835937500e+02
9.129050903320312500e+02
9.301938476562500000e+02
9.229514770507812500e+02
9.176282348632812500e+02
9.148419189453125000e+02
9.169633789062500000e+02
9.008262939453125000e+02
9.064820556640625000e+02
8.965673828125000000e+02
9.019880981445312500e+02
8.990363769531250000e+02
9.157438964843750000e+02
8.985520629882812500e+02
9.085534057617187500e+02
9.118755493164062500e+02
9.259989624023437500e+02
9.106382446289062500e+02
9.087301025390625000e+02
8.813344116210937500e+02
8.865862426757812500e+02
8.842875976562500000e+02
9.079959716796875000e+02
9.023656005859375000e+02
9.428871459960937500e+02
9.496015625000000000e+02
9.385237426757812500e+02
9.097069702148437500e+02
8.939085083007812500e+02
8.755565795898437500e+02
8.825686645507812500e+02
8.850604858398437500e+02
9.108657226562500000e+02
9.146804199218750000e+02
9.307571411132812500e+02
9.101053466796875000e+02
9.003814697265625000e+02
8.669570922851562500e+02
8.782645874023437500e+02
8.794342651367187500e+02
9.033903198242187500e+02
9.287344360351562500e+02
9.560205688476562500e+02
9.223768920898437500e+02
9.025713500976562500e+02
8.777661743164062500e+02
8.677664184570312500e+02
8.760267944335937500e+02
8.931200561523437500e+02
9.046726684570312500e+02
9.328576660156250000e+02
9.142033081054687500e+02
9.138619995117187500e+02
8.889142456054687500e+02
8.886564331054687500e+02
8.856478271484375000e+02
8.978187255859375000e+02
9.110227661132812500e+02
9.321212158203125000e+02
9.191900634765625000e+02
9.064760742187500000e+02
8.821824951171875000e+02
8.720476684570312500e+02
8.672984008789062500e+02
8.850689697265625000e+02
9.245460815429687500e+02
9.634070434570312500e+02
9.297796020507812500e+02
9.008340454101562500e+02
8.557312622070312500e+02
8.619909057617187500e+02
8.536309814453125000e+02
8.847867431640625000e+02
9.135416870117187500e+02
9.630135498046875000e+02
9.361875000000000000e+02
9.219407958984375000e+02
8.829462280273437500e+02
8.828269042968750000e+02
8.751442260742187500e+02
8.875861816406250000e+02
8.989970703125000000e+02
9.270064086914062500e+02
9.337278442382812500e+02
9.391254882812500000e+02
8.984717407226562500e+02
8.967409667968750000e+02
8.686993408203125000e+02
8.700955810546875000e+02
8.858555908203125000e+02
9.217442626953125000e+02
9.349755859375000000e+02
9.450479736328125000e+02
8.875690917968750000e+02
8.657963256835937500e+02
8.540349731445312500e+02
8.540568237304687500e+02
8.524197998046875000e+02
8.851515502929687500e+02
9.065335693359375000e+02
9.482210693359375000e+02
9.377108154296875000e+02
9.244210815429687500e+02
8.923897705078125000e+02
8.815221557617187500e+02
8.822304687500000000e+02
8.928353881835937500e+02
9.063067626953125000e+02
9.355059814453125000e+02
9.240727539062500000e+02
9.164835815429687500e+02
8.931357421875000000e+02
8.938193969726562500e+02
8.842996826171875000e+02
8.988922119140625000e+02
8.976223144531250000e+02
9.120705566406250000e+02
8.887139892578125000e+02
9.028369140625000000e+02
8.914960937500000000e+02
9.026006469726562500e+02
9.188734130859375000e+02
9.354099121093750000e+02
9.095741577148437500e+02
8.986661376953125000e+02
8.753190917968750000e+02
8.729062500000000000e+02
8.643164672851562500e+02
8.760826416015625000e+02
8.893492431640625000e+02
9.256806640625000000e+02
9.175776367187500000e+02
9.180580444335937500e+02
9.030534667968750000e+02
8.729220581054687500e+02
8.520351562500000000e+02
8.365130004882812500e+02
8.474830932617187500e+02
8.718576660156250000e+02
9.201886596679687500e+02
9.738323974609375000e+02
9.479313964843750000e+02
9.043381347656250000e+02
8.672933349609375000e+02
8.627841796875000000e+02
8.626975097656250000e+02
8.894799194335937500e+02
8.948558959960937500e+02
9.077714233398437500e+02
8.936124267578125000e+02
8.989190673828125000e+02
9.001481323242187500e+02
8.989955444335937500e+02
8.951804809570312500e+02
9.089081420898437500e+02
8.996205444335937500e+02
8.921577148437500000e+02
8.943795776367187500e+02
9.059695434570312500e+02
8.889027709960937500e+02
8.879626464843750000e+02
8.694427490234375000e+02
8.773674316406250000e+02
8.596738891601562500e+02
8.676774291992187500e+02
8.677675170898437500e+02
8.895621337890625000e+02
9.066613769531250000e+02
9.449828491210937500e+02
9.388425903320312500e+02
9.255231323242187500e+02
8.783491821289062500e+02
8.569991455078125000e+02
8.339094238281250000e+02
8.522681274414062500e+02
8.796493530273437500e+02
9.038416748046875000e+02
9.136286010742187500e+02
9.367698364257812500e+02
9.167294921875000000e+02
9.142963256835937500e+02
8.764808349609375000e+02
8.738343505859375000e+02
8.632857666015625000e+02
8.677483520507812500e+02
8.860765991210937500e+02
9.161728515625000000e+02
9.282831420898437500e+02
9.320141601562500000e+02
8.909381713867187500e+02
8.801719360351562500e+02
8.653582153320312500e+02
8.759844970703125000e+02
8.790855712890625000e+02
9.013181762695312500e+02
8.853453369140625000e+02
9.028624877929687500e+02
8.865969848632812500e+02
8.984966430664062500e+02
8.874108276367187500e+02
8.946742553710937500e+02
8.834123535156250000e+02
8.968811645507812500e+02
9.012340087890625000e+02
9.113148193359375000e+02
8.795119018554687500e+02
8.749983520507812500e+02
8.679841308593750000e+02
8.688875122070312500e+02
8.680877685546875000e+02
8.842899780273437500e+02
9.016151733398437500e+02
9.391829833984375000e+02
9.118745727539062500e+02
9.069249267578125000e+02
8.551455078125000000e+02
8.452149047851562500e+02
8.292974243164062500e+02
8.450341796875000000e+02
8.617539672851562500e+02
9.125070190429687500e+02
9.251147460937500000e+02
9.429354858398437500e+02
8.997035522460937500e+02
8.690032348632812500e+02
8.481569824218750000e+02
8.531784057617187500e+02
8.513955078125000000e+02
8.741853027343750000e+02
8.763735961914062500e+02
9.153209228515625000e+02
9.129448852539062500e+02
9.272440185546875000e+02
8.932288208007812500e+02
8.761542968750000000e+02
8.649451293945312500e+02
8.772393798828125000e+02
8.597669067382812500e+02
8.794359130859375000e+02
8.899429321289062500e+02
9.050169677734375000e+02
9.009210815429687500e+02
9.097938232421875000e+02
8.854100952148437500e+02
8.820693359375000000e+02
8.728570556640625000e+02
8.624277343750000000e+02
8.731165161132812500e+02
8.834372558593750000e+02
8.822393798828125000e+02
9.084761352539062500e+02
9.031054687500000000e+02
9.040830688476562500e+02
8.861069335937500000e+02
8.932053222656250000e+02
8.797390136718750000e+02
8.883894653320312500e+02
8.693153076171875000e+02
8.774811401367187500e+02
8.728713378906250000e+02
8.830921630859375000e+02
8.740144653320312500e+02
8.978750610351562500e+02
8.882918090820312500e+02
9.040003051757812500e+02
8.789172973632812500e+02
8.904856567382812500e+02
8.738438110351562500e+02
8.839762573242187500e+02
8.832340087890625000e+02
8.984230957031250000e+02
8.771507568359375000e+02
8.846807250976562500e+02
8.736400146484375000e+02
8.689188842773437500e+02
8.666640014648437500e+02
8.766640625000000000e+02
8.748334960937500000e+02
8.973932495117187500e+02
9.038355102539062500e+02
9.069730834960937500e+02
8.837415161132812500e+02
8.806024780273437500e+02
8.679468383789062500e+02
8.728716430664062500e+02
8.580960693359375000e+02
8.912666625976562500e+02
9.026728515625000000e+02
9.175814819335937500e+02
8.788296508789062500e+02
8.592041015625000000e+02
8.454517211914062500e+02
8.441711425781250000e+02
8.525028076171875000e+02
8.822929687500000000e+02
8.905246582031250000e+02
8.944953002929687500e+02
8.804425659179687500e+02
8.906275634765625000e+02
8.789128417968750000e+02
8.821864624023437500e+02
8.720183105468750000e+02
8.669790649414062500e+02
8.504416503906250000e+02
8.573362426757812500e+02
8.579933471679687500e+02
8.749813842773437500e+02
8.661527709960937500e+02
8.749551391601562500e+02
8.747465209960937500e+02
8.881781616210937500e+02
8.821392211914062500e+02
8.886985473632812500e+02
8.696181640625000000e+02
8.639988403320312500e+02
8.757373046875000000e+02
9.053643798828125000e+02
8.974334106445312500e+02
8.882890014648437500e+02
8.664003295898437500e+02
8.594450073242187500e+02
8.392011718750000000e+02
8.427098999023437500e+02
8.662803344726562500e+02
9.194801635742187500e+02
9.273859863281250000e+02
9.195457153320312500e+02
8.679091796875000000e+02
8.397891845703125000e+02
8.198317260742187500e+02
8.344580688476562500e+02
8.389364013671875000e+02
8.822080688476562500e+02
9.041705932617187500e+02
9.553408813476562500e+02
8.972978515625000000e+02
8.674974365234375000e+02
8.396455078125000000e+02
8.164571533203125000e+02
8.224442138671875000e+02
8.492474365234375000e+02
8.610549316406250000e+02
9.093161621093750000e+02
9.191777954101562500e+02
9.291519165039062500e+02
8.948755493164062500e+02
8.882301635742187500e+02
8.624725952148437500e+02
8.674598388671875000e+02
8.497283325195312500e+02
8.539845581054687500e+02
8.526414184570312500e+02
8.528741455078125000e+02
8.777584838867187500e+02
8.944824829101562500e+02
8.878865966796875000e+02
8.864385986328125000e+02
8.600927124023437500e+02
8.636428833007812500e+02
8.534025878906250000e+02
8.741350097656250000e+02
8.868075561523437500e+02
9.303765869140625000e+02
9.118284912109375000e+02
8.959240722656250000e+02
8.576854858398437500e+02
8.431329345703125000e+02
8.355948486328125000e+02
8.546732177734375000e+02
8.691337280273437500e+02
8.840166015625000000e+02
8.864689941406250000e+02
8.973479003906250000e+02
8.758320922851562500e+02
8.965695190429687500e+02
8.657431030273437500e+02
8.728729858398437500e+02
8.631265869140625000e+02
8.700595092773437500e+02
8.724265136718750000e+02
8.835550537109375000e+02
8.647337646484375000e+02
8.645310058593750000e+02
8.466015014648437500e+02
8.655562133789062500e+02
8.668186035156250000e+02
8.772796630859375000e+02
8.819188842773437500e+02
9.066165161132812500e+02
8.911692504882812500e+02
8.929197998046875000e+02
8.654898071289062500e+02
8.600310058593750000e+02
8.428854370117187500e+02
8.466667480468750000e+02
8.545145874023437500e+02
8.937538452148437500e+02
9.033894653320312500e+02
9.223068237304687500e+02
8.674227294921875000e+02
8.428937988281250000e+02
8.166685791015625000e+02
8.109723510742187500e+02
8.188326416015625000e+02
8.454046630859375000e+02
8.736459350585937500e+02
9.219856567382812500e+02
9.023585815429687500e+02
8.905490722656250000e+02
8.399523925781250000e+02
8.062743530273437500e+02
7.870712280273437500e+02
7.857438354492187500e+02
8.016486816406250000e+02
8.558428344726562500e+02
8.991233520507812500e+02
9.393215942382812500e+02
9.054541015625000000e+02
8.660995483398437500e+02
8.312550659179687500e+02
8.367995605468750000e+02
8.523487548828125000e+02
8.946099243164062500e+02
9.076154174804687500e+02
9.216213378906250000e+02
8.827858276367187500e+02
8.789136352539062500e+02
8.396134033203125000e+02
8.426138916015625000e+02
8.551473388671875000e+02
8.940135498046875000e+02
8.907764892578125000e+02
8.857937622070312500e+02
8.591469726562500000e+02
8.622594604492187500e+02
8.470426635742187500e+02
8.528524169921875000e+02
8.614094848632812500e+02
8.900780639648437500e+02
8.863605957031250000e+02
8.834355468750000000e+02
8.598839111328125000e+02
8.609067993164062500e+02
8.404299316406250000e+02
8.542130126953125000e+02
8.559409179687500000e+02
8.814500732421875000e+02
8.850559692382812500e+02
8.903677368164062500e+02
8.706051025390625000e+02
8.544146728515625000e+02
8.447653808593750000e+02
8.647774658203125000e+02
8.544174194335937500e+02
8.751581420898437500e+02
8.621245727539062500e+02
8.710942993164062500e+02
8.600731811523437500e+02
8.772492675781250000e+02
8.634237670898437500e+02
8.886834716796875000e+02
8.870698852539062500e+02
8.849599609375000000e+02
8.621743774414062500e+02
8.418555908203125000e+02
8.317489624023437500e+02
8.545404663085937500e+02
8.677738037109375000e+02
9.307035522460937500e+02
9.304472656250000000e+02
9.159044799804687500e+02
8.404875488281250000e+02
8.057513427734375000e+02
7.858621826171875000e+02
7.943629760742187500e+02
8.122962646484375000e+02
8.596797485351562500e+02
8.969887695312500000e+02
9.447668457031250000e+02
8.881521606445312500e+02
8.447879028320312500e+02
8.125616455078125000e+02
8.046641845703125000e+02
7.965696411132812500e+02
8.209699096679687500e+02
8.553805541992187500e+02
9.320739746093750000e+02
9.103061523437500000e+02
8.971498413085937500e+02
8.432810058593750000e+02
8.247116699218750000e+02
8.079901733398437500e+02
8.193828125000000000e+02
8.231434326171875000e+02
8.592640991210937500e+02
8.793623046875000000e+02
9.190969848632812500e+02
8.820639648437500000e+02
8.715798339843750000e+02
8.378430175781250000e+02
8.387598876953125000e+02
8.383128051757812500e+02
8.545278930664062500e+02
8.587360839843750000e+02
8.900928344726562500e+02
8.928583984375000000e+02
8.939998168945312500e+02
8.604434814453125000e+02
8.600404663085937500e+02
8.324607543945312500e+02
8.472684936523437500e+02
8.395836791992187500e+02
8.669064941406250000e+02
8.603906860351562500e+02
8.747705688476562500e+02
8.725352172851562500e+02
8.808663940429687500e+02
8.584497680664062500e+02
8.522794799804687500e+02
8.330787963867187500e+02
8.513615722656250000e+02
8.673856811523437500e+02
9.216201782226562500e+02
8.877164306640625000e+02
8.762816772460937500e+02
8.393926391601562500e+02
8.321115112304687500e+02
8.226109008789062500e+02
8.466761474609375000e+02
8.691248779296875000e+02
8.990413208007812500e+02
8.887242431640625000e+02
9.025773315429687500e+02
8.615214843750000000e+02
8.457626342773437500e+02
8.287648925781250000e+02
8.428889160156250000e+02
8.558346557617187500e+02
8.954221801757812500e+02
8.781464843750000000e+02
8.699886474609375000e+02
8.427849121093750000e+02
8.361345825195312500e+02
8.416512451171875000e+02
8.662306518554687500e+02
8.632712402343750000e+02
8.928646850585937500e+02
8.817996826171875000e+02
8.870755004882812500e+02
8.346909790039062500e+02
8.233441772460937500e+02
7.966303100585937500e+02
8.026199951171875000e+02
8.338572998046875000e+02
8.777974243164062500e+02
8.912333984375000000e+02
8.967717285156250000e+02
8.598221435546875000e+02
8.380168457031250000e+02
8.280436401367187500e+02
8.401599121093750000e+02
8.494000854492187500e+02
8.641515502929687500e+02
8.555470581054687500e+02
8.496964111328125000e+02
8.328939819335937500e+02
8.285369262695312500e+02
8.279192504882812500e+02
8.587650146484375000e+02
8.781018066406250000e+02
9.028817138671875000e+02
8.694281005859375000e+02
8.480973510742187500e+02
8.188163452148437500e+02
8.311561279296875000e+02
8.379631347656250000e+02
8.629445190429687500e+02
8.686589355468750000e+02
8.787377319335937500e+02
8.581328125000000000e+02
8.508704833984375000e+02
8.216749877929687500e+02
8.243372192382812500e+02
8.474479370117187500e+02
8.807743530273437500e+02
8.861932983398437500e+02
8.996712646484375000e+02
8.571407470703125000e+02
8.375456542968750000e+02
8.054562988281250000e+02
8.149671020507812500e+02
8.220107421875000000e+02
8.346615600585937500e+02
8.517589111328125000e+02
8.893499755859375000e+02
8.866994018554687500e+02
8.855073852539062500e+02
8.512984008789062500e+02
8.559505615234375000e+02
8.386595458984375000e+02
8.718200073242187500e+02
8.644968261718750000e+02
8.776154174804687500e+02
8.548852539062500000e+02
8.607368774414062500e+02
8.482919921875000000e+02
8.662192993164062500e+02
8.493961791992187500e+02
8.556968383789062500e+02
8.262112426757812500e+02
8.364169311523437500e+02
8.224509887695312500e+02
8.472606811523437500e+02
8.378489990234375000e+02
8.724851684570312500e+02
8.685534667968750000e+02
8.772420043945312500e+02
8.578682250976562500e+02
8.586898193359375000e+02
8.422491455078125000e+02
8.470032958984375000e+02
8.240278930664062500e+02
8.444658203125000000e+02
8.491134033203125000e+02
8.646318969726562500e+02
8.542288818359375000e+02
8.561127319335937500e+02
8.348296508789062500e+02
8.279692382812500000e+02
8.207808837890625000e+02
8.278355102539062500e+02
8.456414184570312500e+02
8.623549804687500000e+02
8.543959960937500000e+02
8.662735595703125000e+02
8.564931030273437500e+02
8.490534057617187500e+02
8.375726318359375000e+02
8.251879882812500000e+02
8.055778808593750000e+02
8.176397705078125000e+02
8.232299804687500000e+02
8.551270141601562500e+02
8.527927246093750000e+02
8.651745605468750000e+02
8.519404296875000000e+02
8.531888427734375000e+02
8.268112182617187500e+02
8.219633789062500000e+02
8.241530761718750000e+02
8.278887329101562500e+02
8.206098022460937500e+02
8.433034667968750000e+02
8.375465087890625000e+02
8.696102294921875000e+02
8.706767578125000000e+02
8.919471435546875000e+02
8.598032226562500000e+02
8.359224853515625000e+02
8.063341674804687500e+02
8.150481567382812500e+02
8.093108520507812500e+02
8.345798950195312500e+02
8.307167968750000000e+02
8.585675659179687500e+02
8.484837646484375000e+02
8.648350830078125000e+02
8.493065185546875000e+02
8.467454833984375000e+02
8.330664062500000000e+02
8.441003417968750000e+02
8.413937377929687500e+02
8.444312133789062500e+02
8.313801879882812500e+02
8.396811523437500000e+02
8.207268066406250000e+02
8.261989746093750000e+02
8.353319091796875000e+02
8.600944213867187500e+02
8.579870605468750000e+02
8.758284301757812500e+02
8.578724975585937500e+02
8.490565795898437500e+02
8.342821044921875000e+02
8.427276000976562500e+02
8.342666625976562500e+02
8.583546752929687500e+02
8.455132446289062500e+02
8.602219238281250000e+02
8.553950805664062500e+02
8.569343261718750000e+02
8.293814086914062500e+02
8.387575073242187500e+02
8.402918090820312500e+02
8.591679687500000000e+02
8.488193969726562500e+02
8.588347167968750000e+02
8.291980590820312500e+02
8.319142456054687500e+02
8.231362304687500000e+02
8.475016479492187500e+02
8.363863525390625000e+02
8.465728149414062500e+02
8.304364013671875000e+02
8.507180175781250000e+02
8.423657226562500000e+02
8.606058349609375000e+02
8.447037963867187500e+02
8.494362182617187500e+02
8.374307250976562500e+02
8.400691528320312500e+02
8.275784301757812500e+02
8.486029052734375000e+02
8.540507202148437500e+02
8.635825805664062500e+02
8.440798339843750000e+02
8.502648315429687500e+02
8.251666870117187500e+02
8.383867187500000000e+02
8.280249633789062500e+02
8.365071411132812500e+02
8.478436279296875000e+02
8.777778930664062500e+02
8.738873901367187500e+02
8.747449951171875000e+02
8.349845581054687500e+02
8.211304931640625000e+02
8.030766601562500000e+02
8.181736450195312500e+02
8.254625854492187500e+02
8.556267700195312500e+02
8.525219726562500000e+02
8.681096801757812500e+02
8.574553833007812500e+02
8.668832397460937500e+02
8.415710449218750000e+02
8.311288452148437500e+02
8.189257202148437500e+02
8.303878173828125000e+02
8.403273315429687500e+02
8.512188110351562500e+02
8.454912109375000000e+02
8.646895141601562500e+02
8.430287475585937500e+02
8.512086791992187500e+02
8.388709716796875000e+02
8.389302368164062500e+02
8.260535888671875000e+02
8.369089355468750000e+02
8.234917602539062500e+02
8.320097656250000000e+02
8.323107299804687500e+02
8.608802490234375000e+02
8.548168945312500000e+02
8.635143432617187500e+02
8.334393310546875000e+02
8.224795532226562500e+02
8.145135498046875000e+02
8.270664062500000000e+02
8.252034912109375000e+02
8.381417236328125000e+02
8.458922119140625000e+02
8.688372192382812500e+02
8.461185913085937500e+02
8.564816284179687500e+02
8.447438964843750000e+02
8.535977172851562500e+02
8.271711425781250000e+02
8.227724609375000000e+02
8.113021850585937500e+02
8.146682128906250000e+02
8.085315551757812500e+02
8.410357666015625000e+02
8.512503051757812500e+02
8.701006469726562500e+02
8.549116821289062500e+02
8.466816406250000000e+02
8.211995849609375000e+02
8.188271484375000000e+02
8.147399291992187500e+02
8.583439941406250000e+02
8.537714233398437500e+02
8.700354614257812500e+02
8.432122192382812500e+02
8.385682983398437500e+02
8.138477172851562500e+02
8.314620971679687500e+02
8.282597656250000000e+02
8.518981323242187500e+02
8.319031372070312500e+02
8.452687377929687500e+02
8.351158447265625000e+02
8.357051391601562500e+02
8.249879150390625000e+02
8.397817993164062500e+02
8.329258422851562500e+02
8.453439941406250000e+02
8.292443847656250000e+02
8.587803955078125000e+02
8.397178955078125000e+02
8.465317993164062500e+02
8.418511352539062500e+02
8.462293090820312500e+02
8.272139892578125000e+02
8.379235839843750000e+02
8.163006591796875000e+02
8.105972290039062500e+02
8.028013305664062500e+02
8.230673217773437500e+02
8.248200683593750000e+02
8.702162475585937500e+02
8.503683471679687500e+02
8.545816650390625000e+02
8.217844238281250000e+02
8.252875976562500000e+02
8.092021484375000000e+02
8.221499023437500000e+02
8.190047607421875000e+02
8.530354003906250000e+02
8.476156005859375000e+02
8.664503784179687500e+02
8.499420776367187500e+02
8.538869018554687500e+02
8.222830200195312500e+02
8.147702636718750000e+02
8.181015014648437500e+02
8.409650878906250000e+02
8.406460571289062500e+02
8.572575683593750000e+02
8.356387329101562500e+02
8.346636352539062500e+02
8.009122314453125000e+02
7.955867309570312500e+02
7.804416503906250000e+02
7.915535888671875000e+02
7.964714355468750000e+02
8.520187988281250000e+02
8.732849121093750000e+02
8.838863525390625000e+02
8.397221679687500000e+02
8.251230468750000000e+02
7.996162109375000000e+02
8.076668090820312500e+02
8.157108154296875000e+02
8.573506469726562500e+02
8.503264770507812500e+02
8.635333251953125000e+02
8.357476806640625000e+02
8.262223510742187500e+02
7.991212158203125000e+02
8.003129882812500000e+02
8.128598022460937500e+02
8.495170898437500000e+02
8.656768188476562500e+02
8.913551025390625000e+02
8.550661621093750000e+02
8.418834228515625000e+02
7.995585937500000000e+02
8.008167114257812500e+02
7.745969238281250000e+02
7.895114746093750000e+02
7.873196411132812500e+02
8.272783203125000000e+02
8.405394287109375000e+02
8.732358398437500000e+02
8.457156372070312500e+02
8.363189086914062500e+02
8.051565551757812500e+02
8.183624877929687500e+02
8.012158813476562500e+02
8.189323120117187500e+02
8.099590454101562500e+02
8.380156860351562500e+02
8.351146850585937500e+02
8.478387451171875000e+02
8.183623046875000000e+02
8.153385620117187500e+02
8.296389770507812500e+02
8.392465820312500000e+02
8.390265502929687500e+02
8.565110473632812500e+02
8.476065063476562500e+02
8.504030151367187500e+02
8.261799926757812500e+02
8.282281494140625000e+02
8.144331665039062500e+02
8.112652587890625000e+02
8.032643432617187500e+02
8.294379272460937500e+02
8.229114379882812500e+02
8.259383544921875000e+02
8.079962158203125000e+02
8.109957275390625000e+02
8.195130004882812500e+02
8.558282470703125000e+02
8.558516845703125000e+02
8.632304687500000000e+02
8.260952148437500000e+02
8.082407226562500000e+02
7.808460693359375000e+02
7.749912719726562500e+02
7.795214233398437500e+02
8.061279296875000000e+02
8.294270629882812500e+02
8.715870971679687500e+02
8.641900024414062500e+02
8.603093872070312500e+02
8.090590209960937500e+02
7.974844970703125000e+02
7.847377319335937500e+02
8.026054077148437500e+02
8.268528442382812500e+02
8.538139648437500000e+02
8.465773925781250000e+02
8.502197265625000000e+02
8.231561279296875000e+02
8.205413208007812500e+02
7.923984375000000000e+02
8.174995727539062500e+02
8.205990600585937500e+02
8.386597290039062500e+02
8.316560058593750000e+02
8.448369750976562500e+02
8.196336669921875000e+02
8.319181518554687500e+02
8.132922973632812500e+02
8.349951782226562500e+02
8.179583129882812500e+02
8.395700683593750000e+02
8.135106811523437500e+02
8.260150756835937500e+02
8.255381469726562500e+02
8.305795898437500000e+02
8.391495971679687500e+02
8.695059204101562500e+02
8.426768188476562500e+02
8.376102294921875000e+02
8.005237426757812500e+02
7.814238891601562500e+02
7.724494628906250000e+02
7.757380981445312500e+02
7.880935668945312500e+02
8.427786865234375000e+02
8.799785766601562500e+02
9.034405517578125000e+02
8.367504882812500000e+02
8.047337646484375000e+02
7.803312377929687500e+02
7.974868164062500000e+02
8.050480957031250000e+02
8.403869628906250000e+02
8.319124145507812500e+02
8.643269653320312500e+02
8.357584838867187500e+02
8.294768066406250000e+02
8.049750976562500000e+02
8.083978271484375000e+02
8.013999023437500000e+02
8.218818359375000000e+02
8.259712524414062500e+02
8.495109863281250000e+02
8.475618286132812500e+02
8.471361694335937500e+02
8.191774902343750000e+02
8.239766845703125000e+02
8.124598388671875000e+02
8.197084350585937500e+02
8.104995727539062500e+02
8.300023803710937500e+02
8.290134887695312500e+02
8.391147460937500000e+02
8.179671020507812500e+02
8.207211303710937500e+02
8.039365844726562500e+02
8.147131347656250000e+02
7.908007202148437500e+02
7.990272216796875000e+02
7.823897705078125000e+02
7.984985961914062500e+02
8.049502563476562500e+02
8.517094726562500000e+02
8.538259277343750000e+02
8.670974121093750000e+02
8.460659179687500000e+02
8.389545898437500000e+02
8.079177246093750000e+02
8.141267700195312500e+02
8.040474853515625000e+02
8.381271362304687500e+02
8.160101318359375000e+02
8.347940063476562500e+02
8.199557495117187500e+02
8.188414916992187500e+02
8.105623168945312500e+02
8.349984741210937500e+02
8.223490600585937500e+02
8.217067260742187500e+02
7.985880737304687500e+02
8.076046752929687500e+02
7.961622314453125000e+02
8.107241821289062500e+02
8.083901367187500000e+02
8.282947387695312500e+02
8.378319091796875000e+02
8.462060546875000000e+02
8.397727661132812500e+02
8.391267700195312500e+02
8.142728271484375000e+02
8.148504028320312500e+02
8.035054321289062500e+02
8.157508544921875000e+02
8.043154907226562500e+02
8.222529296875000000e+02
8.083946533203125000e+02
8.233786010742187500e+02
8.150714721679687500e+02
8.406728515625000000e+02
8.468231811523437500e+02
8.649870605468750000e+02
8.295670776367187500e+02
8.152440185546875000e+02
7.836730957031250000e+02
8.051875000000000000e+02
7.991597290039062500e+02
8.192777709960937500e+02
8.144755859375000000e+02
8.318348999023437500e+02
8.126193237304687500e+02
8.194398803710937500e+02
8.135303344726562500e+02
8.324935913085937500e+02
8.117931518554687500e+02
8.232642211914062500e+02
8.030894775390625000e+02
7.983836669921875000e+02
7.793659667968750000e+02
7.958248901367187500e+02
7.898945922851562500e+02
8.134696655273437500e+02
8.476192626953125000e+02
8.742861328125000000e+02
8.506838378906250000e+02
8.372529907226562500e+02
8.090532226562500000e+02
8.119202270507812500e+02
7.972871704101562500e+02
7.986517944335937500e+02
7.914593505859375000e+02
8.147056274414062500e+02
8.137640991210937500e+02
8.416296386718750000e+02
8.214152221679687500e+02
8.406817626953125000e+02
8.270027465820312500e+02
8.147565917968750000e+02
7.978598022460937500e+02
8.278984985351562500e+02
8.228469848632812500e+02
8.382445678710937500e+02
8.206364746093750000e+02
8.231734008789062500e+02
7.880759277343750000e+02
7.863809204101562500e+02
7.806681518554687500e+02
7.811448974609375000e+02
7.914701538085937500e+02
8.249559326171875000e+02
8.334633178710937500e+02
8.522841796875000000e+02
8.144320678710937500e+02
7.945086669921875000e+02
7.624819335937500000e+02
7.667390136718750000e+02
7.606422119140625000e+02
7.919489746093750000e+02
7.911927490234375000e+02
8.302758789062500000e+02
8.294224243164062500e+02
8.590550537109375000e+02
8.375645141601562500e+02
8.205529785156250000e+02
7.947482299804687500e+02
7.872341308593750000e+02
7.701076049804687500e+02
7.842565917968750000e+02
7.873473510742187500e+02
8.280045166015625000e+02
8.401109619140625000e+02
8.659454345703125000e+02
8.264324951171875000e+02
8.255085449218750000e+02
7.790073242187500000e+02
7.688416748046875000e+02
7.618510742187500000e+02
7.711456298828125000e+02
7.786939086914062500e+02
8.384744873046875000e+02
8.452942504882812500e+02
8.543748779296875000e+02
8.179532470703125000e+02
8.046154174804687500e+02
7.720152587890625000e+02
7.817913208007812500e+02
7.731585693359375000e+02
8.038171386718750000e+02
8.209669799804687500e+02
8.361731567382812500e+02
8.336571655273437500e+02
8.334651489257812500e+02
8.096642456054687500e+02
8.182131347656250000e+02
7.994757690429687500e+02
8.153685913085937500e+02
8.088036499023437500e+02
8.234508056640625000e+02
8.235985107421875000e+02
8.430114746093750000e+02
8.248661499023437500e+02
8.194963378906250000e+02
7.925313110351562500e+02
7.867311401367187500e+02
7.766531372070312500e+02
8.041845703125000000e+02
8.295385742187500000e+02
8.669140625000000000e+02
8.445627441406250000e+02
8.419505004882812500e+02
7.937678222656250000e+02
7.835840454101562500e+02
7.713588867187500000e+02
7.990125122070312500e+02
7.882108154296875000e+02
8.175845947265625000e+02
8.215271606445312500e+02
8.327126464843750000e+02
8.125046386718750000e+02
7.917214965820312500e+02
7.811432495117187500e+02
7.814073486328125000e+02
7.762186279296875000e+02
8.011278076171875000e+02
8.093881835937500000e+02
8.265325927734375000e+02
8.333692626953125000e+02
8.482196044921875000e+02
8.145659179687500000e+02
8.142561035156250000e+02
7.817616577148437500e+02
7.915375976562500000e+02
7.856325073242187500e+02
8.066008911132812500e+02
8.026341552734375000e+02
8.205267944335937500e+02
8.063963012695312500e+02
8.306333007812500000e+02
8.256482543945312500e+02
8.261271362304687500e+02
7.938414916992187500e+02
7.946079711914062500e+02
7.855038452148437500e+02
7.970110473632812500e+02
7.962814331054687500e+02
8.390181274414062500e+02
8.229091796875000000e+02
8.230331420898437500e+02
7.912903442382812500e+02
7.927182617187500000e+02
7.659736328125000000e+02
7.600515136718750000e+02
7.575504150390625000e+02
7.761670532226562500e+02
8.008590087890625000e+02
8.674824829101562500e+02
8.696465454101562500e+02
8.516395874023437500e+02
8.004718017578125000e+02
7.689560546875000000e+02
7.584779052734375000e+02
7.720825805664062500e+02
7.794521484375000000e+02
8.321502685546875000e+02
8.393065795898437500e+02
8.760689086914062500e+02
8.355691528320312500e+02
8.159765625000000000e+02
7.786806030273437500e+02
7.722144775390625000e+02
7.612453002929687500e+02
8.029144897460937500e+02
8.273741455078125000e+02
8.848912353515625000e+02
8.453298339843750000e+02
8.202523803710937500e+02
7.805441284179687500e+02
7.824335937500000000e+02
7.670903320312500000e+02
7.900791015625000000e+02
7.961026000976562500e+02
8.235748291015625000e+02
8.220406494140625000e+02
8.296102294921875000e+02
8.132753906250000000e+02
8.239854736328125000e+02
7.991428222656250000e+02
8.004763183593750000e+02
7.779078979492187500e+02
7.920905151367187500e+02
7.975283813476562500e+02
8.288349609375000000e+02
8.333638305664062500e+02
8.460360717773437500e+02
8.187148437500000000e+02
8.101726684570312500e+02
7.803591308593750000e+02
7.845785522460937500e+02
7.804274902343750000e+02
8.067174072265625000e+02
8.168935546875000000e+02
8.573417358398437500e+02
8.248843994140625000e+02
8.199482421875000000e+02
7.838845214843750000e+02
7.914181518554687500e+02
7.754293823242187500e+02
7.780270996093750000e+02
7.727124023437500000e+02
8.012673950195312500e+02
8.039003906250000000e+02
8.324022216796875000e+02
8.210802612304687500e+02
8.299808349609375000e+02
8.051870117187500000e+02
8.147402954101562500e+02
8.060620727539062500e+02
8.266177368164062500e+02
8.163358154296875000e+02
8.267508544921875000e+02
8.020747680664062500e+02
7.933544921875000000e+02
7.595120849609375000e+02
7.532702636718750000e+02
7.519708862304687500e+02
7.662514648437500000e+02
7.861686401367187500e+02
8.365192260742187500e+02
8.404835205078125000e+02
8.516914062500000000e+02
8.001724853515625000e+02
7.741342163085937500e+02
7.393847656250000000e+02
7.456773071289062500e+02
7.456346435546875000e+02
7.762927246093750000e+02
8.167393188476562500e+02
8.679114990234375000e+02
8.330710449218750000e+02
8.282088012695312500e+02
7.942996826171875000e+02
8.001172485351562500e+02
7.958357543945312500e+02
8.110258178710937500e+02
8.116086425781250000e+02
8.289692382812500000e+02
8.117999877929687500e+02
8.178156738281250000e+02
8.037868041992187500e+02
8.077000122070312500e+02
7.991416015625000000e+02
8.068520507812500000e+02
7.863423461914062500e+02
8.047953491210937500e+02
7.901060180664062500e+02
8.118825073242187500e+02
8.043713378906250000e+02
8.301109008789062500e+02
8.127593994140625000e+02
8.063687133789062500e+02
7.913043823242187500e+02
8.080939941406250000e+02
8.009949340820312500e+02
8.288556518554687500e+02
8.090728149414062500e+02
8.154708862304687500e+02
7.916295166015625000e+02
7.999342651367187500e+02
7.841250000000000000e+02
7.944003906250000000e+02
7.894667358398437500e+02
7.998154296875000000e+02
7.974019775390625000e+02
8.274049682617187500e+02
