1.129880390625000000e+05
9.812184375000000000e+04
8.314103906250000000e+04
6.826516406250000000e+04
5.371848046875000000e+04
4.094077734375000000e+04
3.117125585937500000e+04
2.671683398437500000e+04
2.686767773437500000e+04
2.963013085937500000e+04
3.354647265625000000e+04
3.675026171875000000e+04
3.860221875000000000e+04
3.904722265625000000e+04
3.852453515625000000e+04
3.668045703125000000e+04
3.452155859375000000e+04
3.204700781250000000e+04
2.950611132812500000e+04
2.770414453125000000e+04
2.662978320312500000e+04
2.609260546875000000e+04
2.643033398437500000e+04
2.726690820312500000e+04
2.824378320312500000e+04
2.887912695312500000e+04
2.921742382812500000e+04
2.938116796875000000e+04
2.865832421875000000e+04
2.801159960937500000e+04
2.732689062500000000e+04
2.681159960937500000e+04
2.615473242187500000e+04
2.610075781250000000e+04
2.618239648437500000e+04
2.628107226562500000e+04
2.648691210937500000e+04
2.677072460937500000e+04
2.702162304687500000e+04
2.698047460937500000e+04
2.685226367187500000e+04
2.660508984375000000e+04
2.637165820312500000e+04
2.616929492187500000e+04
2.613189648437500000e+04
2.584945898437500000e+04
2.590579882812500000e+04
2.604105664062500000e+04
2.597679882812500000e+04
2.607396484375000000e+04
2.612100195312500000e+04
2.612595507812500000e+04
2.600360742187500000e+04
2.607785546875000000e+04
2.592620312500000000e+04
2.576765039062500000e+04
2.557094140625000000e+04
2.571261132812500000e+04
2.574994921875000000e+04
2.559915625000000000e+04
2.567865039062500000e+04
2.581886914062500000e+04
2.563533398437500000e+04
2.556178320312500000e+04
2.544561132812500000e+04
2.547094726562500000e+04
2.528596679687500000e+04
2.535048242187500000e+04
2.540072070312500000e+04
2.516012500000000000e+04
2.522170898437500000e+04
2.510599218750000000e+04
2.504081250000000000e+04
2.498867968750000000e+04
2.495958203125000000e+04
2.496389648437500000e+04
2.485528515625000000e+04
2.468263476562500000e+04
2.470536328125000000e+04
2.464956445312500000e+04
2.451818164062500000e+04
2.439570312500000000e+04
2.431335156250000000e+04
2.413798632812500000e+04
2.397421289062500000e+04
2.391638085937500000e+04
2.373875195312500000e+04
2.358947656250000000e+04
2.353384570312500000e+04
2.338265039062500000e+04
2.323242187500000000e+04
2.304521289062500000e+04
2.281088476562500000e+04
2.274603710937500000e+04
2.248188476562500000e+04
2.209061523437500000e+04
2.209900000000000000e+04
2.163364062500000000e+04
2.141375000000000000e+04
2.115997265625000000e+04
2.080165234375000000e+04
2.054918359375000000e+04
2.020284179687500000e+04
1.986138281250000000e+04
1.942648632812500000e+04
1.896917382812500000e+04
1.867888867187500000e+04
1.816418554687500000e+04
1.755492578125000000e+04
1.708991015625000000e+04
1.649218359375000000e+04
1.585545605468750000e+04
1.521519335937500000e+04
1.453600878906250000e+04
1.383077343750000000e+04
1.304672753906250000e+04
1.227122363281250000e+04
1.141678417968750000e+04
1.062816113281250000e+04
9.737349609375000000e+03
8.886426757812500000e+03
8.078320800781250000e+03
7.343275878906250000e+03
6.801454589843750000e+03
6.507894042968750000e+03
6.408950683593750000e+03
6.602345703125000000e+03
6.901753417968750000e+03
7.177209960937500000e+03
7.366603027343750000e+03
7.389082031250000000e+03
7.322312500000000000e+03
7.126491210937500000e+03
6.855312011718750000e+03
6.538059082031250000e+03
6.252172363281250000e+03
6.065439453125000000e+03
6.040424804687500000e+03
5.993655761718750000e+03
6.039123046875000000e+03
6.122925292968750000e+03
6.157567382812500000e+03
6.185595214843750000e+03
6.202933105468750000e+03
6.208807128906250000e+03
6.195607421875000000e+03
6.128340820312500000e+03
6.037350097656250000e+03
5.935500488281250000e+03
5.860062500000000000e+03
5.802552734375000000e+03
5.756284179687500000e+03
5.783147460937500000e+03
5.783602050781250000e+03
5.831901367187500000e+03
5.896724609375000000e+03
5.869989746093750000e+03
5.820355957031250000e+03
5.845759765625000000e+03
5.861986816406250000e+03
5.787912597656250000e+03
5.707012695312500000e+03
5.749440429687500000e+03
5.736539062500000000e+03
5.645144042968750000e+03
5.656033203125000000e+03
5.669785156250000000e+03
5.668376464843750000e+03
5.701868164062500000e+03
5.662286621093750000e+03
5.641686035156250000e+03
5.657856445312500000e+03
5.604135253906250000e+03
5.614129394531250000e+03
5.616655273437500000e+03
5.584463378906250000e+03
5.578184082031250000e+03
5.546009277343750000e+03
5.548894042968750000e+03
5.492722167968750000e+03
5.542806152343750000e+03
5.518070312500000000e+03
5.531911621093750000e+03
5.490599121093750000e+03
5.477625488281250000e+03
5.447655273437500000e+03
5.482085449218750000e+03
5.464408691406250000e+03
5.459772460937500000e+03
5.453977050781250000e+03
5.387088378906250000e+03
5.409953125000000000e+03
5.415889160156250000e+03
5.439889160156250000e+03
5.420143554687500000e+03
5.432186523437500000e+03
5.399644531250000000e+03
5.383871582031250000e+03
5.393799316406250000e+03
5.350218750000000000e+03
5.376818359375000000e+03
5.346332519531250000e+03
5.330052246093750000e+03
5.323566406250000000e+03
5.300786621093750000e+03
5.303697753906250000e+03
5.330730957031250000e+03
5.324211425781250000e+03
5.317052734375000000e+03
5.282197753906250000e+03
5.282468750000000000e+03
5.261493652343750000e+03
5.275576660156250000e+03
5.301717773437500000e+03
5.242663574218750000e+03
5.268741699218750000e+03
5.240854980468750000e+03
5.258966308593750000e+03
5.237578125000000000e+03
5.192483886718750000e+03
5.207049316406250000e+03
5.163142089843750000e+03
5.157744140625000000e+03
5.187143066406250000e+03
5.149235351562500000e+03
5.168831542968750000e+03
5.136386718750000000e+03
5.145742187500000000e+03
5.153528808593750000e+03
5.116702636718750000e+03
5.107771972656250000e+03
5.126294921875000000e+03
5.113582519531250000e+03
5.068448730468750000e+03
5.074419921875000000e+03
5.094102050781250000e+03
5.052361816406250000e+03
5.049151367187500000e+03
5.048932128906250000e+03
5.056614746093750000e+03
5.008809082031250000e+03
5.016968750000000000e+03
5.018257812500000000e+03
5.003694824218750000e+03
4.984312988281250000e+03
4.948353515625000000e+03
4.977985839843750000e+03
4.940009765625000000e+03
4.955441894531250000e+03
4.913151367187500000e+03
4.917784667968750000e+03
4.905701171875000000e+03
4.927553710937500000e+03
4.908613281250000000e+03
4.878706542968750000e+03
4.885546386718750000e+03
4.875933105468750000e+03
4.867487792968750000e+03
4.826874511718750000e+03
4.857546875000000000e+03
4.898206542968750000e+03
4.855617187500000000e+03
4.828844726562500000e+03
4.835073242187500000e+03
4.784373046875000000e+03
4.779760742187500000e+03
4.784591308593750000e+03
4.736046386718750000e+03
4.754690917968750000e+03
4.730561035156250000e+03
4.726570800781250000e+03
4.743304687500000000e+03
4.736202148437500000e+03
4.714091796875000000e+03
4.683962402343750000e+03
4.683297851562500000e+03
4.671177246093750000e+03
4.685337402343750000e+03
4.682382324218750000e+03
4.716399414062500000e+03
4.722237792968750000e+03
4.735854003906250000e+03
4.676275878906250000e+03
4.657140625000000000e+03
4.582980468750000000e+03
4.570053710937500000e+03
4.567437500000000000e+03
4.606907714843750000e+03
4.611579589843750000e+03
4.616371582031250000e+03
4.625000976562500000e+03
4.563314941406250000e+03
4.477058105468750000e+03
4.476668457031250000e+03
4.516053222656250000e+03
4.561694335937500000e+03
4.538150390625000000e+03
4.526875976562500000e+03
4.472663574218750000e+03
4.442786621093750000e+03
4.411634765625000000e+03
4.424906738281250000e+03
4.436734863281250000e+03
4.400068847656250000e+03
4.421811523437500000e+03
4.372244628906250000e+03
4.369147460937500000e+03
4.365898437500000000e+03
4.374093261718750000e+03
4.369760742187500000e+03
4.399375000000000000e+03
4.400654296875000000e+03
4.370232910156250000e+03
4.376929687500000000e+03
4.301534667968750000e+03
4.263372558593750000e+03
4.249209472656250000e+03
4.231648437500000000e+03
4.232984863281250000e+03
4.229533691406250000e+03
4.218608886718750000e+03
4.172140625000000000e+03
4.192474121093750000e+03
4.180172851562500000e+03
4.162482421875000000e+03
4.158682128906250000e+03
4.206465820312500000e+03
4.208024414062500000e+03
4.286777832031250000e+03
4.247235351562500000e+03
4.181619140625000000e+03
4.105804199218750000e+03
4.099274414062500000e+03
4.047478515625000000e+03
4.039442382812500000e+03
4.040101074218750000e+03
4.025742187500000000e+03
4.028936035156250000e+03
4.012250000000000000e+03
4.010942626953125000e+03
4.068613525390625000e+03
4.130730468750000000e+03
4.139221191406250000e+03
4.045707519531250000e+03
3.964830322265625000e+03
3.904265869140625000e+03
3.924116943359375000e+03
3.888059326171875000e+03
3.884128173828125000e+03
3.887132080078125000e+03
3.925006347656250000e+03
3.978606933593750000e+03
4.044354736328125000e+03
3.948554931640625000e+03
3.874407714843750000e+03
3.801729003906250000e+03
3.761122558593750000e+03
3.758919189453125000e+03
3.761791015625000000e+03
3.732226074218750000e+03
3.728841308593750000e+03
3.713679931640625000e+03
3.749539550781250000e+03
3.873107177734375000e+03
3.933004638671875000e+03
3.873349853515625000e+03
3.718221679687500000e+03
3.658282714843750000e+03
3.608924072265625000e+03
3.608699951171875000e+03
3.590006347656250000e+03
3.651277343750000000e+03
3.766301269531250000e+03
3.839046630859375000e+03
3.766387695312500000e+03
3.613023681640625000e+03
3.534567871093750000e+03
3.493119384765625000e+03
3.489646728515625000e+03
3.496354736328125000e+03
3.470567626953125000e+03
3.439281738281250000e+03
3.437687744140625000e+03
3.414882568359375000e+03
3.405206542968750000e+03
3.565086181640625000e+03
3.744128906250000000e+03
3.754771728515625000e+03
3.519854248046875000e+03
3.361997558593750000e+03
3.307802246093750000e+03
3.312403320312500000e+03
3.301599853515625000e+03
3.270077636718750000e+03
3.253396972656250000e+03
3.351061279296875000e+03
3.488705078125000000e+03
3.642901855468750000e+03
3.564478027343750000e+03
3.315430175781250000e+03
3.209757324218750000e+03
3.156940185546875000e+03
3.111326904296875000e+03
3.138244873046875000e+03
3.109087402343750000e+03
3.114492675781250000e+03
3.116536376953125000e+03
3.309166015625000000e+03
3.610782226562500000e+03
3.549452392578125000e+03
3.259086181640625000e+03
3.035394287109375000e+03
2.988562011718750000e+03
3.020674560546875000e+03
3.152259277343750000e+03
3.421869384765625000e+03
3.455410644531250000e+03
3.236864257812500000e+03
3.026520996093750000e+03
2.916026855468750000e+03
2.886372070312500000e+03
2.879261962890625000e+03
2.861561523437500000e+03
2.871414550781250000e+03
3.044051269531250000e+03
3.408729736328125000e+03
3.423731689453125000e+03
3.097450927734375000e+03
2.813068359375000000e+03
2.753821044921875000e+03
2.811661865234375000e+03
3.047044677734375000e+03
3.365489990234375000e+03
3.162168212890625000e+03
2.858190917968750000e+03
2.701544677734375000e+03
2.663235351562500000e+03
2.647139404296875000e+03
2.639343017578125000e+03
2.657069580078125000e+03
2.787186523437500000e+03
3.208364990234375000e+03
3.312935058593750000e+03
3.000956542968750000e+03
2.635386230468750000e+03
2.537750488281250000e+03
2.552832031250000000e+03
2.697552978515625000e+03
3.124198974609375000e+03
3.153783935546875000e+03
2.823164062500000000e+03
2.545441406250000000e+03
2.469845703125000000e+03
2.413021728515625000e+03
2.377876220703125000e+03
2.423723876953125000e+03
2.505237548828125000e+03
2.810448242187500000e+03
3.207909667968750000e+03
3.048472412109375000e+03
2.506692138671875000e+03
2.326858398437500000e+03
2.351702148437500000e+03
2.516289306640625000e+03
3.018794677734375000e+03
2.930369628906250000e+03
2.697986572265625000e+03
2.354335449218750000e+03
2.250777587890625000e+03
2.215453369140625000e+03
2.189315185546875000e+03
2.192243408203125000e+03
2.298197509765625000e+03
2.730591552734375000e+03
3.413075927734375000e+03
2.637810302734375000e+03
2.308969238281250000e+03
2.143411376953125000e+03
2.124377685546875000e+03
2.195387451171875000e+03
2.445784667968750000e+03
3.209779541015625000e+03
2.666681884765625000e+03
2.345316894531250000e+03
2.189062744140625000e+03
2.210949218750000000e+03
2.294006591796875000e+03
2.565638916015625000e+03
2.528479248046875000e+03
2.516700927734375000e+03
2.177889892578125000e+03
2.052197509765625000e+03
1.968403320312500000e+03
1.984579833984375000e+03
2.109837890625000000e+03
2.742177734375000000e+03
2.839333984375000000e+03
2.538832519531250000e+03
2.038311523437500000e+03
1.932698974609375000e+03
1.866794433593750000e+03
1.859000366210937500e+03
1.863245361328125000e+03
2.078543701171875000e+03
2.736107910156250000e+03
3.185854003906250000e+03
1.931782836914062500e+03
1.770472290039062500e+03
2.160162353515625000e+03
2.822079345703125000e+03
3.021032714843750000e+03
1.803037475585937500e+03
2.905186035156250000e+03
3.980209960937500000e+03
2.046037597656250000e+03
5.538061523437500000e+03
2.289052001953125000e+03
7.559474121093750000e+03
7.190969238281250000e+03
2.151834228515625000e+03
4.098931152343750000e+03
2.876914062500000000e+03
2.263034423828125000e+03
4.529374511718750000e+03
1.961247314453125000e+03
5.600568847656250000e+03
3.979801269531250000e+03
5.221132812500000000e+03
5.099625976562500000e+03
3.277588623046875000e+03
3.910640869140625000e+03
2.741390380859375000e+03
2.298778564453125000e+03
3.563142333984375000e+03
2.354739013671875000e+03
4.103404785156250000e+03
2.176154541015625000e+03
5.108467285156250000e+03
4.234750976562500000e+03
3.594266845703125000e+03
3.607074951171875000e+03
3.428530273437500000e+03
3.313565673828125000e+03
3.157084228515625000e+03
2.343874755859375000e+03
3.932851074218750000e+03
3.125458984375000000e+03
3.409911376953125000e+03
2.720584228515625000e+03
3.731121582031250000e+03
3.453677001953125000e+03
2.734522460937500000e+03
2.651667724609375000e+03
3.092401611328125000e+03
2.764601074218750000e+03
2.907543945312500000e+03
2.078193359375000000e+03
3.378593017578125000e+03
2.411909912109375000e+03
3.581956054687500000e+03
2.622294677734375000e+03
3.906284912109375000e+03
3.651949218750000000e+03
2.581501220703125000e+03
2.839215332031250000e+03
2.683223632812500000e+03
2.938046386718750000e+03
2.122754882812500000e+03
2.490204589843750000e+03
2.392172851562500000e+03
2.293900390625000000e+03
2.406771972656250000e+03
1.726211669921875000e+03
2.580255126953125000e+03
1.676431518554687500e+03
2.831956054687500000e+03
1.629278320312500000e+03
2.324717529296875000e+03
1.670626708984375000e+03
2.013383666992187500e+03
2.094728759765625000e+03
1.771097656250000000e+03
2.321777587890625000e+03
1.643128540039062500e+03
1.922238281250000000e+03
1.717225097656250000e+03
1.545814941406250000e+03
1.770538940429687500e+03
1.588135009765625000e+03
1.535775146484375000e+03
1.663902343750000000e+03
1.579500976562500000e+03
1.494765625000000000e+03
1.511791992187500000e+03
1.536551635742187500e+03
1.534540283203125000e+03
1.454220458984375000e+03
1.443860961914062500e+03
1.478931640625000000e+03
1.507821166992187500e+03
1.554816040039062500e+03
1.465858032226562500e+03
1.439286010742187500e+03
1.387052001953125000e+03
1.375067626953125000e+03
1.404302856445312500e+03
1.450827758789062500e+03
1.630248535156250000e+03
1.706878540039062500e+03
1.750545776367187500e+03
1.478033935546875000e+03
1.370165527343750000e+03
1.374235107421875000e+03
1.482728637695312500e+03
1.784511108398437500e+03
1.675831176757812500e+03
1.669164306640625000e+03
1.504739013671875000e+03
1.488776000976562500e+03
1.453695678710937500e+03
1.450746826171875000e+03
1.387692871093750000e+03
1.392881713867187500e+03
1.502506835937500000e+03
1.847729980468750000e+03
1.696270629882812500e+03
1.658960327148437500e+03
1.463670288085937500e+03
1.419257812500000000e+03
1.376851928710937500e+03
1.348281372070312500e+03
1.384963378906250000e+03
1.648564697265625000e+03
1.871981689453125000e+03
1.903040771484375000e+03
1.359353881835937500e+03
1.239526000976562500e+03
1.225153930664062500e+03
1.258793457031250000e+03
1.506449707031250000e+03
2.086461669921875000e+03
1.937768798828125000e+03
1.242874877929687500e+03
1.280341064453125000e+03
1.855580688476562500e+03
1.782101196289062500e+03
1.484975952148437500e+03
1.298211059570312500e+03
1.214451049804687500e+03
1.181959716796875000e+03
1.346722167968750000e+03
2.057578613281250000e+03
1.659815429687500000e+03
1.510538818359375000e+03
1.531332641601562500e+03
1.652771606445312500e+03
1.469648315429687500e+03
1.264793212890625000e+03
1.288676391601562500e+03
1.587398681640625000e+03
2.071841064453125000e+03
1.358211425781250000e+03
1.207839111328125000e+03
1.212145263671875000e+03
1.519576660156250000e+03
1.953132812500000000e+03
1.692990356445312500e+03
1.296393188476562500e+03
1.325731445312500000e+03
1.623823608398437500e+03
1.833912109375000000e+03
1.613239013671875000e+03
1.347308837890625000e+03
1.370691284179687500e+03
1.619315795898437500e+03
1.797837768554687500e+03
1.390275024414062500e+03
1.191629760742187500e+03
1.297460571289062500e+03
1.819681274414062500e+03
1.933779174804687500e+03
1.206988037109375000e+03
1.198289794921875000e+03
1.747373657226562500e+03
1.925111206054687500e+03
1.433146362304687500e+03
1.200172119140625000e+03
1.156490844726562500e+03
1.243303344726562500e+03
1.672537353515625000e+03
1.957698974609375000e+03
1.261999755859375000e+03
1.128982910156250000e+03
1.478247802734375000e+03
2.147944335937500000e+03
1.455833862304687500e+03
1.171790283203125000e+03
1.253066528320312500e+03
1.585076782226562500e+03
1.781771850585937500e+03
1.528954467773437500e+03
1.300066772460937500e+03
1.227961547851562500e+03
1.291890014648437500e+03
1.420311523437500000e+03
1.621907470703125000e+03
1.586516601562500000e+03
1.336386962890625000e+03
1.164157958984375000e+03
1.119465942382812500e+03
1.127906127929687500e+03
1.312341186523437500e+03
1.927758789062500000e+03
1.823369506835937500e+03
1.202384399414062500e+03
1.100808349609375000e+03
1.335187377929687500e+03
1.916130126953125000e+03
1.568172851562500000e+03
1.176850341796875000e+03
1.165285766601562500e+03
1.493506103515625000e+03
2.016263183593750000e+03
1.516242431640625000e+03
1.199488769531250000e+03
1.133676513671875000e+03
1.195171386718750000e+03
1.376132690429687500e+03
1.724080688476562500e+03
1.600161132812500000e+03
1.306414916992187500e+03
1.110955200195312500e+03
1.166130371093750000e+03
1.654781494140625000e+03
1.962085449218750000e+03
1.152071533203125000e+03
1.130886108398437500e+03
1.692062011718750000e+03
1.954056640625000000e+03
1.331134033203125000e+03
1.116045776367187500e+03
1.137233764648437500e+03
1.296522338867187500e+03
1.744680664062500000e+03
1.704985351562500000e+03
1.235663085937500000e+03
1.082855957031250000e+03
1.053988037109375000e+03
1.052461914062500000e+03
1.057979370117187500e+03
1.100065429687500000e+03
1.268029785156250000e+03
1.919999267578125000e+03
1.723165527343750000e+03
1.181924682617187500e+03
1.102328857421875000e+03
1.488603637695312500e+03
2.046540161132812500e+03
1.300348754882812500e+03
1.068423095703125000e+03
1.114777221679687500e+03
1.441633300781250000e+03
2.026610595703125000e+03
1.449825805664062500e+03
1.149831787109375000e+03
1.118435424804687500e+03
1.159645019531250000e+03
1.268525878906250000e+03
1.575862426757812500e+03
1.658549194335937500e+03
1.325120971679687500e+03
1.099713012695312500e+03
1.045377075195312500e+03
1.038398193359375000e+03
1.056486572265625000e+03
1.214235595703125000e+03
1.878646118164062500e+03
1.509462036132812500e+03
1.250907470703125000e+03
1.304460205078125000e+03
1.277295776367187500e+03
1.344124633789062500e+03
1.183238769531250000e+03
1.136174682617187500e+03
1.130398193359375000e+03
1.334231445312500000e+03
1.937491455078125000e+03
1.289017700195312500e+03
1.119375366210937500e+03
1.169473388671875000e+03
1.303327026367187500e+03
1.656747192382812500e+03
1.425121459960937500e+03
1.235825317382812500e+03
1.069391601562500000e+03
1.129461181640625000e+03
1.794868774414062500e+03
1.914867431640625000e+03
1.056462890625000000e+03
1.193657958984375000e+03
2.040560180664062500e+03
1.247764770507812500e+03
1.035157714843750000e+03
1.355444091796875000e+03
2.044200683593750000e+03
1.326449218750000000e+03
1.052189941406250000e+03
1.125380981445312500e+03
1.445838989257812500e+03
1.891301513671875000e+03
1.368853393554687500e+03
1.154092773437500000e+03
1.093465209960937500e+03
1.179088012695312500e+03
1.388213867187500000e+03
1.658361938476562500e+03
1.433166503906250000e+03
1.219936889648437500e+03
1.052248657226562500e+03
1.025939697265625000e+03
1.116516479492187500e+03
1.489057006835937500e+03
1.865208007812500000e+03
1.381436157226562500e+03
1.155299316406250000e+03
1.102666625976562500e+03
1.194720825195312500e+03
1.256828002929687500e+03
1.424321166992187500e+03
1.334470947265625000e+03
1.271915039062500000e+03
1.155859008789062500e+03
1.182548706054687500e+03
1.297047851562500000e+03
1.651928100585937500e+03
1.583718261718750000e+03
1.203791259765625000e+03
1.024865844726562500e+03
1.053570190429687500e+03
1.428003540039062500e+03
1.717388671875000000e+03
1.259407104492187500e+03
1.049108276367187500e+03
9.981965942382812500e+02
9.910997924804687500e+02
1.045823120117187500e+03
1.358397094726562500e+03
1.863773803710937500e+03
1.173450195312500000e+03
9.909130859375000000e+02
1.247229858398437500e+03
2.091695556640625000e+03
1.309705444335937500e+03
1.025205810546875000e+03
1.069211914062500000e+03
1.315278198242187500e+03
1.947218872070312500e+03
1.327848632812500000e+03
1.077902343750000000e+03
1.020730895996093750e+03
1.095659790039062500e+03
1.279355224609375000e+03
1.739863769531250000e+03
1.505175292968750000e+03
1.175294311523437500e+03
1.004316101074218750e+03
1.068012207031250000e+03
1.542955688476562500e+03
1.769954833984375000e+03
1.099205688476562500e+03
9.655003051757812500e+02
1.221114624023437500e+03
2.030235961914062500e+03
1.315247192382812500e+03
1.044528808593750000e+03
9.951117553710937500e+02
1.077967163085937500e+03
1.503676513671875000e+03
1.742069946289062500e+03
1.150769287109375000e+03
9.682783813476562500e+02
1.074389526367187500e+03
1.718642089843750000e+03
1.732138793945312500e+03
1.053916748046875000e+03
1.053833129882812500e+03
1.570569824218750000e+03
1.777667114257812500e+03
1.168315917968750000e+03
1.006328796386718750e+03
9.745541381835937500e+02
1.033804687500000000e+03
1.433859008789062500e+03
1.793572265625000000e+03
1.094013183593750000e+03
9.744804687500000000e+02
1.344392700195312500e+03
2.106941162109375000e+03
1.100520629882812500e+03
1.010280090332031250e+03
1.487905517578125000e+03
1.614095947265625000e+03
1.215326416015625000e+03
9.729568481445312500e+02
1.252103515625000000e+03
2.192915039062500000e+03
1.063984741210937500e+03
1.002938049316406250e+03
1.736161010742187500e+03
1.763788696289062500e+03
1.030169311523437500e+03
1.142136108398437500e+03
1.579478637695312500e+03
1.561311767578125000e+03
1.118268554687500000e+03
1.003480468750000000e+03
9.603114013671875000e+02
9.713928833007812500e+02
1.049926879882812500e+03
1.422208862304687500e+03
1.785017822265625000e+03
1.079682373046875000e+03
9.796744995117187500e+02
1.448493530273437500e+03
1.992645141601562500e+03
1.050914306640625000e+03
1.070367553710937500e+03
1.750847534179687500e+03
1.381676513671875000e+03
1.088667846679687500e+03
9.517988281250000000e+02
1.201005493164062500e+03
2.060484863281250000e+03
1.182048706054687500e+03
9.480433959960937500e+02
9.520422973632812500e+02
1.167970825195312500e+03
1.808508300781250000e+03
1.368327514648437500e+03
1.113021484375000000e+03
9.724431762695312500e+02
1.166098022460937500e+03
1.900000610351562500e+03
1.311532714843750000e+03
1.035888183593750000e+03
9.423803100585937500e+02
9.553143920898437500e+02
1.015185424804687500e+03
1.256798950195312500e+03
1.645188354492187500e+03
1.268177001953125000e+03
9.867811279296875000e+02
9.380750732421875000e+02
9.302698974609375000e+02
9.232635498046875000e+02
9.176136474609375000e+02
1.025496582031250000e+03
1.547605468750000000e+03
1.884838989257812500e+03
9.272459106445312500e+02
1.234896850585937500e+03
2.010668945312500000e+03
9.732479248046875000e+02
1.206797729492187500e+03
1.981034790039062500e+03
9.624345703125000000e+02
1.159111938476562500e+03
2.232571777343750000e+03
9.255000000000000000e+02
2.400979736328125000e+03
1.196817993164062500e+03
9.221754760742187500e+02
1.359514770507812500e+03
1.697705932617187500e+03
1.157594970703125000e+03
9.243400878906250000e+02
1.360292358398437500e+03
2.184557373046875000e+03
9.451397094726562500e+02
1.378960449218750000e+03
2.424332519531250000e+03
9.333450927734375000e+02
2.756250488281250000e+03
1.098664794921875000e+03
4.054529541015625000e+03
3.211094970703125000e+03
2.708514404296875000e+03
3.186752197265625000e+03
1.481125610351562500e+03
2.255086914062500000e+03
1.638023925781250000e+03
1.049224609375000000e+03
1.845239501953125000e+03
1.211271362304687500e+03
9.347798461914062500e+02
9.940043945312500000e+02
1.297362915039062500e+03
1.815251098632812500e+03
1.085403686523437500e+03
9.316056518554687500e+02
9.644546508789062500e+02
1.129199218750000000e+03
1.468007934570312500e+03
1.167075927734375000e+03
1.040832275390625000e+03
9.335068359375000000e+02
9.738683471679687500e+02
1.227564208984375000e+03
1.528878295898437500e+03
1.258112182617187500e+03
1.047046264648437500e+03
1.058354858398437500e+03
1.056470947265625000e+03
1.217711791992187500e+03
1.135385131835937500e+03
1.208155151367187500e+03
1.080728271484375000e+03
1.121156250000000000e+03
1.170260375976562500e+03
1.473094482421875000e+03
1.414034301757812500e+03
1.166473510742187500e+03
9.464991455078125000e+02
9.152455444335937500e+02
9.207993164062500000e+02
9.730066528320312500e+02
1.182302124023437500e+03
1.731808349609375000e+03
1.318769775390625000e+03
1.047837280273437500e+03
9.582260131835937500e+02
9.739788818359375000e+02
1.057993530273437500e+03
1.432948120117187500e+03
1.502462646484375000e+03
1.109972045898437500e+03
9.173710937500000000e+02
8.970814819335937500e+02
8.830490722656250000e+02
8.767999267578125000e+02
8.901777343750000000e+02
9.601385498046875000e+02
1.370242919921875000e+03
1.832350463867187500e+03
9.234875488281250000e+02
1.051458984375000000e+03
1.722826660156250000e+03
1.233029785156250000e+03
9.406109619140625000e+02
9.118074340820312500e+02
9.511879882812500000e+02
1.192634033203125000e+03
1.705600830078125000e+03
1.089833007812500000e+03
8.978043823242187500e+02
8.632840576171875000e+02
8.881428833007812500e+02
1.032884155273437500e+03
1.789033813476562500e+03
1.473790161132812500e+03
9.770579833984375000e+02
8.794493408203125000e+02
9.639700927734375000e+02
1.568738647460937500e+03
1.696406005859375000e+03
9.192194213867187500e+02
9.780711669921875000e+02
1.683792480468750000e+03
1.320223999023437500e+03
1.102406127929687500e+03
1.157794189453125000e+03
1.371013916015625000e+03
1.379956787109375000e+03
1.094399780273437500e+03
9.984844970703125000e+02
9.506224975585937500e+02
9.992183837890625000e+02
1.252371459960937500e+03
1.691851196289062500e+03
1.303701416015625000e+03
1.025953979492187500e+03
9.875791015625000000e+02
1.189238769531250000e+03
1.351654052734375000e+03
1.368835937500000000e+03
9.809142456054687500e+02
8.985688476562500000e+02
8.871790771484375000e+02
1.006399414062500000e+03
1.630949951171875000e+03
1.558332763671875000e+03
9.328859863281250000e+02
8.950869750976562500e+02
1.282291748046875000e+03
1.865082153320312500e+03
9.989584350585937500e+02
9.767526855468750000e+02
1.389177001953125000e+03
1.147143310546875000e+03
1.093499023437500000e+03
9.419378051757812500e+02
1.006400878906250000e+03
1.299567749023437500e+03
1.602291625976562500e+03
1.224082153320312500e+03
1.058890747070312500e+03
1.038885131835937500e+03
1.304871704101562500e+03
1.170062133789062500e+03
1.163350952148437500e+03
9.448717651367187500e+02
8.772409057617187500e+02
8.632520141601562500e+02
8.936676025390625000e+02
1.009090881347656250e+03
1.506076538085937500e+03
1.629901000976562500e+03
9.175014648437500000e+02
9.137633056640625000e+02
1.463870483398437500e+03
1.636996337890625000e+03
9.851816406250000000e+02
8.731406860351562500e+02
1.079802734375000000e+03
1.385623046875000000e+03
1.474045776367187500e+03
1.185369750976562500e+03
1.134665405273437500e+03
1.175358642578125000e+03
1.379228759765625000e+03
1.210969116210937500e+03
1.193222778320312500e+03
9.643414916992187500e+02
8.975104980468750000e+02
8.959603881835937500e+02
1.010019470214843750e+03
1.372048095703125000e+03
1.525104003906250000e+03
1.200159790039062500e+03
1.090889038085937500e+03
1.080788208007812500e+03
1.314466064453125000e+03
1.121433959960937500e+03
1.117715820312500000e+03
9.229452514648437500e+02
8.635653076171875000e+02
8.516419067382812500e+02
8.541484375000000000e+02
8.738020019531250000e+02
8.827223510742187500e+02
1.029269653320312500e+03
1.687636474609375000e+03
1.340601440429687500e+03
1.074546142578125000e+03
9.064143066406250000e+02
1.228433105468750000e+03
2.105578369140625000e+03
8.370978393554687500e+02
1.758526000976562500e+03
1.544348022460937500e+03
9.109491577148437500e+02
8.381507568359375000e+02
8.796795043945312500e+02
1.138791992187500000e+03
1.860247192382812500e+03
1.033775146484375000e+03
8.746309204101562500e+02
8.554606323242187500e+02
8.316599731445312500e+02
8.364171752929687500e+02
9.505869750976562500e+02
1.394480224609375000e+03
1.574969848632812500e+03
1.168389892578125000e+03
1.044916137695312500e+03
1.024259765625000000e+03
1.343778198242187500e+03
1.193743041992187500e+03
1.212398559570312500e+03
9.359040527343750000e+02
8.715910034179687500e+02
8.488417358398437500e+02
8.912413330078125000e+02
1.189089233398437500e+03
1.747312011718750000e+03
1.179595703125000000e+03
9.485693969726562500e+02
8.851968994140625000e+02
9.604701538085937500e+02
1.114123535156250000e+03
1.667811279296875000e+03
1.133702636718750000e+03
9.484856567382812500e+02
8.675598144531250000e+02
8.316295776367187500e+02
8.345071411132812500e+02
9.257218017578125000e+02
1.275399780273437500e+03
1.611958129882812500e+03
1.206343750000000000e+03
9.802406005859375000e+02
8.969744262695312500e+02
1.025691040039062500e+03
1.194393066406250000e+03
1.577475463867187500e+03
1.138761352539062500e+03
9.757658081054687500e+02
8.974284667968750000e+02
8.826037597656250000e+02
9.397526855468750000e+02
1.478475952148437500e+03
1.605224121093750000e+03
8.973458251953125000e+02
1.036938110351562500e+03
1.676729492187500000e+03
1.045136352539062500e+03
8.120247192382812500e+02
9.045684814453125000e+02
1.529959350585937500e+03
1.560597290039062500e+03
9.015385742187500000e+02
9.262755737304687500e+02
1.532643798828125000e+03
1.396386474609375000e+03
9.744616699218750000e+02
9.602607421875000000e+02
1.059038085937500000e+03
1.484088623046875000e+03
1.318248657226562500e+03
1.020202209472656250e+03
8.527036743164062500e+02
8.189777221679687500e+02
8.088085937500000000e+02
8.428781738281250000e+02
1.019277893066406250e+03
1.549769531250000000e+03
1.188338989257812500e+03
1.005376464843750000e+03
1.147832397460937500e+03
1.206936035156250000e+03
1.352228271484375000e+03
9.661719360351562500e+02
9.389476318359375000e+02
9.435184326171875000e+02
1.338624023437500000e+03
1.552656616210937500e+03
9.278387451171875000e+02
7.976051025390625000e+02
9.058238525390625000e+02
1.552349487304687500e+03
1.483250488281250000e+03
9.226029052734375000e+02
8.509024658203125000e+02
1.291392578125000000e+03
1.906985961914062500e+03
8.479804077148437500e+02
1.073231201171875000e+03
2.281533447265625000e+03
8.336984863281250000e+02
2.644333740234375000e+03
1.130696289062500000e+03
4.300687500000000000e+03
4.309809082031250000e+03
8.974569702148437500e+02
3.837998291015625000e+03
2.866525634765625000e+03
2.448746093750000000e+03
2.589906250000000000e+03
1.968208129882812500e+03
1.742163818359375000e+03
2.752554687500000000e+03
2.183083251953125000e+03
2.550897460937500000e+03
2.505777099609375000e+03
2.002745971679687500e+03
2.476535644531250000e+03
1.342601440429687500e+03
1.467884521484375000e+03
2.238312255859375000e+03
1.352616210937500000e+03
2.779534179687500000e+03
2.190648925781250000e+03
2.637175292968750000e+03
2.451478759765625000e+03
2.229588134765625000e+03
2.288708007812500000e+03
1.846171142578125000e+03
1.366672119140625000e+03
2.659864746093750000e+03
2.085253173828125000e+03
2.596016845703125000e+03
2.407425292968750000e+03
1.990530273437500000e+03
1.871502685546875000e+03
2.255690185546875000e+03
2.548956054687500000e+03
1.241137084960937500e+03
2.381073730468750000e+03
1.025038696289062500e+03
1.729270874023437500e+03
1.290001098632812500e+03
9.782945556640625000e+02
1.445980957031250000e+03
1.114022094726562500e+03
9.278127441406250000e+02
1.003800659179687500e+03
9.844455566406250000e+02
9.364769897460937500e+02
9.583134155273437500e+02
9.482199707031250000e+02
9.123179321289062500e+02
8.722686767578125000e+02
8.921220703125000000e+02
1.010757629394531250e+03
1.028281860351562500e+03
1.110955444335937500e+03
1.040915893554687500e+03
1.063247802734375000e+03
8.848292236328125000e+02
8.498264160156250000e+02
8.259105834960937500e+02
8.001847534179687500e+02
8.170002441406250000e+02
9.103173828125000000e+02
1.284931274414062500e+03
1.476865112304687500e+03
1.103401611328125000e+03
1.007914550781250000e+03
9.503253784179687500e+02
1.191478515625000000e+03
1.085761840820312500e+03
1.259969238281250000e+03
1.057412109375000000e+03
1.155796020507812500e+03
1.166781127929687500e+03
1.261707885742187500e+03
1.211047851562500000e+03
1.116757690429687500e+03
1.034930786132812500e+03
1.198172485351562500e+03
1.167527221679687500e+03
1.178312011718750000e+03
9.886217651367187500e+02
1.119331176757812500e+03
1.141580810546875000e+03
1.283743041992187500e+03
1.150038452148437500e+03
1.108282348632812500e+03
9.811679687500000000e+02
1.130843261718750000e+03
1.097604858398437500e+03
1.216774291992187500e+03
1.045328857421875000e+03
1.114982421875000000e+03
1.010580993652343750e+03
1.146182373046875000e+03
1.072845458984375000e+03
1.153564331054687500e+03
1.022806884765625000e+03
1.095559814453125000e+03
1.005050842285156250e+03
1.120589233398437500e+03
1.024002685546875000e+03
1.107634155273437500e+03
9.912408447265625000e+02
1.055973510742187500e+03
9.900225830078125000e+02
1.098068481445312500e+03
1.014843322753906250e+03
1.120026123046875000e+03
9.931887207031250000e+02
1.070161621093750000e+03
9.592447509765625000e+02
1.001241210937500000e+03
9.375773925781250000e+02
1.009663146972656250e+03
1.018973754882812500e+03
1.197891967773437500e+03
1.118776123046875000e+03
1.108262084960937500e+03
9.052293090820312500e+02
8.897222290039062500e+02
8.759585571289062500e+02
9.605942993164062500e+02
1.044627441406250000e+03
1.328439331054687500e+03
1.170327880859375000e+03
1.008343261718750000e+03
8.710971679687500000e+02
8.510748901367187500e+02
8.846362304687500000e+02
1.093928466796875000e+03
1.220399169921875000e+03
1.169636596679687500e+03
9.794960937500000000e+02
1.037631591796875000e+03
1.036049926757812500e+03
1.229801635742187500e+03
1.075060424804687500e+03
1.073583862304687500e+03
8.978358154296875000e+02
9.279094848632812500e+02
9.439391479492187500e+02
1.221786621093750000e+03
1.293825073242187500e+03
1.026783325195312500e+03
8.398435058593750000e+02
8.644584350585937500e+02
9.187723999023437500e+02
1.239590820312500000e+03
1.227021850585937500e+03
1.060118041992187500e+03
8.340260009765625000e+02
7.820038452148437500e+02
7.679208374023437500e+02
7.967333374023437500e+02
8.286420898437500000e+02
1.097233276367187500e+03
1.458058959960937500e+03
9.567059326171875000e+02
7.625025634765625000e+02
7.881331787109375000e+02
1.014759216308593750e+03
1.395171997070312500e+03
1.088560668945312500e+03
8.883884277343750000e+02
9.845063476562500000e+02
1.213787475585937500e+03
1.313020263671875000e+03
1.033286865234375000e+03
1.046643676757812500e+03
9.539142456054687500e+02
1.177198608398437500e+03
1.101883300781250000e+03
1.170376342773437500e+03
1.041912719726562500e+03
1.149563476562500000e+03
1.097823486328125000e+03
1.192833984375000000e+03
1.070189941406250000e+03
1.119722167968750000e+03
9.866872558593750000e+02
1.105058959960937500e+03
1.001818481445312500e+03
1.132242553710937500e+03
1.059648437500000000e+03
1.144887573242187500e+03
1.052661254882812500e+03
1.102747436523437500e+03
9.744610595703125000e+02
1.044507934570312500e+03
9.568630981445312500e+02
1.071357666015625000e+03
1.012102233886718750e+03
1.132226928710937500e+03
1.020348388671875000e+03
1.104134521484375000e+03
9.655232543945312500e+02
1.021603576660156250e+03
9.403543090820312500e+02
1.020399963378906250e+03
9.803842163085937500e+02
1.122258178710937500e+03
1.060851074218750000e+03
1.117649780273437500e+03
9.493755493164062500e+02
9.615805664062500000e+02
8.876197509765625000e+02
9.322520141601562500e+02
9.459769897460937500e+02
1.165493530273437500e+03
1.163817871093750000e+03
1.101252441406250000e+03
9.034002685546875000e+02
9.450273437500000000e+02
9.317827148437500000e+02
1.125489624023437500e+03
1.090907348632812500e+03
1.124824707031250000e+03
9.637182617187500000e+02
9.983905639648437500e+02
9.727832641601562500e+02
1.163566284179687500e+03
1.076094970703125000e+03
1.078641845703125000e+03
9.132146606445312500e+02
9.485424804687500000e+02
9.341275024414062500e+02
1.147315185546875000e+03
1.168572875976562500e+03
1.099222778320312500e+03
9.276236572265625000e+02
9.905900878906250000e+02
9.704379272460937500e+02
1.155591308593750000e+03
1.041531127929687500e+03
1.072783691406250000e+03
9.181162109375000000e+02
9.678201293945312500e+02
9.676940917968750000e+02
1.170320312500000000e+03
1.115720092773437500e+03
1.083907958984375000e+03
8.942583007812500000e+02
9.087897949218750000e+02
9.148629760742187500e+02
1.133780395507812500e+03
1.131367919921875000e+03
1.099099853515625000e+03
9.174548950195312500e+02
9.543978271484375000e+02
9.381188964843750000e+02
1.142984741210937500e+03
1.075115844726562500e+03
1.100462768554687500e+03
9.131318359375000000e+02
9.698587646484375000e+02
9.378900146484375000e+02
1.126314453125000000e+03
1.112542602539062500e+03
1.099303710937500000e+03
9.252260131835937500e+02
9.852351684570312500e+02
9.606903076171875000e+02
1.104680664062500000e+03
1.014376159667968750e+03
1.065719604492187500e+03
9.454298095703125000e+02
1.048367309570312500e+03
9.735864868164062500e+02
1.109522216796875000e+03
1.017488464355468750e+03
1.100462402343750000e+03
9.612606811523437500e+02
1.040974487304687500e+03
9.667850952148437500e+02
1.090556274414062500e+03
9.959870605468750000e+02
1.065918090820312500e+03
9.687426757812500000e+02
1.069711547851562500e+03
9.540072631835937500e+02
1.048728027343750000e+03
9.653399658203125000e+02
1.049484863281250000e+03
9.744172973632812500e+02
1.083047119140625000e+03
9.923955688476562500e+02
1.084200317382812500e+03
9.465612182617187500e+02
1.016641418457031250e+03
9.517755126953125000e+02
1.061797119140625000e+03
9.723016357421875000e+02
1.071734619140625000e+03
9.666071777343750000e+02
1.063877075195312500e+03
9.652778320312500000e+02
1.080895385742187500e+03
9.642668457031250000e+02
1.036433105468750000e+03
9.145084228515625000e+02
9.910508422851562500e+02
9.405491333007812500e+02
1.079139404296875000e+03
1.032226196289062500e+03
1.131276123046875000e+03
9.395388183593750000e+02
9.765874023437500000e+02
8.789304809570312500e+02
9.907988281250000000e+02
9.798496704101562500e+02
1.161916381835937500e+03
1.068477783203125000e+03
1.070109130859375000e+03
8.958161621093750000e+02
9.812594604492187500e+02
9.400684204101562500e+02
1.108172119140625000e+03
1.058264038085937500e+03
1.102892578125000000e+03
9.194601440429687500e+02
9.495114746093750000e+02
9.022774658203125000e+02
1.049393310546875000e+03
1.042865356445312500e+03
1.156798828125000000e+03
9.899617309570312500e+02
1.034098022460937500e+03
9.008599243164062500e+02
9.985057983398437500e+02
9.526173095703125000e+02
1.085173461914062500e+03
1.013057495117187500e+03
1.096626708984375000e+03
9.724964599609375000e+02
1.018452087402343750e+03
9.194797973632812500e+02
1.004160644531250000e+03
9.430291748046875000e+02
1.081690917968750000e+03
1.001946472167968750e+03
1.093883178710937500e+03
9.549559326171875000e+02
9.901857299804687500e+02
9.082055664062500000e+02
1.025477783203125000e+03
9.816878051757812500e+02
1.113305664062500000e+03
9.975579833984375000e+02
1.058388183593750000e+03
9.377967529296875000e+02
1.027036621093750000e+03
9.382895507812500000e+02
1.043543823242187500e+03
9.427608032226562500e+02
1.029788696289062500e+03
9.645455932617187500e+02
1.079968261718750000e+03
9.899991455078125000e+02
1.064203613281250000e+03
9.251405029296875000e+02
1.004190002441406250e+03
9.063688964843750000e+02
1.032236938476562500e+03
9.694724731445312500e+02
1.086537719726562500e+03
9.880966796875000000e+02
1.046834106445312500e+03
9.197418212890625000e+02
1.002085388183593750e+03
9.270889282226562500e+02
1.052383422851562500e+03
9.712456665039062500e+02
1.068984863281250000e+03
9.718345947265625000e+02
1.024683105468750000e+03
9.179609985351562500e+02
1.005664672851562500e+03
9.305574951171875000e+02
1.055951293945312500e+03
9.869265136718750000e+02
1.074430175781250000e+03
9.596672363281250000e+02
1.058903076171875000e+03
9.372424926757812500e+02
1.030326904296875000e+03
9.165988769531250000e+02
1.008427673339843750e+03
9.316987304687500000e+02
1.050212036132812500e+03
1.003627075195312500e+03
1.093209350585937500e+03
9.674274291992187500e+02
1.022549926757812500e+03
9.072746582031250000e+02
9.688499145507812500e+02
9.141137695312500000e+02
1.056410522460937500e+03
1.013821838378906250e+03
1.105766357421875000e+03
9.597053833007812500e+02
1.016519348144531250e+03
8.925358276367187500e+02
9.714758300781250000e+02
9.287076416015625000e+02
1.090669677734375000e+03
1.008083129882812500e+03
1.063215576171875000e+03
9.054450683593750000e+02
9.583532104492187500e+02
8.896977539062500000e+02
1.028132812500000000e+03
1.000448974609375000e+03
1.102301513671875000e+03
9.623633422851562500e+02
1.003369934082031250e+03
8.962404785156250000e+02
9.775580444335937500e+02
9.298612670898437500e+02
1.082571289062500000e+03
9.855402221679687500e+02
1.060732055664062500e+03
9.314829711914062500e+02
1.024933593750000000e+03
9.395637207031250000e+02
1.053307250976562500e+03
9.363650512695312500e+02
1.041810058593750000e+03
9.467954711914062500e+02
1.030968017578125000e+03
9.496989746093750000e+02
1.053196655273437500e+03
9.433876342773437500e+02
1.031838867187500000e+03
9.406090087890625000e+02
1.034323364257812500e+03
9.211630859375000000e+02
1.032191040039062500e+03
9.318243408203125000e+02
1.025137939453125000e+03
9.432700195312500000e+02
1.059000244140625000e+03
9.527062988281250000e+02
1.015401000976562500e+03
9.061491699218750000e+02
1.008941589355468750e+03
9.319587402343750000e+02
1.057749633789062500e+03
9.621392211914062500e+02
1.052745361328125000e+03
9.190949096679687500e+02
9.757319946289062500e+02
9.011871337890625000e+02
1.007176391601562500e+03
9.582894287109375000e+02
1.107304931640625000e+03
9.842835083007812500e+02
1.027486816406250000e+03
8.852208251953125000e+02
9.406055908203125000e+02
8.793421630859375000e+02
1.065962646484375000e+03
1.013549072265625000e+03
1.082283691406250000e+03
9.280820922851562500e+02
9.778607177734375000e+02
8.918068237304687500e+02
1.013500793457031250e+03
9.319780883789062500e+02
1.041889160156250000e+03
9.508713378906250000e+02
1.016232421875000000e+03
9.379252319335937500e+02
1.051870483398437500e+03
9.516148071289062500e+02
1.013542724609375000e+03
8.969279785156250000e+02
9.689302368164062500e+02
9.201054077148437500e+02
1.065080322265625000e+03
9.898450927734375000e+02
1.053467285156250000e+03
9.023964233398437500e+02
9.608495483398437500e+02
8.889986572265625000e+02
1.007319091796875000e+03
9.354147338867187500e+02
1.059827880859375000e+03
9.491311645507812500e+02
1.025608764648437500e+03
9.075462646484375000e+02
1.028773681640625000e+03
9.402830200195312500e+02
1.034351928710937500e+03
9.389714965820312500e+02
1.022352661132812500e+03
9.063398437500000000e+02
9.752033081054687500e+02
9.122945556640625000e+02
1.046798461914062500e+03
9.791849365234375000e+02
1.053998779296875000e+03
8.956749267578125000e+02
9.668148193359375000e+02
8.794553222656250000e+02
9.963148193359375000e+02
9.478609619140625000e+02
1.089456298828125000e+03
9.469631347656250000e+02
1.001978576660156250e+03
8.990987548828125000e+02
9.788782348632812500e+02
9.087415771484375000e+02
1.034690307617187500e+03
9.441616821289062500e+02
1.043041625976562500e+03
9.118684082031250000e+02
1.004615600585937500e+03
9.138823852539062500e+02
1.045556640625000000e+03
9.476007690429687500e+02
1.019382995605468750e+03
8.934898071289062500e+02
9.678334350585937500e+02
8.877192382812500000e+02
1.040282958984375000e+03
9.826444702148437500e+02
1.075541259765625000e+03
9.151597290039062500e+02
9.685751342773437500e+02
8.773084106445312500e+02
1.001618103027343750e+03
9.359416503906250000e+02
1.053093261718750000e+03
9.316861572265625000e+02
1.000647338867187500e+03
9.132833862304687500e+02
1.013504516601562500e+03
9.268780517578125000e+02
1.022812255859375000e+03
9.161279907226562500e+02
9.984881591796875000e+02
9.112152099609375000e+02
9.985128784179687500e+02
9.171555175781250000e+02
1.052036010742187500e+03
9.404194335937500000e+02
1.055918212890625000e+03
8.814386596679687500e+02
9.626637573242187500e+02
8.763157958984375000e+02
1.010271667480468750e+03
9.470016479492187500e+02
1.066269531250000000e+03
9.544874877929687500e+02
1.003866333007812500e+03
8.798673095703125000e+02
9.532936401367187500e+02
8.745612182617187500e+02
1.017417053222656250e+03
9.553427124023437500e+02
1.079771362304687500e+03
9.313533935546875000e+02
9.974951782226562500e+02
8.703428344726562500e+02
9.761425781250000000e+02
9.005447998046875000e+02
1.017266296386718750e+03
9.291028442382812500e+02
1.031341918945312500e+03
9.395349731445312500e+02
1.032527465820312500e+03
8.856357421875000000e+02
9.597415161132812500e+02
8.780653076171875000e+02
9.737733764648437500e+02
9.316278076171875000e+02
1.048522949218750000e+03
9.498474121093750000e+02
1.040587280273437500e+03
8.806007690429687500e+02
9.365302124023437500e+02
8.538096313476562500e+02
9.716322631835937500e+02
9.496419067382812500e+02
1.077773925781250000e+03
9.744503784179687500e+02
1.014827819824218750e+03
8.815219726562500000e+02
9.660849609375000000e+02
8.648364257812500000e+02
9.726286010742187500e+02
9.320310058593750000e+02
1.057930786132812500e+03
9.745502929687500000e+02
1.030626464843750000e+03
8.765877685546875000e+02
9.530601806640625000e+02
8.821835937500000000e+02
1.008498413085937500e+03
9.237244873046875000e+02
1.032782104492187500e+03
9.206539916992187500e+02
9.843125000000000000e+02
8.947527465820312500e+02
9.886428222656250000e+02
9.123332519531250000e+02
1.032138305664062500e+03
9.235523071289062500e+02
1.004161315917968750e+03
8.853605957031250000e+02
9.573154907226562500e+02
8.790810546875000000e+02
9.930144042968750000e+02
9.345631713867187500e+02
1.030784790039062500e+03
9.136782226562500000e+02
9.867583007812500000e+02
8.681636352539062500e+02
9.687619018554687500e+02
8.816140747070312500e+02
1.012497741699218750e+03
9.301209106445312500e+02
1.045711425781250000e+03
9.100939941406250000e+02
9.609169311523437500e+02
8.574806518554687500e+02
9.529605102539062500e+02
9.037294921875000000e+02
1.048667602539062500e+03
9.462219848632812500e+02
1.012165344238281250e+03
8.826997680664062500e+02
9.591791381835937500e+02
8.716428833007812500e+02
9.893088378906250000e+02
9.130460815429687500e+02
1.008179748535156250e+03
9.220333862304687500e+02
1.031562744140625000e+03
8.824092407226562500e+02
9.697235717773437500e+02
8.687039794921875000e+02
9.696174316406250000e+02
9.160404663085937500e+02
1.051307617187500000e+03
9.267229614257812500e+02
1.000146545410156250e+03
8.793834838867187500e+02
9.667753295898437500e+02
8.757383422851562500e+02
9.846051635742187500e+02
9.009938964843750000e+02
1.023977478027343750e+03
9.202322387695312500e+02
9.977814941406250000e+02
8.816959228515625000e+02
9.723371582031250000e+02
8.659310913085937500e+02
9.871152343750000000e+02
9.217794799804687500e+02
1.028453735351562500e+03
8.981923217773437500e+02
9.651651000976562500e+02
8.455244140625000000e+02
9.344016723632812500e+02
8.681377563476562500e+02
1.003948547363281250e+03
9.338729858398437500e+02
1.034675048828125000e+03
9.026815795898437500e+02
9.789790039062500000e+02
8.622028198242187500e+02
9.520176391601562500e+02
8.652814331054687500e+02
9.561709594726562500e+02
9.194229736328125000e+02
1.049580444335937500e+03
9.436245727539062500e+02
1.000588928222656250e+03
8.494935913085937500e+02
9.112410888671875000e+02
8.516628417968750000e+02
9.757167968750000000e+02
9.275725708007812500e+02
1.055424316406250000e+03
9.149522705078125000e+02
9.518027343750000000e+02
8.475681762695312500e+02
9.380280761718750000e+02
8.729940185546875000e+02
1.001260253906250000e+03
9.176329956054687500e+02
1.030515380859375000e+03
9.085403442382812500e+02
9.738552246093750000e+02
8.534290771484375000e+02
9.234026489257812500e+02
8.834396362304687500e+02
1.031610351562500000e+03
9.429542236328125000e+02
1.013605163574218750e+03
8.517790527343750000e+02
9.049647216796875000e+02
8.544790649414062500e+02
9.983980102539062500e+02
9.504277954101562500e+02
1.045339965820312500e+03
8.872315673828125000e+02
9.248027343750000000e+02
8.430098876953125000e+02
9.511419067382812500e+02
9.100695800781250000e+02
1.063505004882812500e+03
9.067185668945312500e+02
9.381567382812500000e+02
8.321833496093750000e+02
9.174008178710937500e+02
8.829719238281250000e+02
1.049651733398437500e+03
9.806134033203125000e+02
1.024875366210937500e+03
8.502116699218750000e+02
8.881964721679687500e+02
8.301920166015625000e+02
9.799066772460937500e+02
9.453919067382812500e+02
1.057418701171875000e+03
9.070479736328125000e+02
9.431580810546875000e+02
8.476008911132812500e+02
9.327568359375000000e+02
8.809136352539062500e+02
1.014831054687500000e+03
9.149494018554687500e+02
9.864588012695312500e+02
8.621282348632812500e+02
9.328090820312500000e+02
8.613676757812500000e+02
9.823848876953125000e+02
9.204422607421875000e+02
1.029055419921875000e+03
8.760811767578125000e+02
9.301092529296875000e+02
8.310430908203125000e+02
9.489813842773437500e+02
8.868665771484375000e+02
1.009054748535156250e+03
9.053519897460937500e+02
9.782297973632812500e+02
8.756715087890625000e+02
9.693135986328125000e+02
8.615921020507812500e+02
9.543403320312500000e+02
8.761272583007812500e+02
9.605270996093750000e+02
8.879083251953125000e+02
9.841708374023437500e+02
9.154766845703125000e+02
1.010747924804687500e+03
8.598444213867187500e+02
9.372139892578125000e+02
8.412529296875000000e+02
9.241455688476562500e+02
8.658733520507812500e+02
9.974461669921875000e+02
9.331649780273437500e+02
1.011881347656250000e+03
8.757497558593750000e+02
9.312651367187500000e+02
8.257206420898437500e+02
9.210812988281250000e+02
8.902128295898437500e+02
1.034251464843750000e+03
9.394960937500000000e+02
9.949495849609375000e+02
8.481345825195312500e+02
9.173598022460937500e+02
8.360628051757812500e+02
9.304341430664062500e+02
8.796985473632812500e+02
1.012308837890625000e+03
9.294763183593750000e+02
1.004660644531250000e+03
8.517520751953125000e+02
9.089862670898437500e+02
8.222046508789062500e+02
9.151318359375000000e+02
8.859160766601562500e+02
1.049219116210937500e+03
9.614658813476562500e+02
9.900075073242187500e+02
8.301372680664062500e+02
8.897711791992187500e+02
8.326258544921875000e+02
9.487879638671875000e+02
9.133200683593750000e+02
1.068137207031250000e+03
9.088284912109375000e+02
9.381115722656250000e+02
8.007285156250000000e+02
8.547418212890625000e+02
8.415990600585937500e+02
9.863943481445312500e+02
9.499271850585937500e+02
1.023399719238281250e+03
8.811989135742187500e+02
9.221100463867187500e+02
8.397992553710937500e+02
9.654181518554687500e+02
8.734285888671875000e+02
9.875631713867187500e+02
8.758928833007812500e+02
9.730966796875000000e+02
8.678598022460937500e+02
9.627236328125000000e+02
8.694888916015625000e+02
9.629763183593750000e+02
8.651162109375000000e+02
9.712423095703125000e+02
8.956792602539062500e+02
9.801076660156250000e+02
8.689758911132812500e+02
9.453757324218750000e+02
8.546574707031250000e+02
9.446150512695312500e+02
8.776992187500000000e+02
9.712453002929687500e+02
8.856562500000000000e+02
9.731462402343750000e+02
8.472846679687500000e+02
8.921190795898437500e+02
8.338526000976562500e+02
9.239575805664062500e+02
9.009720458984375000e+02
1.028578613281250000e+03
8.835668334960937500e+02
9.343264770507812500e+02
8.121287231445312500e+02
8.591808471679687500e+02
8.299069213867187500e+02
1.020501098632812500e+03
9.701920166015625000e+02
9.993862304687500000e+02
8.125401000976562500e+02
8.392979125976562500e+02
8.123803100585937500e+02
9.753134155273437500e+02
9.431122436523437500e+02
1.055809814453125000e+03
8.695416870117187500e+02
9.044080810546875000e+02
8.248173828125000000e+02
9.118969726562500000e+02
8.707520751953125000e+02
1.013557556152343750e+03
9.280478515625000000e+02
1.012529968261718750e+03
8.561598510742187500e+02
8.904096679687500000e+02
8.123722534179687500e+02
9.308751831054687500e+02
8.986809692382812500e+02
1.031452636718750000e+03
9.157628173828125000e+02
9.587474365234375000e+02
8.128147583007812500e+02
8.628574829101562500e+02
8.267709960937500000e+02
9.769313964843750000e+02
9.259429321289062500e+02
9.902646484375000000e+02
8.617899169921875000e+02
9.235285034179687500e+02
8.283953857421875000e+02
9.142233276367187500e+02
8.604799804687500000e+02
1.004360473632812500e+03
8.980009155273437500e+02
9.773902587890625000e+02
8.388465576171875000e+02
8.862769165039062500e+02
8.270704956054687500e+02
9.306282348632812500e+02
8.977111816406250000e+02
1.045749389648437500e+03
8.998478393554687500e+02
9.336499633789062500e+02
8.099762573242187500e+02
8.647120971679687500e+02
8.294425659179687500e+02
9.681029052734375000e+02
9.407584838867187500e+02
1.025529663085937500e+03
8.587048339843750000e+02
8.740789184570312500e+02
7.980131835937500000e+02
9.018079223632812500e+02
8.849197387695312500e+02
1.047639038085937500e+03
9.150615844726562500e+02
9.476489868164062500e+02
8.298414916992187500e+02
8.873155517578125000e+02
8.221670532226562500e+02
9.564985961914062500e+02
8.943605957031250000e+02
9.999632568359375000e+02
8.890985107421875000e+02
9.397126464843750000e+02
8.274008178710937500e+02
8.989614257812500000e+02
8.580315551757812500e+02
1.010719238281250000e+03
9.175734252929687500e+02
9.874263916015625000e+02
8.340340576171875000e+02
8.722603149414062500e+02
8.025113525390625000e+02
9.148262939453125000e+02
8.958128051757812500e+02
1.039919311523437500e+03
9.092094116210937500e+02
9.390767211914062500e+02
7.949953002929687500e+02
8.272976684570312500e+02
7.981863403320312500e+02
9.117904052734375000e+02
9.187465820312500000e+02
1.051463134765625000e+03
8.946875610351562500e+02
9.223953857421875000e+02
7.974302368164062500e+02
8.361560668945312500e+02
8.268704833984375000e+02
9.864343261718750000e+02
9.598502197265625000e+02
1.027415405273437500e+03
8.570117187500000000e+02
8.873765869140625000e+02
7.877350463867187500e+02
8.653266601562500000e+02
8.409124755859375000e+02
1.004316101074218750e+03
9.576143188476562500e+02
1.006111877441406250e+03
8.393839721679687500e+02
8.792662353515625000e+02
7.987341308593750000e+02
9.109611816406250000e+02
8.755057983398437500e+02
1.010276062011718750e+03
9.163563842773437500e+02
9.688385009765625000e+02
8.321955566406250000e+02
8.856868286132812500e+02
8.274351806640625000e+02
9.687614135742187500e+02
8.960354614257812500e+02
9.769093017578125000e+02
8.519788818359375000e+02
8.789349975585937500e+02
8.180336303710937500e+02
9.236968994140625000e+02
8.780010986328125000e+02
9.898040771484375000e+02
8.659049072265625000e+02
9.210438842773437500e+02
8.214377441406250000e+02
9.106902465820312500e+02
8.504172973632812500e+02
9.450926513671875000e+02
9.053969116210937500e+02
9.868079833984375000e+02
8.584263916015625000e+02
9.142805175781250000e+02
8.199379882812500000e+02
9.093301391601562500e+02
8.437967529296875000e+02
9.386542358398437500e+02
8.948563842773437500e+02
9.875944213867187500e+02
8.598110961914062500e+02
9.273681030273437500e+02
8.073859252929687500e+02
8.846951293945312500e+02
8.211428222656250000e+02
9.415606689453125000e+02
9.136230468750000000e+02
1.029104370117187500e+03
8.777636718750000000e+02
9.023170776367187500e+02
7.891640014648437500e+02
8.561642456054687500e+02
8.267965087890625000e+02
9.862775878906250000e+02
9.345093994140625000e+02
9.866893310546875000e+02
8.347861328125000000e+02
8.672369995117187500e+02
7.979801025390625000e+02
9.038427124023437500e+02
8.806420898437500000e+02
1.032413574218750000e+03
8.891733398437500000e+02
9.306279296875000000e+02
8.122666015625000000e+02
8.621688232421875000e+02
8.299160766601562500e+02
9.669920654296875000e+02
8.966981811523437500e+02
1.002735168457031250e+03
8.351497192382812500e+02
8.776430053710937500e+02
8.056096801757812500e+02
8.885274047851562500e+02
8.481855468750000000e+02
1.002447570800781250e+03
9.103846435546875000e+02
9.628038940429687500e+02
8.029457397460937500e+02
8.237496337890625000e+02
7.887189331054687500e+02
8.948506469726562500e+02
9.156555175781250000e+02
1.045161987304687500e+03
8.842160644531250000e+02
9.040321655273437500e+02
7.930933837890625000e+02
8.656270141601562500e+02
8.339378051757812500e+02
1.005481018066406250e+03
9.051929321289062500e+02
9.647664794921875000e+02
8.193703002929687500e+02
8.695565185546875000e+02
8.075412597656250000e+02
9.218323974609375000e+02
8.703590698242187500e+02
9.867658081054687500e+02
8.913977661132812500e+02
9.401444702148437500e+02
8.206550903320312500e+02
8.902287597656250000e+02
8.189699707031250000e+02
8.957366333007812500e+02
8.526196289062500000e+02
1.007927673339843750e+03
8.798621826171875000e+02
9.379541625976562500e+02
7.982130126953125000e+02
8.305068359375000000e+02
7.845238037109375000e+02
8.731576538085937500e+02
8.750089721679687500e+02
1.030910400390625000e+03
9.109512939453125000e+02
9.419047241210937500e+02
7.742532348632812500e+02
7.711264038085937500e+02
7.515416870117187500e+02
8.681967163085937500e+02
8.952240600585937500e+02
1.078284179687500000e+03
9.269348144531250000e+02
9.026196289062500000e+02
7.700698242187500000e+02
8.025249633789062500e+02
7.841138305664062500e+02
9.776130981445312500e+02
9.684495849609375000e+02
9.991277465820312500e+02
8.254270629882812500e+02
8.604334106445312500e+02
7.964333496093750000e+02
9.113034057617187500e+02
8.752606811523437500e+02
1.018130798339843750e+03
8.878007202148437500e+02
9.175068969726562500e+02
8.109918823242187500e+02
8.905502319335937500e+02
8.348170166015625000e+02
9.816765747070312500e+02
8.873439941406250000e+02
9.611447143554687500e+02
8.329845581054687500e+02
8.786602172851562500e+02
8.076575927734375000e+02
8.880392456054687500e+02
8.596510620117187500e+02
9.911156005859375000e+02
8.744700927734375000e+02
9.291088867187500000e+02
8.119909667968750000e+02
8.588850097656250000e+02
7.862805175781250000e+02
8.688814697265625000e+02
8.665878295898437500e+02
1.012527893066406250e+03
8.914553833007812500e+02
9.298166503906250000e+02
7.903475952148437500e+02
8.019112548828125000e+02
7.629600830078125000e+02
8.708090209960937500e+02
8.922310791015625000e+02
1.053510131835937500e+03
8.953616333007812500e+02
9.105006713867187500e+02
7.683410034179687500e+02
7.884812622070312500e+02
7.740317382812500000e+02
8.928793334960937500e+02
9.148682250976562500e+02
1.054304199218750000e+03
8.930942382812500000e+02
9.108428955078125000e+02
7.826386718750000000e+02
8.396289672851562500e+02
8.102009277343750000e+02
9.428025512695312500e+02
9.180001831054687500e+02
9.999204711914062500e+02
8.661772460937500000e+02
9.205919799804687500e+02
8.078745727539062500e+02
8.993151855468750000e+02
8.195848999023437500e+02
9.221197509765625000e+02
8.490470581054687500e+02
9.514509887695312500e+02
8.678590087890625000e+02
9.401341552734375000e+02
8.404405517578125000e+02
9.226072998046875000e+02
8.282719726562500000e+02
8.703670043945312500e+02
7.848659057617187500e+02
8.535509643554687500e+02
8.313817138671875000e+02
9.765662231445312500e+02
8.992172241210937500e+02
9.454703369140625000e+02
7.916610717773437500e+02
7.878220214843750000e+02
7.544498901367187500e+02
8.285689697265625000e+02
8.256419067382812500e+02
1.005208496093750000e+03
9.382681274414062500e+02
9.544360961914062500e+02
7.910944824218750000e+02
8.090859375000000000e+02
7.770663452148437500e+02
9.190739135742187500e+02
9.109555664062500000e+02
1.057355834960937500e+03
8.879706420898437500e+02
8.995493164062500000e+02
7.843493041992187500e+02
8.465932617187500000e+02
8.191370849609375000e+02
9.500839233398437500e+02
8.961716308593750000e+02
9.803132934570312500e+02
8.450960083007812500e+02
8.948547363281250000e+02
8.056820068359375000e+02
8.613360595703125000e+02
8.140500488281250000e+02
9.245609130859375000e+02
8.659996337890625000e+02
9.768942260742187500e+02
8.632632446289062500e+02
9.034989624023437500e+02
7.911970214843750000e+02
8.171929931640625000e+02
7.645437622070312500e+02
8.293565063476562500e+02
8.222418212890625000e+02
9.725701293945312500e+02
9.128916625976562500e+02
9.769028320312500000e+02
8.047598266601562500e+02
8.475940551757812500e+02
7.787272949218750000e+02
8.897280883789062500e+02
8.748166503906250000e+02
1.012574340820312500e+03
8.876791381835937500e+02
9.174325561523437500e+02
7.896792602539062500e+02
8.024002685546875000e+02
7.618359375000000000e+02
8.776915893554687500e+02
8.731083984375000000e+02
1.026269287109375000e+03
8.735889892578125000e+02
8.894010009765625000e+02
7.745043334960937500e+02
7.923649902343750000e+02
7.629197998046875000e+02
8.766904907226562500e+02
8.714797973632812500e+02
1.012251647949218750e+03
8.757728881835937500e+02
9.039222412109375000e+02
7.960223388671875000e+02
8.422459106445312500e+02
7.856877441406250000e+02
8.835482177734375000e+02
8.700157470703125000e+02
1.016630981445312500e+03
8.722944946289062500e+02
9.198439941406250000e+02
7.812131347656250000e+02
8.149630126953125000e+02
7.743421630859375000e+02
8.811829833984375000e+02
8.594115600585937500e+02
1.010856018066406250e+03
8.978934326171875000e+02
9.185938110351562500e+02
7.817532348632812500e+02
7.934837646484375000e+02
7.516364135742187500e+02
8.200029296875000000e+02
8.166175537109375000e+02
9.853043212890625000e+02
9.308745727539062500e+02
9.628419189453125000e+02
7.695451049804687500e+02
7.688975830078125000e+02
7.321724243164062500e+02
8.026168212890625000e+02
8.278641357421875000e+02
1.057722778320312500e+03
9.818524780273437500e+02
9.044127197265625000e+02
7.404363403320312500e+02
7.278809204101562500e+02
7.106240844726562500e+02
7.667510986328125000e+02
7.967180786132812500e+02
1.042946166992187500e+03
9.960502319335937500e+02
9.090792236328125000e+02
7.322862548828125000e+02
7.072751464843750000e+02
6.890077514648437500e+02
7.238617553710937500e+02
7.796670532226562500e+02
1.053321533203125000e+03
1.043244262695312500e+03
8.974929809570312500e+02
7.067249755859375000e+02
6.783131713867187500e+02
6.668046875000000000e+02
6.707442016601562500e+02
6.976361694335937500e+02
8.383665161132812500e+02
1.012080383300781250e+03
1.118562500000000000e+03
8.287573242187500000e+02
8.322329101562500000e+02
8.220732421875000000e+02
1.083590698242187500e+03
1.026276489257812500e+03
8.727564086914062500e+02
7.294032592773437500e+02
7.378668823242187500e+02
7.838372192382812500e+02
1.053086669921875000e+03
1.032107421875000000e+03
9.040097656250000000e+02
7.149791870117187500e+02
6.872687377929687500e+02
6.677879638671875000e+02
6.947345581054687500e+02
7.162682495117187500e+02
8.932592163085937500e+02
9.977512207031250000e+02
1.063564575195312500e+03
8.096049804687500000e+02
8.131098022460937500e+02
7.949168090820312500e+02
1.018277648925781250e+03
1.010712097167968750e+03
9.180755615234375000e+02
7.525538940429687500e+02
7.671837158203125000e+02
7.735397338867187500e+02
9.845937500000000000e+02
9.712999877929687500e+02
9.593198242187500000e+02
7.760234375000000000e+02
7.975844726562500000e+02
7.821117553710937500e+02
9.381154785156250000e+02
9.080166625976562500e+02
1.007398986816406250e+03
8.245951538085937500e+02
8.605139160156250000e+02
7.857979125976562500e+02
9.015982666015625000e+02
8.618490600585937500e+02
9.698836669921875000e+02
8.254032592773437500e+02
9.033175048828125000e+02
8.060759887695312500e+02
8.636998291015625000e+02
8.237245483398437500e+02
8.957124633789062500e+02
8.415882568359375000e+02
9.254359741210937500e+02
8.349799804687500000e+02
9.183873291015625000e+02
7.840127563476562500e+02
8.339924316406250000e+02
7.735456542968750000e+02
8.339890136718750000e+02
8.193068237304687500e+02
9.503113403320312500e+02
8.939749755859375000e+02
9.648547973632812500e+02
8.144867553710937500e+02
8.642373046875000000e+02
7.798424682617187500e+02
8.592500610351562500e+02
8.251708374023437500e+02
9.503998413085937500e+02
8.902607421875000000e+02
9.594359130859375000e+02
8.130153808593750000e+02
8.595385742187500000e+02
7.815995483398437500e+02
8.743651733398437500e+02
8.330518798828125000e+02
9.436311645507812500e+02
8.810610961914062500e+02
9.484840087890625000e+02
8.181077270507812500e+02
8.744822387695312500e+02
7.783583984375000000e+02
8.423308105468750000e+02
7.929893798828125000e+02
9.036293334960937500e+02
8.699215087890625000e+02
9.868023071289062500e+02
8.491781005859375000e+02
8.810065917968750000e+02
7.528795166015625000e+02
7.675357666015625000e+02
7.245642700195312500e+02
7.478047485351562500e+02
7.275536499023437500e+02
7.793773803710937500e+02
7.867149658203125000e+02
9.719357299804687500e+02
9.258839721679687500e+02
9.720282592773437500e+02
8.017150878906250000e+02
8.359338989257812500e+02
8.182478027343750000e+02
9.948519897460937500e+02
9.442418823242187500e+02
9.524307250976562500e+02
7.738586425781250000e+02
8.061035766601562500e+02
7.781060791015625000e+02
9.073795776367187500e+02
9.111313476562500000e+02
1.007406250000000000e+03
8.515704956054687500e+02
8.816813354492187500e+02
7.865737304687500000e+02
8.401732177734375000e+02
8.116845092773437500e+02
9.366289672851562500e+02
8.657912597656250000e+02
9.516410522460937500e+02
8.179754638671875000e+02
8.450518798828125000e+02
7.787332153320312500e+02
8.178667602539062500e+02
7.837021484375000000e+02
8.752675170898437500e+02
8.319583129882812500e+02
9.297387695312500000e+02
8.299238891601562500e+02
8.991735839843750000e+02
8.065036010742187500e+02
8.680942993164062500e+02
8.111907958984375000e+02
9.114412231445312500e+02
8.420036621093750000e+02
9.272106323242187500e+02
8.367336425781250000e+02
9.231008300781250000e+02
8.088120727539062500e+02
8.635525512695312500e+02
7.862823486328125000e+02
8.606772460937500000e+02
8.209641723632812500e+02
9.240087280273437500e+02
8.577712402343750000e+02
9.453348999023437500e+02
8.043333129882812500e+02
8.390905761718750000e+02
7.778779296875000000e+02
8.531401367187500000e+02
8.111990966796875000e+02
9.050713500976562500e+02
8.601968383789062500e+02
9.712064208984375000e+02
8.273743286132812500e+02
8.620356445312500000e+02
7.603923339843750000e+02
8.073488159179687500e+02
7.667727661132812500e+02
8.607122192382812500e+02
8.396973266601562500e+02
9.874750976562500000e+02
8.524546508789062500e+02
9.227969360351562500e+02
7.704728393554687500e+02
8.005866699218750000e+02
7.600146484375000000e+02
8.305780029296875000e+02
8.150064086914062500e+02
9.433699951171875000e+02
8.899555664062500000e+02
9.689113159179687500e+02
8.004854125976562500e+02
8.416955566406250000e+02
7.866548461914062500e+02
8.938247680664062500e+02
8.643981323242187500e+02
9.803527221679687500e+02
8.472267456054687500e+02
9.016663818359375000e+02
7.934888916015625000e+02
8.264049682617187500e+02
7.528414306640625000e+02
8.077119750976562500e+02
7.818681030273437500e+02
8.612227172851562500e+02
8.217459106445312500e+02
9.728933105468750000e+02
8.345549926757812500e+02
8.795067138671875000e+02
7.745023193359375000e+02
8.204392700195312500e+02
7.936280517578125000e+02
9.117303466796875000e+02
8.920661010742187500e+02
9.987938232421875000e+02
8.239149780273437500e+02
8.549989013671875000e+02
7.759287719726562500e+02
8.442739868164062500e+02
7.969859008789062500e+02
9.056561279296875000e+02
8.680277709960937500e+02
9.569463500976562500e+02
8.413001708984375000e+02
8.792582397460937500e+02
7.746340942382812500e+02
8.189486694335937500e+02
7.722260742187500000e+02
8.584186401367187500e+02
8.242121582031250000e+02
9.376340942382812500e+02
8.554055175781250000e+02
9.423815917968750000e+02
7.934127197265625000e+02
8.163793334960937500e+02
7.523735961914062500e+02
8.153504638671875000e+02
7.946599731445312500e+02
9.094562988281250000e+02
8.543468017578125000e+02
9.769541015625000000e+02
8.220435180664062500e+02
8.423129272460937500e+02
7.525499877929687500e+02
7.794710693359375000e+02
7.489462280273437500e+02
8.086643066406250000e+02
8.003222656250000000e+02
9.498483886718750000e+02
8.786958007812500000e+02
9.674998168945312500e+02
7.994642333984375000e+02
8.265449218750000000e+02
7.740155029296875000e+02
8.587532348632812500e+02
8.536956787109375000e+02
1.016937988281250000e+03
8.711538085937500000e+02
9.209653930664062500e+02
7.718131713867187500e+02
7.998023071289062500e+02
7.388230590820312500e+02
7.801923828125000000e+02
7.644730834960937500e+02
8.703464355468750000e+02
8.450055541992187500e+02
1.009611999511718750e+03
8.262785034179687500e+02
8.534387207031250000e+02
7.664786376953125000e+02
8.111932373046875000e+02
7.859641723632812500e+02
9.168569335937500000e+02
8.943373413085937500e+02
1.008569641113281250e+03
8.061057128906250000e+02
8.038269653320312500e+02
7.366547241210937500e+02
7.734003295898437500e+02
7.569047241210937500e+02
8.419935913085937500e+02
8.433172607421875000e+02
1.031293945312500000e+03
8.493864746093750000e+02
8.778079223632812500e+02
7.608953247070312500e+02
7.986918945312500000e+02
7.547581787109375000e+02
8.630873413085937500e+02
8.652580566406250000e+02
1.028508544921875000e+03
8.610385742187500000e+02
8.833685913085937500e+02
7.450989990234375000e+02
7.333074951171875000e+02
7.048191528320312500e+02
7.271878051757812500e+02
6.940000610351562500e+02
7.129945068359375000e+02
7.139425659179687500e+02
8.540308837890625000e+02
8.843615722656250000e+02
1.096218383789062500e+03
8.877581787109375000e+02
8.654402465820312500e+02
7.871614990234375000e+02
9.221859741210937500e+02
9.175509643554687500e+02
1.009390930175781250e+03
8.220747680664062500e+02
8.595230102539062500e+02
7.951425170898437500e+02
9.258703002929687500e+02
9.065081787109375000e+02
9.846051025390625000e+02
8.237630615234375000e+02
8.404804687500000000e+02
7.566975097656250000e+02
8.241444702148437500e+02
7.825565185546875000e+02
9.007746582031250000e+02
8.199388427734375000e+02
9.056722412109375000e+02
8.257828369140625000e+02
8.785071411132812500e+02
7.637146606445312500e+02
7.899194335937500000e+02
7.207467651367187500e+02
7.347689819335937500e+02
6.793147583007812500e+02
6.531635742187500000e+02
6.298498535156250000e+02
6.262997436523437500e+02
6.198642578125000000e+02
6.159533081054687500e+02
6.156518554687500000e+02
6.122487182617187500e+02
6.096290283203125000e+02
6.162388916015625000e+02
6.334358520507812500e+02
7.004860229492187500e+02
9.365001831054687500e+02
1.333990600585937500e+03
7.676799316406250000e+02
6.794437866210937500e+02
7.004108276367187500e+02
9.449812622070312500e+02
1.267871459960937500e+03
6.750384521484375000e+02
6.282208862304687500e+02
1.011557678222656250e+03
1.413008544921875000e+03
6.758680419921875000e+02
6.466154174804687500e+02
1.090822753906250000e+03
1.204932006835937500e+03
6.654908447265625000e+02
6.591867675781250000e+02
1.080745361328125000e+03
1.253904052734375000e+03
7.258961791992187500e+02
6.171906738281250000e+02
6.070349121093750000e+02
6.631743774414062500e+02
9.393497314453125000e+02
1.066133178710937500e+03
9.096282348632812500e+02
7.354522705078125000e+02
8.148923950195312500e+02
9.444347534179687500e+02
1.168852539062500000e+03
8.206015014648437500e+02
7.800964965820312500e+02
7.205792236328125000e+02
8.723342285156250000e+02
9.422114257812500000e+02
1.081898681640625000e+03
8.340946655273437500e+02
7.916929321289062500e+02
7.063558349609375000e+02
7.636665039062500000e+02
7.855802612304687500e+02
9.968025512695312500e+02
8.888109130859375000e+02
9.029007568359375000e+02
7.934728393554687500e+02
8.668757324218750000e+02
8.231083374023437500e+02
9.819265136718750000e+02
8.295269165039062500e+02
8.877886352539062500e+02
7.762183837890625000e+02
8.370491333007812500e+02
8.069093017578125000e+02
9.067006835937500000e+02
8.423688354492187500e+02
9.564560546875000000e+02
8.123980712890625000e+02
8.358524169921875000e+02
7.513994750976562500e+02
8.077329711914062500e+02
7.742741699218750000e+02
8.768859252929687500e+02
8.610827636718750000e+02
9.886275024414062500e+02
8.282050170898437500e+02
8.523073120117187500e+02
7.573047485351562500e+02
8.216852416992187500e+02
7.836409912109375000e+02
9.285889282226562500e+02
9.050996704101562500e+02
9.658882446289062500e+02
8.039334716796875000e+02
8.188567504882812500e+02
7.442730712890625000e+02
7.978939208984375000e+02
7.758413085937500000e+02
9.291026611328125000e+02
8.959423828125000000e+02
9.875666503906250000e+02
8.180908203125000000e+02
8.310246582031250000e+02
7.493189697265625000e+02
8.111528930664062500e+02
7.802282714843750000e+02
9.248884887695312500e+02
8.992100830078125000e+02
9.733455810546875000e+02
8.030068969726562500e+02
7.999364013671875000e+02
7.277815551757812500e+02
7.224276733398437500e+02
6.795810546875000000e+02
6.765625610351562500e+02
6.462236328125000000e+02
6.385391845703125000e+02
6.352152709960937500e+02
6.400684814453125000e+02
6.516461791992187500e+02
7.238690185546875000e+02
8.659064331054687500e+02
1.307877197265625000e+03
8.006346435546875000e+02
6.939219360351562500e+02
6.597414550781250000e+02
6.874010620117187500e+02
7.829245605468750000e+02
1.249062622070312500e+03
9.383291625976562500e+02
7.869562988281250000e+02
7.355762329101562500e+02
9.077695922851562500e+02
1.094258422851562500e+03
8.684819946289062500e+02
7.256197509765625000e+02
7.727491455078125000e+02
8.730047607421875000e+02
1.194928588867187500e+03
8.701099243164062500e+02
8.057183227539062500e+02
7.250709228515625000e+02
8.423989257812500000e+02
9.053659667968750000e+02
1.095979736328125000e+03
8.654866333007812500e+02
8.468535766601562500e+02
7.442282714843750000e+02
8.155089721679687500e+02
7.993175048828125000e+02
9.577741699218750000e+02
8.875228881835937500e+02
9.513914794921875000e+02
7.930108032226562500e+02
8.064425048828125000e+02
7.340554809570312500e+02
7.449429321289062500e+02
7.140508422851562500e+02
7.418643188476562500e+02
7.061076049804687500e+02
7.155905151367187500e+02
6.983208618164062500e+02
7.424058227539062500e+02
7.586692504882812500e+02
9.820114746093750000e+02
9.460632324218750000e+02
9.583197631835937500e+02
7.977484741210937500e+02
8.953142700195312500e+02
8.884275512695312500e+02
1.041625610351562500e+03
8.711403198242187500e+02
8.948767700195312500e+02
7.909730834960937500e+02
9.135657348632812500e+02
8.969806518554687500e+02
9.951221313476562500e+02
8.470981445312500000e+02
8.983898925781250000e+02
7.991779785156250000e+02
8.968150634765625000e+02
7.980684204101562500e+02
8.804165649414062500e+02
8.047181396484375000e+02
8.700924682617187500e+02
7.817990722656250000e+02
8.387351684570312500e+02
7.580684814453125000e+02
8.097381591796875000e+02
7.610863037109375000e+02
8.316311645507812500e+02
8.055231323242187500e+02
9.334917602539062500e+02
8.487030029296875000e+02
9.123054809570312500e+02
7.971354370117187500e+02
8.665290527343750000e+02
7.819857177734375000e+02
8.721981811523437500e+02
8.046849365234375000e+02
9.097368164062500000e+02
8.317374877929687500e+02
9.090844116210937500e+02
8.012251586914062500e+02
8.403901367187500000e+02
7.584649658203125000e+02
8.092927246093750000e+02
7.830234375000000000e+02
9.025151367187500000e+02
8.655079345703125000e+02
9.663994140625000000e+02
8.215287475585937500e+02
8.488925781250000000e+02
7.666277465820312500e+02
8.188065185546875000e+02
7.859096679687500000e+02
9.040339965820312500e+02
8.578959960937500000e+02
9.753615112304687500e+02
8.120570678710937500e+02
8.207367553710937500e+02
7.309224853515625000e+02
7.508143310546875000e+02
7.244039916992187500e+02
7.546680908203125000e+02
7.252316284179687500e+02
8.106218261718750000e+02
8.078538208007812500e+02
9.890766601562500000e+02
9.003919067382812500e+02
9.287798461914062500e+02
7.897214965820312500e+02
8.491400146484375000e+02
8.074872436523437500e+02
9.641549682617187500e+02
8.916950073242187500e+02
9.678699951171875000e+02
7.850029296875000000e+02
7.728943481445312500e+02
7.182957153320312500e+02
7.164056396484375000e+02
6.744301147460937500e+02
6.653261718750000000e+02
6.596481933593750000e+02
6.713893432617187500e+02
6.932413940429687500e+02
8.437091674804687500e+02
9.362918090820312500e+02
1.091272705078125000e+03
8.672575073242187500e+02
8.409966430664062500e+02
7.911802978515625000e+02
9.838742675781250000e+02
9.261770629882812500e+02
9.430865478515625000e+02
7.845362548828125000e+02
8.547621459960937500e+02
8.550527343750000000e+02
1.059509033203125000e+03
8.954923095703125000e+02
8.638652954101562500e+02
7.376252441406250000e+02
7.335659179687500000e+02
7.042118530273437500e+02
7.601010131835937500e+02
7.773728027343750000e+02
9.574281616210937500e+02
9.082851562500000000e+02
9.359765014648437500e+02
7.467506713867187500e+02
7.280463256835937500e+02
6.851813354492187500e+02
6.651712646484375000e+02
6.337504272460937500e+02
6.106821289062500000e+02
6.103750610351562500e+02
6.121478881835937500e+02
6.137504272460937500e+02
6.280302734375000000e+02
6.732338256835937500e+02
8.266993408203125000e+02
1.314229492187500000e+03
8.187294921875000000e+02
7.206480102539062500e+02
7.092144165039062500e+02
9.359415893554687500e+02
1.090877563476562500e+03
8.262777709960937500e+02
6.863805541992187500e+02
7.172785644531250000e+02
8.240517578125000000e+02
1.259365356445312500e+03
8.648557128906250000e+02
7.780475463867187500e+02
7.438473510742187500e+02
9.528624267578125000e+02
1.075974487304687500e+03
8.262721557617187500e+02
6.874010009765625000e+02
6.501435546875000000e+02
6.300814819335937500e+02
6.575362548828125000e+02
6.999364013671875000e+02
1.028725952148437500e+03
1.034557617187500000e+03
8.356364135742187500e+02
6.998790893554687500e+02
6.970566406250000000e+02
6.999732666015625000e+02
8.587897338867187500e+02
9.650690917968750000e+02
1.063653442382812500e+03
7.855803833007812500e+02
8.182563476562500000e+02
8.141284179687500000e+02
1.071204101562500000e+03
9.346914062500000000e+02
8.789548339843750000e+02
7.379186401367187500e+02
7.797865600585937500e+02
7.838147583007812500e+02
9.872697143554687500e+02
9.128786010742187500e+02
9.152946777343750000e+02
7.405543823242187500e+02
7.359467163085937500e+02
7.036435546875000000e+02
7.164244384765625000e+02
7.125095214843750000e+02
7.854657592773437500e+02
7.919290161132812500e+02
1.015135559082031250e+03
8.968581542968750000e+02
9.162516479492187500e+02
7.608408203125000000e+02
7.881525878906250000e+02
7.631426391601562500e+02
9.265402221679687500e+02
9.070814208984375000e+02
9.834274902343750000e+02
8.026921386718750000e+02
8.432185058593750000e+02
7.726489257812500000e+02
9.056770019531250000e+02
8.570554199218750000e+02
9.610504760742187500e+02
8.112760620117187500e+02
8.468130493164062500e+02
7.669582519531250000e+02
8.407583007812500000e+02
7.862015991210937500e+02
9.192840576171875000e+02
8.257604370117187500e+02
9.280296020507812500e+02
7.952719116210937500e+02
8.305753784179687500e+02
7.400666503906250000e+02
7.869086303710937500e+02
7.448300170898437500e+02
7.578734741210937500e+02
7.144005126953125000e+02
7.557021484375000000e+02
7.415668334960937500e+02
8.716644287109375000e+02
8.854790039062500000e+02
1.042088623046875000e+03
8.409417114257812500e+02
8.703944702148437500e+02
7.872410888671875000e+02
9.009635009765625000e+02
8.623143310546875000e+02
9.636720581054687500e+02
8.674135742187500000e+02
9.410442504882812500e+02
7.993540039062500000e+02
8.344660034179687500e+02
7.576997680664062500e+02
8.309580688476562500e+02
7.817692260742187500e+02
8.632720947265625000e+02
8.050378417968750000e+02
9.119639892578125000e+02
8.029439086914062500e+02
8.611765747070312500e+02
7.907354736328125000e+02
8.703009643554687500e+02
8.109899291992187500e+02
9.220504760742187500e+02
8.336343994140625000e+02
8.943040161132812500e+02
7.661854248046875000e+02
7.820757446289062500e+02
7.123108520507812500e+02
7.042203369140625000e+02
6.493800048828125000e+02
6.230208129882812500e+02
6.151423950195312500e+02
6.123805541992187500e+02
6.429436645507812500e+02
7.166918334960937500e+02
1.082882812500000000e+03
1.044363037109375000e+03
7.695654907226562500e+02
6.180673217773437500e+02
6.103676757812500000e+02
7.021293334960937500e+02
9.424996337890625000e+02
1.260334228515625000e+03
7.344073486328125000e+02
6.393545532226562500e+02
6.067207641601562500e+02
6.053671264648437500e+02
5.986671142578125000e+02
5.954885253906250000e+02
5.912166137695312500e+02
6.255112915039062500e+02
7.264675903320312500e+02
1.300781616210937500e+03
9.487998046875000000e+02
7.306930541992187500e+02
6.593971557617187500e+02
6.895625610351562500e+02
8.560618896484375000e+02
1.323494140625000000e+03
8.052653198242187500e+02
6.649025268554687500e+02
6.297260742187500000e+02
6.927954101562500000e+02
8.656893920898437500e+02
1.303332275390625000e+03
7.773464355468750000e+02
6.482382812500000000e+02
5.958825073242187500e+02
6.127446899414062500e+02
7.592449951171875000e+02
1.007670471191406250e+03
1.113319946289062500e+03
7.972117309570312500e+02
7.816961669921875000e+02
8.222927246093750000e+02
1.149906616210937500e+03
8.969066772460937500e+02
8.209893188476562500e+02
6.919375610351562500e+02
7.258880615234375000e+02
7.984528198242187500e+02
1.102943481445312500e+03
9.516282348632812500e+02
7.996951293945312500e+02
6.712399902343750000e+02
6.720149536132812500e+02
6.762036132812500000e+02
8.154364624023437500e+02
9.274619750976562500e+02
1.102026855468750000e+03
8.208772583007812500e+02
8.084546508789062500e+02
7.409738159179687500e+02
9.129388427734375000e+02
8.897313232421875000e+02
9.993948974609375000e+02
7.999503173828125000e+02
8.225433349609375000e+02
7.674938964843750000e+02
9.130666503906250000e+02
8.914200439453125000e+02
9.951131591796875000e+02
7.656614379882812500e+02
7.546332397460937500e+02
7.086753540039062500e+02
7.426140747070312500e+02
7.368814086914062500e+02
8.024954833984375000e+02
8.211472167968750000e+02
1.023305297851562500e+03
8.473596801757812500e+02
8.453344116210937500e+02
7.548040771484375000e+02
8.445857543945312500e+02
8.238117675781250000e+02
9.862415161132812500e+02
8.805878906250000000e+02
9.015175781250000000e+02
7.552625122070312500e+02
7.755402221679687500e+02
7.396619262695312500e+02
8.426076660156250000e+02
8.377398071289062500e+02
1.009836425781250000e+03
8.624557495117187500e+02
8.910226440429687500e+02
7.478145751953125000e+02
7.499966430664062500e+02
7.142532958984375000e+02
7.362972412109375000e+02
7.031832275390625000e+02
7.260844116210937500e+02
7.213252563476562500e+02
8.828679199218750000e+02
8.841729736328125000e+02
1.055837890625000000e+03
8.542969360351562500e+02
8.625189208984375000e+02
7.785319213867187500e+02
9.344849243164062500e+02
8.683138427734375000e+02
9.728412475585937500e+02
7.950488891601562500e+02
8.454906616210937500e+02
7.979790039062500000e+02
9.365849609375000000e+02
8.733258056640625000e+02
9.466968994140625000e+02
7.699701538085937500e+02
7.761102294921875000e+02
7.080051879882812500e+02
7.100748901367187500e+02
6.566837768554687500e+02
6.336107788085937500e+02
6.063742065429687500e+02
5.994296875000000000e+02
6.194321899414062500e+02
6.575809326171875000e+02
8.089304199218750000e+02
9.783121337890625000e+02
1.082026123046875000e+03
8.233512573242187500e+02
7.710130615234375000e+02
7.204760131835937500e+02
9.284003906250000000e+02
9.076070556640625000e+02
9.892794189453125000e+02
7.783403320312500000e+02
8.053656616210937500e+02
8.656403198242187500e+02
1.140816650390625000e+03
8.932717285156250000e+02
8.112229614257812500e+02
7.102748413085937500e+02
7.735476684570312500e+02
8.118162231445312500e+02
1.073198730468750000e+03
9.187061767578125000e+02
7.944804687500000000e+02
6.800695190429687500e+02
6.705551757812500000e+02
6.410573120117187500e+02
6.511149902343750000e+02
6.365276489257812500e+02
6.661461791992187500e+02
7.089587402343750000e+02
9.357053222656250000e+02
1.018560913085937500e+03
8.782459716796875000e+02
7.183519897460937500e+02
7.257176513671875000e+02
7.444667968750000000e+02
1.051958740234375000e+03
9.964649658203125000e+02
8.285080566406250000e+02
6.746629638671875000e+02
6.701010742187500000e+02
6.787407226562500000e+02
7.571578369140625000e+02
8.672573242187500000e+02
1.195515380859375000e+03
8.267828979492187500e+02
7.812803955078125000e+02
7.436596679687500000e+02
9.724671630859375000e+02
9.917208862304687500e+02
8.831066284179687500e+02
7.431743164062500000e+02
7.758499145507812500e+02
7.815529785156250000e+02
1.049512939453125000e+03
8.565255737304687500e+02
8.563741455078125000e+02
7.403835449218750000e+02
7.742100830078125000e+02
7.610490722656250000e+02
9.018663940429687500e+02
8.694821777343750000e+02
9.822386474609375000e+02
7.672183837890625000e+02
7.952183227539062500e+02
7.499769287109375000e+02
8.573301391601562500e+02
8.385755004882812500e+02
1.000537292480468750e+03
8.354320068359375000e+02
8.508807983398437500e+02
7.367667236328125000e+02
7.347276000976562500e+02
6.907387695312500000e+02
6.800987548828125000e+02
6.517622680664062500e+02
6.300593261718750000e+02
6.093770141601562500e+02
6.113201904296875000e+02
6.024285888671875000e+02
6.010844726562500000e+02
6.193864746093750000e+02
6.601430053710937500e+02
7.601607666015625000e+02
1.257220092773437500e+03
9.016000976562500000e+02
7.647190551757812500e+02
7.373861694335937500e+02
1.052707885742187500e+03
1.107272705078125000e+03
6.939708862304687500e+02
5.900183105468750000e+02
6.123948974609375000e+02
8.204215087890625000e+02
1.196189453125000000e+03
7.488625488281250000e+02
5.910772705078125000e+02
6.216965332031250000e+02
8.959138793945312500e+02
1.234065185546875000e+03
6.759832153320312500e+02
5.869066772460937500e+02
8.309857177734375000e+02
1.553484375000000000e+03
5.959753417968750000e+02
1.172564453125000000e+03
1.362275146484375000e+03
5.992606811523437500e+02
1.406258300781250000e+03
8.902605590820312500e+02
5.882601928710937500e+02
8.793230590820312500e+02
1.641568115234375000e+03
6.075288696289062500e+02
1.673713256835937500e+03
6.027597656250000000e+02
1.124662353515625000e+03
1.253616699218750000e+03
6.020734252929687500e+02
8.297254028320312500e+02
1.365377197265625000e+03
6.421108398437500000e+02
8.761891479492187500e+02
1.565564208984375000e+03
6.202913818359375000e+02
1.917804687500000000e+03
7.281485595703125000e+02
2.598593261718750000e+03
1.937104614257812500e+03
2.086138916015625000e+03
2.129267578125000000e+03
1.461516601562500000e+03
1.359488281250000000e+03
2.076387207031250000e+03
1.574759643554687500e+03
2.343807861328125000e+03
2.489058349609375000e+03
9.470189208984375000e+02
1.460813842773437500e+03
1.278334594726562500e+03
6.522978515625000000e+02
1.576558837890625000e+03
6.442941894531250000e+02
1.131824707031250000e+03
1.472492309570312500e+03
7.625173950195312500e+02
2.142224853515625000e+03
1.184441894531250000e+03
3.027098388671875000e+03
3.264297363281250000e+03
6.310853881835937500e+02
3.178110595703125000e+03
2.874781250000000000e+03
8.472608032226562500e+02
1.800575439453125000e+03
8.549273071289062500e+02
6.995370483398437500e+02
1.232848510742187500e+03
7.220808105468750000e+02
6.591951293945312500e+02
8.432947998046875000e+02
7.817453002929687500e+02
8.296864013671875000e+02
7.178334350585937500e+02
6.304678955078125000e+02
6.969817504882812500e+02
8.457970581054687500e+02
1.229238525390625000e+03
6.168723144531250000e+02
1.105721191406250000e+03
1.463674316406250000e+03
6.081393432617187500e+02
1.733468505859375000e+03
5.969413452148437500e+02
1.715082763671875000e+03
6.059727172851562500e+02
1.207924560546875000e+03
1.318553466796875000e+03
6.321961059570312500e+02
1.727612182617187500e+03
5.905578613281250000e+02
1.649068481445312500e+03
6.608725585937500000e+02
7.482929077148437500e+02
1.780947265625000000e+03
6.453272094726562500e+02
2.313896728515625000e+03
1.458321044921875000e+03
2.659332275390625000e+03
2.813487060546875000e+03
7.360949096679687500e+02
1.315668945312500000e+03
1.343062500000000000e+03
6.969192504882812500e+02
2.019723632812500000e+03
1.008179931640625000e+03
3.222918701171875000e+03
3.444988037109375000e+03
6.797172241210937500e+02
3.357437011718750000e+03
3.398408935546875000e+03
6.347861328125000000e+02
3.210651611328125000e+03
2.899343017578125000e+03
9.300252685546875000e+02
1.480759155273437500e+03
1.279295410156250000e+03
1.051828125000000000e+03
1.810632934570312500e+03
1.137041259765625000e+03
2.660232421875000000e+03
2.556533691406250000e+03
1.145293334960937500e+03
1.758199951171875000e+03
1.025505004882812500e+03
1.122986816406250000e+03
1.494767333984375000e+03
9.032342529296875000e+02
1.440830444335937500e+03
9.689934692382812500e+02
1.725566040039062500e+03
8.124931030273437500e+02
1.879864624023437500e+03
1.127231933593750000e+03
1.970606323242187500e+03
1.243620605468750000e+03
2.676968994140625000e+03
2.732854736328125000e+03
9.316147460937500000e+02
2.651469238281250000e+03
1.444884521484375000e+03
2.791749023437500000e+03
3.177843261718750000e+03
8.075833129882812500e+02
3.583955322265625000e+03
3.804586669921875000e+03
1.076762451171875000e+03
4.375115234375000000e+03
5.797753417968750000e+03
3.889048339843750000e+03
1.374960693359375000e+03
3.039988525390625000e+03
1.755139160156250000e+03
2.649291259765625000e+03
3.208895751953125000e+03
8.664666748046875000e+02
3.082698974609375000e+03
3.124247558593750000e+03
8.575166015625000000e+02
2.144239990234375000e+03
1.318004028320312500e+03
2.074721435546875000e+03
1.797659179687500000e+03
1.667013183593750000e+03
1.619609497070312500e+03
1.551651855468750000e+03
1.287630126953125000e+03
1.955422973632812500e+03
1.548643676757812500e+03
1.953687622070312500e+03
1.921074096679687500e+03
1.358326782226562500e+03
1.657690429687500000e+03
1.020323486328125000e+03
9.590807495117187500e+02
1.436573852539062500e+03
9.021731567382812500e+02
1.746544677734375000e+03
9.261068115234375000e+02
1.952736206054687500e+03
1.178442626953125000e+03
2.255095214843750000e+03
2.143096923828125000e+03
1.200697509765625000e+03
1.582143798828125000e+03
1.190330932617187500e+03
8.077676391601562500e+02
1.513188476562500000e+03
8.194432373046875000e+02
1.942623168945312500e+03
1.025952270507812500e+03
2.625030029296875000e+03
2.547905517578125000e+03
9.519060668945312500e+02
1.538651977539062500e+03
1.108850463867187500e+03
9.831830444335937500e+02
1.516707641601562500e+03
7.371266479492187500e+02
1.660870971679687500e+03
7.010508422851562500e+02
1.937569091796875000e+03
8.783873901367187500e+02
2.685096923828125000e+03
2.493678466796875000e+03
1.059612548828125000e+03
1.227342529296875000e+03
1.736212768554687500e+03
1.528471313476562500e+03
1.470023681640625000e+03
1.010532043457031250e+03
2.438851074218750000e+03
2.176100830078125000e+03
1.419929199218750000e+03
1.502046875000000000e+03
1.572971923828125000e+03
1.131040283203125000e+03
1.978302612304687500e+03
1.608867675781250000e+03
1.874689331054687500e+03
1.735729492187500000e+03
1.606338989257812500e+03
1.470201660156250000e+03
1.814904785156250000e+03
1.828487304687500000e+03
1.148213989257812500e+03
9.156149291992187500e+02
1.646659667968750000e+03
1.049673706054687500e+03
1.923605590820312500e+03
1.405861206054687500e+03
2.187508056640625000e+03
2.162443603515625000e+03
1.195661010742187500e+03
1.569347778320312500e+03
1.195513793945312500e+03
1.078336059570312500e+03
1.413007812500000000e+03
7.686979370117187500e+02
1.354181762695312500e+03
8.622650146484375000e+02
1.713735961914062500e+03
8.091950683593750000e+02
1.766971679687500000e+03
8.923858032226562500e+02
1.890436279296875000e+03
1.101669677734375000e+03
2.589182861328125000e+03
2.620203125000000000e+03
8.318411865234375000e+02
2.296737548828125000e+03
9.230508422851562500e+02
2.672649658203125000e+03
2.563249755859375000e+03
8.851959838867187500e+02
1.566217163085937500e+03
1.033664306640625000e+03
1.028728027343750000e+03
1.398726318359375000e+03
7.898208007812500000e+02
1.304133422851562500e+03
7.155806884765625000e+02
1.082049194335937500e+03
1.349359497070312500e+03
1.061903564453125000e+03
1.659515014648437500e+03
8.475636596679687500e+02
2.483533691406250000e+03
2.130184570312500000e+03
1.490815795898437500e+03
1.640101196289062500e+03
1.352515258789062500e+03
1.017480651855468750e+03
1.858799316406250000e+03
1.313804199218750000e+03
2.326553222656250000e+03
2.308042724609375000e+03
1.046481689453125000e+03
1.064637084960937500e+03
1.942418457031250000e+03
1.400849975585937500e+03
1.881889282226562500e+03
1.699368530273437500e+03
1.592664306640625000e+03
1.573502807617187500e+03
1.477792114257812500e+03
1.154283203125000000e+03
2.199544677734375000e+03
1.964381958007812500e+03
1.483703857421875000e+03
1.512328369140625000e+03
1.558378295898437500e+03
1.453503173828125000e+03
1.435716308593750000e+03
1.011046997070312500e+03
2.026836669921875000e+03
1.510834472656250000e+03
1.952093627929687500e+03
1.998601440429687500e+03
1.123705688476562500e+03
1.508909667968750000e+03
1.079344360351562500e+03
9.093992309570312500e+02
1.326947387695312500e+03
8.069360961914062500e+02
1.584388183593750000e+03
7.427506713867187500e+02
1.483729858398437500e+03
7.422432250976562500e+02
1.801460937500000000e+03
7.966419067382812500e+02
2.013252807617187500e+03
1.245664184570312500e+03
2.139940917968750000e+03
2.091179931640625000e+03
1.094693115234375000e+03
1.427040283203125000e+03
1.316357543945312500e+03
8.415354003906250000e+02
1.818354492187500000e+03
9.942390747070312500e+02
2.183267578125000000e+03
1.909742675781250000e+03
1.440009277343750000e+03
1.409369873046875000e+03
1.641872192382812500e+03
1.342176147460937500e+03
2.005787963867187500e+03
1.797122314453125000e+03
1.557722534179687500e+03
1.519694946289062500e+03
1.598249267578125000e+03
1.663022460937500000e+03
1.165948608398437500e+03
8.110405883789062500e+02
1.654086181640625000e+03
8.487553100585937500e+02
2.019675781250000000e+03
1.418470458984375000e+03
2.195370117187500000e+03
2.241049316406250000e+03
1.000716674804687500e+03
1.365295410156250000e+03
1.291688354492187500e+03
9.674058227539062500e+02
1.635004516601562500e+03
8.782815551757812500e+02
2.146266601562500000e+03
1.627935180664062500e+03
1.824056518554687500e+03
1.886841186523437500e+03
1.215610229492187500e+03
1.535896484375000000e+03
1.028992431640625000e+03
7.873626708984375000e+02
1.202971191406250000e+03
6.976848144531250000e+02
1.186042846679687500e+03
9.989177246093750000e+02
8.277183837890625000e+02
1.349360107421875000e+03
6.728189697265625000e+02
1.135359008789062500e+03
8.412365112304687500e+02
6.480362548828125000e+02
8.606333007812500000e+02
7.318364868164062500e+02
6.408272094726562500e+02
6.152164306640625000e+02
6.574323120117187500e+02
6.696492919921875000e+02
6.182564697265625000e+02
5.925628662109375000e+02
6.161007690429687500e+02
6.669391479492187500e+02
8.334476318359375000e+02
7.962374267578125000e+02
9.160570678710937500e+02
8.344122314453125000e+02
8.354672241210937500e+02
7.446373901367187500e+02
8.425467529296875000e+02
8.480639038085937500e+02
8.973099365234375000e+02
7.568968505859375000e+02
8.046460571289062500e+02
8.288884887695312500e+02
9.262687988281250000e+02
8.612855834960937500e+02
8.132142944335937500e+02
7.172755126953125000e+02
7.635859375000000000e+02
7.575643310546875000e+02
9.049932250976562500e+02
8.132631835937500000e+02
8.109234619140625000e+02
6.988473510742187500e+02
6.603880615234375000e+02
5.958873901367187500e+02
5.916730346679687500e+02
6.135289306640625000e+02
6.685868530273437500e+02
8.461119995117187500e+02
8.025004882812500000e+02
8.399418334960937500e+02
7.087002563476562500e+02
6.496557617187500000e+02
5.966452636718750000e+02
6.073955688476562500e+02
7.471060180664062500e+02
8.479180908203125000e+02
1.041366210937500000e+03
6.794774169921875000e+02
5.954278564453125000e+02
6.375992431640625000e+02
7.461096801757812500e+02
1.069881591796875000e+03
7.271863403320312500e+02
6.664771118164062500e+02
6.151908569335937500e+02
6.065774536132812500e+02
5.905960083007812500e+02
5.800395507812500000e+02
5.824039306640625000e+02
6.039456787109375000e+02
7.109313964843750000e+02
8.512936401367187500e+02
1.098439697265625000e+03
7.623291625976562500e+02
6.922647094726562500e+02
6.156841430664062500e+02
6.079795532226562500e+02
5.972604370117187500e+02
6.119559936523437500e+02
6.587706298828125000e+02
9.544357299804687500e+02
9.819316406250000000e+02
7.324925537109375000e+02
6.008859252929687500e+02
5.787233276367187500e+02
6.703252563476562500e+02
8.789133300781250000e+02
1.112590454101562500e+03
6.824887084960937500e+02
5.911562500000000000e+02
5.720814819335937500e+02
5.891042480468750000e+02
6.454914550781250000e+02
7.530191650390625000e+02
1.167481079101562500e+03
7.798391723632812500e+02
6.909442138671875000e+02
6.427175292968750000e+02
6.643759765625000000e+02
6.756394653320312500e+02
8.269724121093750000e+02
9.161699829101562500e+02
8.930770874023437500e+02
7.039320678710937500e+02
7.340693359375000000e+02
7.244765014648437500e+02
9.122584228515625000e+02
8.409710693359375000e+02
8.547235717773437500e+02
7.072819824218750000e+02
6.807116699218750000e+02
6.292960205078125000e+02
6.140198974609375000e+02
5.947119750976562500e+02
5.741306152343750000e+02
5.765289916992187500e+02
5.880714721679687500e+02
5.996765136718750000e+02
6.286051635742187500e+02
7.618114624023437500e+02
8.800388793945312500e+02
9.969831542968750000e+02
7.709635009765625000e+02
7.351796875000000000e+02
6.916967163085937500e+02
8.499641723632812500e+02
8.698378906250000000e+02
8.883934936523437500e+02
7.462675781250000000e+02
7.762720947265625000e+02
7.734298095703125000e+02
9.587026367187500000e+02
8.464057617187500000e+02
8.320933837890625000e+02
6.777391357421875000e+02
6.769237670898437500e+02
6.318117675781250000e+02
6.275277709960937500e+02
6.092433471679687500e+02
6.149915161132812500e+02
6.062188110351562500e+02
6.324881591796875000e+02
6.455523071289062500e+02
7.371824340820312500e+02
8.125513916015625000e+02
1.051992187500000000e+03
8.053325195312500000e+02
7.587075805664062500e+02
6.916929931640625000e+02
7.949468994140625000e+02
8.194727172851562500e+02
1.002568481445312500e+03
7.913996582031250000e+02
7.664555053710937500e+02
6.967479858398437500e+02
7.663049926757812500e+02
7.752845458984375000e+02
9.326535644531250000e+02
7.875851440429687500e+02
7.636212158203125000e+02
6.873992309570312500e+02
7.052429809570312500e+02
6.574614257812500000e+02
6.613103637695312500e+02
6.431470947265625000e+02
6.317839965820312500e+02
6.309106445312500000e+02
6.569049682617187500e+02
6.583541870117187500e+02
7.387684936523437500e+02
7.760098266601562500e+02
9.912635498046875000e+02
8.502374877929687500e+02
8.147873535156250000e+02
7.042226562500000000e+02
7.636425170898437500e+02
7.640344238281250000e+02
9.930076293945312500e+02
8.314428100585937500e+02
8.005758056640625000e+02
6.974166870117187500e+02
7.406984252929687500e+02
7.126929931640625000e+02
8.312069091796875000e+02
7.965842285156250000e+02
9.070476684570312500e+02
7.635344238281250000e+02
7.832580566406250000e+02
7.032796630859375000e+02
7.272083129882812500e+02
6.848733520507812500e+02
7.178103027343750000e+02
6.926435546875000000e+02
7.311444091796875000e+02
7.061785888671875000e+02
7.639114379882812500e+02
7.314356689453125000e+02
8.490443115234375000e+02
8.091929321289062500e+02
8.964452514648437500e+02
7.421311035156250000e+02
7.620540771484375000e+02
6.977723388671875000e+02
7.314993896484375000e+02
6.927190551757812500e+02
7.597438964843750000e+02
7.499268188476562500e+02
9.027270507812500000e+02
8.034443359375000000e+02
8.478704223632812500e+02
7.270750122070312500e+02
7.327514648437500000e+02
6.748827514648437500e+02
6.843784790039062500e+02
6.521936035156250000e+02
6.515332641601562500e+02
6.480739135742187500e+02
6.896815185546875000e+02
7.088111572265625000e+02
8.915952148437500000e+02
8.974238281250000000e+02
8.574213867187500000e+02
7.030358276367187500e+02
7.052851562500000000e+02
6.824924316406250000e+02
7.588547973632812500e+02
7.929561767578125000e+02
9.915073852539062500e+02
8.191345825195312500e+02
7.865836791992187500e+02
6.963367309570312500e+02
6.934690551757812500e+02
6.629825439453125000e+02
6.704122314453125000e+02
6.823033447265625000e+02
8.163692626953125000e+02
8.314467163085937500e+02
9.597374877929687500e+02
7.826667480468750000e+02
7.625071411132812500e+02
6.804627685546875000e+02
6.538662719726562500e+02
6.272901000976562500e+02
6.320492553710937500e+02
6.299774780273437500e+02
6.612446289062500000e+02
6.947431030273437500e+02
8.625695800781250000e+02
8.970139770507812500e+02
9.018961791992187500e+02
7.280935668945312500e+02
7.748638305664062500e+02
7.530189819335937500e+02
9.674013061523437500e+02
8.270526733398437500e+02
8.253450927734375000e+02
7.258869628906250000e+02
7.587081298828125000e+02
7.449882202148437500e+02
8.785133056640625000e+02
8.113157348632812500e+02
8.945021362304687500e+02
7.175604858398437500e+02
7.056851806640625000e+02
6.459097900390625000e+02
6.202542724609375000e+02
5.890474243164062500e+02
5.843801879882812500e+02
5.812183837890625000e+02
5.786425781250000000e+02
6.064937744140625000e+02
6.284782714843750000e+02
7.662310180664062500e+02
8.942906494140625000e+02
1.012370666503906250e+03
7.751638183593750000e+02
7.634470214843750000e+02
7.717062377929687500e+02
1.008189636230468750e+03
8.348847656250000000e+02
8.083245849609375000e+02
7.127152709960937500e+02
8.058538208007812500e+02
8.706781005859375000e+02
9.928322143554687500e+02
7.768295898437500000e+02
7.598155517578125000e+02
6.855327148437500000e+02
7.628403930664062500e+02
7.717538452148437500e+02
9.597995605468750000e+02
7.943804321289062500e+02
7.664071044921875000e+02
6.816597900390625000e+02
6.536687622070312500e+02
6.125748901367187500e+02
5.930003051757812500e+02
5.737678833007812500e+02
5.779454956054687500e+02
5.738666381835937500e+02
5.773746337890625000e+02
5.831029052734375000e+02
5.909827270507812500e+02
6.210897216796875000e+02
6.542333984375000000e+02
8.643978881835937500e+02
1.004273010253906250e+03
8.123168334960937500e+02
6.891567382812500000e+02
7.922561645507812500e+02
9.487471313476562500e+02
9.352785644531250000e+02
7.685623168945312500e+02
8.787514648437500000e+02
8.669094848632812500e+02
9.176455688476562500e+02
8.472203979492187500e+02
9.068256835937500000e+02
8.271333007812500000e+02
8.936079101562500000e+02
7.809622192382812500e+02
8.657910766601562500e+02
7.724179687500000000e+02
8.624624633789062500e+02
7.577897949218750000e+02
8.292272338867187500e+02
7.249752197265625000e+02
7.801766357421875000e+02
7.086321411132812500e+02
7.254815673828125000e+02
6.786432495117187500e+02
6.874205932617187500e+02
6.501545410156250000e+02
6.487370605468750000e+02
6.232955932617187500e+02
5.997770996093750000e+02
5.872308959960937500e+02
5.715825195312500000e+02
5.740134887695312500e+02
5.741140136718750000e+02
5.662210083007812500e+02
5.591195068359375000e+02
5.625050048828125000e+02
5.591158447265625000e+02
5.546234741210937500e+02
5.689595336914062500e+02
5.660551147460937500e+02
5.754966430664062500e+02
6.453697509765625000e+02
1.078331542968750000e+03
1.148488037109375000e+03
5.709705200195312500e+02
7.946983032226562500e+02
1.508978027343750000e+03
6.065259399414062500e+02
2.194957763671875000e+03
1.075237915039062500e+03
3.092405029296875000e+03
3.606711181640625000e+03
1.174911499023437500e+03
4.228123046875000000e+03
5.625870117187500000e+03
3.696013671875000000e+03
1.467041503906250000e+03
2.941307617187500000e+03
1.400600463867187500e+03
3.132751708984375000e+03
3.826877929687500000e+03
1.336761596679687500e+03
3.715992675781250000e+03
5.024980468750000000e+03
3.223932373046875000e+03
1.582100952148437500e+03
2.684403076171875000e+03
7.394485473632812500e+02
3.086416992187500000e+03
3.264509033203125000e+03
7.288122558593750000e+02
3.675168701171875000e+03
4.210012207031250000e+03
1.588503662109375000e+03
3.824806884765625000e+03
5.554634277343750000e+03
4.119714843750000000e+03
8.011265869140625000e+02
3.130212402343750000e+03
2.591712890625000000e+03
1.163769042968750000e+03
1.584949340820312500e+03
1.152973266601562500e+03
9.788630981445312500e+02
1.570891845703125000e+03
8.187117309570312500e+02
1.972755371093750000e+03
1.443217773437500000e+03
1.635095703125000000e+03
1.248170776367187500e+03
2.113654785156250000e+03
1.990276123046875000e+03
1.257880371093750000e+03
1.173208007812500000e+03
1.888768798828125000e+03
1.590791503906250000e+03
1.492044311523437500e+03
1.233139648437500000e+03
2.000183959960937500e+03
1.743924804687500000e+03
1.573509765625000000e+03
1.538237670898437500e+03
1.549160034179687500e+03
1.599900268554687500e+03
1.203141235351562500e+03
9.402579956054687500e+02
1.528943115234375000e+03
9.592709960937500000e+02
1.734645507812500000e+03
1.052956542968750000e+03
2.067452880859375000e+03
1.665906372070312500e+03
1.738123168945312500e+03
1.796367431640625000e+03
1.236480712890625000e+03
1.502366821289062500e+03
1.084290527343750000e+03
8.947200927734375000e+02
1.395052856445312500e+03
8.584564208984375000e+02
1.667010498046875000e+03
8.573683471679687500e+02
1.910136474609375000e+03
1.177457031250000000e+03
2.083470947265625000e+03
1.980120971679687500e+03
1.197540527343750000e+03
1.481758178710937500e+03
1.243067871093750000e+03
8.241395874023437500e+02
1.693845336914062500e+03
9.494685058593750000e+02
1.974883178710937500e+03
1.441795288085937500e+03
2.090794677734375000e+03
2.108101562500000000e+03
1.087764648437500000e+03
1.076809326171875000e+03
1.846638671875000000e+03
1.374229858398437500e+03
1.697093994140625000e+03
1.427887817382812500e+03
1.852127929687500000e+03
1.728809326171875000e+03
1.415339355468750000e+03
1.256010620117187500e+03
1.900585815429687500e+03
1.692181274414062500e+03
1.361261108398437500e+03
1.136496948242187500e+03
1.964616333007812500e+03
1.702061523437500000e+03
1.394874633789062500e+03
1.210557617187500000e+03
1.883987670898437500e+03
1.652745117187500000e+03
1.405011474609375000e+03
1.199581542968750000e+03
1.858507812500000000e+03
1.574562255859375000e+03
1.493468994140625000e+03
1.284092529296875000e+03
1.798539672851562500e+03
1.565194824218750000e+03
1.438912597656250000e+03
1.222822387695312500e+03
1.743165283203125000e+03
1.510260375976562500e+03
1.381477539062500000e+03
1.106790161132812500e+03
1.597431640625000000e+03
1.251698242187500000e+03
1.474118164062500000e+03
1.034311523437500000e+03
1.570026611328125000e+03
1.096965454101562500e+03
1.582549926757812500e+03
1.025217407226562500e+03
1.743568847656250000e+03
1.272966918945312500e+03
1.598472656250000000e+03
1.203629028320312500e+03
1.919191162109375000e+03
1.676053833007812500e+03
1.509303955078125000e+03
1.429707275390625000e+03
1.605708129882812500e+03
1.595156616210937500e+03
1.194243041992187500e+03
9.940080566406250000e+02
1.475870605468750000e+03
1.050874877929687500e+03
1.591544189453125000e+03
9.987007446289062500e+02
1.822816772460937500e+03
1.285583251953125000e+03
1.872421630859375000e+03
1.742254150390625000e+03
1.345063720703125000e+03
1.566558959960937500e+03
1.087502929687500000e+03
9.006301269531250000e+02
1.425481201171875000e+03
9.640360107421875000e+02
1.643499267578125000e+03
9.705470581054687500e+02
1.968599609375000000e+03
1.472555175781250000e+03
1.901494628906250000e+03
1.994984252929687500e+03
9.940253906250000000e+02
1.432547973632812500e+03
9.941951293945312500e+02
7.732172241210937500e+02
1.232912475585937500e+03
7.284018554687500000e+02
1.603550537109375000e+03
7.002813110351562500e+02
1.614671264648437500e+03
7.068092651367187500e+02
1.941193359375000000e+03
1.096674194335937500e+03
2.641399658203125000e+03
2.865546630859375000e+03
6.722017211914062500e+02
3.074891601562500000e+03
2.989549560546875000e+03
6.196191406250000000e+02
2.566057373046875000e+03
1.849514648437500000e+03
1.934201293945312500e+03
2.359217529296875000e+03
6.333526611328125000e+02
1.795974609375000000e+03
6.493639526367187500e+02
2.134581542968750000e+03
1.381436889648437500e+03
2.305187744140625000e+03
2.487005126953125000e+03
6.774797973632812500e+02
1.795518920898437500e+03
6.339312133789062500e+02
1.279476196289062500e+03
6.377599487304687500e+02
9.981474609375000000e+02
1.376772094726562500e+03
6.739932250976562500e+02
1.713538452148437500e+03
7.607087402343750000e+02
2.478536621093750000e+03
2.160669921875000000e+03
1.264592895507812500e+03
1.457172363281250000e+03
1.368060546875000000e+03
1.369437377929687500e+03
1.258978149414062500e+03
7.643843383789062500e+02
1.897708618164062500e+03
1.094791625976562500e+03
2.364774414062500000e+03
2.497231445312500000e+03
6.707316894531250000e+02
1.873680175781250000e+03
6.796000366210937500e+02
2.218407714843750000e+03
1.610865112304687500e+03
1.920572631835937500e+03
1.991441772460937500e+03
1.087497436523437500e+03
1.021128417968750000e+03
1.826521850585937500e+03
1.379993041992187500e+03
1.648428100585937500e+03
1.407838989257812500e+03
1.750743164062500000e+03
1.554527099609375000e+03
1.611901977539062500e+03
1.533715820312500000e+03
1.472371704101562500e+03
1.362353027343750000e+03
1.458187622070312500e+03
1.088300048828125000e+03
2.092619873046875000e+03
1.873047485351562500e+03
1.385489257812500000e+03
1.399973266601562500e+03
1.515490600585937500e+03
1.521844116210937500e+03
1.159332519531250000e+03
8.431234130859375000e+02
1.488485839843750000e+03
8.804286499023437500e+02
1.758717041015625000e+03
1.111524291992187500e+03
2.184007080078125000e+03
2.076227539062500000e+03
1.085232055664062500e+03
1.286705322265625000e+03
1.416914306640625000e+03
1.247061767578125000e+03
1.356670776367187500e+03
8.731272583007812500e+02
1.603830200195312500e+03
9.714152221679687500e+02
1.763851318359375000e+03
1.250601440429687500e+03
2.076184570312500000e+03
2.061938232421875000e+03
1.041737792968750000e+03
1.264370971679687500e+03
1.407218505859375000e+03
1.261634765625000000e+03
1.328709960937500000e+03
8.473486328125000000e+02
1.521352172851562500e+03
8.707965087890625000e+02
1.758838256835937500e+03
1.098852783203125000e+03
2.218987304687500000e+03
2.168324951171875000e+03
9.445765991210937500e+02
1.314449462890625000e+03
1.318725219726562500e+03
1.292086059570312500e+03
1.131583251953125000e+03
7.398198852539062500e+02
1.148187622070312500e+03
6.846044921875000000e+02
1.083412597656250000e+03
1.064539672851562500e+03
8.759013061523437500e+02
1.376525390625000000e+03
6.584686889648437500e+02
1.295257446289062500e+03
6.359942016601562500e+02
1.141466796875000000e+03
1.102686767578125000e+03
8.177689819335937500e+02
1.557430297851562500e+03
7.352814331054687500e+02
2.109016113281250000e+03
1.473885375976562500e+03
2.140327880859375000e+03
2.455485839843750000e+03
6.017543334960937500e+02
1.986977172851562500e+03
8.521571655273437500e+02
2.422620361328125000e+03
2.346903564453125000e+03
7.755825195312500000e+02
1.446080688476562500e+03
9.880047607421875000e+02
6.151254882812500000e+02
1.058956787109375000e+03
7.728164062500000000e+02
6.541805419921875000e+02
5.874450073242187500e+02
6.299965820312500000e+02
7.571672363281250000e+02
7.051083374023437500e+02
6.514261474609375000e+02
5.816173706054687500e+02
5.990944824218750000e+02
7.335830688476562500e+02
7.506213989257812500e+02
8.953927612304687500e+02
6.740521850585937500e+02
5.979558105468750000e+02
5.690949707031250000e+02
6.154511718750000000e+02
7.865330810546875000e+02
8.020071411132812500e+02
8.920484619140625000e+02
6.760170898437500000e+02
6.342413940429687500e+02
5.828880615234375000e+02
5.573524780273437500e+02
5.822022705078125000e+02
6.764431762695312500e+02
9.956737670898437500e+02
7.728088378906250000e+02
7.186970825195312500e+02
6.462856445312500000e+02
6.351068725585937500e+02
5.932719726562500000e+02
5.956591796875000000e+02
6.177800292968750000e+02
7.472185058593750000e+02
8.183402709960937500e+02
9.528008422851562500e+02
7.619341430664062500e+02
7.165095825195312500e+02
6.270533447265625000e+02
5.943978881835937500e+02
5.893048706054687500e+02
6.384799804687500000e+02
7.053410034179687500e+02
9.632158203125000000e+02
8.241007690429687500e+02
7.210046386718750000e+02
6.000864257812500000e+02
5.545385131835937500e+02
5.753702392578125000e+02
6.511912841796875000e+02
9.138526000976562500e+02
7.849534912109375000e+02
7.617830810546875000e+02
6.524213867187500000e+02
5.830278320312500000e+02
5.562802734375000000e+02
6.050845336914062500e+02
7.766732177734375000e+02
7.858540649414062500e+02
9.239548950195312500e+02
7.155778808593750000e+02
6.452444458007812500e+02
5.735160522460937500e+02
5.733655395507812500e+02
6.535800170898437500e+02
7.948012695312500000e+02
1.089370361328125000e+03
6.391209716796875000e+02
5.681993408203125000e+02
6.119790649414062500e+02
7.306560668945312500e+02
1.108599975585937500e+03
6.706962280273437500e+02
5.733704223632812500e+02
5.571760253906250000e+02
5.899260864257812500e+02
7.083152465820312500e+02
7.958294067382812500e+02
9.967078857421875000e+02
7.306652221679687500e+02
6.863391723632812500e+02
6.197051391601562500e+02
6.049128417968750000e+02
5.973201293945312500e+02
6.085847167968750000e+02
6.149254760742187500e+02
6.833123779296875000e+02
7.388210449218750000e+02
9.792115478515625000e+02
7.869495849609375000e+02
7.372164916992187500e+02
6.343623657226562500e+02
6.281043090820312500e+02
5.961800537109375000e+02
6.114312133789062500e+02
6.210585937500000000e+02
6.688068237304687500e+02
7.353535156250000000e+02
1.012287841796875000e+03
7.843347167968750000e+02
7.041916503906250000e+02
6.183966064453125000e+02
5.950642089843750000e+02
5.784068603515625000e+02
5.776191406250000000e+02
5.809130249023437500e+02
6.148583984375000000e+02
6.788490600585937500e+02
9.775026855468750000e+02
8.618260498046875000e+02
7.316791381835937500e+02
6.165889282226562500e+02
5.915299682617187500e+02
5.931646118164062500e+02
6.332403564453125000e+02
7.204881591796875000e+02
1.075992309570312500e+03
7.773590698242187500e+02
7.096124267578125000e+02
6.409170532226562500e+02
6.471229248046875000e+02
6.371995239257812500e+02
7.483574218750000000e+02
7.936263427734375000e+02
9.421488037109375000e+02
7.349884643554687500e+02
7.362090454101562500e+02
6.767745361328125000e+02
7.190606689453125000e+02
7.091902465820312500e+02
8.733638916015625000e+02
7.742970581054687500e+02
8.280646362304687500e+02
6.872977294921875000e+02
6.731364746093750000e+02
6.357247314453125000e+02
6.134844360351562500e+02
5.880168457031250000e+02
5.652470092773437500e+02
5.578472290039062500e+02
5.527062988281250000e+02
5.710549316406250000e+02
5.839220581054687500e+02
6.374804687500000000e+02
7.134492187500000000e+02
1.056976196289062500e+03
8.004486694335937500e+02
7.130926513671875000e+02
6.367457885742187500e+02
6.501817626953125000e+02
6.611352539062500000e+02
8.953424072265625000e+02
9.013593139648437500e+02
7.664732666015625000e+02
6.384220581054687500e+02
6.438933105468750000e+02
6.415959472656250000e+02
7.396943359375000000e+02
8.199912109375000000e+02
9.844460449218750000e+02
7.241266479492187500e+02
7.155246582031250000e+02
6.810879516601562500e+02
8.315570068359375000e+02
8.295882568359375000e+02
8.845460815429687500e+02
7.053430786132812500e+02
7.000364379882812500e+02
6.565475463867187500e+02
7.025567626953125000e+02
6.760975341796875000e+02
7.795800781250000000e+02
7.326473388671875000e+02
8.457883300781250000e+02
7.126502685546875000e+02
7.067870483398437500e+02
6.547553100585937500e+02
6.660294799804687500e+02
6.240860595703125000e+02
6.126791992187500000e+02
5.935474243164062500e+02
5.933317871093750000e+02
5.963376464843750000e+02
6.047160644531250000e+02
6.294459228515625000e+02
7.427922973632812500e+02
8.604423217773437500e+02
9.548985595703125000e+02
7.411370849609375000e+02
7.445795898437500000e+02
7.125494995117187500e+02
9.094137573242187500e+02
8.387287597656250000e+02
8.129550781250000000e+02
7.123586425781250000e+02
7.942310180664062500e+02
7.869553222656250000e+02
9.392762451171875000e+02
7.546649169921875000e+02
7.483827514648437500e+02
6.723969726562500000e+02
7.238410034179687500e+02
6.971112670898437500e+02
7.976973876953125000e+02
7.449708251953125000e+02
8.319088134765625000e+02
7.104530639648437500e+02
7.142372436523437500e+02
6.418468627929687500e+02
6.190604248046875000e+02
5.907675170898437500e+02
5.717095947265625000e+02
5.599320068359375000e+02
5.610656127929687500e+02
5.581572265625000000e+02
5.671178588867187500e+02
5.808915405273437500e+02
6.081491699218750000e+02
7.040847167968750000e+02
8.383699951171875000e+02
1.032486938476562500e+03
7.501002197265625000e+02
7.273367309570312500e+02
7.431633911132812500e+02
9.973970947265625000e+02
8.363170776367187500e+02
7.685302124023437500e+02
7.047177124023437500e+02
8.519353027343750000e+02
8.842586669921875000e+02
8.416019897460937500e+02
6.753851318359375000e+02
6.780220947265625000e+02
6.457362670898437500e+02
7.614946289062500000e+02
7.917231445312500000e+02
9.564484252929687500e+02
7.194455566406250000e+02
7.117324829101562500e+02
6.583008422851562500e+02
6.860650634765625000e+02
6.828138427734375000e+02
7.724829101562500000e+02
7.344633789062500000e+02
8.851855468750000000e+02
7.272718505859375000e+02
7.574959106445312500e+02
6.632169189453125000e+02
6.731365966796875000e+02
6.313876342773437500e+02
6.134641723632812500e+02
5.961510620117187500e+02
5.931200561523437500e+02
5.892980957031250000e+02
6.011660766601562500e+02
6.305793457031250000e+02
7.912495727539062500e+02
8.738086547851562500e+02
9.278621826171875000e+02
7.484989624023437500e+02
7.788952636718750000e+02
7.729496459960937500e+02
9.322175903320312500e+02
7.695911865234375000e+02
8.264310913085937500e+02
7.364498901367187500e+02
8.582043457031250000e+02
8.205257568359375000e+02
8.756484375000000000e+02
7.192347412109375000e+02
7.445577392578125000e+02
6.779173583984375000e+02
7.361564941406250000e+02
7.100066528320312500e+02
8.282011718750000000e+02
7.620744628906250000e+02
8.202158203125000000e+02
6.961513061523437500e+02
7.116419677734375000e+02
6.455650634765625000e+02
6.515233764648437500e+02
6.131035156250000000e+02
5.940167236328125000e+02
5.737529296875000000e+02
5.618464965820312500e+02
5.564182739257812500e+02
5.501368408203125000e+02
5.553310546875000000e+02
5.656011962890625000e+02
5.947844848632812500e+02
6.547645874023437500e+02
9.260358886718750000e+02
9.992065429687500000e+02
6.624166870117187500e+02
5.608838500976562500e+02
5.519298095703125000e+02
6.516134033203125000e+02
9.597407226562500000e+02
9.457630615234375000e+02
7.368076782226562500e+02
7.683469238281250000e+02
8.713643798828125000e+02
9.361071777343750000e+02
7.876957397460937500e+02
8.079168090820312500e+02
7.790903930664062500e+02
9.390988769531250000e+02
8.086005859375000000e+02
8.168068847656250000e+02
7.138673095703125000e+02
8.633175048828125000e+02
8.076321411132812500e+02
8.747215576171875000e+02
6.964151000976562500e+02
7.154932250976562500e+02
6.552285156250000000e+02
6.870851440429687500e+02
6.631897583007812500e+02
7.024025878906250000e+02
6.721494750976562500e+02
7.649230957031250000e+02
7.249710083007812500e+02
8.222541503906250000e+02
7.201217651367187500e+02
7.632427978515625000e+02
7.074585571289062500e+02
8.168136596679687500e+02
7.475737304687500000e+02
8.461271362304687500e+02
7.037156372070312500e+02
7.397462158203125000e+02
6.827500610351562500e+02
7.273617553710937500e+02
6.821840209960937500e+02
7.540663452148437500e+02
7.416693115234375000e+02
9.150144653320312500e+02
7.475025024414062500e+02
7.520635986328125000e+02
6.930407714843750000e+02
7.675206298828125000e+02
7.410005493164062500e+02
8.884545898437500000e+02
7.491923828125000000e+02
8.225753784179687500e+02
7.130233154296875000e+02
7.764379272460937500e+02
7.077098999023437500e+02
8.227449340820312500e+02
7.450128173828125000e+02
8.449779663085937500e+02
7.256161499023437500e+02
7.567760620117187500e+02
6.828948974609375000e+02
7.441657714843750000e+02
6.942484741210937500e+02
7.542849121093750000e+02
7.214756469726562500e+02
8.318993530273437500e+02
7.291735839843750000e+02
8.228690185546875000e+02
7.097373046875000000e+02
7.402982177734375000e+02
6.706051025390625000e+02
6.591403808593750000e+02
6.203223876953125000e+02
6.009615478515625000e+02
5.710422973632812500e+02
5.678122558593750000e+02
5.516476440429687500e+02
5.600740966796875000e+02
5.688092651367187500e+02
5.727733154296875000e+02
6.072232666015625000e+02
7.330597534179687500e+02
9.422144775390625000e+02
9.053843994140625000e+02
7.591412963867187500e+02
8.457630004882812500e+02
8.847861328125000000e+02
8.667476806640625000e+02
7.438998413085937500e+02
8.845661010742187500e+02
8.880442504882812500e+02
8.351829223632812500e+02
7.197178344726562500e+02
8.510889282226562500e+02
8.361380615234375000e+02
8.947940673828125000e+02
6.883950195312500000e+02
6.954551391601562500e+02
6.681871337890625000e+02
7.690319824218750000e+02
7.810684814453125000e+02
9.361640625000000000e+02
7.139341430664062500e+02
6.942054443359375000e+02
6.315635986328125000e+02
6.282464599609375000e+02
6.092600097656250000e+02
5.905377197265625000e+02
5.827678833007812500e+02
5.824777832031250000e+02
5.846779785156250000e+02
6.222286376953125000e+02
6.848519287109375000e+02
1.016876098632812500e+03
8.552810058593750000e+02
7.495142211914062500e+02
6.560554199218750000e+02
6.931488037109375000e+02
7.371149902343750000e+02
1.067089599609375000e+03
7.909086303710937500e+02
7.446567382812500000e+02
6.743332519531250000e+02
8.125878906250000000e+02
8.599335937500000000e+02
9.300430908203125000e+02
7.234598388671875000e+02
7.562840576171875000e+02
7.169494018554687500e+02
8.865634155273437500e+02
7.604172973632812500e+02
8.247918090820312500e+02
7.053992309570312500e+02
7.242226562500000000e+02
6.809721679687500000e+02
7.493903198242187500e+02
7.196146850585937500e+02
8.872589721679687500e+02
7.361030883789062500e+02
7.828637695312500000e+02
6.973952636718750000e+02
7.238572998046875000e+02
6.953654174804687500e+02
7.756168212890625000e+02
7.109624633789062500e+02
8.330764160156250000e+02
7.331249389648437500e+02
8.373352661132812500e+02
7.228362426757812500e+02
7.913823242187500000e+02
7.214281616210937500e+02
8.220869140625000000e+02
7.303944702148437500e+02
8.455979003906250000e+02
7.339354248046875000e+02
7.952671508789062500e+02
7.201724853515625000e+02
8.001163940429687500e+02
7.331343383789062500e+02
8.273474121093750000e+02
7.271256713867187500e+02
8.065521850585937500e+02
7.080340576171875000e+02
7.556251831054687500e+02
6.983511352539062500e+02
7.485714721679687500e+02
7.098048095703125000e+02
8.324144287109375000e+02
7.454030761718750000e+02
8.399978027343750000e+02
7.292584838867187500e+02
7.770671386718750000e+02
7.049341430664062500e+02
7.911532592773437500e+02
7.276035156250000000e+02
8.611167602539062500e+02
7.289475097656250000e+02
7.754630126953125000e+02
6.970877685546875000e+02
7.467420654296875000e+02
7.002177124023437500e+02
7.568317260742187500e+02
7.149505004882812500e+02
8.547458496093750000e+02
7.520848388671875000e+02
8.472892456054687500e+02
7.130532226562500000e+02
7.410523071289062500e+02
6.784072265625000000e+02
7.147429199218750000e+02
6.731758422851562500e+02
7.484762573242187500e+02
7.262978515625000000e+02
9.088580932617187500e+02
7.604281005859375000e+02
8.146796875000000000e+02
7.006835937500000000e+02
7.414719848632812500e+02
7.004915161132812500e+02
8.093071289062500000e+02
7.629711303710937500e+02
9.061475830078125000e+02
7.164724731445312500e+02
7.319571533203125000e+02
6.738311767578125000e+02
6.959694824218750000e+02
6.586301879882812500e+02
6.711998901367187500e+02
6.575254516601562500e+02
7.438540649414062500e+02
7.643736572265625000e+02
9.867660522460937500e+02
7.507030639648437500e+02
7.394171752929687500e+02
6.786475219726562500e+02
7.590832519531250000e+02
7.438804931640625000e+02
9.359140014648437500e+02
7.665283203125000000e+02
7.816560058593750000e+02
6.857602539062500000e+02
7.475857543945312500e+02
7.219304809570312500e+02
8.629763793945312500e+02
7.756176757812500000e+02
8.530670166015625000e+02
7.125090942382812500e+02
7.413887329101562500e+02
6.886069946289062500e+02
7.312335205078125000e+02
7.131734619140625000e+02
8.042984008789062500e+02
7.478377685546875000e+02
8.660421752929687500e+02
7.064436035156250000e+02
7.464567260742187500e+02
6.879843139648437500e+02
7.496612548828125000e+02
7.118558959960937500e+02
8.536357421875000000e+02
7.582847290039062500e+02
8.509036865234375000e+02
7.221284179687500000e+02
7.602601318359375000e+02
7.041343994140625000e+02
8.247137451171875000e+02
7.469389648437500000e+02
8.655905761718750000e+02
7.177243041992187500e+02
7.603099975585937500e+02
6.845167846679687500e+02
7.170985107421875000e+02
6.857050170898437500e+02
7.611835937500000000e+02
7.215551757812500000e+02
8.561381835937500000e+02
7.397095947265625000e+02
8.255883789062500000e+02
7.268099365234375000e+02
7.895457153320312500e+02
7.252719726562500000e+02
8.490171508789062500e+02
7.441444702148437500e+02
8.362266845703125000e+02
7.054912719726562500e+02
7.521608886718750000e+02
6.905765991210937500e+02
7.255889892578125000e+02
6.795341796875000000e+02
7.443439941406250000e+02
7.058449707031250000e+02
8.451386718750000000e+02
7.525341796875000000e+02
8.501118164062500000e+02
7.281229248046875000e+02
7.944783935546875000e+02
7.068934326171875000e+02
7.816733398437500000e+02
7.278679199218750000e+02
8.787870483398437500e+02
7.266121826171875000e+02
7.724265747070312500e+02
7.061172485351562500e+02
7.918762207031250000e+02
7.157614746093750000e+02
7.794924926757812500e+02
7.151858520507812500e+02
8.073184814453125000e+02
7.318826293945312500e+02
8.359517211914062500e+02
7.317551879882812500e+02
7.690335083007812500e+02
6.980441894531250000e+02
7.550416870117187500e+02
6.865344848632812500e+02
7.777593383789062500e+02
7.260187377929687500e+02
8.443079833984375000e+02
7.473150024414062500e+02
8.361840820312500000e+02
7.134073486328125000e+02
7.556104736328125000e+02
6.825682983398437500e+02
7.547835693359375000e+02
7.063802490234375000e+02
8.091520996093750000e+02
7.393284301757812500e+02
8.519172973632812500e+02
7.308557128906250000e+02
7.906101684570312500e+02
7.025289916992187500e+02
7.286401367187500000e+02
6.686213378906250000e+02
7.041175537109375000e+02
6.724501342773437500e+02
7.622854003906250000e+02
7.582924804687500000e+02
9.618225097656250000e+02
7.625113525390625000e+02
7.699065551757812500e+02
6.756449584960937500e+02
6.908172607421875000e+02
6.617547607421875000e+02
7.548635864257812500e+02
7.546163940429687500e+02
9.458412475585937500e+02
7.480723266601562500e+02
7.652651367187500000e+02
6.800721435546875000e+02
7.129863281250000000e+02
6.726331787109375000e+02
7.656325683593750000e+02
7.544138793945312500e+02
9.078828125000000000e+02
7.250123901367187500e+02
7.461936035156250000e+02
6.727388916015625000e+02
7.064975585937500000e+02
6.700963134765625000e+02
7.692350463867187500e+02
7.458127441406250000e+02
9.462376708984375000e+02
7.300337524414062500e+02
7.449187622070312500e+02
6.693136596679687500e+02
7.030294799804687500e+02
6.718425903320312500e+02
7.517850952148437500e+02
7.364097290039062500e+02
9.224825439453125000e+02
7.653070068359375000e+02
7.973512573242187500e+02
6.851331176757812500e+02
7.011292724609375000e+02
6.585418701171875000e+02
6.904822998046875000e+02
6.679869995117187500e+02
8.176857299804687500e+02
7.871694335937500000e+02
9.334509277343750000e+02
7.370612182617187500e+02
7.367499389648437500e+02
6.746547241210937500e+02
7.507682495117187500e+02
7.402920532226562500e+02
9.092933959960937500e+02
7.443649902343750000e+02
8.038250732421875000e+02
6.966121826171875000e+02
7.567217407226562500e+02
7.220057373046875000e+02
8.586474609375000000e+02
7.482023315429687500e+02
8.361018066406250000e+02
6.979035034179687500e+02
7.335488891601562500e+02
6.767448120117187500e+02
6.991961059570312500e+02
6.529511718750000000e+02
6.672663574218750000e+02
6.255755004882812500e+02
6.659984130859375000e+02
6.740683593750000000e+02
8.600390014648437500e+02
8.224144287109375000e+02
8.883641357421875000e+02
7.267593383789062500e+02
7.754087524414062500e+02
7.452761840820312500e+02
9.338121337890625000e+02
7.302650756835937500e+02
7.810440063476562500e+02
7.153319702148437500e+02
8.465903320312500000e+02
7.889432373046875000e+02
8.964194335937500000e+02
6.995686035156250000e+02
7.153638916015625000e+02
6.529234619140625000e+02
6.851851806640625000e+02
6.593824462890625000e+02
7.304772338867187500e+02
7.049484252929687500e+02
8.452547607421875000e+02
7.461040649414062500e+02
8.466849365234375000e+02
7.155507202148437500e+02
7.800308837890625000e+02
7.298218994140625000e+02
8.760689697265625000e+02
7.379095458984375000e+02
8.069509277343750000e+02
7.092880859375000000e+02
7.778321533203125000e+02
7.279124755859375000e+02
8.281765747070312500e+02
7.268393554687500000e+02
8.035821533203125000e+02
7.076525878906250000e+02
7.782945556640625000e+02
7.053433227539062500e+02
8.061094970703125000e+02
7.208557128906250000e+02
8.070303955078125000e+02
7.025397338867187500e+02
7.821378784179687500e+02
6.995373535156250000e+02
7.971060180664062500e+02
7.174443969726562500e+02
8.165817260742187500e+02
7.202811889648437500e+02
7.972695922851562500e+02
7.053581542968750000e+02
7.643138427734375000e+02
6.969750366210937500e+02
7.988612670898437500e+02
7.289510498046875000e+02
8.503553466796875000e+02
7.324253540039062500e+02
8.088959960937500000e+02
7.136478881835937500e+02
7.780686035156250000e+02
7.049865722656250000e+02
8.255032348632812500e+02
7.271306762695312500e+02
8.046401367187500000e+02
7.124108276367187500e+02
7.627094116210937500e+02
6.817144775390625000e+02
7.345584106445312500e+02
6.912435302734375000e+02
8.071157226562500000e+02
7.447087402343750000e+02
8.879638061523437500e+02
7.290187377929687500e+02
7.709176025390625000e+02
6.793112792968750000e+02
6.932615966796875000e+02
6.459143066406250000e+02
6.683553466796875000e+02
6.314669189453125000e+02
6.601602172851562500e+02
6.434628906250000000e+02
7.196608886718750000e+02
7.521977539062500000e+02
1.003654602050781250e+03
7.862869873046875000e+02
7.794974365234375000e+02
6.787455444335937500e+02
7.767857666015625000e+02
8.041368408203125000e+02
9.728605957031250000e+02
7.523638916015625000e+02
7.646350708007812500e+02
6.830620117187500000e+02
7.847329711914062500e+02
7.468540039062500000e+02
9.131701660156250000e+02
7.444754028320312500e+02
7.900609741210937500e+02
6.799228515625000000e+02
7.086995849609375000e+02
6.509057006835937500e+02
6.748710937500000000e+02
6.358107910156250000e+02
6.421268310546875000e+02
6.149633178710937500e+02
6.334924316406250000e+02
6.147247924804687500e+02
6.667279663085937500e+02
6.925158081054687500e+02
9.649780883789062500e+02
8.429883422851562500e+02
7.975039672851562500e+02
6.755947875976562500e+02
7.453773193359375000e+02
7.694313354492187500e+02
1.033556762695312500e+03
7.610880737304687500e+02
7.670818481445312500e+02
6.862128906250000000e+02
8.148995971679687500e+02
7.999246826171875000e+02
9.424140625000000000e+02
7.326495971679687500e+02
7.551109008789062500e+02
6.626104125976562500e+02
7.165558471679687500e+02
6.911947631835937500e+02
8.353984985351562500e+02
7.509963378906250000e+02
8.358184204101562500e+02
7.035319213867187500e+02
7.165536499023437500e+02
6.658488769531250000e+02
7.060059814453125000e+02
6.675072021484375000e+02
7.647816772460937500e+02
7.528859863281250000e+02
9.268618774414062500e+02
7.374655151367187500e+02
7.594436645507812500e+02
6.844350585937500000e+02
7.423599853515625000e+02
7.102190551757812500e+02
8.693717651367187500e+02
7.589724121093750000e+02
8.490198364257812500e+02
7.197620849609375000e+02
7.834025878906250000e+02
7.065109863281250000e+02
7.967047119140625000e+02
7.290990600585937500e+02
8.516656494140625000e+02
7.332201538085937500e+02
8.180552978515625000e+02
6.966645507812500000e+02
7.356434326171875000e+02
6.641258544921875000e+02
6.682302246093750000e+02
6.204409179687500000e+02
6.165670166015625000e+02
5.973424682617187500e+02
5.975895996093750000e+02
5.958169555664062500e+02
6.372446899414062500e+02
6.650521240234375000e+02
9.062164916992187500e+02
9.018412475585937500e+02
7.892059326171875000e+02
6.532421875000000000e+02
7.157639770507812500e+02
7.774517211914062500e+02
1.075804443359375000e+03
7.280857543945312500e+02
7.173538208007812500e+02
6.896222534179687500e+02
9.031900024414062500e+02
8.784483032226562500e+02
8.214998779296875000e+02
6.425142822265625000e+02
6.111053466796875000e+02
5.764536132812500000e+02
5.779326171875000000e+02
5.644921875000000000e+02
6.089219360351562500e+02
6.537686157226562500e+02
8.989695434570312500e+02
8.817479858398437500e+02
8.094104614257812500e+02
6.491558837890625000e+02
6.854585571289062500e+02
6.860626220703125000e+02
9.611551513671875000e+02
8.052270507812500000e+02
7.966076660156250000e+02
6.671108398437500000e+02
7.254225463867187500e+02
7.449021606445312500e+02
9.903643188476562500e+02
7.592482299804687500e+02
7.721272583007812500e+02
6.627862548828125000e+02
7.254089965820312500e+02
7.206517333984375000e+02
8.919177246093750000e+02
7.826822509765625000e+02
8.197341308593750000e+02
6.846094360351562500e+02
7.229304199218750000e+02
6.887304687500000000e+02
8.293958129882812500e+02
7.490576782226562500e+02
8.617536621093750000e+02
7.230547485351562500e+02
7.863492431640625000e+02
6.823560180664062500e+02
7.316539306640625000e+02
6.922268066406250000e+02
8.137003173828125000e+02
7.455415649414062500e+02
8.668914184570312500e+02
7.082671508789062500e+02
7.703011474609375000e+02
7.004380493164062500e+02
8.314830932617187500e+02
7.382812500000000000e+02
8.695517578125000000e+02
7.209174804687500000e+02
7.756879272460937500e+02
6.923947143554687500e+02
7.782047119140625000e+02
7.183923950195312500e+02
8.167437133789062500e+02
7.301197509765625000e+02
8.378476562500000000e+02
7.294906616210937500e+02
8.093513793945312500e+02
7.158495483398437500e+02
8.075404052734375000e+02
7.188478393554687500e+02
8.333665161132812500e+02
7.294902954101562500e+02
8.162981567382812500e+02
7.061508178710937500e+02
7.871109619140625000e+02
7.042827148437500000e+02
7.761426391601562500e+02
7.098061523437500000e+02
8.199256591796875000e+02
7.242814941406250000e+02
8.098114624023437500e+02
7.029411010742187500e+02
7.494411621093750000e+02
6.814315185546875000e+02
7.574364013671875000e+02
7.250222167968750000e+02
8.860634155273437500e+02
7.380834350585937500e+02
7.965814208984375000e+02
6.837653808593750000e+02
7.203928222656250000e+02
6.629824218750000000e+02
6.938666381835937500e+02
6.593668823242187500e+02
7.447926635742187500e+02
7.414690551757812500e+02
9.631057128906250000e+02
7.522673950195312500e+02
7.822030029296875000e+02
6.857553100585937500e+02
7.467777709960937500e+02
7.147984619140625000e+02
8.821710205078125000e+02
7.756193847656250000e+02
8.519352416992187500e+02
6.889677734375000000e+02
6.904006958007812500e+02
6.236068725585937500e+02
5.977653808593750000e+02
5.670806274414062500e+02
5.435563964843750000e+02
5.359877319335937500e+02
5.452849121093750000e+02
5.591964721679687500e+02
6.217571411132812500e+02
8.507105712890625000e+02
9.740194702148437500e+02
7.307990722656250000e+02
5.812161254882812500e+02
5.402616577148437500e+02
5.263927001953125000e+02
5.417916870117187500e+02
5.770958251953125000e+02
7.710251464843750000e+02
1.304990112304687500e+03
5.842001953125000000e+02
7.579661865234375000e+02
1.768372924804687500e+03
7.789347534179687500e+02
2.545374755859375000e+03
2.406277832031250000e+03
8.385700073242187500e+02
1.148222412109375000e+03
1.709018188476562500e+03
1.279443115234375000e+03
2.174056396484375000e+03
2.017132934570312500e+03
1.358981689453125000e+03
1.408052978515625000e+03
1.529453125000000000e+03
1.183098632812500000e+03
1.778667114257812500e+03
1.392744384765625000e+03
1.975340698242187500e+03
1.841585449218750000e+03
1.481527099609375000e+03
1.474622436523437500e+03
1.545419433593750000e+03
1.207796264648437500e+03
1.777112304687500000e+03
1.457300537109375000e+03
1.841331420898437500e+03
1.668282836914062500e+03
1.582588012695312500e+03
1.559011474609375000e+03
1.488262329101562500e+03
1.468045654296875000e+03
1.323088745117187500e+03
9.128696289062500000e+02
2.145109375000000000e+03
1.779502685546875000e+03
1.640693481445312500e+03
1.771542358398437500e+03
1.158941528320312500e+03
1.357213500976562500e+03
1.167195678710937500e+03
7.557717285156250000e+02
1.286688842773437500e+03
6.654877929687500000e+02
1.454659790039062500e+03
7.044950561523437500e+02
9.059753417968750000e+02
8.124215087890625000e+02
6.619854736328125000e+02
7.467473144531250000e+02
7.908476562500000000e+02
7.757023925781250000e+02
5.766729125976562500e+02
7.315723266601562500e+02
1.346670898437500000e+03
5.445289916992187500e+02
1.446152832031250000e+03
6.079868774414062500e+02
6.973295288085937500e+02
1.307265625000000000e+03
5.671730346679687500e+02
9.499763183593750000e+02
1.380505004882812500e+03
6.369155883789062500e+02
2.358865722656250000e+03
1.676265991210937500e+03
2.086038574218750000e+03
2.466211669921875000e+03
6.723342285156250000e+02
1.585546630859375000e+03
5.806406860351562500e+02
8.332823486328125000e+02
1.740950439453125000e+03
8.747116699218750000e+02
2.374662109375000000e+03
2.202372558593750000e+03
1.006797729492187500e+03
1.273051879882812500e+03
1.359371459960937500e+03
8.682869873046875000e+02
2.462945800781250000e+03
2.229997558593750000e+03
1.176920776367187500e+03
1.278916625976562500e+03
1.575512451171875000e+03
1.076891967773437500e+03
2.011148315429687500e+03
1.801271118164062500e+03
1.363732299804687500e+03
1.206881347656250000e+03
1.811028320312500000e+03
1.599164672851562500e+03
1.551377197265625000e+03
1.342617797851562500e+03
1.740291137695312500e+03
1.574775512695312500e+03
1.520522827148437500e+03
1.480540771484375000e+03
1.369845947265625000e+03
1.021653076171875000e+03
2.121458740234375000e+03
1.878296997070312500e+03
1.376429931640625000e+03
1.392834472656250000e+03
1.537938598632812500e+03
1.613195190429687500e+03
1.055181640625000000e+03
7.981416625976562500e+02
1.388545776367187500e+03
7.756976318359375000e+02
1.674796508789062500e+03
8.487277221679687500e+02
1.987990844726562500e+03
1.428893798828125000e+03
1.864163452148437500e+03
1.930034301757812500e+03
1.062838500976562500e+03
1.458043701171875000e+03
9.619949340820312500e+02
7.706699218750000000e+02
1.178201538085937500e+03
6.413179321289062500e+02
1.342850585937500000e+03
7.360231323242187500e+02
8.014513549804687500e+02
1.001135009765625000e+03
7.540070190429687500e+02
6.759378662109375000e+02
8.929572143554687500e+02
1.008891174316406250e+03
6.252565307617187500e+02
1.507057128906250000e+03
5.438088378906250000e+02
1.264728027343750000e+03
7.959840087890625000e+02
5.760442504882812500e+02
5.432285156250000000e+02
6.982266845703125000e+02
1.258471557617187500e+03
5.658863525390625000e+02
7.332963867187500000e+02
1.687730468750000000e+03
7.240635986328125000e+02
2.412752197265625000e+03
2.213687255859375000e+03
9.647833862304687500e+02
1.024747924804687500e+03
1.823397460937500000e+03
1.443879150390625000e+03
1.850049804687500000e+03
1.685888183593750000e+03
1.538412475585937500e+03
1.609072631835937500e+03
1.273690429687500000e+03
1.340177856445312500e+03
1.308224609375000000e+03
8.353013305664062500e+02
2.324047363281250000e+03
1.984150024414062500e+03
1.445676025390625000e+03
1.621168701171875000e+03
1.144113525390625000e+03
8.858358154296875000e+02
1.763205444335937500e+03
1.209454101562500000e+03
2.159789062500000000e+03
2.179143066406250000e+03
8.964041748046875000e+02
1.686351806640625000e+03
7.311126708984375000e+02
9.069632568359375000e+02
9.730104980468750000e+02
9.131532592773437500e+02
8.490841674804687500e+02
6.030952148437500000e+02
7.295936889648437500e+02
8.583989868164062500e+02
7.698894653320312500e+02
6.174335327148437500e+02
7.006183471679687500e+02
7.302199707031250000e+02
7.630755615234375000e+02
7.447967529296875000e+02
6.134700927734375000e+02
6.487258911132812500e+02
6.896448974609375000e+02
1.027724243164062500e+03
6.153297119140625000e+02
5.773321533203125000e+02
6.562446899414062500e+02
7.861897583007812500e+02
1.074566040039062500e+03
6.150151367187500000e+02
5.664648437500000000e+02
8.365145874023437500e+02
9.837553100585937500e+02
7.249578857421875000e+02
5.760093383789062500e+02
6.675670166015625000e+02
1.302142700195312500e+03
6.103253173828125000e+02
9.029263305664062500e+02
1.367676391601562500e+03
6.090681762695312500e+02
1.913727783203125000e+03
1.098120605468750000e+03
2.651324707031250000e+03
2.855132080078125000e+03
7.021520996093750000e+02
2.679864013671875000e+03
2.261886962890625000e+03
1.142554443359375000e+03
1.669509155273437500e+03
8.128633422851562500e+02
6.360584716796875000e+02
1.198105957031250000e+03
5.831828002929687500e+02
8.832183837890625000e+02
1.350740356445312500e+03
6.021336059570312500e+02
1.464721313476562500e+03
5.592335815429687500e+02
1.052466308593750000e+03
6.715346069335937500e+02
5.790818481445312500e+02
5.624210205078125000e+02
5.684579467773437500e+02
5.819597167968750000e+02
5.667448730468750000e+02
6.030876464843750000e+02
6.570789794921875000e+02
1.019867553710937500e+03
6.587054443359375000e+02
5.900228881835937500e+02
5.479089355468750000e+02
5.222741088867187500e+02
5.317291259765625000e+02
5.930637817382812500e+02
8.798964233398437500e+02
8.643070068359375000e+02
7.528801879882812500e+02
6.746428833007812500e+02
8.709027709960937500e+02
9.508912963867187500e+02
6.785936889648437500e+02
5.713601684570312500e+02
5.705081787109375000e+02
6.321043701171875000e+02
1.040112670898437500e+03
8.631303100585937500e+02
6.429709472656250000e+02
5.647211303710937500e+02
5.536303710937500000e+02
5.437633666992187500e+02
5.691898803710937500e+02
6.168500366210937500e+02
9.888175048828125000e+02
8.458829345703125000e+02
6.901730346679687500e+02
6.001422729492187500e+02
6.419765625000000000e+02
7.268248901367187500e+02
1.095228515625000000e+03
6.660638427734375000e+02
5.750067138671875000e+02
5.382086791992187500e+02
5.309299316406250000e+02
5.421056518554687500e+02
5.618187866210937500e+02
6.146647949218750000e+02
8.826889038085937500e+02
8.547705078125000000e+02
7.844523925781250000e+02
6.245797729492187500e+02
5.752811279296875000e+02
5.475492553710937500e+02
5.497434692382812500e+02
5.930712890625000000e+02
8.121775512695312500e+02
8.877322998046875000e+02
8.000730590820312500e+02
6.524950561523437500e+02
6.997796020507812500e+02
7.409863281250000000e+02
1.057490844726562500e+03
6.902226562500000000e+02
6.870131835937500000e+02
6.928849487304687500e+02
9.601550903320312500e+02
7.980720214843750000e+02
7.764924316406250000e+02
6.644564819335937500e+02
7.400643310546875000e+02
7.208623046875000000e+02
9.603442993164062500e+02
6.564754638671875000e+02
6.385413208007812500e+02
6.103679809570312500e+02
6.420054321289062500e+02
6.211052246093750000e+02
6.725909423828125000e+02
6.990673217773437500e+02
9.598969726562500000e+02
6.877936401367187500e+02
6.854228515625000000e+02
6.490363769531250000e+02
7.841127319335937500e+02
7.651693115234375000e+02
9.350889282226562500e+02
7.005625610351562500e+02
7.180004882812500000e+02
6.610639648437500000e+02
7.980078125000000000e+02
7.296380004882812500e+02
8.862838134765625000e+02
7.148552246093750000e+02
7.605128173828125000e+02
6.918851318359375000e+02
8.292854003906250000e+02
7.000415039062500000e+02
7.640781860351562500e+02
6.832149047851562500e+02
7.783768920898437500e+02
7.130438842773437500e+02
8.117157592773437500e+02
7.098818359375000000e+02
7.815532226562500000e+02
6.638862915039062500e+02
7.108989868164062500e+02
6.618291625976562500e+02
7.684984741210937500e+02
7.135913085937500000e+02
8.327902221679687500e+02
7.141375732421875000e+02
7.887761840820312500e+02
6.846633911132812500e+02
7.589810180664062500e+02
7.040850830078125000e+02
8.436868286132812500e+02
7.280985107421875000e+02
8.030407714843750000e+02
6.860985107421875000e+02
7.158898315429687500e+02
6.712897949218750000e+02
7.676473388671875000e+02
7.056218872070312500e+02
8.472952270507812500e+02
7.083266601562500000e+02
7.794077148437500000e+02
6.797814941406250000e+02
7.621943359375000000e+02
7.040248413085937500e+02
8.385541381835937500e+02
7.135704345703125000e+02
7.987125854492187500e+02
6.783038940429687500e+02
7.272678222656250000e+02
6.730436401367187500e+02
7.957459716796875000e+02
7.212064208984375000e+02
8.549110717773437500e+02
6.802268066406250000e+02
6.914423217773437500e+02
6.298052978515625000e+02
6.325502319335937500e+02
6.042453002929687500e+02
6.183355712890625000e+02
6.331862792968750000e+02
8.123880004882812500e+02
8.064295654296875000e+02
8.867158203125000000e+02
6.952254028320312500e+02
6.827403564453125000e+02
6.511762695312500000e+02
7.996616821289062500e+02
7.943752441406250000e+02
9.159206542968750000e+02
6.784938964843750000e+02
6.757954711914062500e+02
6.469411010742187500e+02
7.448305664062500000e+02
7.593275756835937500e+02
9.648634033203125000e+02
6.935980834960937500e+02
6.907487182617187500e+02
6.419489746093750000e+02
7.107698974609375000e+02
7.146065063476562500e+02
9.276896362304687500e+02
7.162543945312500000e+02
7.344519653320312500e+02
6.472380371093750000e+02
7.198451538085937500e+02
6.866959838867187500e+02
8.708698120117187500e+02
7.257922973632812500e+02
8.052550048828125000e+02
6.513018188476562500e+02
6.476644897460937500e+02
6.065796508789062500e+02
5.987316894531250000e+02
5.796221313476562500e+02
5.925361328125000000e+02
5.986568603515625000e+02
7.436604003906250000e+02
7.985319824218750000e+02
9.748807373046875000e+02
6.962827148437500000e+02
6.663033447265625000e+02
6.192895507812500000e+02
7.377047119140625000e+02
7.946200561523437500e+02
9.930661621093750000e+02
6.875010375976562500e+02
6.680731201171875000e+02
6.329231567382812500e+02
7.566085815429687500e+02
7.862102661132812500e+02
9.808126831054687500e+02
6.643229370117187500e+02
6.173391723632812500e+02
5.710311889648437500e+02
5.600530395507812500e+02
5.618323974609375000e+02
5.957455444335937500e+02
6.559736328125000000e+02
1.007393554687500000e+03
7.699787597656250000e+02
7.342963867187500000e+02
6.384980468750000000e+02
6.773663940429687500e+02
6.948684082031250000e+02
9.788350830078125000e+02
7.404048461914062500e+02
7.251957397460937500e+02
6.455761718750000000e+02
7.646107177734375000e+02
7.827769165039062500e+02
9.532990722656250000e+02
6.862610473632812500e+02
6.240576782226562500e+02
5.598539428710937500e+02
5.401931152343750000e+02
5.449593505859375000e+02
5.600263061523437500e+02
6.250352783203125000e+02
9.248475952148437500e+02
8.490307617187500000e+02
7.728239746093750000e+02
6.251286621093750000e+02
5.798020629882812500e+02
5.396676635742187500e+02
5.332614135742187500e+02
5.503572998046875000e+02
6.393870849609375000e+02
8.320698242187500000e+02
1.076594604492187500e+03
6.523244628906250000e+02
5.470487060546875000e+02
5.189044799804687500e+02
5.465078125000000000e+02
7.746419677734375000e+02
9.389735107421875000e+02
7.789681396484375000e+02
6.351192016601562500e+02
6.137075195312500000e+02
6.397476196289062500e+02
9.676295776367187500e+02
8.115187377929687500e+02
7.428543090820312500e+02
5.989110107421875000e+02
5.910541381835937500e+02
5.744417724609375000e+02
6.001801757812500000e+02
6.718898315429687500e+02
9.228751831054687500e+02
7.437340087890625000e+02
7.709974365234375000e+02
6.894385375976562500e+02
9.313981323242187500e+02
8.522025756835937500e+02
7.753768310546875000e+02
6.521518554687500000e+02
6.869481811523437500e+02
7.081271362304687500e+02
1.055734863281250000e+03
6.502761840820312500e+02
5.693389282226562500e+02
5.508549194335937500e+02
5.468680419921875000e+02
5.590710449218750000e+02
6.059039306640625000e+02
7.039046630859375000e+02
1.170487060546875000e+03
6.126683959960937500e+02
5.238077392578125000e+02
5.335081176757812500e+02
6.611672363281250000e+02
1.245503295898437500e+03
5.851657104492187500e+02
5.291267700195312500e+02
7.780021362304687500e+02
9.622426757812500000e+02
7.815114135742187500e+02
6.086832275390625000e+02
5.626161499023437500e+02
5.327480468750000000e+02
5.393744506835937500e+02
6.005357055664062500e+02
9.494485473632812500e+02
8.419498291015625000e+02
7.663654174804687500e+02
6.957332763671875000e+02
9.085695190429687500e+02
8.813562622070312500e+02
7.593934326171875000e+02
6.085820922851562500e+02
7.154486694335937500e+02
8.158153076171875000e+02
1.043404296875000000e+03
6.632647705078125000e+02
6.188570556640625000e+02
5.994566650390625000e+02
7.587777709960937500e+02
8.145185546875000000e+02
9.761447143554687500e+02
6.360890502929687500e+02
5.814750976562500000e+02
5.403345947265625000e+02
5.330131835937500000e+02
5.385133666992187500e+02
5.678576049804687500e+02
6.948223876953125000e+02
1.194746582031250000e+03
6.099658813476562500e+02
5.208803100585937500e+02
5.469199829101562500e+02
7.317449951171875000e+02
1.371003295898437500e+03
5.104059143066406250e+02
1.246232177734375000e+03
8.216810913085937500e+02
5.082807922363281250e+02
9.404002685546875000e+02
1.259764282226562500e+03
5.090747375488281250e+02
1.168456054687500000e+03
9.306667480468750000e+02
5.108197021484375000e+02
1.110370239257812500e+03
9.806954345703125000e+02
5.221399536132812500e+02
6.819577026367187500e+02
1.607604370117187500e+03
6.197893066406250000e+02
2.298730224609375000e+03
1.810639160156250000e+03
1.641151123046875000e+03
1.605928955078125000e+03
1.578777832031250000e+03
1.489161865234375000e+03
1.575829101562500000e+03
1.260624145507812500e+03
1.800642700195312500e+03
1.572263793945312500e+03
1.595807983398437500e+03
1.468113159179687500e+03
1.519904174804687500e+03
1.275900268554687500e+03
1.875576293945312500e+03
1.622062866210937500e+03
1.624398925781250000e+03
1.599349365234375000e+03
1.407664184570312500e+03
1.441272094726562500e+03
1.323727539062500000e+03
9.153277587890625000e+02
2.303181884765625000e+03
2.094395507812500000e+03
1.168417724609375000e+03
1.212057617187500000e+03
1.671387817382812500e+03
1.288465087890625000e+03
1.654546997070312500e+03
1.389111328125000000e+03
1.770826782226562500e+03
1.619647460937500000e+03
1.443305175781250000e+03
1.326700805664062500e+03
1.685576660156250000e+03
1.544727539062500000e+03
1.313365600585937500e+03
1.025413940429687500e+03
1.965681762695312500e+03
1.662861450195312500e+03
1.488991455078125000e+03
1.457169677734375000e+03
1.465950805664062500e+03
1.506257690429687500e+03
1.155739624023437500e+03
9.130828857421875000e+02
1.402366333007812500e+03
9.014743041992187500e+02
1.545403320312500000e+03
8.458244628906250000e+02
1.722695312500000000e+03
1.134733764648437500e+03
1.721453125000000000e+03
1.354579223632812500e+03
1.847903198242187500e+03
1.764395996093750000e+03
1.281290283203125000e+03
1.179006103515625000e+03
1.737873779296875000e+03
1.491593139648437500e+03
1.376083740234375000e+03
1.112992431640625000e+03
1.899179443359375000e+03
1.653489013671875000e+03
1.379670776367187500e+03
1.267831054687500000e+03
1.664387451171875000e+03
1.556529174804687500e+03
1.268079956054687500e+03
1.027117797851562500e+03
1.653866333007812500e+03
1.224182739257812500e+03
1.548659423828125000e+03
1.200123291015625000e+03
1.874453002929687500e+03
1.689433105468750000e+03
1.357723632812500000e+03
1.292079223632812500e+03
1.591266479492187500e+03
1.525583129882812500e+03
1.132350097656250000e+03
9.767214355468750000e+02
1.359213623046875000e+03
1.045767944335937500e+03
1.354446777343750000e+03
8.174354248046875000e+02
1.331266601562500000e+03
8.214968261718750000e+02
1.525272949218750000e+03
7.410294189453125000e+02
1.578598876953125000e+03
9.424927368164062500e+02
1.823012695312500000e+03
1.325352905273437500e+03
1.995437622070312500e+03
2.002100585937500000e+03
1.017561340332031250e+03
1.058817871093750000e+03
1.656325683593750000e+03
1.166594360351562500e+03
1.774271972656250000e+03
1.558085205078125000e+03
1.486412963867187500e+03
1.450932006835937500e+03
1.353646240234375000e+03
1.047916748046875000e+03
2.051486083984375000e+03
1.859262451171875000e+03
1.266219848632812500e+03
1.240838134765625000e+03
1.635831665039062500e+03
1.633163452148437500e+03
1.008938171386718750e+03
7.086879882812500000e+02
1.350756591796875000e+03
7.599790649414062500e+02
1.711570434570312500e+03
9.646065673828125000e+02
2.200738525390625000e+03
2.058823730468750000e+03
1.086591308593750000e+03
1.194265014648437500e+03
1.494626953125000000e+03
1.085616943359375000e+03
1.644471435546875000e+03
1.248426513671875000e+03
1.955747802734375000e+03
1.902574951171875000e+03
1.056132324218750000e+03
9.596049804687500000e+02
1.770526123046875000e+03
1.646215332031250000e+03
1.067504272460937500e+03
7.863225708007812500e+02
1.451825927734375000e+03
8.323770141601562500e+02
1.733868286132812500e+03
1.117303222656250000e+03
2.184019042968750000e+03
2.190396972656250000e+03
8.432071533203125000e+02
1.507812622070312500e+03
8.248370971679687500e+02
1.005772399902343750e+03
9.172438354492187500e+02
6.311785888671875000e+02
8.244234619140625000e+02
7.093186645507812500e+02
5.883659057617187500e+02
6.211676025390625000e+02
7.191892700195312500e+02
9.729927978515625000e+02
5.438134765625000000e+02
9.888331298828125000e+02
1.170044311523437500e+03
5.363675537109375000e+02
1.391506103515625000e+03
5.465824584960937500e+02
7.813890991210937500e+02
1.168898193359375000e+03
5.363605957031250000e+02
8.268679199218750000e+02
1.325766601562500000e+03
5.461258544921875000e+02
1.867625000000000000e+03
8.495061645507812500e+02
2.516087646484375000e+03
2.587327148437500000e+03
5.279551391601562500e+02
2.061521728515625000e+03
8.359407958984375000e+02
2.901124023437500000e+03
3.368337646484375000e+03
1.177379150390625000e+03
3.730791992187500000e+03
5.057632812500000000e+03
3.399697021484375000e+03
1.168528442382812500e+03
2.449396240234375000e+03
1.047921020507812500e+03
2.976723876953125000e+03
3.544858642578125000e+03
1.269845947265625000e+03
3.383019042968750000e+03
4.686876464843750000e+03
3.167846679687500000e+03
1.066814208984375000e+03
2.275305175781250000e+03
7.308524780273437500e+02
2.646761718750000000e+03
2.761998779296875000e+03
5.802424926757812500e+02
2.559826416015625000e+03
2.144186523437500000e+03
1.167105224609375000e+03
1.396869018554687500e+03
1.302461791992187500e+03
1.381934814453125000e+03
9.328275756835937500e+02
5.988804321289062500e+02
9.364671020507812500e+02
6.794576416015625000e+02
5.935335083007812500e+02
8.411104125976562500e+02
5.908951416015625000e+02
6.688107910156250000e+02
1.129956420898437500e+03
5.464434814453125000e+02
1.180369018554687500e+03
8.195718383789062500e+02
5.596674194335937500e+02
1.130460937500000000e+03
7.409553222656250000e+02
5.263082275390625000e+02
9.898764648437500000e+02
9.753939819335937500e+02
5.187916870117187500e+02
7.255969848632812500e+02
1.500543334960937500e+03
6.031432495117187500e+02
2.090101074218750000e+03
1.529571289062500000e+03
1.843931640625000000e+03
1.873590820312500000e+03
1.157138061523437500e+03
1.119399902343750000e+03
1.686324951171875000e+03
1.194757202148437500e+03
1.968847778320312500e+03
1.964791870117187500e+03
9.575673828125000000e+02
1.209638793945312500e+03
1.329807128906250000e+03
8.614726562500000000e+02
2.358952392578125000e+03
2.233048583984375000e+03
9.110020141601562500e+02
9.965216674804687500e+02
1.711396362304687500e+03
1.189975708007812500e+03
1.858156982421875000e+03
1.790756103515625000e+03
1.145901733398437500e+03
1.391835449218750000e+03
1.115403198242187500e+03
6.751769409179687500e+02
1.686879760742187500e+03
8.928682250976562500e+02
2.089645263671875000e+03
1.931755493164062500e+03
1.033050170898437500e+03
1.260867187500000000e+03
1.262557861328125000e+03
8.086672363281250000e+02
2.095059570312500000e+03
1.743366943359375000e+03
1.397157470703125000e+03
1.476056274414062500e+03
1.366055541992187500e+03
1.571393432617187500e+03
7.229165649414062500e+02
7.991677246093750000e+02
1.359043701171875000e+03
7.065343017578125000e+02
1.602548461914062500e+03
7.922410888671875000e+02
2.181064941406250000e+03
1.892678100585937500e+03
1.211469848632812500e+03
1.345646850585937500e+03
1.344962524414062500e+03
1.425857666015625000e+03
8.722885131835937500e+02
6.598587646484375000e+02
1.032138549804687500e+03
6.364753417968750000e+02
7.536250000000000000e+02
1.313681030273437500e+03
9.097666015625000000e+02
1.640122680664062500e+03
9.715045166015625000e+02
2.403804443359375000e+03
2.518505371093750000e+03
5.703288574218750000e+02
2.086166015625000000e+03
1.136397216796875000e+03
2.525883789062500000e+03
2.901770019531250000e+03
7.789938354492187500e+02
3.193210937500000000e+03
3.728440673828125000e+03
1.619529663085937500e+03
3.117654541015625000e+03
4.501996093750000000e+03
2.995715087890625000e+03
1.306008544921875000e+03
2.364895996093750000e+03
9.023982543945312500e+02
2.929218994140625000e+03
3.411377197265625000e+03
1.175320678710937500e+03
3.229445312500000000e+03
4.401548828125000000e+03
2.830194335937500000e+03
1.344340576171875000e+03
2.566002685546875000e+03
1.039065673828125000e+03
2.602307373046875000e+03
3.102179687500000000e+03
1.058012451171875000e+03
3.420065673828125000e+03
4.583221191406250000e+03
2.936199218750000000e+03
1.391129150390625000e+03
2.539527587890625000e+03
1.118260253906250000e+03
2.815979980468750000e+03
3.532909912109375000e+03
1.517307983398437500e+03
2.770053222656250000e+03
3.891809326171875000e+03
2.341613525390625000e+03
1.765596679687500000e+03
2.830056396484375000e+03
1.238275024414062500e+03
2.383808593750000000e+03
2.892245361328125000e+03
9.660949096679687500e+02
2.744518066406250000e+03
3.218326660156250000e+03
1.142301879882812500e+03
2.837117675781250000e+03
3.642439208984375000e+03
1.837637817382812500e+03
2.484805419921875000e+03
3.630147949218750000e+03
2.030970947265625000e+03
1.979415161132812500e+03
2.905421875000000000e+03
1.221002197265625000e+03
2.761759521484375000e+03
3.595128662109375000e+03
1.807451171875000000e+03
2.117491699218750000e+03
2.936471191406250000e+03
1.178714843750000000e+03
2.688410400390625000e+03
3.427063720703125000e+03
1.528510620117187500e+03
2.578068847656250000e+03
3.608881591796875000e+03
2.037280639648437500e+03
2.008328979492187500e+03
3.014190185546875000e+03
1.414816772460937500e+03
2.209748291015625000e+03
2.772926025390625000e+03
9.830228271484375000e+02
2.373947753906250000e+03
2.537340087890625000e+03
8.610673217773437500e+02
2.617524414062500000e+03
2.481263427734375000e+03
8.704922485351562500e+02
2.004174926757812500e+03
1.183687377929687500e+03
1.592150268554687500e+03
1.375419189453125000e+03
1.390985961914062500e+03
1.525610473632812500e+03
9.219488525390625000e+02
1.283764770507812500e+03
1.130090698242187500e+03
1.288432861328125000e+03
7.780470581054687500e+02
1.011864379882812500e+03
9.870520019531250000e+02
8.910579833984375000e+02
1.063305053710937500e+03
6.356701660156250000e+02
8.587714233398437500e+02
6.278495483398437500e+02
6.235518798828125000e+02
8.346676025390625000e+02
5.482175903320312500e+02
7.695474853515625000e+02
1.275944946289062500e+03
5.479088745117187500e+02
1.564713623046875000e+03
5.820182495117187500e+02
2.261441894531250000e+03
1.758890625000000000e+03
1.635139770507812500e+03
1.942485595703125000e+03
7.316638793945312500e+02
1.074621215820312500e+03
1.156806274414062500e+03
6.002412719726562500e+02
1.716851928710937500e+03
7.915707397460937500e+02
2.398184814453125000e+03
2.472841064453125000e+03
5.420017700195312500e+02
1.864023315429687500e+03
7.763013916015625000e+02
2.375416992187500000e+03
2.396812500000000000e+03
5.497215576171875000e+02
1.787629028320312500e+03
5.900301513671875000e+02
2.154098876953125000e+03
1.764796020507812500e+03
1.332199340820312500e+03
1.293295776367187500e+03
1.474273437500000000e+03
1.353046508789062500e+03
1.382636108398437500e+03
1.174940795898437500e+03
1.577633422851562500e+03
1.360034912109375000e+03
1.558107177734375000e+03
1.336675659179687500e+03
1.664846313476562500e+03
1.682776123046875000e+03
1.031395019531250000e+03
1.097007690429687500e+03
1.329663696289062500e+03
8.529044799804687500e+02
2.174181640625000000e+03
2.016409790039062500e+03
9.583859863281250000e+02
1.026546264648437500e+03
1.516887451171875000e+03
1.204690185546875000e+03
1.448929321289062500e+03
1.150653198242187500e+03
1.803812866210937500e+03
1.668863769531250000e+03
1.256104125976562500e+03
1.222338623046875000e+03
1.449352661132812500e+03
1.277822021484375000e+03
1.263856567382812500e+03
9.129910888671875000e+02
1.857282470703125000e+03
1.580516479492187500e+03
1.291807739257812500e+03
1.239294677734375000e+03
1.490131835937500000e+03
1.520981323242187500e+03
9.498195190429687500e+02
8.817525024414062500e+02
1.313834960937500000e+03
9.574875488281250000e+02
1.375371948242187500e+03
8.345479125976562500e+02
1.548951538085937500e+03
1.030917724609375000e+03
1.571927124023437500e+03
1.221891357421875000e+03
1.735034301757812500e+03
1.679115844726562500e+03
1.061250488281250000e+03
9.893814086914062500e+02
1.597146362304687500e+03
1.502161376953125000e+03
9.982126464843750000e+02
7.550294799804687500e+02
1.346009521484375000e+03
8.490205078125000000e+02
1.561114501953125000e+03
9.938640747070312500e+02
1.967457275390625000e+03
1.849854125976562500e+03
1.040856201171875000e+03
1.136214111328125000e+03
1.388461791992187500e+03
1.175214477539062500e+03
1.303731323242187500e+03
8.874147338867187500e+02
1.896290161132812500e+03
1.642310668945312500e+03
1.287924438476562500e+03
1.278339599609375000e+03
1.395754760742187500e+03
1.448720703125000000e+03
9.729589233398437500e+02
7.388111572265625000e+02
1.256208984375000000e+03
7.458522338867187500e+02
1.522897705078125000e+03
8.081843872070312500e+02
1.931381469726562500e+03
1.573166992187500000e+03
1.425282958984375000e+03
1.500514160156250000e+03
1.182866577148437500e+03
1.396343627929687500e+03
8.084117431640625000e+02
6.820979003906250000e+02
1.078249023437500000e+03
6.105133056640625000e+02
1.298313720703125000e+03
5.858523559570312500e+02
8.660520629882812500e+02
6.974077148437500000e+02
5.663675537109375000e+02
5.754423828125000000e+02
6.659085693359375000e+02
8.547735595703125000e+02
5.374927978515625000e+02
7.395734863281250000e+02
1.320854492187500000e+03
5.672313842773437500e+02
1.688259643554687500e+03
8.829534912109375000e+02
2.517914062500000000e+03
2.680412109375000000e+03
5.195980224609375000e+02
2.574735107421875000e+03
2.345366210937500000e+03
6.787725219726562500e+02
1.423651367187500000e+03
7.497605590820312500e+02
5.226385498046875000e+02
7.646927490234375000e+02
8.653475952148437500e+02
6.712553100585937500e+02
5.185272216796875000e+02
6.269988403320312500e+02
1.073602661132812500e+03
5.662881469726562500e+02
5.584698486328125000e+02
9.802860717773437500e+02
5.977780151367187500e+02
5.174001464843750000e+02
5.471287231445312500e+02
5.948507690429687500e+02
7.232725219726562500e+02
6.405797119140625000e+02
6.469082641601562500e+02
5.608713989257812500e+02
5.168251953125000000e+02
5.137360229492187500e+02
5.298402099609375000e+02
5.723842163085937500e+02
6.388237915039062500e+02
8.699350585937500000e+02
6.829586181640625000e+02
6.271953125000000000e+02
5.405953369140625000e+02
5.109031677246093750e+02
5.026513366699218750e+02
5.134490966796875000e+02
5.651610717773437500e+02
6.576163940429687500e+02
9.587019653320312500e+02
6.886527709960937500e+02
6.026106567382812500e+02
5.300370483398437500e+02
5.121078491210937500e+02
5.069842529296875000e+02
5.228729248046875000e+02
5.630297241210937500e+02
6.348161010742187500e+02
9.105015869140625000e+02
7.416826782226562500e+02
6.707537231445312500e+02
5.652251586914062500e+02
5.489217529296875000e+02
5.293734741210937500e+02
5.651686401367187500e+02
6.186770629882812500e+02
8.008980712890625000e+02
7.600143432617187500e+02
7.524199218750000000e+02
5.971939086914062500e+02
5.571676025390625000e+02
5.238298950195312500e+02
5.189826049804687500e+02
5.073174133300781250e+02
5.092296142578125000e+02
5.061858215332031250e+02
5.058567504882812500e+02
5.075106201171875000e+02
5.244140625000000000e+02
5.337443237304687500e+02
5.944091186523437500e+02
7.059446411132812500e+02
9.896893920898437500e+02
6.349063720703125000e+02
5.569279174804687500e+02
5.228654785156250000e+02
5.098499450683593750e+02
5.316398315429687500e+02
6.295634765625000000e+02
7.980777587890625000e+02
9.221491699218750000e+02
6.268048706054687500e+02
5.476889648437500000e+02
5.205303344726562500e+02
5.121963500976562500e+02
5.145125122070312500e+02
5.633173828125000000e+02
6.920843505859375000e+02
1.072379882812500000e+03
5.843154296875000000e+02
5.244671020507812500e+02
7.554092407226562500e+02
8.606512451171875000e+02
7.036922607421875000e+02
5.279736938476562500e+02
5.168869018554687500e+02
5.887487182617187500e+02
7.016535644531250000e+02
8.997598876953125000e+02
6.130446777343750000e+02
5.421156005859375000e+02
5.215318603515625000e+02
5.246561279296875000e+02
5.454578857421875000e+02
6.114907836914062500e+02
7.526602172851562500e+02
9.734569091796875000e+02
5.958174438476562500e+02
5.035126647949218750e+02
5.895352172851562500e+02
8.383800048828125000e+02
9.003613281250000000e+02
5.891325683593750000e+02
5.231471557617187500e+02
6.937204589843750000e+02
8.857434692382812500e+02
7.451217651367187500e+02
5.782197265625000000e+02
6.319092407226562500e+02
1.031093261718750000e+03
6.822673339843750000e+02
5.715436401367187500e+02
6.857616577148437500e+02
8.674366455078125000e+02
8.218777465820312500e+02
5.896296997070312500e+02
5.228502197265625000e+02
5.494227294921875000e+02
6.906473388671875000e+02
1.141713500976562500e+03
5.276445312500000000e+02
9.344290771484375000e+02
1.168477416992187500e+03
5.065891113281250000e+02
1.406611938476562500e+03
5.077260437011718750e+02
1.158805541992187500e+03
7.522393798828125000e+02
5.551002197265625000e+02
5.062287902832031250e+02
5.443924560546875000e+02
6.864594726562500000e+02
7.510883789062500000e+02
8.495000000000000000e+02
5.765878906250000000e+02
5.245749511718750000e+02
5.039112548828125000e+02
5.002270812988281250e+02
4.947436218261718750e+02
4.893983154296875000e+02
4.961344909667968750e+02
4.935013427734375000e+02
5.131068115234375000e+02
5.283916015625000000e+02
6.544852294921875000e+02
1.162379516601562500e+03
5.625418090820312500e+02
5.005423583984375000e+02
6.709710693359375000e+02
9.900604858398437500e+02
6.320300903320312500e+02
5.081448669433593750e+02
4.988956909179687500e+02
5.516784667968750000e+02
7.655757446289062500e+02
1.083336791992187500e+03
5.636326904296875000e+02
4.909275817871093750e+02
5.281289672851562500e+02
7.128356323242187500e+02
1.201145507812500000e+03
5.222370605468750000e+02
7.049735107421875000e+02
1.519409423828125000e+03
6.686015625000000000e+02
2.161387207031250000e+03
1.850640136718750000e+03
1.226448120117187500e+03
1.170771850585937500e+03
1.717995117187500000e+03
1.562243041992187500e+03
1.355191284179687500e+03
1.164615600585937500e+03
1.619502685546875000e+03
1.371481811523437500e+03
1.607497680664062500e+03
1.447952636718750000e+03
1.393011108398437500e+03
1.241852539062500000e+03
1.606691284179687500e+03
1.445169433593750000e+03
1.325370483398437500e+03
1.103225463867187500e+03
1.825058105468750000e+03
1.604587158203125000e+03
1.416226684570312500e+03
1.411519653320312500e+03
1.334211791992187500e+03
1.356002685546875000e+03
1.189450073242187500e+03
8.199515991210937500e+02
1.864120483398437500e+03
1.394505371093750000e+03
1.748152832031250000e+03
1.891372924804687500e+03
8.650123291015625000e+02
1.308990478515625000e+03
7.871604614257812500e+02
7.316375122070312500e+02
1.123176879882812500e+03
6.667447509765625000e+02
1.479671630859375000e+03
6.301366577148437500e+02
1.600785278320312500e+03
8.243782958984375000e+02
1.948990356445312500e+03
1.596737426757812500e+03
1.437602783203125000e+03
1.382110229492187500e+03
1.443171997070312500e+03
1.302941528320312500e+03
1.531826293945312500e+03
1.364052490234375000e+03
1.368515502929687500e+03
1.133176879882812500e+03
1.808507934570312500e+03
1.661451293945312500e+03
1.178544433593750000e+03
1.057135375976562500e+03
1.715485839843750000e+03
1.563038208007812500e+03
1.150679199218750000e+03
9.065833129882812500e+02
1.933854858398437500e+03
1.683719116210937500e+03
1.331991333007812500e+03
1.364846679687500000e+03
1.330496704101562500e+03
1.379873168945312500e+03
1.074013916015625000e+03
7.376977539062500000e+02
1.343836303710937500e+03
7.291047973632812500e+02
1.624170776367187500e+03
9.030723876953125000e+02
2.267001953125000000e+03
2.285959960937500000e+03
6.539160156250000000e+02
2.066081054687500000e+03
9.965760498046875000e+02
2.667374023437500000e+03
3.184027343750000000e+03
1.142799438476562500e+03
2.927306396484375000e+03
3.762741943359375000e+03
2.021952026367187500e+03
2.262099365234375000e+03
3.354355224609375000e+03
1.737570312500000000e+03
2.288104492187500000e+03
3.217134277343750000e+03
1.644258178710937500e+03
2.470920166015625000e+03
3.411211914062500000e+03
1.634159667968750000e+03
2.630868896484375000e+03
3.802575683593750000e+03
2.355770507812500000e+03
1.654474975585937500e+03
2.845048339843750000e+03
1.414236450195312500e+03
2.192441894531250000e+03
2.738324707031250000e+03
9.076008300781250000e+02
2.616934082031250000e+03
2.941207275390625000e+03
9.165885620117187500e+02
2.720736083984375000e+03
3.148949218750000000e+03
1.090728881835937500e+03
3.227440673828125000e+03
4.396269042968750000e+03
2.827398925781250000e+03
1.271222045898437500e+03
2.365157714843750000e+03
9.687513427734375000e+02
1.948090942382812500e+03
2.132703857421875000e+03
7.351172485351562500e+02
2.148238281250000000e+03
1.356748535156250000e+03
1.957545776367187500e+03
2.334346923828125000e+03
7.886020507812500000e+02
2.263564453125000000e+03
1.833372924804687500e+03
1.304103271484375000e+03
1.897979003906250000e+03
7.253752441406250000e+02
2.193910156250000000e+03
1.699544311523437500e+03
1.411987304687500000e+03
1.718305175781250000e+03
7.969593505859375000e+02
1.358990600585937500e+03
8.348205566406250000e+02
1.003107727050781250e+03
8.286161499023437500e+02
6.051625976562500000e+02
6.999514160156250000e+02
6.444894409179687500e+02
5.792973022460937500e+02
5.466115112304687500e+02
5.649430541992187500e+02
6.905667724609375000e+02
5.799873657226562500e+02
5.938757934570312500e+02
5.844442138671875000e+02
6.721723022460937500e+02
7.442954101562500000e+02
9.220595703125000000e+02
6.487778930664062500e+02
6.854192504882812500e+02
7.618105468750000000e+02
8.795545654296875000e+02
7.639697265625000000e+02
7.013258056640625000e+02
7.208933105468750000e+02
8.538855590820312500e+02
7.452037353515625000e+02
6.866403198242187500e+02
6.639773559570312500e+02
8.859267578125000000e+02
7.996982421875000000e+02
6.746851196289062500e+02
5.699283447265625000e+02
5.684331665039062500e+02
5.872596435546875000e+02
7.844197998046875000e+02
7.235194091796875000e+02
7.827429199218750000e+02
6.249884033203125000e+02
5.835984497070312500e+02
5.319407958984375000e+02
5.196489257812500000e+02
5.127278442382812500e+02
5.040859680175781250e+02
5.051637573242187500e+02
5.100057067871093750e+02
5.095866088867187500e+02
5.090436096191406250e+02
5.405338134765625000e+02
6.216258544921875000e+02
7.299083862304687500e+02
9.809998168945312500e+02
5.949953002929687500e+02
4.936503601074218750e+02
5.302486572265625000e+02
7.258968505859375000e+02
1.102130615234375000e+03
5.230765991210937500e+02
6.385245971679687500e+02
1.402487182617187500e+03
5.168353271484375000e+02
1.653793457031250000e+03
7.629774169921875000e+02
2.700685302734375000e+03
2.874644531250000000e+03
5.960720214843750000e+02
3.181682617187500000e+03
3.657432861328125000e+03
1.619379028320312500e+03
3.005460937500000000e+03
4.316248046875000000e+03
2.836052734375000000e+03
1.356142211914062500e+03
2.396719238281250000e+03
9.363900756835937500e+02
3.113368408203125000e+03
3.898046630859375000e+03
1.973215942382812500e+03
2.491021240234375000e+03
3.825176513671875000e+03
2.470021972656250000e+03
1.580157104492187500e+03
2.914945556640625000e+03
1.624903808593750000e+03
2.009546752929687500e+03
2.611976074218750000e+03
8.251561279296875000e+02
2.833719970703125000e+03
3.269441650390625000e+03
1.140791748046875000e+03
3.091516845703125000e+03
4.224358398437500000e+03
2.750403076171875000e+03
1.265915283203125000e+03
2.603222167968750000e+03
1.301862792968750000e+03
2.244987548828125000e+03
2.789281738281250000e+03
9.201955566406250000e+02
2.976848388671875000e+03
3.725074218750000000e+03
1.802747924804687500e+03
2.562092529296875000e+03
3.877814697265625000e+03
2.585914794921875000e+03
1.248997070312500000e+03
2.559664306640625000e+03
1.291099731445312500e+03
2.114899902343750000e+03
2.555871582031250000e+03
7.974618530273437500e+02
2.343682128906250000e+03
2.258156738281250000e+03
7.305191650390625000e+02
2.125753662109375000e+03
1.157416625976562500e+03
2.242274902343750000e+03
2.687330810546875000e+03
1.025708129882812500e+03
2.703597656250000000e+03
3.029196289062500000e+03
9.526248779296875000e+02
3.110729248046875000e+03
4.036080566406250000e+03
2.327270263671875000e+03
1.878441284179687500e+03
3.075028076171875000e+03
1.804573120117187500e+03
1.967565429687500000e+03
2.797912597656250000e+03
1.147401855468750000e+03
2.473098876953125000e+03
3.050862304687500000e+03
1.164607788085937500e+03
3.066262939453125000e+03
4.205246093750000000e+03
2.690852539062500000e+03
1.215699951171875000e+03
2.751114501953125000e+03
1.769520629882812500e+03
1.750576660156250000e+03
2.569761474609375000e+03
1.027202880859375000e+03
2.272897705078125000e+03
2.514580566406250000e+03
8.671728515625000000e+02
2.020967529296875000e+03
1.629429931640625000e+03
1.235521484375000000e+03
1.307818115234375000e+03
1.415918090820312500e+03
1.687192138671875000e+03
7.477550659179687500e+02
1.920205932617187500e+03
1.179969604492187500e+03
1.901166992187500000e+03
2.216496093750000000e+03
8.605294189453125000e+02
2.221706787109375000e+03
1.802953491210937500e+03
1.321992675781250000e+03
1.944447509765625000e+03
8.852575683593750000e+02
2.160392089843750000e+03
1.912502807617187500e+03
1.031871704101562500e+03
1.483442993164062500e+03
7.191382446289062500e+02
1.100257202148437500e+03
1.064252685546875000e+03
9.897627563476562500e+02
1.141309570312500000e+03
5.685406494140625000e+02
1.068902709960937500e+03
5.514104003906250000e+02
1.006865600585937500e+03
9.795940551757812500e+02
6.068314819335937500e+02
1.460327514648437500e+03
5.983958129882812500e+02
2.074292968750000000e+03
1.586936645507812500e+03
1.600511352539062500e+03
1.840442016601562500e+03
7.699836425781250000e+02
1.122282958984375000e+03
9.520622558593750000e+02
5.178321533203125000e+02
8.903491821289062500e+02
8.357683105468750000e+02
6.190501708984375000e+02
5.029606628417968750e+02
5.755571899414062500e+02
9.097606811523437500e+02
6.241110229492187500e+02
5.836526489257812500e+02
5.322211303710937500e+02
5.142868652343750000e+02
5.045277404785156250e+02
4.948921508789062500e+02
4.987281188964843750e+02
4.941255493164062500e+02
4.935246887207031250e+02
5.216160278320312500e+02
5.554928588867187500e+02
7.260590209960937500e+02
8.398473510742187500e+02
6.985343017578125000e+02
5.621503295898437500e+02
5.933964233398437500e+02
6.912341308593750000e+02
9.956333007812500000e+02
6.162880859375000000e+02
5.592844238281250000e+02
5.300454101562500000e+02
5.513011474609375000e+02
6.055291748046875000e+02
8.991365966796875000e+02
7.171309204101562500e+02
6.700178833007812500e+02
5.847028808593750000e+02
6.073011474609375000e+02
6.221847534179687500e+02
8.234953002929687500e+02
6.519479980468750000e+02
6.878958740234375000e+02
5.699817504882812500e+02
5.804799804687500000e+02
5.459121704101562500e+02
5.412969360351562500e+02
5.248124389648437500e+02
5.303576049804687500e+02
5.542319946289062500e+02
6.468184814453125000e+02
6.814270629882812500e+02
8.714765014648437500e+02
6.206972656250000000e+02
5.840692138671875000e+02
5.361469726562500000e+02
5.513814697265625000e+02
5.736596679687500000e+02
7.510223999023437500e+02
7.532053833007812500e+02
7.842858276367187500e+02
6.105383911132812500e+02
6.084437255859375000e+02
5.917147827148437500e+02
7.112411499023437500e+02
6.982827148437500000e+02
8.418950805664062500e+02
6.268393554687500000e+02
6.222442626953125000e+02
5.871757812500000000e+02
6.960125732421875000e+02
6.745236206054687500e+02
8.495243530273437500e+02
6.051487426757812500e+02
5.555344238281250000e+02
5.041956481933593750e+02
4.895860290527343750e+02
5.084825439453125000e+02
5.512184448242187500e+02
7.373609008789062500e+02
7.297218017578125000e+02
8.227522583007812500e+02
6.061433105468750000e+02
5.572799682617187500e+02
5.155180664062500000e+02
5.086902465820312500e+02
5.112504577636718750e+02
5.523625488281250000e+02
6.698863525390625000e+02
1.018529846191406250e+03
5.766833496093750000e+02
4.917369384765625000e+02
5.521323852539062500e+02
7.680541381835937500e+02
1.012195922851562500e+03
5.148529663085937500e+02
5.539931030273437500e+02
1.168866455078125000e+03
5.417489624023437500e+02
5.375900878906250000e+02
9.574013061523437500e+02
6.631018676757812500e+02
6.413444213867187500e+02
5.721569213867187500e+02
6.107822875976562500e+02
6.053767700195312500e+02
7.745150146484375000e+02
6.221430053710937500e+02
7.320652465820312500e+02
5.892747192382812500e+02
6.312762451171875000e+02
6.197523193359375000e+02
7.568437500000000000e+02
6.468825073242187500e+02
7.609943847656250000e+02
5.884676513671875000e+02
6.413291015625000000e+02
6.330593872070312500e+02
8.301922607421875000e+02
6.717552490234375000e+02
7.343731689453125000e+02
6.003267211914062500e+02
6.620815429687500000e+02
6.307975463867187500e+02
8.287514648437500000e+02
6.596570434570312500e+02
7.199720458984375000e+02
6.122062988281250000e+02
6.778112182617187500e+02
6.312130737304687500e+02
7.776886596679687500e+02
6.420479125976562500e+02
7.193164672851562500e+02
6.257814331054687500e+02
7.153633422851562500e+02
6.418816528320312500e+02
7.376289672851562500e+02
6.267986450195312500e+02
6.864844360351562500e+02
6.260742797851562500e+02
7.319279174804687500e+02
6.385402221679687500e+02
7.166594848632812500e+02
6.230348510742187500e+02
6.899570312500000000e+02
6.272391967773437500e+02
7.382173461914062500e+02
6.377207031250000000e+02
7.016581420898437500e+02
6.277060546875000000e+02
7.336447143554687500e+02
6.364562377929687500e+02
7.079616699218750000e+02
6.410247802734375000e+02
7.491393432617187500e+02
6.430548095703125000e+02
7.067722167968750000e+02
6.232979736328125000e+02
6.938360595703125000e+02
6.504838256835937500e+02
7.587254028320312500e+02
6.387699584960937500e+02
7.179261474609375000e+02
6.273463745117187500e+02
6.915700073242187500e+02
6.332684936523437500e+02
7.029406738281250000e+02
6.430334472656250000e+02
7.541141357421875000e+02
6.387562255859375000e+02
6.985122680664062500e+02
6.161776733398437500e+02
6.959205932617187500e+02
6.334115600585937500e+02
7.608343505859375000e+02
6.531771850585937500e+02
7.300482177734375000e+02
6.234713134765625000e+02
6.859620971679687500e+02
6.306262207031250000e+02
7.452901611328125000e+02
6.445613403320312500e+02
7.269972534179687500e+02
6.267185668945312500e+02
7.172498168945312500e+02
6.258814697265625000e+02
7.282836303710937500e+02
6.354776000976562500e+02
7.246694946289062500e+02
6.326835937500000000e+02
7.111938476562500000e+02
6.476635742187500000e+02
7.457493286132812500e+02
6.326054687500000000e+02
7.087487182617187500e+02
6.284111938476562500e+02
7.390803222656250000e+02
6.409012451171875000e+02
7.301889038085937500e+02
6.348618774414062500e+02
7.264099121093750000e+02
6.288418579101562500e+02
7.009525146484375000e+02
6.175031127929687500e+02
6.864788208007812500e+02
6.447617797851562500e+02
7.879451293945312500e+02
6.404964599609375000e+02
7.196745605468750000e+02
6.192022094726562500e+02
6.717987670898437500e+02
6.333283691406250000e+02
7.633458251953125000e+02
6.401127319335937500e+02
7.118730468750000000e+02
6.148353271484375000e+02
7.100236816406250000e+02
6.377782592773437500e+02
7.451682128906250000e+02
6.287312622070312500e+02
6.740086669921875000e+02
6.246858520507812500e+02
7.469703369140625000e+02
6.516911621093750000e+02
7.558885498046875000e+02
6.204982299804687500e+02
6.557349853515625000e+02
6.078164062500000000e+02
7.010009155273437500e+02
6.583572998046875000e+02
8.268544921875000000e+02
6.278430175781250000e+02
6.366010131835937500e+02
5.974793090820312500e+02
6.657838134765625000e+02
6.500869140625000000e+02
8.396914062500000000e+02
6.492799682617187500e+02
6.682316894531250000e+02
6.009429321289062500e+02
6.695720214843750000e+02
6.445056152343750000e+02
8.220093383789062500e+02
6.459514160156250000e+02
6.627841796875000000e+02
6.030405883789062500e+02
6.781343383789062500e+02
6.491506347656250000e+02
8.065328979492187500e+02
6.453229370117187500e+02
7.233118896484375000e+02
6.282085571289062500e+02
7.075028076171875000e+02
6.361389160156250000e+02
7.370499877929687500e+02
6.384335937500000000e+02
7.305729370117187500e+02
6.193773803710937500e+02
7.035131835937500000e+02
6.386137084960937500e+02
7.581738891601562500e+02
6.442256469726562500e+02
7.255883178710937500e+02
6.186414184570312500e+02
6.627697143554687500e+02
6.185819702148437500e+02
7.325349121093750000e+02
6.629467163085937500e+02
7.858483886718750000e+02
6.324851684570312500e+02
6.470781860351562500e+02
5.987612304687500000e+02
6.695673828125000000e+02
6.429940185546875000e+02
8.240609741210937500e+02
6.510823364257812500e+02
7.047345581054687500e+02
6.209323120117187500e+02
6.925095825195312500e+02
6.417441406250000000e+02
7.681731567382812500e+02
6.499883422851562500e+02
7.438386840820312500e+02
6.210121459960937500e+02
6.984308471679687500e+02
6.256076660156250000e+02
7.228421630859375000e+02
6.374723510742187500e+02
7.420851440429687500e+02
6.444077758789062500e+02
7.327288208007812500e+02
6.298435058593750000e+02
6.992199707031250000e+02
6.159806518554687500e+02
6.797240600585937500e+02
6.150536499023437500e+02
7.209548950195312500e+02
6.484163818359375000e+02
7.720642700195312500e+02
6.380166625976562500e+02
6.961383056640625000e+02
6.253590087890625000e+02
7.321298217773437500e+02
6.422005615234375000e+02
7.364947509765625000e+02
6.456431884765625000e+02
7.464560546875000000e+02
6.361574707031250000e+02
7.178065185546875000e+02
6.330428466796875000e+02
7.181276855468750000e+02
6.247580566406250000e+02
6.935568237304687500e+02
6.426184692382812500e+02
7.553008422851562500e+02
6.411321411132812500e+02
7.063311767578125000e+02
6.221939697265625000e+02
6.860907592773437500e+02
6.401525268554687500e+02
7.425736694335937500e+02
6.461151123046875000e+02
7.346062622070312500e+02
6.251853027343750000e+02
6.817625732421875000e+02
6.351794433593750000e+02
7.530576782226562500e+02
6.606913452148437500e+02
7.696629028320312500e+02
6.239506225585937500e+02
6.585344238281250000e+02
6.098342285156250000e+02
6.990111694335937500e+02
6.666093139648437500e+02
8.262110595703125000e+02
6.245496826171875000e+02
6.384091796875000000e+02
5.880472412109375000e+02
6.540780639648437500e+02
6.363681640625000000e+02
8.264263916015625000e+02
6.656950683593750000e+02
6.976478271484375000e+02
6.005125122070312500e+02
6.698791503906250000e+02
6.235993041992187500e+02
7.610834960937500000e+02
6.666075439453125000e+02
7.856332397460937500e+02
6.240091552734375000e+02
6.505673828125000000e+02
6.077597656250000000e+02
7.208898925781250000e+02
6.585025634765625000e+02
8.125969238281250000e+02
6.390877685546875000e+02
6.873060913085937500e+02
6.031402587890625000e+02
6.593856811523437500e+02
6.229008789062500000e+02
7.742727661132812500e+02
6.719151000976562500e+02
7.576463012695312500e+02
5.965429077148437500e+02
6.082423095703125000e+02
5.828626708984375000e+02
6.563019409179687500e+02
6.439465942382812500e+02
8.524230957031250000e+02
6.446288452148437500e+02
6.941176757812500000e+02
6.255919799804687500e+02
7.188201293945312500e+02
6.579337158203125000e+02
7.816602172851562500e+02
6.407106323242187500e+02
7.045823974609375000e+02
6.226883544921875000e+02
7.568877563476562500e+02
6.536757812500000000e+02
7.535728149414062500e+02
6.412898559570312500e+02
7.046608886718750000e+02
6.139505615234375000e+02
6.935538330078125000e+02
6.380075073242187500e+02
7.787089843750000000e+02
6.567306518554687500e+02
7.531828002929687500e+02
6.179704589843750000e+02
6.643359375000000000e+02
6.189175415039062500e+02
7.166036376953125000e+02
6.572044067382812500e+02
7.877952270507812500e+02
6.309415893554687500e+02
6.828683471679687500e+02
6.237278442382812500e+02
7.545187377929687500e+02
6.489696655273437500e+02
7.521485595703125000e+02
6.419401855468750000e+02
7.561578979492187500e+02
6.221732788085937500e+02
6.749072875976562500e+02
6.102402954101562500e+02
7.040440063476562500e+02
6.561619262695312500e+02
8.195070800781250000e+02
6.261516723632812500e+02
6.410249633789062500e+02
5.906704101562500000e+02
6.550303955078125000e+02
6.384232788085937500e+02
8.345303344726562500e+02
6.463052978515625000e+02
6.886813964843750000e+02
6.142030029296875000e+02
7.325789184570312500e+02
6.597618408203125000e+02
8.004583129882812500e+02
6.359364624023437500e+02
6.549058837890625000e+02
5.977008056640625000e+02
6.646329956054687500e+02
6.537972412109375000e+02
8.758853149414062500e+02
6.143233032226562500e+02
6.170677490234375000e+02
5.584353637695312500e+02
5.717578125000000000e+02
5.636330566406250000e+02
6.297898559570312500e+02
6.839320068359375000e+02
9.526483764648437500e+02
5.900397338867187500e+02
5.056878662109375000e+02
4.852994079589843750e+02
4.783038330078125000e+02
5.054273986816406250e+02
5.600463867187500000e+02
8.331192626953125000e+02
7.743155517578125000e+02
7.312123413085937500e+02
5.976938476562500000e+02
6.895900268554687500e+02
7.083172607421875000e+02
9.134095458984375000e+02
6.096044921875000000e+02
5.929075317382812500e+02
5.845078125000000000e+02
7.473127441406250000e+02
7.436956787109375000e+02
8.436496582031250000e+02
5.790661010742187500e+02
5.746760253906250000e+02
5.605603027343750000e+02
6.804544677734375000e+02
7.093902587890625000e+02
9.167302246093750000e+02
5.967999877929687500e+02
5.486007080078125000e+02
5.202329711914062500e+02
5.520512695312500000e+02
6.133082885742187500e+02
9.357418823242187500e+02
6.558872680664062500e+02
6.531114501953125000e+02
5.996148071289062500e+02
7.191228027343750000e+02
6.742888183593750000e+02
8.687014160156250000e+02
6.220576782226562500e+02
6.630281982421875000e+02
6.294840087890625000e+02
8.502854003906250000e+02
6.565257568359375000e+02
7.281885986328125000e+02
6.188935546875000000e+02
7.186105957031250000e+02
6.500434570312500000e+02
8.105260620117187500e+02
6.375432128906250000e+02
6.995670776367187500e+02
6.063135986328125000e+02
6.874159545898437500e+02
6.418214111328125000e+02
8.114781494140625000e+02
6.452072753906250000e+02
7.097391357421875000e+02
6.265148925781250000e+02
7.637694091796875000e+02
6.482557983398437500e+02
7.788582153320312500e+02
6.440496826171875000e+02
7.399411621093750000e+02
6.310616455078125000e+02
7.497341308593750000e+02
6.302301635742187500e+02
7.055236816406250000e+02
6.480778198242187500e+02
8.044083862304687500e+02
6.402747192382812500e+02
7.006931762695312500e+02
6.171713867187500000e+02
7.200812377929687500e+02
6.472480468750000000e+02
8.018356323242187500e+02
6.430666503906250000e+02
7.244310913085937500e+02
6.235656738281250000e+02
7.424794311523437500e+02
6.450516357421875000e+02
7.666008300781250000e+02
6.399306030273437500e+02
7.356351318359375000e+02
6.197885131835937500e+02
6.983082885742187500e+02
6.362239379882812500e+02
7.684203491210937500e+02
6.541439208984375000e+02
7.734481811523437500e+02
6.234213867187500000e+02
7.016744384765625000e+02
6.134779663085937500e+02
6.963328857421875000e+02
6.475160522460937500e+02
8.235672607421875000e+02
6.334974365234375000e+02
6.828297729492187500e+02
6.222019653320312500e+02
7.800910644531250000e+02
6.682927856445312500e+02
7.776015014648437500e+02
6.163133544921875000e+02
6.575070190429687500e+02
5.986320190429687500e+02
7.372883300781250000e+02
6.628408203125000000e+02
8.144518432617187500e+02
6.272423095703125000e+02
6.669300537109375000e+02
6.116223144531250000e+02
7.211450195312500000e+02
6.674213867187500000e+02
8.329201660156250000e+02
6.223428955078125000e+02
6.358056030273437500e+02
5.940148315429687500e+02
7.080911865234375000e+02
6.847443847656250000e+02
8.638611450195312500e+02
6.311735229492187500e+02
6.509652709960937500e+02
6.093259887695312500e+02
7.261530151367187500e+02
6.678888549804687500e+02
8.328056030273437500e+02
6.443718261718750000e+02
7.062022705078125000e+02
6.141288452148437500e+02
7.395355834960937500e+02
6.346655273437500000e+02
7.516302490234375000e+02
6.423091430664062500e+02
7.584869384765625000e+02
6.305759887695312500e+02
7.181610717773437500e+02
6.186434326171875000e+02
7.282921752929687500e+02
6.489925537109375000e+02
7.511386718750000000e+02
6.463555297851562500e+02
7.263730468750000000e+02
6.365441894531250000e+02
7.517087402343750000e+02
6.444139404296875000e+02
7.538405761718750000e+02
6.382590942382812500e+02
7.358579101562500000e+02
6.415426025390625000e+02
7.548184814453125000e+02
6.218093261718750000e+02
6.887620849609375000e+02
6.294720458984375000e+02
7.756951293945312500e+02
6.562694702148437500e+02
7.663923950195312500e+02
6.010036621093750000e+02
5.857113037109375000e+02
5.572259521484375000e+02
5.743055419921875000e+02
5.747172851562500000e+02
7.086268920898437500e+02
7.244664306640625000e+02
8.873209838867187500e+02
5.978964233398437500e+02
5.399531860351562500e+02
5.047304077148437500e+02
4.918624572753906250e+02
4.919763183593750000e+02
4.982565917968750000e+02
5.487710571289062500e+02
8.205333862304687500e+02
8.344489746093750000e+02
6.911242065429687500e+02
5.396145629882812500e+02
5.100994873046875000e+02
4.940559997558593750e+02
5.280587768554687500e+02
6.421933593750000000e+02
1.024175048828125000e+03
6.253592529296875000e+02
5.731721191406250000e+02
5.741022949218750000e+02
7.694152221679687500e+02
8.005932617187500000e+02
7.579489135742187500e+02
5.677628173828125000e+02
5.939490356445312500e+02
6.280578613281250000e+02
9.793259887695312500e+02
6.441326904296875000e+02
6.079869384765625000e+02
5.810982666015625000e+02
8.139071044921875000e+02
7.086336059570312500e+02
8.116979980468750000e+02
5.987674560546875000e+02
5.904878540039062500e+02
5.606358642578125000e+02
6.836113891601562500e+02
7.059869384765625000e+02
8.758255615234375000e+02
5.869860229492187500e+02
5.586010131835937500e+02
5.472670898437500000e+02
6.589407958984375000e+02
7.118070678710937500e+02
9.888733520507812500e+02
5.661610107421875000e+02
4.758390808105468750e+02
4.816841125488281250e+02
5.760046386718750000e+02
1.030984863281250000e+03
6.306156005859375000e+02
5.781701049804687500e+02
5.518053588867187500e+02
6.181595458984375000e+02
6.606600952148437500e+02
1.018761352539062500e+03
5.627064819335937500e+02
5.077038269042968750e+02
4.933314208984375000e+02
5.012965087890625000e+02
5.215568847656250000e+02
6.549612426757812500e+02
8.011816406250000000e+02
8.913061523437500000e+02
5.716100463867187500e+02
5.530384521484375000e+02
5.785554809570312500e+02
9.216596679687500000e+02
7.507005004882812500e+02
7.094705810546875000e+02
5.947265625000000000e+02
7.387014160156250000e+02
7.224083251953125000e+02
8.987953491210937500e+02
5.803447265625000000e+02
5.279274291992187500e+02
5.151589965820312500e+02
5.724027099609375000e+02
6.879689941406250000e+02
1.055311767578125000e+03
5.469353027343750000e+02
4.758572387695312500e+02
5.362742309570312500e+02
7.624907226562500000e+02
1.157551025390625000e+03
4.792840881347656250e+02
9.721884765625000000e+02
1.112735961914062500e+03
5.276514282226562500e+02
1.627910034179687500e+03
6.574049682617187500e+02
2.722959472656250000e+03
2.812053955078125000e+03
4.833084106445312500e+02
2.735216064453125000e+03
2.609622070312500000e+03
5.210433959960937500e+02
1.776384643554687500e+03
5.737475585937500000e+02
2.325244873046875000e+03
2.100080322265625000e+03
8.791857299804687500e+02
1.039333862304687500e+03
1.517831298828125000e+03
1.112489868164062500e+03
1.967854614257812500e+03
1.869393310546875000e+03
1.084047119140625000e+03
1.318560546875000000e+03
1.060498535156250000e+03
8.847173461914062500e+02
1.572242309570312500e+03
1.159174682617187500e+03
1.826242309570312500e+03
1.935710815429687500e+03
8.012728881835937500e+02
1.737305541992187500e+03
5.680610961914062500e+02
1.368474609375000000e+03
8.448923950195312500e+02
1.783302612304687500e+03
1.185136596679687500e+03
2.114906005859375000e+03
2.239036865234375000e+03
9.116599731445312500e+02
2.323497558593750000e+03
1.485363647460937500e+03
1.996967651367187500e+03
2.281128662109375000e+03
7.419420166015625000e+02
2.618514404296875000e+03
2.153048583984375000e+03
1.088289184570312500e+03
1.705482177734375000e+03
6.626801757812500000e+02
1.152154296875000000e+03
1.033755371093750000e+03
6.351635131835937500e+02
1.505243652343750000e+03
6.373538818359375000e+02
2.300872558593750000e+03
2.084178955078125000e+03
9.830476684570312500e+02
1.304854003906250000e+03
1.107278930664062500e+03
9.937048950195312500e+02
1.372987548828125000e+03
9.229754638671875000e+02
1.631147949218750000e+03
1.329778076171875000e+03
1.365349853515625000e+03
1.038067993164062500e+03
1.940912597656250000e+03
1.870217773437500000e+03
8.642902221679687500e+02
1.346522583007812500e+03
8.346829833984375000e+02
7.471847534179687500e+02
1.226335571289062500e+03
9.274429321289062500e+02
8.782362670898437500e+02
5.143803100585937500e+02
7.971368408203125000e+02
1.188268676757812500e+03
8.926821289062500000e+02
1.330095458984375000e+03
5.326946411132812500e+02
1.194329101562500000e+03
7.102181396484375000e+02
1.078892822265625000e+03
1.075411499023437500e+03
5.471456298828125000e+02
1.668089965820312500e+03
7.664817504882812500e+02
2.544844970703125000e+03
2.594928222656250000e+03
4.988923645019531250e+02
2.150074707031250000e+03
1.363872192382812500e+03
2.105468994140625000e+03
2.364092041015625000e+03
5.084807434082031250e+02
1.959000854492187500e+03
1.006044555664062500e+03
2.595195068359375000e+03
2.972745849609375000e+03
8.427437133789062500e+02
3.222328613281250000e+03
3.970154541015625000e+03
2.101332763671875000e+03
2.325242919921875000e+03
3.516716552734375000e+03
1.919508422851562500e+03
2.288008056640625000e+03
3.376571533203125000e+03
1.923515991210937500e+03
2.091855712890625000e+03
2.936199218750000000e+03
1.113513183593750000e+03
2.956007080078125000e+03
3.903247314453125000e+03
2.239769531250000000e+03
1.943388183593750000e+03
2.999888916015625000e+03
1.421961425781250000e+03
2.292266113281250000e+03
2.888160644531250000e+03
9.127269287109375000e+02
3.446357910156250000e+03
4.611225585937500000e+03
3.048028564453125000e+03
1.102002197265625000e+03
2.183822753906250000e+03
7.973016357421875000e+02
2.493823730468750000e+03
2.668911621093750000e+03
7.396434326171875000e+02
2.906851318359375000e+03
3.107945556640625000e+03
8.717060546875000000e+02
3.323443359375000000e+03
4.371081054687500000e+03
2.709757324218750000e+03
1.491270996093750000e+03
2.628128417968750000e+03
1.231818359375000000e+03
2.664014892578125000e+03
3.466768310546875000e+03
1.648808959960937500e+03
2.430748046875000000e+03
3.482347900390625000e+03
1.959494262695312500e+03
2.020856811523437500e+03
2.965259033203125000e+03
1.335803588867187500e+03
2.301519531250000000e+03
2.932422363281250000e+03
1.103943969726562500e+03
2.825292236328125000e+03
3.669305664062500000e+03
1.895502319335937500e+03
2.253022216796875000e+03
3.426423339843750000e+03
2.035725830078125000e+03
1.806708496093750000e+03
2.737270751953125000e+03
1.220030517578125000e+03
2.170786376953125000e+03
2.515780029296875000e+03
7.964662475585937500e+02
1.952380981445312500e+03
1.525690307617187500e+03
1.156415405273437500e+03
1.231071899414062500e+03
1.267837280273437500e+03
1.468820678710937500e+03
7.811417236328125000e+02
1.417559692382812500e+03
7.846488037109375000e+02
1.104868408203125000e+03
6.708272705078125000e+02
1.147663452148437500e+03
8.836886596679687500e+02
8.845810546875000000e+02
9.776074218750000000e+02
6.060150146484375000e+02
6.812507934570312500e+02
7.793255615234375000e+02
7.962730712890625000e+02
4.961156616210937500e+02
9.485465087890625000e+02
1.012024047851562500e+03
4.826896667480468750e+02
1.308164184570312500e+03
4.913387756347656250e+02
7.921382446289062500e+02
1.287937622070312500e+03
5.581216430664062500e+02
2.230274414062500000e+03
1.732427490234375000e+03
1.596491821289062500e+03
1.876772460937500000e+03
6.708846435546875000e+02
9.137465820312500000e+02
1.372917114257812500e+03
8.243645019531250000e+02
2.300106689453125000e+03
2.232617919921875000e+03
7.479210205078125000e+02
8.832705078125000000e+02
1.592011596679687500e+03
9.638330688476562500e+02
2.086031250000000000e+03
2.180146728515625000e+03
6.467321166992187500e+02
1.297272949218750000e+03
6.744266357421875000e+02
4.964762573242187500e+02
5.654205932617187500e+02
7.096494750976562500e+02
1.018299255371093750e+03
4.936991882324218750e+02
1.076486694335937500e+03
7.994806518554687500e+02
5.642796630859375000e+02
1.361507690429687500e+03
5.713922729492187500e+02
1.482609619140625000e+03
5.238468627929687500e+02
1.875334960937500000e+03
1.242131958007812500e+03
1.943963989257812500e+03
2.045662963867187500e+03
8.161380004882812500e+02
1.070266113281250000e+03
1.025463134765625000e+03
6.183580322265625000e+02
1.657489501953125000e+03
1.065217773437500000e+03
2.068115966796875000e+03
2.084511230468750000e+03
8.736142578125000000e+02
1.793972290039062500e+03
5.434468994140625000e+02
2.014057495117187500e+03
1.518305786132812500e+03
1.328825439453125000e+03
1.465234863281250000e+03
9.980878906250000000e+02
9.810908203125000000e+02
1.210652587890625000e+03
9.125363769531250000e+02
1.059249023437500000e+03
6.719833984375000000e+02
1.149341674804687500e+03
8.651845092773437500e+02
1.006748962402343750e+03
8.007864379882812500e+02
6.727531738281250000e+02
6.745426025390625000e+02
8.395889282226562500e+02
7.103995971679687500e+02
5.161207275390625000e+02
6.618228149414062500e+02
1.030653564453125000e+03
6.733102416992187500e+02
1.397255126953125000e+03
4.916360778808593750e+02
1.362859008789062500e+03
6.118257446289062500e+02
1.308492187500000000e+03
5.300311279296875000e+02
6.906574707031250000e+02
1.157431640625000000e+03
4.750256958007812500e+02
1.131961425781250000e+03
7.604179687500000000e+02
5.297653808593750000e+02
4.735134887695312500e+02
5.838048095703125000e+02
1.084793701171875000e+03
5.700988159179687500e+02
4.841882324218750000e+02
4.657414245605468750e+02
5.081439208984375000e+02
5.699453125000000000e+02
6.826621704101562500e+02
9.716688232421875000e+02
5.453392944335937500e+02
4.890176696777343750e+02
4.776040649414062500e+02
4.847043151855468750e+02
5.018826904296875000e+02
5.205092163085937500e+02
5.919644775390625000e+02
9.420364990234375000e+02
5.943033447265625000e+02
5.741921997070312500e+02
5.954567260742187500e+02
9.287609863281250000e+02
6.408524169921875000e+02
6.161539306640625000e+02
5.699788208007812500e+02
7.420041503906250000e+02
6.385620727539062500e+02
7.984141845703125000e+02
6.003735351562500000e+02
6.445813598632812500e+02
6.372305908203125000e+02
8.672899780273437500e+02
5.873031616210937500e+02
5.672551879882812500e+02
5.615285034179687500e+02
7.669256591796875000e+02
6.583704223632812500e+02
7.524268188476562500e+02
6.028110351562500000e+02
6.650972290039062500e+02
6.242250366210937500e+02
8.192336425781250000e+02
5.902601928710937500e+02
5.887230224609375000e+02
5.690192871093750000e+02
7.003220214843750000e+02
6.908807983398437500e+02
8.371193237304687500e+02
5.827329101562500000e+02
5.778180541992187500e+02
5.525412597656250000e+02
7.045770874023437500e+02
7.118127441406250000e+02
8.695211791992187500e+02
5.806949462890625000e+02
5.101459960937500000e+02
4.795290222167968750e+02
4.746487121582031250e+02
4.909196166992187500e+02
5.398530883789062500e+02
6.592292480468750000e+02
1.082466186523437500e+03
5.103690795898437500e+02
5.820790405273437500e+02
1.356990112304687500e+03
5.133312377929687500e+02
1.800614135742187500e+03
1.002583251953125000e+03
2.395934814453125000e+03
2.613925048828125000e+03
4.887059020996093750e+02
2.694174072265625000e+03
2.641184814453125000e+03
4.696661682128906250e+02
2.281659912109375000e+03
1.643714355468750000e+03
1.722251953125000000e+03
2.082798095703125000e+03
5.389453125000000000e+02
1.286628784179687500e+03
5.787894287109375000e+02
4.849767456054687500e+02
6.741738891601562500e+02
7.578036499023437500e+02
8.330180664062500000e+02
4.994537963867187500e+02
5.341215209960937500e+02
9.673395996093750000e+02
5.382371826171875000e+02
4.911851196289062500e+02
6.489262695312500000e+02
7.831655883789062500e+02
8.624977416992187500e+02
5.711917724609375000e+02
4.707911987304687500e+02
5.433608398437500000e+02
8.473615722656250000e+02
8.693587646484375000e+02
5.365578613281250000e+02
6.092548217773437500e+02
1.099305419921875000e+03
5.584498291015625000e+02
4.946626892089843750e+02
7.121716308593750000e+02
9.031106567382812500e+02
6.088390502929687500e+02
4.855784912109375000e+02
4.679343261718750000e+02
4.882541198730468750e+02
5.682546997070312500e+02
1.018356384277343750e+03
6.213082275390625000e+02
5.643424682617187500e+02
5.926900634765625000e+02
8.913449707031250000e+02
7.519292602539062500e+02
6.928796386718750000e+02
6.033444213867187500e+02
7.701047363281250000e+02
6.451674194335937500e+02
8.034065551757812500e+02
6.165404663085937500e+02
6.624276123046875000e+02
6.194402465820312500e+02
8.071245117187500000e+02
6.100803222656250000e+02
7.178287353515625000e+02
5.753516235351562500e+02
6.923746337890625000e+02
6.573090209960937500e+02
8.676275634765625000e+02
5.998380126953125000e+02
5.838431396484375000e+02
5.696720581054687500e+02
7.732694702148437500e+02
6.292765502929687500e+02
7.331011352539062500e+02
6.304136352539062500e+02
7.758063354492187500e+02
6.258790893554687500e+02
7.252794799804687500e+02
6.113997192382812500e+02
6.847780151367187500e+02
6.396643066406250000e+02
8.537446289062500000e+02
6.146628417968750000e+02
6.602691040039062500e+02
6.272874755859375000e+02
8.569871826171875000e+02
5.894360961914062500e+02
5.841832885742187500e+02
5.484649047851562500e+02
6.331953125000000000e+02
6.792365722656250000e+02
9.524732666015625000e+02
5.499508056640625000e+02
4.854468994140625000e+02
4.661128845214843750e+02
4.646459960937500000e+02
4.917492370605468750e+02
5.833302001953125000e+02
1.011369018554687500e+03
6.136382446289062500e+02
5.755014648437500000e+02
5.407156372070312500e+02
6.919937133789062500e+02
7.716976318359375000e+02
8.305364379882812500e+02
5.767168579101562500e+02
5.709245605468750000e+02
6.065447387695312500e+02
9.861532592773437500e+02
5.885941772460937500e+02
5.014182434082031250e+02
4.650993652343750000e+02
4.633826293945312500e+02
4.659343566894531250e+02
4.678401184082031250e+02
4.765081176757812500e+02
5.352415161132812500e+02
7.118172607421875000e+02
1.093346313476562500e+03
4.947576599121093750e+02
6.512589721679687500e+02
1.516526489257812500e+03
6.818397216796875000e+02
2.200497314453125000e+03
2.035679321289062500e+03
8.345032958984375000e+02
9.828521728515625000e+02
1.545665527343750000e+03
1.152976196289062500e+03
1.897469604492187500e+03
1.805276367187500000e+03
1.115774536132812500e+03
1.139658691406250000e+03
1.414688476562500000e+03
1.156076538085937500e+03
1.461381469726562500e+03
1.142663574218750000e+03
1.831591308593750000e+03
1.720392700195312500e+03
1.205328979492187500e+03
1.201598754882812500e+03
1.448822509765625000e+03
1.073538085937500000e+03
1.700797607421875000e+03
1.554520874023437500e+03
1.244631835937500000e+03
1.256482421875000000e+03
1.271037963867187500e+03
9.382894287109375000e+02
1.999033813476562500e+03
1.865709472656250000e+03
1.002550598144531250e+03
9.677098999023437500e+02
1.679656982421875000e+03
1.454668334960937500e+03
1.139772949218750000e+03
8.595141601562500000e+02
1.908456176757812500e+03
1.710046264648437500e+03
1.102317993164062500e+03
1.026592773437500000e+03
1.645224487304687500e+03
1.558968627929687500e+03
1.006079895019531250e+03
7.837625122070312500e+02
1.476989990234375000e+03
1.032319702148437500e+03
1.467843139648437500e+03
1.067150390625000000e+03
1.851270141601562500e+03
1.795087524414062500e+03
9.437573852539062500e+02
1.044912841796875000e+03
1.424371337890625000e+03
1.259285522460937500e+03
1.157909545898437500e+03
7.719116821289062500e+02
1.491572265625000000e+03
1.025984619140625000e+03
1.489380493164062500e+03
1.103785034179687500e+03
1.839211425781250000e+03
1.794184448242187500e+03
9.495468139648437500e+02
9.324790039062500000e+02
1.598413452148437500e+03
1.448306030273437500e+03
1.066861450195312500e+03
7.654371337890625000e+02
1.536393432617187500e+03
1.067298461914062500e+03
1.492605346679687500e+03
1.187288452148437500e+03
1.679415527343750000e+03
1.613140136718750000e+03
1.102077392578125000e+03
9.966512451171875000e+02
1.603089599609375000e+03
1.358238769531250000e+03
1.214616943359375000e+03
9.432797241210937500e+02
1.823284790039062500e+03
1.663897460937500000e+03
1.023221740722656250e+03
8.991397705078125000e+02
1.661620605468750000e+03
1.505888427734375000e+03
1.033651123046875000e+03
8.130621337890625000e+02
1.469118286132812500e+03
1.064741333007812500e+03
1.388618896484375000e+03
9.911480102539062500e+02
1.813171997070312500e+03
1.689248168945312500e+03
1.080311767578125000e+03
1.039698608398437500e+03
1.545018432617187500e+03
1.436217041015625000e+03
1.028556640625000000e+03
7.580007324218750000e+02
1.381666748046875000e+03
9.857538452148437500e+02
1.371654418945312500e+03
9.062001342773437500e+02
1.766275634765625000e+03
1.502622192382812500e+03
1.305198486328125000e+03
1.286811523437500000e+03
1.311689453125000000e+03
1.331361816406250000e+03
1.015803161621093750e+03
6.727749023437500000e+02
1.245370605468750000e+03
7.724581298828125000e+02
1.517895996093750000e+03
8.721945800781250000e+02
2.074759033203125000e+03
2.026131958007812500e+03
7.525405883789062500e+02
1.095869750976562500e+03
1.183869873046875000e+03
1.033005371093750000e+03
1.247687133789062500e+03
7.247145996093750000e+02
1.842939453125000000e+03
1.422465454101562500e+03
1.573045776367187500e+03
1.703724121093750000e+03
8.464552612304687500e+02
1.155117431640625000e+03
9.142761840820312500e+02
5.390071411132812500e+02
7.854665527343750000e+02
5.771215209960937500e+02
5.144658813476562500e+02
5.496083374023437500e+02
6.380710449218750000e+02
9.687194213867187500e+02
4.830195922851562500e+02
8.774675903320312500e+02
1.152733398437500000e+03
5.294227905273437500e+02
1.693751342773437500e+03
9.233421630859375000e+02
2.387566894531250000e+03
2.589521972656250000e+03
4.731951293945312500e+02
2.561325439453125000e+03
2.411923828125000000e+03
5.213339233398437500e+02
1.608989257812500000e+03
4.657460327148437500e+02
1.702528686523437500e+03
8.479995727539062500e+02
2.494902343750000000e+03
2.714616210937500000e+03
5.682416992187500000e+02
3.117122314453125000e+03
3.620900878906250000e+03
1.668621459960937500e+03
2.756063232421875000e+03
4.022724609375000000e+03
2.601844482421875000e+03
1.424760864257812500e+03
2.427201416015625000e+03
1.018168334960937500e+03
2.897893066406250000e+03
3.683116943359375000e+03
1.849415527343750000e+03
2.452158691406250000e+03
3.723136230468750000e+03
2.430464111328125000e+03
1.399200683593750000e+03
2.601422607421875000e+03
1.254278930664062500e+03
2.258041503906250000e+03
2.836260009765625000e+03
1.028657348632812500e+03
3.177197021484375000e+03
4.271573242187500000e+03
2.767669921875000000e+03
1.276074462890625000e+03
2.365284179687500000e+03
1.104062377929687500e+03
2.478660888671875000e+03
3.026891601562500000e+03
1.097178100585937500e+03
2.758576660156250000e+03
3.656058593750000000e+03
2.055588867187500000e+03
1.918245117187500000e+03
3.008546386718750000e+03
1.561574462890625000e+03
1.973402954101562500e+03
2.590579101562500000e+03
8.241589965820312500e+02
2.663721191406250000e+03
3.182721191406250000e+03
1.241999267578125000e+03
2.586758544921875000e+03
3.494624511718750000e+03
1.956523193359375000e+03
1.950936523437500000e+03
2.943381591796875000e+03
1.429326171875000000e+03
2.242363281250000000e+03
3.035385253906250000e+03
1.400498291015625000e+03
2.570587402343750000e+03
3.610885742187500000e+03
2.092611328125000000e+03
1.666961669921875000e+03
2.549477050781250000e+03
1.005979736328125000e+03
2.330023925781250000e+03
2.808307373046875000e+03
1.080545288085937500e+03
2.456533203125000000e+03
2.911913085937500000e+03
1.074571899414062500e+03
2.593649414062500000e+03
3.314520019531250000e+03
1.654485351562500000e+03
2.117349609375000000e+03
2.975190673828125000e+03
1.431057617187500000e+03
2.450700927734375000e+03
3.408815673828125000e+03
1.881735595703125000e+03
1.748263183593750000e+03
2.507507568359375000e+03
9.215169067382812500e+02
2.150044677734375000e+03
2.373697021484375000e+03
7.968521728515625000e+02
2.490504394531250000e+03
2.437682861328125000e+03
7.665062255859375000e+02
1.924087036132812500e+03
1.308950561523437500e+03
1.403135864257812500e+03
1.344826171875000000e+03
1.266415161132812500e+03
1.553038696289062500e+03
6.669938964843750000e+02
1.625055786132812500e+03
6.640793457031250000e+02
1.442564331054687500e+03
8.349098510742187500e+02
1.579112670898437500e+03
1.102816650390625000e+03
1.840938354492187500e+03
1.885085815429687500e+03
7.274564208984375000e+02
9.827145996093750000e+02
1.239154907226562500e+03
1.006636596679687500e+03
1.329577026367187500e+03
9.374921264648437500e+02
1.847088256835937500e+03
1.727279296875000000e+03
1.000381469726562500e+03
1.031714111328125000e+03
1.386880615234375000e+03
1.058923339843750000e+03
1.424232299804687500e+03
1.141791992187500000e+03
1.593633666992187500e+03
1.632908203125000000e+03
7.905374145507812500e+02
8.027274169921875000e+02
1.453682006835937500e+03
1.024335937500000000e+03
1.529842651367187500e+03
1.332207275390625000e+03
1.353881225585937500e+03
1.355010498046875000e+03
1.094606201171875000e+03
8.320444946289062500e+02
1.695555175781250000e+03
1.581599121093750000e+03
8.322440795898437500e+02
8.223479614257812500e+02
1.407658447265625000e+03
1.069865600585937500e+03
1.346139282226562500e+03
1.049479370117187500e+03
1.585787475585937500e+03
1.503814697265625000e+03
1.022254577636718750e+03
9.073272705078125000e+02
1.540404296875000000e+03
1.429642333984375000e+03
9.074525146484375000e+02
6.748513183593750000e+02
1.124416625976562500e+03
7.719752197265625000e+02
1.287382934570312500e+03
7.165942993164062500e+02
1.195828491210937500e+03
6.597258911132812500e+02
1.514856323242187500e+03
7.742636718750000000e+02
2.165521728515625000e+03
2.177382324218750000e+03
6.422768554687500000e+02
1.965723632812500000e+03
1.034570434570312500e+03
2.340417480468750000e+03
2.749484130859375000e+03
7.734603881835937500e+02
2.924898925781250000e+03
3.665339843750000000e+03
2.001401000976562500e+03
2.019999633789062500e+03
3.068576904296875000e+03
1.561851806640625000e+03
2.279397216796875000e+03
3.240394287109375000e+03
1.806117675781250000e+03
2.000692016601562500e+03
2.871327880859375000e+03
1.235965087890625000e+03
2.504299560546875000e+03
3.374968750000000000e+03
1.826901123046875000e+03
2.063054931640625000e+03
3.039411376953125000e+03
1.491744873046875000e+03
2.234501220703125000e+03
3.107177001953125000e+03
1.587354614257812500e+03
2.260765625000000000e+03
3.204660888671875000e+03
1.642937622070312500e+03
2.201126220703125000e+03
3.212550048828125000e+03
1.818791625976562500e+03
1.892595092773437500e+03
2.757543457031250000e+03
1.221326538085937500e+03
2.150330566406250000e+03
2.679448242187500000e+03
9.421706542968750000e+02
2.551739257812500000e+03
3.164158691406250000e+03
1.367192138671875000e+03
2.324306640625000000e+03
3.193801269531250000e+03
1.689318847656250000e+03
2.108292236328125000e+03
3.074410888671875000e+03
1.574682617187500000e+03
1.951102783203125000e+03
2.698300537109375000e+03
1.106306518554687500e+03
2.529847412109375000e+03
3.312299316406250000e+03
1.664274658203125000e+03
2.045622802734375000e+03
2.968500732421875000e+03
1.527266357421875000e+03
2.192525390625000000e+03
3.104614257812500000e+03
1.601964599609375000e+03
1.895474975585937500e+03
2.618774902343750000e+03
1.058038940429687500e+03
2.264029541015625000e+03
2.774963134765625000e+03
1.137132324218750000e+03
2.213034179687500000e+03
2.622319580078125000e+03
8.927971801757812500e+02
2.213653076171875000e+03
2.417231445312500000e+03
8.383948364257812500e+02
2.450731445312500000e+03
2.514272216796875000e+03
7.360255737304687500e+02
1.860607177734375000e+03
1.425410278320312500e+03
1.103743652343750000e+03
1.104897705078125000e+03
1.251587768554687500e+03
1.333004638671875000e+03
8.005355834960937500e+02
9.529509887695312500e+02
1.176788452148437500e+03
1.110358886718750000e+03
9.271284179687500000e+02
6.275763549804687500e+02
9.481594848632812500e+02
5.970383300781250000e+02
1.246839843750000000e+03
5.294746093750000000e+02
8.557940063476562500e+02
5.706652221679687500e+02
4.913207397460937500e+02
6.040290527343750000e+02
6.721542358398437500e+02
8.055369262695312500e+02
5.185265502929687500e+02
4.695646972656250000e+02
5.886390380859375000e+02
7.737091674804687500e+02
7.051500854492187500e+02
5.619810791015625000e+02
5.988636474609375000e+02
6.076338500976562500e+02
8.099274291992187500e+02
7.661030883789062500e+02
5.717692871093750000e+02
4.819447937011718750e+02
4.610285339355468750e+02
4.847249145507812500e+02
5.497005615234375000e+02
8.064799804687500000e+02
7.353560180664062500e+02
5.923461303710937500e+02
4.827942810058593750e+02
4.717020263671875000e+02
5.468466796875000000e+02
6.695963134765625000e+02
8.750848999023437500e+02
5.178449707031250000e+02
4.865089111328125000e+02
6.717113037109375000e+02
6.927006225585937500e+02
7.386098022460937500e+02
5.077493286132812500e+02
4.983649597167968750e+02
6.840124511718750000e+02
6.500404052734375000e+02
6.926148681640625000e+02
5.191222534179687500e+02
4.740490417480468750e+02
4.884583740234375000e+02
5.685675659179687500e+02
8.936901855468750000e+02
5.225830688476562500e+02
4.656269836425781250e+02
6.152898559570312500e+02
7.793503417968750000e+02
7.542644042968750000e+02
5.039945678710937500e+02
4.568561706542968750e+02
5.189538574218750000e+02
6.682518920898437500e+02
9.498198242187500000e+02
5.073283386230468750e+02
5.411820068359375000e+02
1.050150268554687500e+03
5.224550170898437500e+02
5.000331115722656250e+02
8.131641845703125000e+02
6.692460937500000000e+02
6.623248901367187500e+02
5.370280761718750000e+02
4.864318847656250000e+02
4.653205871582031250e+02
4.989717407226562500e+02
6.841738281250000000e+02
6.497902221679687500e+02
7.178040771484375000e+02
5.753676757812500000e+02
5.275865478515625000e+02
4.936452331542968750e+02
4.944951171875000000e+02
5.218353271484375000e+02
6.777297973632812500e+02
7.311661376953125000e+02
7.659213256835937500e+02
5.774609985351562500e+02
5.217626953125000000e+02
5.121594848632812500e+02
6.373810424804687500e+02
6.923312377929687500e+02
8.231201782226562500e+02
5.798890380859375000e+02
4.949216308593750000e+02
4.524583740234375000e+02
4.723599853515625000e+02
5.344516601562500000e+02
6.900060424804687500e+02
9.522719116210937500e+02
5.202345581054687500e+02
5.136624755859375000e+02
9.864594726562500000e+02
5.546744995117187500e+02
4.639533996582031250e+02
5.007679138183593750e+02
6.396464233398437500e+02
9.285186767578125000e+02
5.464354858398437500e+02
4.657680358886718750e+02
6.556653442382812500e+02
7.716594238281250000e+02
7.064217529296875000e+02
5.154396972656250000e+02
4.948160400390625000e+02
6.039926147460937500e+02
7.752856445312500000e+02
7.550160522460937500e+02
5.180361328125000000e+02
5.354019775390625000e+02
8.303515014648437500e+02
7.628656616210937500e+02
6.297485961914062500e+02
5.216793212890625000e+02
5.042831726074218750e+02
5.824838867187500000e+02
7.619036865234375000e+02
8.146362304687500000e+02
5.826367187500000000e+02
5.559675903320312500e+02
7.515369873046875000e+02
7.395316772460937500e+02
6.573519287109375000e+02
5.534661254882812500e+02
4.997585754394531250e+02
4.921785888671875000e+02
5.701702270507812500e+02
9.448841552734375000e+02
5.868754272460937500e+02
5.076586303710937500e+02
7.118221435546875000e+02
8.495623168945312500e+02
6.249608154296875000e+02
4.773265075683593750e+02
4.749751892089843750e+02
5.886343994140625000e+02
7.611610107421875000e+02
8.450585937500000000e+02
5.222354125976562500e+02
4.614892578125000000e+02
5.573146362304687500e+02
8.077258911132812500e+02
7.986364135742187500e+02
4.758057861328125000e+02
4.687395019531250000e+02
6.340917358398437500e+02
8.529661865234375000e+02
6.738037109375000000e+02
4.830617980957031250e+02
4.514251098632812500e+02
4.513630676269531250e+02
4.690824584960937500e+02
6.268986816406250000e+02
8.360735473632812500e+02
6.997970581054687500e+02
5.297930908203125000e+02
5.155922241210937500e+02
5.346220703125000000e+02
8.058937988281250000e+02
7.310226440429687500e+02
6.354343261718750000e+02
5.341102294921875000e+02
5.121232299804687500e+02
5.649748535156250000e+02
9.324572143554687500e+02
6.262420043945312500e+02
5.499796752929687500e+02
5.014603576660156250e+02
5.442875366210937500e+02
6.194458618164062500e+02
9.769297485351562500e+02
5.358456420898437500e+02
4.586202392578125000e+02
5.831113891601562500e+02
8.177652587890625000e+02
8.169341430664062500e+02
5.016315307617187500e+02
4.635578613281250000e+02
5.944816284179687500e+02
8.133122558593750000e+02
7.776149902343750000e+02
4.709617919921875000e+02
4.821097106933593750e+02
7.197760620117187500e+02
8.198080444335937500e+02
6.438785400390625000e+02
4.851283264160156250e+02
4.632121887207031250e+02
4.672514648437500000e+02
4.982106933593750000e+02
6.185388183593750000e+02
1.055020629882812500e+03
4.950417480468750000e+02
4.486624450683593750e+02
7.496322631835937500e+02
9.030648193359375000e+02
5.378375244140625000e+02
4.405822143554687500e+02
5.586591796875000000e+02
1.197500976562500000e+03
4.369847106933593750e+02
1.028991088867187500e+03
8.219735717773437500e+02
4.496002502441406250e+02
1.050272827148437500e+03
6.813576049804687500e+02
4.513497314453125000e+02
5.775662231445312500e+02
1.272794799804687500e+03
4.968406982421875000e+02
1.689621337890625000e+03
8.734603271484375000e+02
2.455365722656250000e+03
2.722270751953125000e+03
5.619992675781250000e+02
3.138952392578125000e+03
3.788989013671875000e+03
1.997375122070312500e+03
2.241924560546875000e+03
3.394614013671875000e+03
1.887412475585937500e+03
2.107243896484375000e+03
3.134645751953125000e+03
1.720362426757812500e+03
2.131708251953125000e+03
2.953203613281250000e+03
1.204475097656250000e+03
2.748321533203125000e+03
3.742444335937500000e+03
2.252014160156250000e+03
1.641235107421875000e+03
2.575994628906250000e+03
9.958935546875000000e+02
2.497859375000000000e+03
3.065369873046875000e+03
1.262364135742187500e+03
2.929381347656250000e+03
4.081277343750000000e+03
2.662971923828125000e+03
1.232773925781250000e+03
2.222109863281250000e+03
8.942677612304687500e+02
2.504752441406250000e+03
2.925122070312500000e+03
1.027569335937500000e+03
2.650809570312500000e+03
3.335590576171875000e+03
1.608370605468750000e+03
2.443466308593750000e+03
3.552916992187500000e+03
2.125562744140625000e+03
1.693350708007812500e+03
2.664864257812500000e+03
1.213478637695312500e+03
2.561960693359375000e+03
3.441084716796875000e+03
1.826469604492187500e+03
1.995907104492187500e+03
2.955757080078125000e+03
1.490047851562500000e+03
2.293919189453125000e+03
3.206711914062500000e+03
1.664624633789062500e+03
1.910605834960937500e+03
2.650821289062500000e+03
1.061223876953125000e+03
2.410759521484375000e+03
2.990604980468750000e+03
1.283330932617187500e+03
2.196804443359375000e+03
2.793376708984375000e+03
1.072080566406250000e+03
2.524523681640625000e+03
3.242090576171875000e+03
1.555381958007812500e+03
2.087041748046875000e+03
2.878385986328125000e+03
1.304244995117187500e+03
2.540887695312500000e+03
3.518636718750000000e+03
2.027892944335937500e+03
1.762275268554687500e+03
2.742296386718750000e+03
1.342728881835937500e+03
2.335583740234375000e+03
3.191812988281250000e+03
1.667452270507812500e+03
1.853411865234375000e+03
2.520150390625000000e+03
9.609119873046875000e+02
2.085931152343750000e+03
2.281573974609375000e+03
8.432171020507812500e+02
2.352792236328125000e+03
2.198914550781250000e+03
8.781296386718750000e+02
1.827984252929687500e+03
1.079386596679687500e+03
1.488878784179687500e+03
1.206611450195312500e+03
1.476936645507812500e+03
1.625377685546875000e+03
7.563648071289062500e+02
1.389188110351562500e+03
7.962118530273437500e+02
1.038488647460937500e+03
6.165673828125000000e+02
1.013856567382812500e+03
9.240499877929687500e+02
7.539841308593750000e+02
1.164287231445312500e+03
5.210468750000000000e+02
8.926302490234375000e+02
4.872167358398437500e+02
6.111117553710937500e+02
1.325993652343750000e+03
5.354632568359375000e+02
1.821217529296875000e+03
1.273321289062500000e+03
1.822118530273437500e+03
1.891950683593750000e+03
9.076647338867187500e+02
1.164849853515625000e+03
8.855621337890625000e+02
5.193321533203125000e+02
1.441128540039062500e+03
7.044664916992187500e+02
1.939871826171875000e+03
1.515830810546875000e+03
1.506165039062500000e+03
1.707741455078125000e+03
7.534752197265625000e+02
1.000517578125000000e+03
9.763159790039062500e+02
4.748494262695312500e+02
1.035344848632812500e+03
5.667292480468750000e+02
4.757930297851562500e+02
4.602550659179687500e+02
4.641398010253906250e+02
5.139974975585937500e+02
6.321030883789062500e+02
1.017338684082031250e+03
4.645374450683593750e+02
7.441044921875000000e+02
1.241003295898437500e+03
5.898861083984375000e+02
1.833741699218750000e+03
1.354794921875000000e+03
1.626311767578125000e+03
1.658763427734375000e+03
1.002929321289062500e+03
8.933008422851562500e+02
1.695841186523437500e+03
1.349392211914062500e+03
1.523179687500000000e+03
1.604501953125000000e+03
9.822744750976562500e+02
1.208605957031250000e+03
7.744989624023437500e+02
5.129704589843750000e+02
7.095922241210937500e+02
8.525814819335937500e+02
6.531871948242187500e+02
4.806424560546875000e+02
8.734738159179687500e+02
9.407242431640625000e+02
4.675484008789062500e+02
1.088528442382812500e+03
6.127155761718750000e+02
4.750506591796875000e+02
9.498890991210937500e+02
7.274197998046875000e+02
4.502906494140625000e+02
6.342117309570312500e+02
1.252274780273437500e+03
4.820612792968750000e+02
1.613669433593750000e+03
8.384049072265625000e+02
2.341014892578125000e+03
2.517607910156250000e+03
4.532982788085937500e+02
2.530984130859375000e+03
2.467310058593750000e+03
4.455436096191406250e+02
2.150195312500000000e+03
1.501966796875000000e+03
1.706672485351562500e+03
2.074980957031250000e+03
4.751239929199218750e+02
1.575774291992187500e+03
5.961428833007812500e+02
2.111686523437500000e+03
1.957032592773437500e+03
7.785957641601562500e+02
1.084090576171875000e+03
1.063220214843750000e+03
5.949611816406250000e+02
1.855819091796875000e+03
1.373533203125000000e+03
1.449362304687500000e+03
1.489403930664062500e+03
1.026896118164062500e+03
1.137230834960937500e+03
1.144751098632812500e+03
7.731925659179687500e+02
1.890868774414062500e+03
1.663198608398437500e+03
1.153234741210937500e+03
1.219122314453125000e+03
1.185305297851562500e+03
9.254346313476562500e+02
1.407069824218750000e+03
1.008990600585937500e+03
1.805362182617187500e+03
1.775008178710937500e+03
8.142792968750000000e+02
9.470757446289062500e+02
1.280141601562500000e+03
1.048087646484375000e+03
1.314514770507812500e+03
1.014522766113281250e+03
1.604997680664062500e+03
1.581851806640625000e+03
8.574975585937500000e+02
8.902513427734375000e+02
1.463727783203125000e+03
1.365097290039062500e+03
9.213930664062500000e+02
6.312269287109375000e+02
1.196057373046875000e+03
7.466963500976562500e+02
1.440786010742187500e+03
8.834074096679687500e+02
1.724096435546875000e+03
1.537252685546875000e+03
1.130649780273437500e+03
1.069183959960937500e+03
1.443051269531250000e+03
1.397496704101562500e+03
8.820092163085937500e+02
5.953369750976562500e+02
1.333019775390625000e+03
7.263123168945312500e+02
1.649187866210937500e+03
1.264976440429687500e+03
1.564333984375000000e+03
1.605878295898437500e+03
9.163419189453125000e+02
8.057933959960937500e+02
1.623932495117187500e+03
1.287416503906250000e+03
1.267211669921875000e+03
1.098046142578125000e+03
1.500371459960937500e+03
1.539721435546875000e+03
8.337223510742187500e+02
6.260408325195312500e+02
1.328097290039062500e+03
7.590302124023437500e+02
1.617639282226562500e+03
1.210140014648437500e+03
1.616902832031250000e+03
1.634546142578125000e+03
9.055012207031250000e+02
8.265743408203125000e+02
1.574119018554687500e+03
1.288804931640625000e+03
1.199808105468750000e+03
9.871666259765625000e+02
1.642249511718750000e+03
1.538740844726562500e+03
9.937254028320312500e+02
8.607890014648437500e+02
1.654649536132812500e+03
1.425088012695312500e+03
1.113172607421875000e+03
9.710218505859375000e+02
1.563899536132812500e+03
1.427395507812500000e+03
1.024165771484375000e+03
8.497997436523437500e+02
1.550739990234375000e+03
1.304406005859375000e+03
1.131059204101562500e+03
9.223637695312500000e+02
1.573655151367187500e+03
1.371954223632812500e+03
1.096197265625000000e+03
9.056904907226562500e+02
1.558403198242187500e+03
1.441677490234375000e+03
9.294317626953125000e+02
7.809607543945312500e+02
1.293997314453125000e+03
1.079988281250000000e+03
1.090866943359375000e+03
7.132064208984375000e+02
1.160781372070312500e+03
8.047874145507812500e+02
1.297391967773437500e+03
6.584205932617187500e+02
1.673598510742187500e+03
1.295204833984375000e+03
1.251698364257812500e+03
1.101857177734375000e+03
1.476223876953125000e+03
1.315178222656250000e+03
1.252525024414062500e+03
1.149829956054687500e+03
1.378844482421875000e+03
1.200137817382812500e+03
1.267922363281250000e+03
1.069595458984375000e+03
1.533600097656250000e+03
1.379098510742187500e+03
1.169212890625000000e+03
1.055788696289062500e+03
1.468738525390625000e+03
1.391022949218750000e+03
1.002444763183593750e+03
7.797401733398437500e+02
1.671381835937500000e+03
1.367468872070312500e+03
1.293885620117187500e+03
1.285003540039062500e+03
1.162804809570312500e+03
1.274955444335937500e+03
8.832918090820312500e+02
6.510193481445312500e+02
1.057936035156250000e+03
6.854253540039062500e+02
1.353070678710937500e+03
6.356426391601562500e+02
1.676021118164062500e+03
1.216118774414062500e+03
1.424153198242187500e+03
1.385458740234375000e+03
1.107762939453125000e+03
1.220119506835937500e+03
1.030276123046875000e+03
6.934060668945312500e+02
1.654630981445312500e+03
1.202287597656250000e+03
1.561078125000000000e+03
1.632040771484375000e+03
8.616383056640625000e+02
1.138191162109375000e+03
7.521494750976562500e+02
5.240907592773437500e+02
7.141210937500000000e+02
5.815916137695312500e+02
5.315676879882812500e+02
4.853493347167968750e+02
4.711930236816406250e+02
4.780754089355468750e+02
4.859013977050781250e+02
4.827150268554687500e+02
4.833130493164062500e+02
4.923189086914062500e+02
5.213309326171875000e+02
6.885407104492187500e+02
7.398986816406250000e+02
6.525512084960937500e+02
5.044012145996093750e+02
4.632767333984375000e+02
4.610032043457031250e+02
4.534024963378906250e+02
4.768144531250000000e+02
5.139883422851562500e+02
6.486085205078125000e+02
7.446976318359375000e+02
6.633679809570312500e+02
5.284602661132812500e+02
5.409344482421875000e+02
5.411732177734375000e+02
7.222432250976562500e+02
7.046755981445312500e+02
6.575170898437500000e+02
5.188829345703125000e+02
4.906063842773437500e+02
4.787635498046875000e+02
4.789272460937500000e+02
4.886791687011718750e+02
5.264645996093750000e+02
5.473488159179687500e+02
6.990366210937500000e+02
6.128889770507812500e+02
6.922875976562500000e+02
5.620230102539062500e+02
5.555292358398437500e+02
5.273325195312500000e+02
5.786312866210937500e+02
5.809780273437500000e+02
7.504890136718750000e+02
5.978826904296875000e+02
6.317675170898437500e+02
5.628078002929687500e+02
6.502860107421875000e+02
6.003698730468750000e+02
7.252199707031250000e+02
5.872309570312500000e+02
6.118590087890625000e+02
5.607728881835937500e+02
6.274863891601562500e+02
5.904134521484375000e+02
6.974448852539062500e+02
5.913865966796875000e+02
6.635343017578125000e+02
5.700009765625000000e+02
6.040228881835937500e+02
5.657893066406250000e+02
6.208576660156250000e+02
5.803492431640625000e+02
6.858471679687500000e+02
5.987799682617187500e+02
6.765844726562500000e+02
5.711812744140625000e+02
6.000290527343750000e+02
5.381691284179687500e+02
5.589335937500000000e+02
5.442992553710937500e+02
6.520145263671875000e+02
6.319325561523437500e+02
7.454089355468750000e+02
5.615032348632812500e+02
5.428263549804687500e+02
5.076598205566406250e+02
5.358880615234375000e+02
5.619976806640625000e+02
7.326177368164062500e+02
6.460053710937500000e+02
6.928489379882812500e+02
5.624731445312500000e+02
5.783905029296875000e+02
5.600907592773437500e+02
6.988428344726562500e+02
6.218565673828125000e+02
7.125494384765625000e+02
5.753626708984375000e+02
6.238840332031250000e+02
5.686007690429687500e+02
6.928204345703125000e+02
6.115913085937500000e+02
7.201355590820312500e+02
5.752196044921875000e+02
5.971272583007812500e+02
5.535378417968750000e+02
6.430615844726562500e+02
6.009440307617187500e+02
7.230169067382812500e+02
5.793551025390625000e+02
6.234834594726562500e+02
5.594533691406250000e+02
6.325438842773437500e+02
5.842827148437500000e+02
6.953108520507812500e+02
5.940754394531250000e+02
6.921095581054687500e+02
5.779499511718750000e+02
6.468485107421875000e+02
5.859711914062500000e+02
6.930534057617187500e+02
6.025451660156250000e+02
6.748632202148437500e+02
5.789515380859375000e+02
6.350058593750000000e+02
5.772977294921875000e+02
7.033657226562500000e+02
6.047362670898437500e+02
6.781649169921875000e+02
5.748640747070312500e+02
6.106011352539062500e+02
5.657861328125000000e+02
6.604536743164062500e+02
6.073723144531250000e+02
7.206732177734375000e+02
5.770239868164062500e+02
6.173058471679687500e+02
5.817287597656250000e+02
6.780383911132812500e+02
5.941484375000000000e+02
6.800463256835937500e+02
5.910435180664062500e+02
6.649144287109375000e+02
5.793107910156250000e+02
6.533969726562500000e+02
5.829939575195312500e+02
6.714443359375000000e+02
5.879732666015625000e+02
6.852434692382812500e+02
5.954027709960937500e+02
6.592274780273437500e+02
5.894299316406250000e+02
6.640322875976562500e+02
5.948746337890625000e+02
6.885693359375000000e+02
5.781232910156250000e+02
6.345462646484375000e+02
5.788638916015625000e+02
6.844884033203125000e+02
6.011858520507812500e+02
6.959933471679687500e+02
5.699524536132812500e+02
6.200818481445312500e+02
5.606806030273437500e+02
6.232941284179687500e+02
5.803209838867187500e+02
7.005255126953125000e+02
6.050488891601562500e+02
6.933402709960937500e+02
5.904884643554687500e+02
6.671435546875000000e+02
5.934071655273437500e+02
6.650676879882812500e+02
5.858760986328125000e+02
6.601724853515625000e+02
5.905514526367187500e+02
6.740399169921875000e+02
5.948212280273437500e+02
6.618526000976562500e+02
5.883806762695312500e+02
6.871408081054687500e+02
5.879857177734375000e+02
6.466625976562500000e+02
5.815838012695312500e+02
6.776813964843750000e+02
5.782442626953125000e+02
6.473541870117187500e+02
5.909258422851562500e+02
6.884707641601562500e+02
5.963524780273437500e+02
6.883201293945312500e+02
5.812719116210937500e+02
6.371496582031250000e+02
5.786964111328125000e+02
6.486153564453125000e+02
5.955820922851562500e+02
7.137678833007812500e+02
5.901280517578125000e+02
6.407245483398437500e+02
5.815557250976562500e+02
6.785228271484375000e+02
5.978104248046875000e+02
6.710940551757812500e+02
5.783740234375000000e+02
6.416401367187500000e+02
5.884993286132812500e+02
7.180175781250000000e+02
5.949296875000000000e+02
6.696093750000000000e+02
5.811553955078125000e+02
6.362319335937500000e+02
5.835757446289062500e+02
6.769848022460937500e+02
5.895885620117187500e+02
6.769164428710937500e+02
5.954868774414062500e+02
6.830332641601562500e+02
5.900260009765625000e+02
6.654992065429687500e+02
5.755168457031250000e+02
6.315823364257812500e+02
5.849203491210937500e+02
6.926264648437500000e+02
5.949962158203125000e+02
6.972901000976562500e+02
5.787026977539062500e+02
6.259506835937500000e+02
5.878311767578125000e+02
7.020251464843750000e+02
5.905110473632812500e+02
6.715827636718750000e+02
5.846397705078125000e+02
6.600392456054687500e+02
5.933958740234375000e+02
7.158775634765625000e+02
5.853480224609375000e+02
6.331875610351562500e+02
5.759729614257812500e+02
6.588528442382812500e+02
5.962207641601562500e+02
7.050447998046875000e+02
5.888943481445312500e+02
6.468725585937500000e+02
5.702290039062500000e+02
6.401301269531250000e+02
5.977475585937500000e+02
7.280036010742187500e+02
5.738351440429687500e+02
6.085073852539062500e+02
5.590106201171875000e+02
6.365878295898437500e+02
6.164577636718750000e+02
7.582148437500000000e+02
5.806584472656250000e+02
5.930302124023437500e+02
5.440108642578125000e+02
6.093208007812500000e+02
6.043195190429687500e+02
7.793748779296875000e+02
5.912760620117187500e+02
6.253291015625000000e+02
5.595900878906250000e+02
6.648958740234375000e+02
6.082390747070312500e+02
7.485054321289062500e+02
5.942357788085937500e+02
6.245413208007812500e+02
5.669721679687500000e+02
6.764754638671875000e+02
6.153569946289062500e+02
7.262064819335937500e+02
5.865321044921875000e+02
6.245270385742187500e+02
5.680528564453125000e+02
6.618932495117187500e+02
6.055904541015625000e+02
7.326058349609375000e+02
5.894788818359375000e+02
6.283041381835937500e+02
5.759458007812500000e+02
6.992087402343750000e+02
5.953207397460937500e+02
6.696340942382812500e+02
5.946630859375000000e+02
6.825176391601562500e+02
5.864926757812500000e+02
6.918394775390625000e+02
5.938643188476562500e+02
6.726705322265625000e+02
5.812543945312500000e+02
6.644059448242187500e+02
5.867600097656250000e+02
6.961614379882812500e+02
6.031325073242187500e+02
6.930177612304687500e+02
5.896685180664062500e+02
6.511488647460937500e+02
5.827438964843750000e+02
6.668115234375000000e+02
5.946340942382812500e+02
6.958316650390625000e+02
5.920785522460937500e+02
6.792888793945312500e+02
5.819815673828125000e+02
6.648366088867187500e+02
5.933171386718750000e+02
6.895126342773437500e+02
5.929482421875000000e+02
6.822947387695312500e+02
5.775388183593750000e+02
6.459711914062500000e+02
5.954827270507812500e+02
7.168327636718750000e+02
5.929163818359375000e+02
6.615000610351562500e+02
5.682720336914062500e+02
6.287598266601562500e+02
5.919971923828125000e+02
7.379320678710937500e+02
5.947355346679687500e+02
6.386485595703125000e+02
5.669261474609375000e+02
6.251832885742187500e+02
5.927090454101562500e+02
7.459229736328125000e+02
5.847722778320312500e+02
6.475043945312500000e+02
5.781793823242187500e+02
6.679447631835937500e+02
5.985861816406250000e+02
7.156360473632812500e+02
5.703025512695312500e+02
6.281569213867187500e+02
5.819603881835937500e+02
7.168661499023437500e+02
6.129353027343750000e+02
7.000473022460937500e+02
5.619815063476562500e+02
5.852147216796875000e+02
5.382713012695312500e+02
5.984766235351562500e+02
5.826947631835937500e+02
7.816660766601562500e+02
5.893554687500000000e+02
6.235063476562500000e+02
5.630739746093750000e+02
6.669711303710937500e+02
6.171103515625000000e+02
7.778478393554687500e+02
5.640774536132812500e+02
5.810483398437500000e+02
5.387794799804687500e+02
6.273763427734375000e+02
6.282961425781250000e+02
8.124094238281250000e+02
5.384610595703125000e+02
4.847082824707031250e+02
4.473114624023437500e+02
4.447500915527343750e+02
4.412879943847656250e+02
4.399013671875000000e+02
4.382055664062500000e+02
4.358280639648437500e+02
4.400957946777343750e+02
4.387705688476562500e+02
4.577583007812500000e+02
5.229128417968750000e+02
6.768277587890625000e+02
9.655828247070312500e+02
4.917850646972656250e+02
4.294552307128906250e+02
5.323580322265625000e+02
8.341000976562500000e+02
7.130123901367187500e+02
5.159197998046875000e+02
5.491736450195312500e+02
6.481411743164062500e+02
9.476831665039062500e+02
5.200933837890625000e+02
4.657181091308593750e+02
4.777307739257812500e+02
6.049763183593750000e+02
7.740880737304687500e+02
7.718882446289062500e+02
4.951544494628906250e+02
4.825197448730468750e+02
5.094722595214843750e+02
8.028746337890625000e+02
6.900850830078125000e+02
6.749050903320312500e+02
5.206730957031250000e+02
5.682522583007812500e+02
6.390684814453125000e+02
9.560789794921875000e+02
4.902369079589843750e+02
4.425644531250000000e+02
5.952050170898437500e+02
8.259293823242187500e+02
7.233325805664062500e+02
4.794712829589843750e+02
4.405816650390625000e+02
5.078419189453125000e+02
7.801112670898437500e+02
8.819313354492187500e+02
4.764598999023437500e+02
4.509083557128906250e+02
7.063980712890625000e+02
8.468588867187500000e+02
5.835989379882812500e+02
4.523913269042968750e+02
4.321074829101562500e+02
4.649824829101562500e+02
5.951931152343750000e+02
9.875469970703125000e+02
5.351275634765625000e+02
4.470226135253906250e+02
4.325254821777343750e+02
4.415295410156250000e+02
4.708320007324218750e+02
6.973771362304687500e+02
8.182498779296875000e+02
6.278562622070312500e+02
5.047500915527343750e+02
5.720486450195312500e+02
7.374782714843750000e+02
8.355454711914062500e+02
5.270729370117187500e+02
4.830981140136718750e+02
5.196622924804687500e+02
8.182132568359375000e+02
7.346662597656250000e+02
6.357186279296875000e+02
5.139856567382812500e+02
5.713363037109375000e+02
6.911973876953125000e+02
9.009152221679687500e+02
5.160225219726562500e+02
4.359720764160156250e+02
4.384539489746093750e+02
5.323084716796875000e+02
8.726458129882812500e+02
6.692152099609375000e+02
6.221936035156250000e+02
5.665526123046875000e+02
7.357986450195312500e+02
6.370534057617187500e+02
7.490390014648437500e+02
5.782328491210937500e+02
7.110906372070312500e+02
6.608692016601562500e+02
8.040883178710937500e+02
5.271362304687500000e+02
4.954049072265625000e+02
5.120955810546875000e+02
7.498410034179687500e+02
6.906026000976562500e+02
7.217131347656250000e+02
5.398983764648437500e+02
6.173853759765625000e+02
6.766414794921875000e+02
9.030661621093750000e+02
5.043865051269531250e+02
4.331091308593750000e+02
4.717596740722656250e+02
7.041510009765625000e+02
1.049860595703125000e+03
4.549876098632812500e+02
7.543984375000000000e+02
1.223905151367187500e+03
5.559658203125000000e+02
1.909995849609375000e+03
1.435322875976562500e+03
1.574258178710937500e+03
1.618305664062500000e+03
1.064587280273437500e+03
9.554801635742187500e+02
1.647543823242187500e+03
1.302684936523437500e+03
1.571199340820312500e+03
1.606881591796875000e+03
1.044140136718750000e+03
1.251444824218750000e+03
8.645978393554687500e+02
5.091108703613281250e+02
8.971914062500000000e+02
6.440102539062500000e+02
6.425523071289062500e+02
4.938085021972656250e+02
4.654220886230468750e+02
4.774302062988281250e+02
4.765606689453125000e+02
4.838437500000000000e+02
6.298439331054687500e+02
6.976441040039062500e+02
8.638237304687500000e+02
5.445833740234375000e+02
4.687805786132812500e+02
4.623208007812500000e+02
5.756540527343750000e+02
8.194494628906250000e+02
7.330306396484375000e+02
5.518681030273437500e+02
5.362014160156250000e+02
6.152120361328125000e+02
9.573900146484375000e+02
5.815278930664062500e+02
4.629082946777343750e+02
4.292900085449218750e+02
4.244381103515625000e+02
4.316765747070312500e+02
4.351269531250000000e+02
4.326634521484375000e+02
4.588679504394531250e+02
6.921188354492187500e+02
8.953948364257812500e+02
5.672000122070312500e+02
4.332041625976562500e+02
4.330230407714843750e+02
5.685578002929687500e+02
8.538120117187500000e+02
7.206179809570312500e+02
4.994934082031250000e+02
4.273933715820312500e+02
4.230866699218750000e+02
4.388445434570312500e+02
5.433586425781250000e+02
7.928632202148437500e+02
8.608814697265625000e+02
5.223566894531250000e+02
5.761879882812500000e+02
7.392706298828125000e+02
8.247017211914062500e+02
5.544726562500000000e+02
5.400773315429687500e+02
6.200190429687500000e+02
1.040924194335937500e+03
4.867755432128906250e+02
4.281925354003906250e+02
5.256339721679687500e+02
8.581510620117187500e+02
7.826439208984375000e+02
4.909491882324218750e+02
4.529256286621093750e+02
4.626767883300781250e+02
6.343461914062500000e+02
7.965242309570312500e+02
7.599901733398437500e+02
5.203620605468750000e+02
4.836080932617187500e+02
5.431467285156250000e+02
1.002403015136718750e+03
5.457640991210937500e+02
4.467243652343750000e+02
4.652234497070312500e+02
7.098880615234375000e+02
1.076575561523437500e+03
4.615051269531250000e+02
9.731610107421875000e+02
8.760355834960937500e+02
4.284277954101562500e+02
8.635465698242187500e+02
1.058226440429687500e+03
4.456564636230468750e+02
1.333247314453125000e+03
4.363401184082031250e+02
1.164724975585937500e+03
5.733452148437500000e+02
4.677966918945312500e+02
4.675463562011718750e+02
5.926206665039062500e+02
7.673139038085937500e+02
8.393377685546875000e+02
4.729656982421875000e+02
4.257147827148437500e+02
4.175340270996093750e+02
4.241703186035156250e+02
4.569870300292968750e+02
6.245496215820312500e+02
1.164658447265625000e+03
4.221220397949218750e+02
1.014350463867187500e+03
8.189626464843750000e+02
4.247681274414062500e+02
9.660263061523437500e+02
8.440355834960937500e+02
4.522407836914062500e+02
4.396599121093750000e+02
8.215572509765625000e+02
7.708369750976562500e+02
5.480754394531250000e+02
5.136940917968750000e+02
7.256863403320312500e+02
8.610255126953125000e+02
5.951026611328125000e+02
4.651030273437500000e+02
5.530141601562500000e+02
8.062360839843750000e+02
8.534295043945312500e+02
5.134085693359375000e+02
5.472606201171875000e+02
7.216886596679687500e+02
9.008939208984375000e+02
4.988952941894531250e+02
4.511006469726562500e+02
4.660417480468750000e+02
6.254102172851562500e+02
8.507497558593750000e+02
6.711924438476562500e+02
5.003371887207031250e+02
5.649162597656250000e+02
7.648373413085937500e+02
8.781821289062500000e+02
4.963876953125000000e+02
4.717441101074218750e+02
5.246549682617187500e+02
9.073209228515625000e+02
6.925485229492187500e+02
6.484439697265625000e+02
5.937416381835937500e+02
8.335949096679687500e+02
5.980523681640625000e+02
6.894827880859375000e+02
6.455808105468750000e+02
8.701056518554687500e+02
5.262526855468750000e+02
4.938873291015625000e+02
5.329121093750000000e+02
9.015659790039062500e+02
5.923455810546875000e+02
6.272248535156250000e+02
6.093347167968750000e+02
9.101818237304687500e+02
5.199233398437500000e+02
4.652723999023437500e+02
4.582332458496093750e+02
5.404382324218750000e+02
7.365670166015625000e+02
9.784646606445312500e+02
4.612417602539062500e+02
5.400845947265625000e+02
1.314049926757812500e+03
4.933284606933593750e+02
1.876506591796875000e+03
1.239462768554687500e+03
1.952628662109375000e+03
2.105728027343750000e+03
5.941519775390625000e+02
1.230642089843750000e+03
7.306627197265625000e+02
5.502147216796875000e+02
1.433172607421875000e+03
5.996817626953125000e+02
2.142047363281250000e+03
1.829198486328125000e+03
1.169826782226562500e+03
1.304778686523437500e+03
1.140198364257812500e+03
9.405687255859375000e+02
1.516802612304687500e+03
1.142291381835937500e+03
1.772756958007812500e+03
1.706301757812500000e+03
1.043596801757812500e+03
9.889908447265625000e+02
1.607390869140625000e+03
1.259779296875000000e+03
1.553310180664062500e+03
1.544942504882812500e+03
1.114586547851562500e+03
1.308644775390625000e+03
8.848487548828125000e+02
5.425797729492187500e+02
1.005933959960937500e+03
4.847510681152343750e+02
8.226746826171875000e+02
1.183557128906250000e+03
8.183453369140625000e+02
1.579715942382812500e+03
1.163223022460937500e+03
1.782667968750000000e+03
1.853210449218750000e+03
8.038557128906250000e+02
1.405570434570312500e+03
6.074033203125000000e+02
6.999359130859375000e+02
1.105124511718750000e+03
4.478989868164062500e+02
6.756648559570312500e+02
9.556268920898437500e+02
5.202970581054687500e+02
4.636200866699218750e+02
9.099963378906250000e+02
7.498862304687500000e+02
4.317974853515625000e+02
6.069228515625000000e+02
1.338524536132812500e+03
5.575136718750000000e+02
1.640369995117187500e+03
9.188465576171875000e+02
2.079873535156250000e+03
2.000998535156250000e+03
9.853198852539062500e+02
1.379362915039062500e+03
6.017991333007812500e+02
6.096091918945312500e+02
1.099841186523437500e+03
6.291582641601562500e+02
7.490603027343750000e+02
1.029617919921875000e+03
6.540283813476562500e+02
1.007967163085937500e+03
4.569311523437500000e+02
7.356350097656250000e+02
1.064764526367187500e+03
5.272372436523437500e+02
1.221500610351562500e+03
6.653234252929687500e+02
7.828280639648437500e+02
8.650198974609375000e+02
6.462930908203125000e+02
5.543914794921875000e+02
5.149166259765625000e+02
1.071887695312500000e+03
5.522261352539062500e+02
1.020140258789062500e+03
6.705670166015625000e+02
4.816083679199218750e+02
5.511078491210937500e+02
1.003361816406250000e+03
6.273536376953125000e+02
5.487063598632812500e+02
5.712345581054687500e+02
1.000930908203125000e+03
5.893942260742187500e+02
4.849472961425781250e+02
8.245515747070312500e+02
7.658745117187500000e+02
5.475478515625000000e+02
4.403116760253906250e+02
4.986380004882812500e+02
5.014017944335937500e+02
5.044943847656250000e+02
6.805542602539062500e+02
9.108204345703125000e+02
4.389226684570312500e+02
5.437694702148437500e+02
1.365681518554687500e+03
5.412140502929687500e+02
1.739615844726562500e+03
1.070184082031250000e+03
2.057350341796875000e+03
2.170838134765625000e+03
7.942899780273437500e+02
1.775385009765625000e+03
7.012215576171875000e+02
2.582183837890625000e+03
2.811029052734375000e+03
8.715454711914062500e+02
2.625676269531250000e+03
2.898872558593750000e+03
7.896492309570312500e+02
3.667211914062500000e+03
5.002999023437500000e+03
3.664835937500000000e+03
8.678519897460937500e+02
3.890294677734375000e+03
4.758064453125000000e+03
3.081738525390625000e+03
1.059746704101562500e+03
2.551095947265625000e+03
1.543975463867187500e+03
1.798843994140625000e+03
2.269285644531250000e+03
5.437595214843750000e+02
2.050110595703125000e+03
1.633887817382812500e+03
1.071784057617187500e+03
1.153455444335937500e+03
1.273755859375000000e+03
1.261301025390625000e+03
1.024589233398437500e+03
7.545846557617187500e+02
1.149281494140625000e+03
6.589927978515625000e+02
1.424986328125000000e+03
6.839995117187500000e+02
2.014424316406250000e+03
1.845699462890625000e+03
7.918912353515625000e+02
9.796031494140625000e+02
1.270548950195312500e+03
8.170189208984375000e+02
1.706062500000000000e+03
1.444802368164062500e+03
1.342466430664062500e+03
1.328525146484375000e+03
1.226097290039062500e+03
1.025666870117187500e+03
1.680630371093750000e+03
1.567963256835937500e+03
8.976354980468750000e+02
8.477020874023437500e+02
1.517103149414062500e+03
1.112676391601562500e+03
1.609758300781250000e+03
1.566408203125000000e+03
1.070810913085937500e+03
1.171372558593750000e+03
1.064265625000000000e+03
6.194148559570312500e+02
1.596691772460937500e+03
1.341896728515625000e+03
1.129235107421875000e+03
7.941864624023437500e+02
1.972706665039062500e+03
1.871952514648437500e+03
8.427735595703125000e+02
9.923009643554687500e+02
1.335770263671875000e+03
9.725939331054687500e+02
1.489241210937500000e+03
1.167569580078125000e+03
1.614538208007812500e+03
1.619437500000000000e+03
8.656716308593750000e+02
6.837750854492187500e+02
1.642094360351562500e+03
1.260093383789062500e+03
1.358622436523437500e+03
1.238168090820312500e+03
1.381965698242187500e+03
1.296456298828125000e+03
1.199968505859375000e+03
9.713004760742187500e+02
1.712220458984375000e+03
1.654196289062500000e+03
7.890696411132812500e+02
7.193968505859375000e+02
1.489330688476562500e+03
1.154930419921875000e+03
1.360563598632812500e+03
1.153959350585937500e+03
1.536632690429687500e+03
1.570016357421875000e+03
8.341720581054687500e+02
8.649908447265625000e+02
1.518420776367187500e+03
1.455027954101562500e+03
8.195899658203125000e+02
5.682182617187500000e+02
9.303142700195312500e+02
5.744781494140625000e+02
1.133529418945312500e+03
5.992770996093750000e+02
6.983065185546875000e+02
8.665438842773437500e+02
6.486154785156250000e+02
4.534891967773437500e+02
7.540456542968750000e+02
1.164875610351562500e+03
4.645536193847656250e+02
1.452691772460937500e+03
5.478499145507812500e+02
2.361447021484375000e+03
2.223722900390625000e+03
6.592322998046875000e+02
9.572462158203125000e+02
1.206101318359375000e+03
5.633607177734375000e+02
1.876450927734375000e+03
1.514172973632812500e+03
1.362463012695312500e+03
1.315061279296875000e+03
1.359494018554687500e+03
1.259379882812500000e+03
1.348465942382812500e+03
1.149362792968750000e+03
1.359099731445312500e+03
1.116121582031250000e+03
1.560937011718750000e+03
1.373891601562500000e+03
1.308327148437500000e+03
1.242229248046875000e+03
1.323506958007812500e+03
1.202125366210937500e+03
1.288260742187500000e+03
1.064149047851562500e+03
1.631856445312500000e+03
1.476857177734375000e+03
1.226441528320312500e+03
1.197420776367187500e+03
1.319272949218750000e+03
1.261869262695312500e+03
1.088465454101562500e+03
7.610380859375000000e+02
1.777918090820312500e+03
1.483496093750000000e+03
1.284689697265625000e+03
1.326518798828125000e+03
1.135436035156250000e+03
1.240697875976562500e+03
9.252562255859375000e+02
6.062766723632812500e+02
1.040654663085937500e+03
5.861364746093750000e+02
1.452952270507812500e+03
5.957178955078125000e+02
1.970456298828125000e+03
1.675749145507812500e+03
1.119897705078125000e+03
1.197097045898437500e+03
1.227772460937500000e+03
1.240679687500000000e+03
1.041360229492187500e+03
6.923568115234375000e+02
1.623215698242187500e+03
1.126998901367187500e+03
1.726356811523437500e+03
1.821044311523437500e+03
7.142995605468750000e+02
1.081961059570312500e+03
7.672463378906250000e+02
4.888821716308593750e+02
5.607307128906250000e+02
7.653161010742187500e+02
8.139526367187500000e+02
4.419519958496093750e+02
9.319575195312500000e+02
8.198570556640625000e+02
4.459540710449218750e+02
1.051973876953125000e+03
5.852034301757812500e+02
4.366985778808593750e+02
7.295534667968750000e+02
1.022193969726562500e+03
4.364005432128906250e+02
8.044072265625000000e+02
1.027481567382812500e+03
4.214113769531250000e+02
9.226331787109375000e+02
8.105411376953125000e+02
4.385681762695312500e+02
6.056558227539062500e+02
1.273158813476562500e+03
4.642391662597656250e+02
1.579645019531250000e+03
8.252114868164062500e+02
2.303467041015625000e+03
1.184631591796875000e+03
1.132173461914062500e+03
1.011535156250000000e+03
8.385163574218750000e+02
8.227055664062500000e+02
9.104846191406250000e+02
9.284922485351562500e+02
8.782050170898437500e+02
7.659588012695312500e+02
6.914711303710937500e+02
7.356853637695312500e+02
7.709830322265625000e+02
7.326042480468750000e+02
6.546353759765625000e+02
6.066168823242187500e+02
6.401645507812500000e+02
6.471564941406250000e+02
5.905051269531250000e+02
5.245947875976562500e+02
5.535252685546875000e+02
5.580716552734375000e+02
5.304556884765625000e+02
4.834500732421875000e+02
4.860987854003906250e+02
4.954963073730468750e+02
4.650451049804687500e+02
4.322658386230468750e+02
4.412048339843750000e+02
4.367892456054687500e+02
4.181579895019531250e+02
3.923785400390625000e+02
4.007250976562500000e+02
3.956870727539062500e+02
3.680308837890625000e+02
3.607842102050781250e+02
3.646145019531250000e+02
3.513684692382812500e+02
3.344559936523437500e+02
3.338917846679687500e+02
3.261319580078125000e+02
3.113146362304687500e+02
3.093751525878906250e+02
3.068139343261718750e+02
2.934744873046875000e+02
2.889669799804687500e+02
2.846291503906250000e+02
2.802806396484375000e+02
2.691227416992187500e+02
2.687849121093750000e+02
2.664501647949218750e+02
2.534421386718750000e+02
2.530029144287109375e+02
2.482598266601562500e+02
2.438253631591796875e+02
2.383972473144531250e+02
2.352066345214843750e+02
2.311515197753906250e+02
2.281720581054687500e+02
2.222306365966796875e+02
2.140688171386718750e+02
2.190212707519531250e+02
2.083626403808593750e+02
2.080957031250000000e+02
2.045556182861328125e+02
2.007232208251953125e+02
1.988414611816406250e+02
1.999255676269531250e+02
1.928294982910156250e+02
1.911029357910156250e+02
1.873017272949218750e+02
1.823709411621093750e+02
1.855653076171875000e+02
1.770256958007812500e+02
1.773878021240234375e+02
1.696297912597656250e+02
1.731789245605468750e+02
1.692565765380859375e+02
1.659691467285156250e+02
1.656867675781250000e+02
1.611598815917968750e+02
1.607059020996093750e+02
1.580939941406250000e+02
1.557781982421875000e+02
1.554396514892578125e+02
1.537655944824218750e+02
1.496625366210937500e+02
1.507906799316406250e+02
1.456623382568359375e+02
1.491788940429687500e+02
1.459089660644531250e+02
1.436354675292968750e+02
1.413058166503906250e+02
1.393684082031250000e+02
1.398399047851562500e+02
1.356195068359375000e+02
1.358132171630859375e+02
1.329926757812500000e+02
1.319206848144531250e+02
1.323291931152343750e+02
1.292280273437500000e+02
1.309914245605468750e+02
1.274477615356445312e+02
1.253490447998046875e+02
1.273714065551757812e+02
1.238884963989257812e+02
1.237765579223632812e+02
1.239709243774414062e+02
1.199055786132812500e+02
1.207505874633789062e+02
1.171754302978515625e+02
1.148570022583007812e+02
1.131023559570312500e+02
1.138521118164062500e+02
1.123999786376953125e+02
1.130203704833984375e+02
1.135224533081054688e+02
1.111438751220703125e+02
1.102080307006835938e+02
1.123231048583984375e+02
1.082337646484375000e+02
1.115919418334960938e+02
1.110462188720703125e+02
1.080770339965820312e+02
1.070099487304687500e+02
1.069891204833984375e+02
1.053007431030273438e+02
1.050703277587890625e+02
1.032568817138671875e+02
1.032557220458984375e+02
1.021300659179687500e+02
1.040772399902343750e+02
1.003565826416015625e+02
9.875961303710937500e+01
1.003462905883789062e+02
1.008120803833007812e+02
1.004111633300781250e+02
9.899582672119140625e+01
9.771626281738281250e+01
9.608192443847656250e+01
9.871963500976562500e+01
9.456384277343750000e+01
1.000296249389648438e+02
9.599943542480468750e+01
9.465677642822265625e+01
9.323320007324218750e+01
9.244682312011718750e+01
9.322016143798828125e+01
9.602461242675781250e+01
9.175457763671875000e+01
9.079232788085937500e+01
9.399403381347656250e+01
9.191006469726562500e+01
9.386563110351562500e+01
8.843281555175781250e+01
9.072246551513671875e+01
9.044483947753906250e+01
8.989666748046875000e+01
8.750583648681640625e+01
8.984732818603515625e+01
8.727873229980468750e+01
8.520451354980468750e+01
8.954199218750000000e+01
9.014704895019531250e+01
8.643471527099609375e+01
8.640103149414062500e+01
8.634552764892578125e+01
8.892208862304687500e+01
8.725634765625000000e+01
8.785501098632812500e+01
8.584686279296875000e+01
8.547557067871093750e+01
8.398200225830078125e+01
8.437432861328125000e+01
8.328347015380859375e+01
8.452140045166015625e+01
8.167355346679687500e+01
8.400798034667968750e+01
8.434227752685546875e+01
8.530502319335937500e+01
8.370328521728515625e+01
8.291040802001953125e+01
8.471836853027343750e+01
8.405332946777343750e+01
8.177781677246093750e+01
8.264302062988281250e+01
8.045865631103515625e+01
8.201062774658203125e+01
8.018385314941406250e+01
8.155816650390625000e+01
8.064221191406250000e+01
8.193458557128906250e+01
8.122075653076171875e+01
8.334017944335937500e+01
8.183691406250000000e+01
8.385760498046875000e+01
7.715618133544921875e+01
8.114428710937500000e+01
8.102474212646484375e+01
7.994897460937500000e+01
7.992032623291015625e+01
7.991607666015625000e+01
7.798088836669921875e+01
7.910308074951171875e+01
7.871552276611328125e+01
7.840470886230468750e+01
7.949163818359375000e+01
7.896556854248046875e+01
7.981018829345703125e+01
7.884249114990234375e+01
7.921551513671875000e+01
8.186351776123046875e+01
7.861326599121093750e+01
7.656904602050781250e+01
7.729088592529296875e+01
7.677673339843750000e+01
7.961549377441406250e+01
7.879685211181640625e+01
7.785649871826171875e+01
8.031982421875000000e+01
8.058950805664062500e+01
7.716783142089843750e+01
7.874467468261718750e+01
7.742571258544921875e+01
7.996685028076171875e+01
7.895079803466796875e+01
7.872346496582031250e+01
7.862930297851562500e+01
7.799427795410156250e+01
7.592752075195312500e+01
7.635374450683593750e+01
7.475811767578125000e+01
7.761221313476562500e+01
7.738011169433593750e+01
8.083298492431640625e+01
7.644342041015625000e+01
7.632409667968750000e+01
7.561713409423828125e+01
7.743565368652343750e+01
7.673180389404296875e+01
7.655291748046875000e+01
7.643120574951171875e+01
7.811795806884765625e+01
7.577471160888671875e+01
7.711688232421875000e+01
7.609651184082031250e+01
7.779406738281250000e+01
7.518152618408203125e+01
7.849781799316406250e+01
7.476198577880859375e+01
7.579615783691406250e+01
7.579201507568359375e+01
7.780722045898437500e+01
7.726704406738281250e+01
7.591911315917968750e+01
7.675076293945312500e+01
7.735580444335937500e+01
7.497326660156250000e+01
7.469322967529296875e+01
7.743741607666015625e+01
7.440575408935546875e+01
7.576976776123046875e+01
7.665923309326171875e+01
7.707862091064453125e+01
7.721289062500000000e+01
7.398703002929687500e+01
7.679023742675781250e+01
7.573202514648437500e+01
7.720127868652343750e+01
7.623323059082031250e+01
7.475131225585937500e+01
7.559247589111328125e+01
7.774232482910156250e+01
7.473563385009765625e+01
7.676791381835937500e+01
7.455478668212890625e+01
7.532239532470703125e+01
7.320372772216796875e+01
7.542137145996093750e+01
7.426231384277343750e+01
7.388231658935546875e+01
7.563953399658203125e+01
7.626750946044921875e+01
7.332905578613281250e+01
7.482334136962890625e+01
7.510043334960937500e+01
7.456959533691406250e+01
7.690589904785156250e+01
7.295927429199218750e+01
7.512580108642578125e+01
7.487149810791015625e+01
7.444429016113281250e+01
7.560167694091796875e+01
7.441216278076171875e+01
7.541893768310546875e+01
7.433864593505859375e+01
7.802302551269531250e+01
7.674100494384765625e+01
7.518149566650390625e+01
7.469061279296875000e+01
7.686154937744140625e+01
7.286512756347656250e+01
7.371655273437500000e+01
7.420780181884765625e+01
7.311836242675781250e+01
7.430155944824218750e+01
7.442427062988281250e+01
7.712674713134765625e+01
7.259003448486328125e+01
7.348387145996093750e+01
7.611901092529296875e+01
7.374399566650390625e+01
7.538970947265625000e+01
7.409336853027343750e+01
7.390232849121093750e+01
7.274518585205078125e+01
7.444911193847656250e+01
7.347770690917968750e+01
7.295941162109375000e+01
7.389206695556640625e+01
7.280689239501953125e+01
7.110004425048828125e+01
7.302137756347656250e+01
7.460842895507812500e+01
7.185812377929687500e+01
7.446910095214843750e+01
7.488107299804687500e+01
7.496809387207031250e+01
7.285250091552734375e+01
7.385341644287109375e+01
7.375682067871093750e+01
7.588172912597656250e+01
7.525659179687500000e+01
7.305328369140625000e+01
7.387504577636718750e+01
7.586065673828125000e+01
7.522499084472656250e+01
7.465605163574218750e+01
7.468972778320312500e+01
7.543443298339843750e+01
7.491639709472656250e+01
7.450653076171875000e+01
7.477803802490234375e+01
7.495318603515625000e+01
7.272173309326171875e+01
7.269869995117187500e+01
7.335395812988281250e+01
7.330841064453125000e+01
7.545275115966796875e+01
7.474058532714843750e+01
7.466339874267578125e+01
7.592995452880859375e+01
7.192050170898437500e+01
7.374391174316406250e+01
7.466284179687500000e+01
7.261386871337890625e+01
7.399637603759765625e+01
7.432224273681640625e+01
7.648802947998046875e+01
7.144042205810546875e+01
7.448878479003906250e+01
7.058939361572265625e+01
7.505114746093750000e+01
7.396253204345703125e+01
7.343558502197265625e+01
7.434984588623046875e+01
7.484102630615234375e+01
7.453718566894531250e+01
7.717320251464843750e+01
7.519621276855468750e+01
7.486352539062500000e+01
7.329728698730468750e+01
7.490336608886718750e+01
7.490022277832031250e+01
7.382004547119140625e+01
7.461669158935546875e+01
7.621479797363281250e+01
7.440174865722656250e+01
7.188137054443359375e+01
7.465776824951171875e+01
7.456535339355468750e+01
7.311356353759765625e+01
7.714067077636718750e+01
7.440509033203125000e+01
7.335725402832031250e+01
7.336516571044921875e+01
7.402626800537109375e+01
7.452208709716796875e+01
7.419573211669921875e+01
7.456878662109375000e+01
7.512524414062500000e+01
7.334044647216796875e+01
7.365525817871093750e+01
7.497737121582031250e+01
7.188190460205078125e+01
7.345980834960937500e+01
7.441421508789062500e+01
7.454226684570312500e+01
7.288129425048828125e+01
7.615921020507812500e+01
7.183713531494140625e+01
7.462602233886718750e+01
7.431900787353515625e+01
7.579519653320312500e+01
7.188461303710937500e+01
7.466886901855468750e+01
7.458221435546875000e+01
7.602384185791015625e+01
7.511409759521484375e+01
7.355099487304687500e+01
7.667706298828125000e+01
7.479410552978515625e+01
7.541835784912109375e+01
7.525440979003906250e+01
7.538103485107421875e+01
7.436298370361328125e+01
7.428337097167968750e+01
7.506172180175781250e+01
7.438092803955078125e+01
7.634577178955078125e+01
7.326478576660156250e+01
7.381615447998046875e+01
7.440550994873046875e+01
7.616265869140625000e+01
7.219230651855468750e+01
7.457067871093750000e+01
7.460342407226562500e+01
6.927786254882812500e+01
7.485604858398437500e+01
7.303073120117187500e+01
7.244644165039062500e+01
7.700614166259765625e+01
7.331591796875000000e+01
7.377790069580078125e+01
7.639886474609375000e+01
7.393791198730468750e+01
7.090319061279296875e+01
7.326519012451171875e+01
7.543602752685546875e+01
7.361581420898437500e+01
7.371959686279296875e+01
7.317666625976562500e+01
7.308411407470703125e+01
7.354517364501953125e+01
7.251952362060546875e+01
7.362956237792968750e+01
7.600160217285156250e+01
7.484556579589843750e+01
7.083449554443359375e+01
7.570716094970703125e+01
7.674079132080078125e+01
7.144036102294921875e+01
7.205808258056640625e+01
7.258968353271484375e+01
7.356138610839843750e+01
7.191178894042968750e+01
7.514306640625000000e+01
7.271457672119140625e+01
7.477483367919921875e+01
7.620716857910156250e+01
7.426026153564453125e+01
7.540715026855468750e+01
7.494183349609375000e+01
7.286252593994140625e+01
7.369369506835937500e+01
7.444487762451171875e+01
7.559141540527343750e+01
7.643732452392578125e+01
7.424985504150390625e+01
7.392868804931640625e+01
7.495941162109375000e+01
7.363191986083984375e+01
7.198899841308593750e+01
7.352372741699218750e+01
7.776651763916015625e+01
7.660709381103515625e+01
7.579208374023437500e+01
7.691047668457031250e+01
7.220531463623046875e+01
7.360289764404296875e+01
7.688793945312500000e+01
7.531964874267578125e+01
7.312891387939453125e+01
7.426904296875000000e+01
7.417430877685546875e+01
7.474877929687500000e+01
7.475121307373046875e+01
7.300495910644531250e+01
7.600308227539062500e+01
7.526802825927734375e+01
7.422270965576171875e+01
7.518389129638671875e+01
7.501062774658203125e+01
7.425585937500000000e+01
7.748965454101562500e+01
7.634313964843750000e+01
7.311954498291015625e+01
7.493174743652343750e+01
7.449182128906250000e+01
7.378820800781250000e+01
7.522145843505859375e+01
7.609560394287109375e+01
7.609406280517578125e+01
7.429983520507812500e+01
7.650915527343750000e+01
7.604371643066406250e+01
7.419950103759765625e+01
7.489051818847656250e+01
7.578814697265625000e+01
7.478531646728515625e+01
7.456929016113281250e+01
7.440158843994140625e+01
7.540770721435546875e+01
7.400514221191406250e+01
7.406355285644531250e+01
7.331166839599609375e+01
7.321431732177734375e+01
7.380931091308593750e+01
7.603578186035156250e+01
7.325957489013671875e+01
7.381033325195312500e+01
7.365531921386718750e+01
7.502026367187500000e+01
7.497356414794921875e+01
7.449322509765625000e+01
7.632272338867187500e+01
7.420639038085937500e+01
7.477899169921875000e+01
7.344255828857421875e+01
7.580230712890625000e+01
7.275521087646484375e+01
7.500775146484375000e+01
7.409076690673828125e+01
7.468567657470703125e+01
7.622658538818359375e+01
7.404083251953125000e+01
7.533084106445312500e+01
7.362075805664062500e+01
7.576686096191406250e+01
7.550520324707031250e+01
7.480185699462890625e+01
7.791201782226562500e+01
7.576009368896484375e+01
7.612711334228515625e+01
7.564437866210937500e+01
7.558249664306640625e+01
7.369913482666015625e+01
7.608174133300781250e+01
7.612850189208984375e+01
7.438338470458984375e+01
7.565187835693359375e+01
7.544758605957031250e+01
7.504091644287109375e+01
7.612402343750000000e+01
7.544477081298828125e+01
7.428939819335937500e+01
7.483629608154296875e+01
7.359580230712890625e+01
7.686529541015625000e+01
7.606359100341796875e+01
7.681580352783203125e+01
7.315739440917968750e+01
7.253379821777343750e+01
7.600472259521484375e+01
7.438861846923828125e+01
7.562902832031250000e+01
7.510208892822265625e+01
7.789831542968750000e+01
7.522808074951171875e+01
7.751190185546875000e+01
7.634980773925781250e+01
7.656363677978515625e+01
7.463335418701171875e+01
7.646178436279296875e+01
7.568250274658203125e+01
7.435791778564453125e+01
7.582574462890625000e+01
7.462908935546875000e+01
7.562464141845703125e+01
7.872248840332031250e+01
7.210153961181640625e+01
7.384297180175781250e+01
7.682150268554687500e+01
7.536866760253906250e+01
7.632387542724609375e+01
7.394491577148437500e+01
7.650989532470703125e+01
7.698075866699218750e+01
7.508657073974609375e+01
7.588410186767578125e+01
7.615406036376953125e+01
7.351399993896484375e+01
7.431726837158203125e+01
7.530632019042968750e+01
7.274590301513671875e+01
7.583789825439453125e+01
7.640802764892578125e+01
7.535429382324218750e+01
7.539660644531250000e+01
7.407910156250000000e+01
7.512742614746093750e+01
7.487925720214843750e+01
7.607749176025390625e+01
7.803107452392578125e+01
7.412579345703125000e+01
7.355448150634765625e+01
7.663839721679687500e+01
7.458360290527343750e+01
7.620015716552734375e+01
7.479267883300781250e+01
7.563158416748046875e+01
7.697533416748046875e+01
7.538710021972656250e+01
7.514957427978515625e+01
7.391723632812500000e+01
7.573394775390625000e+01
7.445069885253906250e+01
7.614811706542968750e+01
7.299195098876953125e+01
7.537967681884765625e+01
7.529367828369140625e+01
7.515483856201171875e+01
7.672142791748046875e+01
7.668700408935546875e+01
7.574148559570312500e+01
7.598899078369140625e+01
7.935514831542968750e+01
7.645195007324218750e+01
7.717687225341796875e+01
7.560749816894531250e+01
7.604973602294921875e+01
7.436547088623046875e+01
7.393980407714843750e+01
7.327618408203125000e+01
7.542648315429687500e+01
7.620240783691406250e+01
7.550812530517578125e+01
7.438998413085937500e+01
7.667515563964843750e+01
7.343552398681640625e+01
7.771144104003906250e+01
7.760656738281250000e+01
7.598088836669921875e+01
7.446524047851562500e+01
7.439279937744140625e+01
7.494513702392578125e+01
7.594274139404296875e+01
7.704885864257812500e+01
7.490875244140625000e+01
7.471150207519531250e+01
7.672782897949218750e+01
7.880162048339843750e+01
7.573881530761718750e+01
7.532164764404296875e+01
7.584710693359375000e+01
7.655941009521484375e+01
7.408155822753906250e+01
7.461726379394531250e+01
7.613014984130859375e+01
7.437951660156250000e+01
7.740682983398437500e+01
7.774267578125000000e+01
7.838656616210937500e+01
7.794400024414062500e+01
7.590277099609375000e+01
7.571025085449218750e+01
7.667684936523437500e+01
7.748770141601562500e+01
7.407823181152343750e+01
7.966159057617187500e+01
7.542991638183593750e+01
7.873976135253906250e+01
7.278883361816406250e+01
7.712741088867187500e+01
7.766592407226562500e+01
7.729406738281250000e+01
7.656954956054687500e+01
7.635997009277343750e+01
7.994788360595703125e+01
7.659602355957031250e+01
7.626875305175781250e+01
7.648514556884765625e+01
7.642012023925781250e+01
7.734222412109375000e+01
7.702091979980468750e+01
7.551757049560546875e+01
7.456604003906250000e+01
7.710848236083984375e+01
7.595323181152343750e+01
7.675984954833984375e+01
7.651101684570312500e+01
7.744551086425781250e+01
7.180740356445312500e+01
7.511412811279296875e+01
7.781193542480468750e+01
7.685931396484375000e+01
7.791374969482421875e+01
7.869696807861328125e+01
7.700785064697265625e+01
7.576249694824218750e+01
7.671307373046875000e+01
7.502839660644531250e+01
7.706906127929687500e+01
7.715914916992187500e+01
7.699652099609375000e+01
7.174737548828125000e+01
7.638035583496093750e+01
7.681478881835937500e+01
7.625459289550781250e+01
7.743963623046875000e+01
7.511077117919921875e+01
7.714808654785156250e+01
7.548716735839843750e+01
7.704456329345703125e+01
7.579866027832031250e+01
7.474130249023437500e+01
7.680567932128906250e+01
7.736088562011718750e+01
7.418083190917968750e+01
7.860656738281250000e+01
7.836027526855468750e+01
7.630538177490234375e+01
7.824620819091796875e+01
7.612144470214843750e+01
7.499092102050781250e+01
7.769835662841796875e+01
7.623149108886718750e+01
7.876887512207031250e+01
7.685961151123046875e+01
7.866722106933593750e+01
7.496690368652343750e+01
7.673689270019531250e+01
7.535928344726562500e+01
7.641880035400390625e+01
7.703240966796875000e+01
7.787245178222656250e+01
7.664125061035156250e+01
7.438394927978515625e+01
7.779701232910156250e+01
7.471907043457031250e+01
7.512149047851562500e+01
7.806845855712890625e+01
7.612516784667968750e+01
7.702388763427734375e+01
7.677038574218750000e+01
7.818539428710937500e+01
7.839151000976562500e+01
7.887074279785156250e+01
7.426106262207031250e+01
7.666004943847656250e+01
7.832083129882812500e+01
7.655758666992187500e+01
7.453636169433593750e+01
7.756291961669921875e+01
7.846250152587890625e+01
7.678204345703125000e+01
7.757478332519531250e+01
7.832460021972656250e+01
7.585269927978515625e+01
7.725347137451171875e+01
7.626686096191406250e+01
7.773612976074218750e+01
7.511180114746093750e+01
7.605303955078125000e+01
7.548219299316406250e+01
7.626015472412109375e+01
7.582215881347656250e+01
7.480415344238281250e+01
7.759198760986328125e+01
7.676203918457031250e+01
7.768757629394531250e+01
7.700578308105468750e+01
7.638575744628906250e+01
7.898669433593750000e+01
7.566201782226562500e+01
7.723736572265625000e+01
7.769976806640625000e+01
7.692229461669921875e+01
7.524171447753906250e+01
7.789709472656250000e+01
7.709312438964843750e+01
7.614778137207031250e+01
7.666159057617187500e+01
7.730142211914062500e+01
7.850088500976562500e+01
7.930866241455078125e+01
7.578012084960937500e+01
7.658919525146484375e+01
7.618690490722656250e+01
7.868842315673828125e+01
7.530067443847656250e+01
7.941962432861328125e+01
7.854177093505859375e+01
7.694183349609375000e+01
7.535130310058593750e+01
7.738412475585937500e+01
7.572573089599609375e+01
7.899440765380859375e+01
7.681364440917968750e+01
7.692045593261718750e+01
7.838610076904296875e+01
7.589082336425781250e+01
7.564318847656250000e+01
7.804066467285156250e+01
7.884128570556640625e+01
7.874864196777343750e+01
7.779261779785156250e+01
7.635295867919921875e+01
7.885421752929687500e+01
7.765207672119140625e+01
7.918460083007812500e+01
7.888551330566406250e+01
7.759228515625000000e+01
7.536926269531250000e+01
7.611445617675781250e+01
8.023614501953125000e+01
7.780207824707031250e+01
7.833705139160156250e+01
7.925241088867187500e+01
7.579353332519531250e+01
7.828009033203125000e+01
7.926670837402343750e+01
7.918321228027343750e+01
7.501890563964843750e+01
7.499247741699218750e+01
7.826898956298828125e+01
7.630026245117187500e+01
8.008768463134765625e+01
7.825361633300781250e+01
7.870617675781250000e+01
7.893693542480468750e+01
7.513252258300781250e+01
7.699612426757812500e+01
7.781049346923828125e+01
7.600543212890625000e+01
7.696723175048828125e+01
7.995656585693359375e+01
7.772245788574218750e+01
7.537951660156250000e+01
7.810363769531250000e+01
7.790087127685546875e+01
8.136903381347656250e+01
7.911375427246093750e+01
7.788776397705078125e+01
8.114677429199218750e+01
7.756694030761718750e+01
7.786298370361328125e+01
7.709140014648437500e+01
7.957252502441406250e+01
7.549185180664062500e+01
7.670431518554687500e+01
7.660289764404296875e+01
7.439176940917968750e+01
7.763439941406250000e+01
7.982525634765625000e+01
7.779621887207031250e+01
7.754315185546875000e+01
7.864402008056640625e+01
7.831542205810546875e+01
7.678324890136718750e+01
7.943493652343750000e+01
7.945975494384765625e+01
7.963293457031250000e+01
7.836216735839843750e+01
7.847451782226562500e+01
7.763662719726562500e+01
7.824707031250000000e+01
7.804058074951171875e+01
7.785292816162109375e+01
7.669589996337890625e+01
7.457720947265625000e+01
7.922705841064453125e+01
7.783326721191406250e+01
7.695330810546875000e+01
7.831529235839843750e+01
7.588822937011718750e+01
7.901765441894531250e+01
7.766816711425781250e+01
7.875145721435546875e+01
7.608695983886718750e+01
7.980475616455078125e+01
7.814540100097656250e+01
7.658824157714843750e+01
7.936362457275390625e+01
7.876535034179687500e+01
7.396471405029296875e+01
7.598796844482421875e+01
7.882032775878906250e+01
7.652711486816406250e+01
7.580940246582031250e+01
7.987243652343750000e+01
7.675170898437500000e+01
7.681488037109375000e+01
7.828753662109375000e+01
8.038909912109375000e+01
7.828837585449218750e+01
7.892099761962890625e+01
7.809585571289062500e+01
7.964248657226562500e+01
7.682086181640625000e+01
7.963592529296875000e+01
8.106845092773437500e+01
7.933150482177734375e+01
8.217668151855468750e+01
7.775398254394531250e+01
7.885881042480468750e+01
7.953806304931640625e+01
8.053300476074218750e+01
8.067929077148437500e+01
7.719599151611328125e+01
7.840208435058593750e+01
7.998648071289062500e+01
8.017141723632812500e+01
8.006617736816406250e+01
7.854322814941406250e+01
7.917720031738281250e+01
7.986946105957031250e+01
7.717254638671875000e+01
7.913320159912109375e+01
7.752330017089843750e+01
8.104405212402343750e+01
7.873637390136718750e+01
8.000292968750000000e+01
8.017815399169921875e+01
7.923392486572265625e+01
7.801924896240234375e+01
7.671229553222656250e+01
8.035157775878906250e+01
7.620706939697265625e+01
7.923313903808593750e+01
7.887002563476562500e+01
8.029446411132812500e+01
7.896000671386718750e+01
7.941633605957031250e+01
7.729425048828125000e+01
7.829363250732421875e+01
7.867784118652343750e+01
8.213295745849609375e+01
7.814927673339843750e+01
7.707630920410156250e+01
8.007139587402343750e+01
8.088577270507812500e+01
7.947116851806640625e+01
7.766538238525390625e+01
7.953327178955078125e+01
8.177830505371093750e+01
8.052217864990234375e+01
7.952584838867187500e+01
8.050958251953125000e+01
7.786599731445312500e+01
7.750037384033203125e+01
8.031496429443359375e+01
7.988008117675781250e+01
7.808893585205078125e+01
7.904603576660156250e+01
8.003240966796875000e+01
7.789895629882812500e+01
7.754140472412109375e+01
7.787342071533203125e+01
7.895917510986328125e+01
7.949117279052734375e+01
7.702932739257812500e+01
8.273229980468750000e+01
8.187171936035156250e+01
7.901077270507812500e+01
7.879170227050781250e+01
7.728617095947265625e+01
7.999328613281250000e+01
7.955407714843750000e+01
7.910493469238281250e+01
8.046177673339843750e+01
7.782291412353515625e+01
7.949861145019531250e+01
8.063388824462890625e+01
8.193815612792968750e+01
7.928767395019531250e+01
7.997077941894531250e+01
8.133135223388671875e+01
8.043116760253906250e+01
7.937828063964843750e+01
7.922886657714843750e+01
7.862767791748046875e+01
8.038768005371093750e+01
7.941409301757812500e+01
7.719137573242187500e+01
7.857000732421875000e+01
7.997822570800781250e+01
7.696370697021484375e+01
7.980075836181640625e+01
8.094494628906250000e+01
8.120298767089843750e+01
7.952989959716796875e+01
8.022057342529296875e+01
8.021939849853515625e+01
7.928843688964843750e+01
8.066572570800781250e+01
7.982088470458984375e+01
7.987028503417968750e+01
7.832162475585937500e+01
7.898779296875000000e+01
7.920185852050781250e+01
7.773418426513671875e+01
7.999323272705078125e+01
8.196523284912109375e+01
7.776800537109375000e+01
8.153666687011718750e+01
7.963513183593750000e+01
7.870893859863281250e+01
7.862658691406250000e+01
7.549490356445312500e+01
7.851268005371093750e+01
8.354918670654296875e+01
8.072953033447265625e+01
7.992851257324218750e+01
8.201054382324218750e+01
8.031064605712890625e+01
7.832794189453125000e+01
8.188687133789062500e+01
8.008090972900390625e+01
8.108919525146484375e+01
8.085819244384765625e+01
8.260751342773437500e+01
8.143692016601562500e+01
8.093602752685546875e+01
7.900328063964843750e+01
7.965491485595703125e+01
7.983759307861328125e+01
7.936535644531250000e+01
7.926093292236328125e+01
8.238205718994140625e+01
7.957397460937500000e+01
7.979998779296875000e+01
7.976774597167968750e+01
8.064001464843750000e+01
8.058783721923828125e+01
8.271605682373046875e+01
7.971017456054687500e+01
8.027206420898437500e+01
8.257556152343750000e+01
8.274272155761718750e+01
8.174135589599609375e+01
7.996878051757812500e+01
7.902845764160156250e+01
8.209030151367187500e+01
7.918267822265625000e+01
8.042378234863281250e+01
8.115477752685546875e+01
8.275511932373046875e+01
8.147106170654296875e+01
7.830628967285156250e+01
7.899092102050781250e+01
7.997280883789062500e+01
7.819897460937500000e+01
7.985476684570312500e+01
8.468383026123046875e+01
8.307197570800781250e+01
8.028517150878906250e+01
8.018722534179687500e+01
7.928306579589843750e+01
8.092477416992187500e+01
7.901849365234375000e+01
7.933552551269531250e+01
7.687123870849609375e+01
8.343663024902343750e+01
7.826791381835937500e+01
8.090043640136718750e+01
7.936489868164062500e+01
7.863098144531250000e+01
8.287272644042968750e+01
7.894131469726562500e+01
7.900036621093750000e+01
8.024353027343750000e+01
7.977941894531250000e+01
8.266203308105468750e+01
8.014906311035156250e+01
8.395793151855468750e+01
8.008084106445312500e+01
8.215261077880859375e+01
8.030252075195312500e+01
7.940530395507812500e+01
8.206988525390625000e+01
8.159272766113281250e+01
8.020023345947265625e+01
8.148210906982421875e+01
8.186235809326171875e+01
8.136239624023437500e+01
8.134723663330078125e+01
7.893064880371093750e+01
7.988231658935546875e+01
8.118370056152343750e+01
7.914967346191406250e+01
8.134870147705078125e+01
8.142752838134765625e+01
7.955603790283203125e+01
7.997997283935546875e+01
8.321649169921875000e+01
8.305679321289062500e+01
8.286643981933593750e+01
7.918125915527343750e+01
8.025684356689453125e+01
8.157655334472656250e+01
8.101974487304687500e+01
8.149800872802734375e+01
8.112936401367187500e+01
8.224867248535156250e+01
8.151512145996093750e+01
8.209027862548828125e+01
8.090516662597656250e+01
8.539733886718750000e+01
8.300012207031250000e+01
8.062714385986328125e+01
8.108001708984375000e+01
8.142980194091796875e+01
8.353957366943359375e+01
7.830519104003906250e+01
7.843073272705078125e+01
7.957206726074218750e+01
8.175894165039062500e+01
8.007157135009765625e+01
8.197770690917968750e+01
8.309994506835937500e+01
8.099710083007812500e+01
8.215397644042968750e+01
7.996415710449218750e+01
8.176084899902343750e+01
8.157937622070312500e+01
8.045480346679687500e+01
8.318847656250000000e+01
8.316273498535156250e+01
8.048243713378906250e+01
8.140371704101562500e+01
8.191275024414062500e+01
7.904898071289062500e+01
8.177399444580078125e+01
7.861086273193359375e+01
8.123176574707031250e+01
7.976293182373046875e+01
8.221450805664062500e+01
8.071601867675781250e+01
8.111983489990234375e+01
8.013371276855468750e+01
8.350453186035156250e+01
8.025982666015625000e+01
8.382467651367187500e+01
7.954431915283203125e+01
8.097930145263671875e+01
8.093119049072265625e+01
8.429101562500000000e+01
8.268353271484375000e+01
7.991276550292968750e+01
8.147622680664062500e+01
8.091333770751953125e+01
8.155980682373046875e+01
8.336357879638671875e+01
8.182943725585937500e+01
8.286785888671875000e+01
7.945129394531250000e+01
7.975575256347656250e+01
8.316435241699218750e+01
8.085985565185546875e+01
8.337457275390625000e+01
8.172203063964843750e+01
8.436163330078125000e+01
7.971913146972656250e+01
8.027392578125000000e+01
8.391696929931640625e+01
8.140624237060546875e+01
8.424586486816406250e+01
7.876533508300781250e+01
8.254138183593750000e+01
8.018676757812500000e+01
8.176537322998046875e+01
7.965567016601562500e+01
8.081085968017578125e+01
8.287245178222656250e+01
7.960661315917968750e+01
8.228955078125000000e+01
8.289361572265625000e+01
8.219934082031250000e+01
8.110671234130859375e+01
8.127531433105468750e+01
8.198999023437500000e+01
7.979051208496093750e+01
8.442703247070312500e+01
8.414981079101562500e+01
8.041464233398437500e+01
8.116632080078125000e+01
8.201138305664062500e+01
8.027264404296875000e+01
8.140873718261718750e+01
8.216508483886718750e+01
8.081624603271484375e+01
8.188505554199218750e+01
8.496404266357421875e+01
8.210735321044921875e+01
8.057705688476562500e+01
8.355728912353515625e+01
8.161962890625000000e+01
7.949520874023437500e+01
8.311918640136718750e+01
8.152577209472656250e+01
8.101208496093750000e+01
8.082012939453125000e+01
8.557131958007812500e+01
8.183898162841796875e+01
8.259767150878906250e+01
8.272127532958984375e+01
8.143066406250000000e+01
8.321382141113281250e+01
8.350450897216796875e+01
8.144023895263671875e+01
8.265804290771484375e+01
8.092712402343750000e+01
8.274607849121093750e+01
8.108667755126953125e+01
8.161475372314453125e+01
8.203306579589843750e+01
8.164968109130859375e+01
8.258287048339843750e+01
8.235577392578125000e+01
8.156275939941406250e+01
8.122767639160156250e+01
7.935874176025390625e+01
8.280926513671875000e+01
8.372476959228515625e+01
8.258142852783203125e+01
8.457961273193359375e+01
8.204051208496093750e+01
8.143234252929687500e+01
8.239884185791015625e+01
8.086231994628906250e+01
8.211601257324218750e+01
8.104185485839843750e+01
8.230648040771484375e+01
8.244656372070312500e+01
8.116283416748046875e+01
7.987995910644531250e+01
8.410792541503906250e+01
8.410518646240234375e+01
8.144723510742187500e+01
8.461875915527343750e+01
7.992961120605468750e+01
8.304081726074218750e+01
8.236763763427734375e+01
7.842535400390625000e+01
8.353912353515625000e+01
8.298815155029296875e+01
8.380812072753906250e+01
8.179134368896484375e+01
8.304859161376953125e+01
8.168533325195312500e+01
8.209081268310546875e+01
8.234062194824218750e+01
8.349557495117187500e+01
8.128620147705078125e+01
8.185638427734375000e+01
8.283275604248046875e+01
8.477336883544921875e+01
8.414291381835937500e+01
8.159959411621093750e+01
8.403924560546875000e+01
8.166841888427734375e+01
7.922197723388671875e+01
8.086306762695312500e+01
8.143139648437500000e+01
8.449797821044921875e+01
8.245107269287109375e+01
8.259872436523437500e+01
8.234455871582031250e+01
8.182627868652343750e+01
8.334516906738281250e+01
8.280101013183593750e+01
8.579779052734375000e+01
8.403320312500000000e+01
8.520777893066406250e+01
8.215755462646484375e+01
8.296160125732421875e+01
8.359105682373046875e+01
8.124101257324218750e+01
8.224808502197265625e+01
8.431050109863281250e+01
8.334953308105468750e+01
8.440338134765625000e+01
8.183464050292968750e+01
8.453536224365234375e+01
8.077520751953125000e+01
8.483277130126953125e+01
8.375115966796875000e+01
8.373568725585937500e+01
8.403437805175781250e+01
8.434771728515625000e+01
8.642910003662109375e+01
8.057751464843750000e+01
8.005769348144531250e+01
8.559490966796875000e+01
8.269852447509765625e+01
8.554013061523437500e+01
8.323979187011718750e+01
8.187960815429687500e+01
8.456900024414062500e+01
8.166711425781250000e+01
8.435193634033203125e+01
8.567410278320312500e+01
8.295042419433593750e+01
8.379761505126953125e+01
8.427772521972656250e+01
8.413909912109375000e+01
8.396456909179687500e+01
8.123745727539062500e+01
8.176341247558593750e+01
8.374385833740234375e+01
8.128414916992187500e+01
8.291042327880859375e+01
8.272071838378906250e+01
8.269927978515625000e+01
8.357259368896484375e+01
8.215554046630859375e+01
8.714735412597656250e+01
8.375898742675781250e+01
8.255145263671875000e+01
8.411180114746093750e+01
8.630548095703125000e+01
8.403488159179687500e+01
8.472597503662109375e+01
8.371943664550781250e+01
8.309367370605468750e+01
8.509514617919921875e+01
8.500597381591796875e+01
8.402929687500000000e+01
8.400791931152343750e+01
8.353305053710937500e+01
8.096848297119140625e+01
8.326586914062500000e+01
8.164923095703125000e+01
8.323474121093750000e+01
8.206439971923828125e+01
8.731423187255859375e+01
8.338687896728515625e+01
8.214761352539062500e+01
8.223693847656250000e+01
8.385173034667968750e+01
8.162266540527343750e+01
8.815370178222656250e+01
8.476446533203125000e+01
8.356277465820312500e+01
8.512072753906250000e+01
8.531886291503906250e+01
8.419241333007812500e+01
8.534829711914062500e+01
8.187151336669921875e+01
8.511109161376953125e+01
8.217848205566406250e+01
8.334448242187500000e+01
8.599307250976562500e+01
8.250991821289062500e+01
8.550362396240234375e+01
8.344461059570312500e+01
8.529579162597656250e+01
8.081281280517578125e+01
8.283085632324218750e+01
8.674126434326171875e+01
8.361512756347656250e+01
8.282032775878906250e+01
8.348258972167968750e+01
8.475080871582031250e+01
8.436785888671875000e+01
8.135346221923828125e+01
8.546250152587890625e+01
8.347466278076171875e+01
8.370011901855468750e+01
8.430876922607421875e+01
8.547106933593750000e+01
8.501959228515625000e+01
8.512107849121093750e+01
8.262719726562500000e+01
8.503955078125000000e+01
8.653068542480468750e+01
8.121532440185546875e+01
8.554685974121093750e+01
8.660548400878906250e+01
8.456362915039062500e+01
8.257902526855468750e+01
8.587497711181640625e+01
8.504734802246093750e+01
8.201902770996093750e+01
8.534703063964843750e+01
8.192266845703125000e+01
8.247708892822265625e+01
8.441342926025390625e+01
8.699620056152343750e+01
8.665305328369140625e+01
8.354782867431640625e+01
8.374408721923828125e+01
8.261251831054687500e+01
8.664385223388671875e+01
8.342390441894531250e+01
8.507827758789062500e+01
8.496374511718750000e+01
8.608712005615234375e+01
8.512602233886718750e+01
8.418054199218750000e+01
8.554859161376953125e+01
8.429133605957031250e+01
8.441102600097656250e+01
8.391914367675781250e+01
8.261857604980468750e+01
8.694817352294921875e+01
8.440888977050781250e+01
8.516333007812500000e+01
8.372354125976562500e+01
8.485649108886718750e+01
8.472378540039062500e+01
8.532123565673828125e+01
8.473731994628906250e+01
8.504998779296875000e+01
8.310834503173828125e+01
8.569769287109375000e+01
8.500729370117187500e+01
8.794407653808593750e+01
8.464881896972656250e+01
8.319371032714843750e+01
8.506283569335937500e+01
8.459059143066406250e+01
8.242440795898437500e+01
8.322580718994140625e+01
8.481852722167968750e+01
8.667174530029296875e+01
8.591202545166015625e+01
8.432594299316406250e+01
8.616653442382812500e+01
8.510240173339843750e+01
8.440943908691406250e+01
8.446266937255859375e+01
8.416662597656250000e+01
8.535617828369140625e+01
8.811064910888671875e+01
8.184573364257812500e+01
8.378001403808593750e+01
8.634172821044921875e+01
8.448970794677734375e+01
8.512855529785156250e+01
8.465433502197265625e+01
8.847850799560546875e+01
8.353220367431640625e+01
8.388543701171875000e+01
8.243473052978515625e+01
8.522395324707031250e+01
8.513169097900390625e+01
8.421702575683593750e+01
8.728819274902343750e+01
8.356768798828125000e+01
8.469529724121093750e+01
8.401142883300781250e+01
8.571533203125000000e+01
8.547814941406250000e+01
8.590586853027343750e+01
8.653007507324218750e+01
8.318084716796875000e+01
8.387700653076171875e+01
8.509868621826171875e+01
8.531643676757812500e+01
8.394070434570312500e+01
8.458595275878906250e+01
8.574343109130859375e+01
8.240798950195312500e+01
8.443700408935546875e+01
8.600782012939453125e+01
8.700817871093750000e+01
8.425364685058593750e+01
8.628906250000000000e+01
8.585656738281250000e+01
8.957470703125000000e+01
8.671028137207031250e+01
8.696562957763671875e+01
8.419160461425781250e+01
8.582987976074218750e+01
8.624168395996093750e+01
8.518754577636718750e+01
8.633190155029296875e+01
8.585923767089843750e+01
8.839568328857421875e+01
8.740507507324218750e+01
8.521348571777343750e+01
8.504249572753906250e+01
8.605035400390625000e+01
8.477140045166015625e+01
8.610391235351562500e+01
8.478983306884765625e+01
8.659783935546875000e+01
8.560503387451171875e+01
8.346380615234375000e+01
8.601360321044921875e+01
8.538661193847656250e+01
8.713446807861328125e+01
8.490240478515625000e+01
8.644213867187500000e+01
8.607601928710937500e+01
8.581781005859375000e+01
8.384147644042968750e+01
8.463249969482421875e+01
8.551152038574218750e+01
8.490560913085937500e+01
8.384434509277343750e+01
8.574247741699218750e+01
8.494602203369140625e+01
8.685353088378906250e+01
8.571847534179687500e+01
8.362812805175781250e+01
8.630921936035156250e+01
8.553956604003906250e+01
8.428701019287109375e+01
8.719744110107421875e+01
8.730751037597656250e+01
8.464257812500000000e+01
8.609272766113281250e+01
8.644140625000000000e+01
8.434099578857421875e+01
8.632526397705078125e+01
8.645050811767578125e+01
8.682733154296875000e+01
8.666892242431640625e+01
8.765444183349609375e+01
8.395405578613281250e+01
8.490472412109375000e+01
8.629967498779296875e+01
9.020635986328125000e+01
8.456401062011718750e+01
8.675788116455078125e+01
8.455397033691406250e+01
8.461375427246093750e+01
8.589983367919921875e+01
8.726132202148437500e+01
8.681871032714843750e+01
8.612949371337890625e+01
8.821278381347656250e+01
8.727825164794921875e+01
8.840733337402343750e+01
8.568609619140625000e+01
8.598512268066406250e+01
8.702650451660156250e+01
8.668702697753906250e+01
8.613107299804687500e+01
8.685429382324218750e+01
8.495479583740234375e+01
8.422578430175781250e+01
8.511846923828125000e+01
8.766703033447265625e+01
8.753965759277343750e+01
8.382371520996093750e+01
8.521208953857421875e+01
8.627204132080078125e+01
8.452576446533203125e+01
8.490193176269531250e+01
8.701237487792968750e+01
8.566949462890625000e+01
8.730491638183593750e+01
8.689987182617187500e+01
8.364495849609375000e+01
8.631278991699218750e+01
8.807571411132812500e+01
8.582708740234375000e+01
8.496739196777343750e+01
8.734107208251953125e+01
8.771591186523437500e+01
8.515529632568359375e+01
8.756643676757812500e+01
8.430999755859375000e+01
8.708412933349609375e+01
8.765266418457031250e+01
8.325856018066406250e+01
8.709994506835937500e+01
8.533689880371093750e+01
8.709427642822265625e+01
8.458719635009765625e+01
8.811842346191406250e+01
8.680310058593750000e+01
8.840306854248046875e+01
8.833685302734375000e+01
8.517744445800781250e+01
8.685346221923828125e+01
8.650402832031250000e+01
8.434774780273437500e+01
8.418560791015625000e+01
8.669325256347656250e+01
8.833154296875000000e+01
8.520965576171875000e+01
8.661516571044921875e+01
8.837204742431640625e+01
8.519650268554687500e+01
8.739784240722656250e+01
8.751545715332031250e+01
8.814109802246093750e+01
8.738860321044921875e+01
8.713822174072265625e+01
8.703507232666015625e+01
8.453730773925781250e+01
8.797953796386718750e+01
8.714706420898437500e+01
8.632676696777343750e+01
8.577995300292968750e+01
8.710836029052734375e+01
8.665637969970703125e+01
8.751419067382812500e+01
8.670652770996093750e+01
8.711444854736328125e+01
8.655049896240234375e+01
8.566672515869140625e+01
8.643041992187500000e+01
8.831230163574218750e+01
8.763748931884765625e+01
8.612988281250000000e+01
8.821800994873046875e+01
8.759451293945312500e+01
8.816258239746093750e+01
8.763302612304687500e+01
8.446266174316406250e+01
8.737890625000000000e+01
8.563135528564453125e+01
8.742264556884765625e+01
8.777059936523437500e+01
8.769868469238281250e+01
8.795994567871093750e+01
8.761190795898437500e+01
8.915412139892578125e+01
8.987297058105468750e+01
8.631138610839843750e+01
8.542721557617187500e+01
8.589860534667968750e+01
8.710023498535156250e+01
8.802665710449218750e+01
8.580505371093750000e+01
8.919186401367187500e+01
8.803477478027343750e+01
8.713475799560546875e+01
8.589363098144531250e+01
8.787223815917968750e+01
8.562338256835937500e+01
8.566146850585937500e+01
8.927485656738281250e+01
8.970494842529296875e+01
8.589837646484375000e+01
8.455635070800781250e+01
8.772863769531250000e+01
8.815879821777343750e+01
8.667914581298828125e+01
8.557011413574218750e+01
8.725817871093750000e+01
8.509175109863281250e+01
8.497457885742187500e+01
8.585896301269531250e+01
8.707546997070312500e+01
8.665380859375000000e+01
8.780612182617187500e+01
8.670391082763671875e+01
8.676964569091796875e+01
8.773587036132812500e+01
9.047700500488281250e+01
8.607006835937500000e+01
8.656118011474609375e+01
8.821778106689453125e+01
8.728118896484375000e+01
8.778996276855468750e+01
8.925612640380859375e+01
8.436326599121093750e+01
8.958711242675781250e+01
8.885726928710937500e+01
8.608356475830078125e+01
8.759488677978515625e+01
8.866603088378906250e+01
8.716862487792968750e+01
8.818571472167968750e+01
8.662295532226562500e+01
9.009780883789062500e+01
8.750846099853515625e+01
8.750485229492187500e+01
8.820412445068359375e+01
8.566332244873046875e+01
8.675045013427734375e+01
8.763321685791015625e+01
8.838714599609375000e+01
8.733642578125000000e+01
8.719763946533203125e+01
8.769046020507812500e+01
8.819260406494140625e+01
8.789562988281250000e+01
8.845629882812500000e+01
8.879692077636718750e+01
8.546974945068359375e+01
8.779536437988281250e+01
8.827290344238281250e+01
8.730737304687500000e+01
8.908823394775390625e+01
8.769923400878906250e+01
8.543941497802734375e+01
8.826438903808593750e+01
8.469401550292968750e+01
8.665203857421875000e+01
8.995468139648437500e+01
8.677955627441406250e+01
8.585118103027343750e+01
8.596286773681640625e+01
8.972657012939453125e+01
8.873023986816406250e+01
8.834476470947265625e+01
8.621213531494140625e+01
8.845865631103515625e+01
8.755702972412109375e+01
8.660594177246093750e+01
8.458976745605468750e+01
8.764121246337890625e+01
8.695942687988281250e+01
9.243232727050781250e+01
8.566784667968750000e+01
8.888885498046875000e+01
8.739636230468750000e+01
9.006709289550781250e+01
8.874314880371093750e+01
8.709510803222656250e+01
8.817247772216796875e+01
8.888794708251953125e+01
8.812687683105468750e+01
8.754870605468750000e+01
8.805918121337890625e+01
8.853261566162109375e+01
8.868556213378906250e+01
8.748045349121093750e+01
8.721473693847656250e+01
8.809992218017578125e+01
9.007593536376953125e+01
8.909685516357421875e+01
9.118362426757812500e+01
8.840750122070312500e+01
8.783013153076171875e+01
8.952558898925781250e+01
8.994716644287109375e+01
8.753750610351562500e+01
8.775034332275390625e+01
8.769142913818359375e+01
8.958967590332031250e+01
9.169812011718750000e+01
9.089565277099609375e+01
8.846018981933593750e+01
8.691150665283203125e+01
8.803169250488281250e+01
8.779930114746093750e+01
8.587947082519531250e+01
8.935929870605468750e+01
8.869266510009765625e+01
8.666562652587890625e+01
8.694042968750000000e+01
8.603450012207031250e+01
8.737516784667968750e+01
8.958058166503906250e+01
8.843813323974609375e+01
8.886582946777343750e+01
8.863308715820312500e+01
8.653440856933593750e+01
9.003295898437500000e+01
8.959104156494140625e+01
9.084391021728515625e+01
8.999169158935546875e+01
8.803337097167968750e+01
9.055039978027343750e+01
8.813031768798828125e+01
8.786971282958984375e+01
8.782929992675781250e+01
8.946223449707031250e+01
8.830724334716796875e+01
9.025337219238281250e+01
8.889247894287109375e+01
9.116825866699218750e+01
8.738699340820312500e+01
8.578256225585937500e+01
8.825242614746093750e+01
8.814033508300781250e+01
8.691902160644531250e+01
8.649090576171875000e+01
8.797981262207031250e+01
8.663825988769531250e+01
9.216845703125000000e+01
8.874218750000000000e+01
8.926475524902343750e+01
9.294363403320312500e+01
8.662824249267578125e+01
8.759182739257812500e+01
8.937406921386718750e+01
8.837528228759765625e+01
8.835617828369140625e+01
9.061549377441406250e+01
8.754899597167968750e+01
8.725514984130859375e+01
8.798414611816406250e+01
8.788986206054687500e+01
8.900758361816406250e+01
8.835043334960937500e+01
9.015008544921875000e+01
8.707303619384765625e+01
9.063290405273437500e+01
9.207373046875000000e+01
8.727346801757812500e+01
8.898241424560546875e+01
8.843011474609375000e+01
9.115557861328125000e+01
9.178743743896484375e+01
8.952013397216796875e+01
8.736108398437500000e+01
8.980757904052734375e+01
8.634981536865234375e+01
8.646365356445312500e+01
9.016526794433593750e+01
9.021276855468750000e+01
9.001025390625000000e+01
8.730453491210937500e+01
8.987773895263671875e+01
9.081942749023437500e+01
9.015196228027343750e+01
9.055131530761718750e+01
8.875668334960937500e+01
9.257424926757812500e+01
8.710903930664062500e+01
8.905323791503906250e+01
8.764395141601562500e+01
9.082902526855468750e+01
8.737843322753906250e+01
8.645678710937500000e+01
8.860824584960937500e+01
8.943125915527343750e+01
8.939830017089843750e+01
8.701831054687500000e+01
9.151831054687500000e+01
8.867845153808593750e+01
8.824880981445312500e+01
9.051791381835937500e+01
8.894622039794921875e+01
8.776486968994140625e+01
9.008459472656250000e+01
8.740973663330078125e+01
8.967568969726562500e+01
9.016510009765625000e+01
8.681187438964843750e+01
8.837845611572265625e+01
8.841024780273437500e+01
8.848997497558593750e+01
8.942143249511718750e+01
8.992716979980468750e+01
9.024781036376953125e+01
9.151091003417968750e+01
8.950317382812500000e+01
8.855256652832031250e+01
8.828457641601562500e+01
8.963038635253906250e+01
8.842121887207031250e+01
8.976553344726562500e+01
8.867747497558593750e+01
9.018772888183593750e+01
8.776094055175781250e+01
8.977262115478515625e+01
8.721417236328125000e+01
9.209944152832031250e+01
8.867306518554687500e+01
9.080468750000000000e+01
8.966033935546875000e+01
8.914994812011718750e+01
8.867422485351562500e+01
8.552998352050781250e+01
9.155065917968750000e+01
8.915867614746093750e+01
8.860322570800781250e+01
8.959706115722656250e+01
8.880924987792968750e+01
8.878301239013671875e+01
9.159645843505859375e+01
8.994902038574218750e+01
8.839491271972656250e+01
8.926016235351562500e+01
8.899163818359375000e+01
9.057446289062500000e+01
8.836876678466796875e+01
8.949108886718750000e+01
8.587660217285156250e+01
8.914465332031250000e+01
8.749821472167968750e+01
9.097625732421875000e+01
9.044751739501953125e+01
9.180033874511718750e+01
8.999465179443359375e+01
8.815794372558593750e+01
8.917910003662109375e+01
8.853797149658203125e+01
8.962652587890625000e+01
8.729925537109375000e+01
9.038453674316406250e+01
9.119688415527343750e+01
9.115084075927734375e+01
8.960951995849609375e+01
9.017842102050781250e+01
9.231431579589843750e+01
9.119320678710937500e+01
8.864022827148437500e+01
8.840028381347656250e+01
8.990413665771484375e+01
8.994477844238281250e+01
8.944278717041015625e+01
8.889634704589843750e+01
8.858396148681640625e+01
8.991439819335937500e+01
9.156307983398437500e+01
9.034126281738281250e+01
8.883755493164062500e+01
8.991586303710937500e+01
9.264720153808593750e+01
8.950791931152343750e+01
9.137168121337890625e+01
9.012290954589843750e+01
8.737123870849609375e+01
9.250550842285156250e+01
9.259330749511718750e+01
9.006204223632812500e+01
8.902314758300781250e+01
9.358244323730468750e+01
8.942358398437500000e+01
9.020948791503906250e+01
8.893850708007812500e+01
9.154306030273437500e+01
8.842515563964843750e+01
9.107611846923828125e+01
8.955191802978515625e+01
9.000760650634765625e+01
8.946133422851562500e+01
9.000341796875000000e+01
9.033558654785156250e+01
8.975659942626953125e+01
9.216596221923828125e+01
9.049164581298828125e+01
8.753326416015625000e+01
8.739019012451171875e+01
9.062565612792968750e+01
8.890330505371093750e+01
8.984167480468750000e+01
9.101574707031250000e+01
8.843278503417968750e+01
9.397239685058593750e+01
9.099935913085937500e+01
9.015788269042968750e+01
9.147620391845703125e+01
8.844985961914062500e+01
8.832124328613281250e+01
9.024705505371093750e+01
9.135111999511718750e+01
8.882386779785156250e+01
9.135005187988281250e+01
9.024226379394531250e+01
8.950126647949218750e+01
9.156518554687500000e+01
8.961242675781250000e+01
8.947178649902343750e+01
8.899450683593750000e+01
8.886451721191406250e+01
9.219087219238281250e+01
9.108676147460937500e+01
9.018251037597656250e+01
9.093399047851562500e+01
8.853854370117187500e+01
9.053939819335937500e+01
9.083261871337890625e+01
8.785783386230468750e+01
9.071870422363281250e+01
9.148656463623046875e+01
9.061296081542968750e+01
8.976882171630859375e+01
8.819464111328125000e+01
9.084498596191406250e+01
9.106355285644531250e+01
9.210987854003906250e+01
9.082453918457031250e+01
8.974346923828125000e+01
9.039183044433593750e+01
8.889789581298828125e+01
9.032236480712890625e+01
9.201051330566406250e+01
9.245233917236328125e+01
9.228523254394531250e+01
9.003077697753906250e+01
9.040783691406250000e+01
9.270619201660156250e+01
9.001451873779296875e+01
9.243279266357421875e+01
9.016398620605468750e+01
9.113433837890625000e+01
8.857073974609375000e+01
9.092219543457031250e+01
9.338861083984375000e+01
9.013822937011718750e+01
9.090232849121093750e+01
9.032937622070312500e+01
9.202875518798828125e+01
9.673657989501953125e+01
8.935223388671875000e+01
8.920214080810546875e+01
9.096897125244140625e+01
9.397233581542968750e+01
8.773490142822265625e+01
9.267238616943359375e+01
9.256928253173828125e+01
9.684999084472656250e+01
9.066555786132812500e+01
8.940715026855468750e+01
9.280422973632812500e+01
9.081727600097656250e+01
9.039244079589843750e+01
9.147554779052734375e+01
9.163966369628906250e+01
9.015182495117187500e+01
9.033970642089843750e+01
9.217388153076171875e+01
9.288070678710937500e+01
9.196768188476562500e+01
8.765931701660156250e+01
9.124452972412109375e+01
9.061819458007812500e+01
8.964675903320312500e+01
9.004888153076171875e+01
9.032031250000000000e+01
9.251494598388671875e+01
9.041006469726562500e+01
9.204368591308593750e+01
9.256051635742187500e+01
9.128060913085937500e+01
8.865468597412109375e+01
9.088786315917968750e+01
9.015747070312500000e+01
9.188162231445312500e+01
8.705433654785156250e+01
9.341912078857421875e+01
8.977015686035156250e+01
9.333038330078125000e+01
9.174399566650390625e+01
9.161642456054687500e+01
9.279031372070312500e+01
9.272050476074218750e+01
9.131526184082031250e+01
8.836386108398437500e+01
9.246772766113281250e+01
8.901810455322265625e+01
9.001752471923828125e+01
8.993080902099609375e+01
9.019319152832031250e+01
9.289888000488281250e+01
9.236573791503906250e+01
9.062832641601562500e+01
9.014717102050781250e+01
9.310644531250000000e+01
9.168886566162109375e+01
9.255950927734375000e+01
9.071830749511718750e+01
9.253268432617187500e+01
9.374501037597656250e+01
9.288201904296875000e+01
9.437799072265625000e+01
9.030422973632812500e+01
8.995692443847656250e+01
9.190701293945312500e+01
9.171131896972656250e+01
8.921316528320312500e+01
9.189283752441406250e+01
9.114826202392578125e+01
9.195162963867187500e+01
9.315051269531250000e+01
9.317331695556640625e+01
9.188576507568359375e+01
8.973104858398437500e+01
9.134442138671875000e+01
9.356715393066406250e+01
9.089945983886718750e+01
9.046846008300781250e+01
8.849946594238281250e+01
9.231195831298828125e+01
9.287130737304687500e+01
9.104199218750000000e+01
9.101107788085937500e+01
9.114792633056640625e+01
9.131552124023437500e+01
9.030557250976562500e+01
9.120558166503906250e+01
9.333950805664062500e+01
9.305968475341796875e+01
9.084757232666015625e+01
9.114836120605468750e+01
9.151909637451171875e+01
9.004817199707031250e+01
9.291373443603515625e+01
9.127969360351562500e+01
9.103528594970703125e+01
9.176480102539062500e+01
9.311421203613281250e+01
9.267235565185546875e+01
9.132851409912109375e+01
9.203872680664062500e+01
9.126657104492187500e+01
9.126545715332031250e+01
9.010382080078125000e+01
9.238388061523437500e+01
9.001847076416015625e+01
9.189040374755859375e+01
9.124823760986328125e+01
8.820643615722656250e+01
9.273192596435546875e+01
9.425485229492187500e+01
8.992438507080078125e+01
9.283948516845703125e+01
9.316317749023437500e+01
9.399769592285156250e+01
9.326926422119140625e+01
8.985881042480468750e+01
9.364215087890625000e+01
9.187553405761718750e+01
8.958316802978515625e+01
9.269860839843750000e+01
9.175569152832031250e+01
9.161845397949218750e+01
9.072834777832031250e+01
9.085666656494140625e+01
9.270829772949218750e+01
9.125502014160156250e+01
9.147966003417968750e+01
9.660068511962890625e+01
9.554637908935546875e+01
9.741719055175781250e+01
9.295021820068359375e+01
9.364919281005859375e+01
9.424936676025390625e+01
9.682606506347656250e+01
9.849208068847656250e+01
9.677481079101562500e+01
9.139479064941406250e+01
9.064897918701171875e+01
9.337765502929687500e+01
9.507386779785156250e+01
9.598793792724609375e+01
9.407536315917968750e+01
9.090948486328125000e+01
9.103569030761718750e+01
9.314982604980468750e+01
9.231843566894531250e+01
9.157627868652343750e+01
9.182466888427734375e+01
9.733004760742187500e+01
9.255404663085937500e+01
9.255735778808593750e+01
9.344016265869140625e+01
9.301640319824218750e+01
9.451499938964843750e+01
9.344128417968750000e+01
9.318155670166015625e+01
9.157174682617187500e+01
9.184236145019531250e+01
9.229158020019531250e+01
9.404592132568359375e+01
9.400538635253906250e+01
9.507009887695312500e+01
9.488243103027343750e+01
9.405757141113281250e+01
9.165562438964843750e+01
9.368040466308593750e+01
9.426332092285156250e+01
9.876824951171875000e+01
9.674523162841796875e+01
9.562428283691406250e+01
9.242288970947265625e+01
9.169731140136718750e+01
9.349343872070312500e+01
9.686550140380859375e+01
1.020488281250000000e+02
9.868819427490234375e+01
9.299223327636718750e+01
9.499224853515625000e+01
9.452618408203125000e+01
9.780636596679687500e+01
9.472492980957031250e+01
9.381890106201171875e+01
9.142747497558593750e+01
9.452441406250000000e+01
9.357087707519531250e+01
9.675941467285156250e+01
1.016504440307617188e+02
9.530598449707031250e+01
9.575286102294921875e+01
9.193327331542968750e+01
9.278607177734375000e+01
9.257952117919921875e+01
9.522378540039062500e+01
9.752139282226562500e+01
9.557837677001953125e+01
9.522922515869140625e+01
9.594645690917968750e+01
9.264704895019531250e+01
9.417408752441406250e+01
9.595854949951171875e+01
9.668886566162109375e+01
9.797288513183593750e+01
1.001159362792968750e+02
9.407283020019531250e+01
9.510466003417968750e+01
9.879258728027343750e+01
1.005332336425781250e+02
1.047691955566406250e+02
9.474043273925781250e+01
9.264675903320312500e+01
9.734596252441406250e+01
9.840779876708984375e+01
9.743862915039062500e+01
9.311006164550781250e+01
9.395450592041015625e+01
9.346782684326171875e+01
9.334568786621093750e+01
9.150512695312500000e+01
9.420217132568359375e+01
9.296200561523437500e+01
9.396754455566406250e+01
9.460202789306640625e+01
9.436658477783203125e+01
9.365213012695312500e+01
9.365964508056640625e+01
9.296997833251953125e+01
9.338968658447265625e+01
9.287632751464843750e+01
9.569255828857421875e+01
9.597602844238281250e+01
9.550001525878906250e+01
9.465391540527343750e+01
9.185356140136718750e+01
9.386349487304687500e+01
9.305315399169921875e+01
9.392828369140625000e+01
9.702758026123046875e+01
9.865764617919921875e+01
9.473078155517578125e+01
9.191745758056640625e+01
9.659663391113281250e+01
9.334765625000000000e+01
9.296678161621093750e+01
9.146439361572265625e+01
9.531790161132812500e+01
9.862272644042968750e+01
9.647950744628906250e+01
9.459664916992187500e+01
9.418727874755859375e+01
9.549380493164062500e+01
9.727162170410156250e+01
9.424565887451171875e+01
9.442621612548828125e+01
9.313070678710937500e+01
9.531871795654296875e+01
9.583614349365234375e+01
1.017453460693359375e+02
9.788598632812500000e+01
9.757976531982421875e+01
9.463613128662109375e+01
9.684455108642578125e+01
1.063213653564453125e+02
1.026063613891601562e+02
1.007973937988281250e+02
9.631479644775390625e+01
9.252342224121093750e+01
9.274185180664062500e+01
9.402371215820312500e+01
9.636300659179687500e+01
9.628049468994140625e+01
1.036318893432617188e+02
9.835331726074218750e+01
9.524845886230468750e+01
9.169522094726562500e+01
9.454313659667968750e+01
1.039451751708984375e+02
1.025549011230468750e+02
1.082739181518554688e+02
9.560198974609375000e+01
9.577405548095703125e+01
9.690810394287109375e+01
1.014865112304687500e+02
1.114150695800781250e+02
9.561071014404296875e+01
9.584292602539062500e+01
1.052473907470703125e+02
1.021846618652343750e+02
1.086420822143554688e+02
9.464825439453125000e+01
1.005748519897460938e+02
1.158779296875000000e+02
9.371301269531250000e+01
1.005111007690429688e+02
1.300393676757812500e+02
9.339970397949218750e+01
1.420427703857421875e+02
1.192829437255859375e+02
1.067921524047851562e+02
1.602286376953125000e+02
9.266551208496093750e+01
1.278222351074218750e+02
9.928480529785156250e+01
9.492491149902343750e+01
1.138392562866210938e+02
1.005445556640625000e+02
9.334423828125000000e+01
9.665293884277343750e+01
1.025825881958007812e+02
1.060344314575195312e+02
9.551796722412109375e+01
9.469097900390625000e+01
1.101834335327148438e+02
9.863941955566406250e+01
9.622822570800781250e+01
9.518847656250000000e+01
9.599795532226562500e+01
1.003293609619140625e+02
9.892840576171875000e+01
1.030086975097656250e+02
9.508509826660156250e+01
9.627734375000000000e+01
9.514224243164062500e+01
9.650588989257812500e+01
1.072528610229492188e+02
1.002797698974609375e+02
9.832315063476562500e+01
9.625010681152343750e+01
8.999169921875000000e+01
9.621285247802734375e+01
9.884860229492187500e+01
1.030197143554687500e+02
1.004647979736328125e+02
9.533206176757812500e+01
9.322980499267578125e+01
9.182542419433593750e+01
9.346551513671875000e+01
9.637617492675781250e+01
9.939192199707031250e+01
9.875857543945312500e+01
9.743046569824218750e+01
9.847428894042968750e+01
9.795060729980468750e+01
9.950856018066406250e+01
9.470089721679687500e+01
9.443834686279296875e+01
9.180601501464843750e+01
9.588214874267578125e+01
1.003141860961914062e+02
1.024657440185546875e+02
9.506816101074218750e+01
1.001731109619140625e+02
9.289025878906250000e+01
9.489602661132812500e+01
9.602263641357421875e+01
9.407922363281250000e+01
9.139920043945312500e+01
9.303950500488281250e+01
9.383688354492187500e+01
9.445723724365234375e+01
9.241027069091796875e+01
9.670721435546875000e+01
9.413616943359375000e+01
9.834922790527343750e+01
9.944960021972656250e+01
1.077022933959960938e+02
9.924732971191406250e+01
1.047127838134765625e+02
9.717816162109375000e+01
9.571723937988281250e+01
9.452592468261718750e+01
9.539580535888671875e+01
9.357241058349609375e+01
9.929306030273437500e+01
1.033132781982421875e+02
1.074772491455078125e+02
1.000274963378906250e+02
9.758772277832031250e+01
9.651974487304687500e+01
9.497652435302734375e+01
9.342488861083984375e+01
9.642093658447265625e+01
9.763594055175781250e+01
9.794695281982421875e+01
9.873332214355468750e+01
1.002499160766601562e+02
1.026102981567382812e+02
9.975862121582031250e+01
9.885562133789062500e+01
9.785337829589843750e+01
9.463685607910156250e+01
9.456206512451171875e+01
9.612257385253906250e+01
9.403427124023437500e+01
1.004202194213867188e+02
1.039885253906250000e+02
1.034153594970703125e+02
1.048284072875976562e+02
9.546028137207031250e+01
9.375553131103515625e+01
9.530258941650390625e+01
9.182509613037109375e+01
9.538410949707031250e+01
9.610229492187500000e+01
1.006428070068359375e+02
1.039361038208007812e+02
1.081871032714843750e+02
1.014387969970703125e+02
1.012039031982421875e+02
9.672628784179687500e+01
9.216463470458984375e+01
9.381112670898437500e+01
9.442510223388671875e+01
9.392575836181640625e+01
9.717950439453125000e+01
9.478206634521484375e+01
9.921096038818359375e+01
1.028934478759765625e+02
1.030682220458984375e+02
1.074802017211914062e+02
9.658779144287109375e+01
9.554963684082031250e+01
9.242216491699218750e+01
9.492164611816406250e+01
9.567770385742187500e+01
9.449748229980468750e+01
9.815402984619140625e+01
1.022355651855468750e+02
1.088559265136718750e+02
1.044138793945312500e+02
1.042624740600585938e+02
9.888757324218750000e+01
9.766642761230468750e+01
9.605570983886718750e+01
9.808309936523437500e+01
1.003403930664062500e+02
9.616520690917968750e+01
1.003529205322265625e+02
1.081151580810546875e+02
1.021027221679687500e+02
1.043218078613281250e+02
1.029520263671875000e+02
1.006692047119140625e+02
9.946319580078125000e+01
9.899525451660156250e+01
1.008295135498046875e+02
1.074952850341796875e+02
1.029221801757812500e+02
1.062011032104492188e+02
9.975271606445312500e+01
1.005462646484375000e+02
9.539823913574218750e+01
9.739529418945312500e+01
9.402749633789062500e+01
9.473683166503906250e+01
9.472971343994140625e+01
9.498363494873046875e+01
1.026256332397460938e+02
1.115228576660156250e+02
1.035576171875000000e+02
1.058627624511718750e+02
1.019538879394531250e+02
9.847615051269531250e+01
9.619232177734375000e+01
9.800652313232421875e+01
1.025865936279296875e+02
1.120513305664062500e+02
1.052457275390625000e+02
1.042416915893554688e+02
1.007132339477539062e+02
9.877877807617187500e+01
9.496318054199218750e+01
9.671457672119140625e+01
9.706449890136718750e+01
9.688783264160156250e+01
9.541383361816406250e+01
9.783796691894531250e+01
9.879206848144531250e+01
9.883914184570312500e+01
9.820758056640625000e+01
9.539422607421875000e+01
9.980478668212890625e+01
1.014587707519531250e+02
1.216691665649414062e+02
1.044102554321289062e+02
9.657525634765625000e+01
9.201509857177734375e+01
9.916049194335937500e+01
1.172417831420898438e+02
1.073771896362304688e+02
1.053714523315429688e+02
1.007126770019531250e+02
9.768445587158203125e+01
9.641946411132812500e+01
9.625640869140625000e+01
9.743531799316406250e+01
1.052872161865234375e+02
1.012795562744140625e+02
1.152582092285156250e+02
1.001252593994140625e+02
1.000985717773437500e+02
9.601119232177734375e+01
9.436229705810546875e+01
9.683589935302734375e+01
9.552597045898437500e+01
9.341426849365234375e+01
1.004017181396484375e+02
1.019263916015625000e+02
1.068011322021484375e+02
1.236853637695312500e+02
9.774375915527343750e+01
1.005855407714843750e+02
1.373686218261718750e+02
9.532942199707031250e+01
1.149167480468750000e+02
1.631262817382812500e+02
1.146284790039062500e+02
2.246029052734375000e+02
1.666024475097656250e+02
2.355908813476562500e+02
2.741799621582031250e+02
1.139303817749023438e+02
3.289981689453125000e+02
3.585418395996093750e+02
1.368621673583984375e+02
3.848371887207031250e+02
5.255299682617187500e+02
4.056679992675781250e+02
1.102994308471679688e+02
4.471927185058593750e+02
5.719055786132812500e+02
4.231791381835937500e+02
1.085229949951171875e+02
3.167061157226562500e+02
3.342930908203125000e+02
1.450011596679687500e+02
3.217520751953125000e+02
3.936333312988281250e+02
2.057678222656250000e+02
2.885364685058593750e+02
4.243375854492187500e+02
3.226674194335937500e+02
1.214174804687500000e+02
3.575875854492187500e+02
3.523389892578125000e+02
1.180763702392578125e+02
2.892503662109375000e+02
3.349649658203125000e+02
1.752035522460937500e+02
2.711803588867187500e+02
3.363736572265625000e+02
1.492489776611328125e+02
3.121347045898437500e+02
4.269715576171875000e+02
2.971362915039062500e+02
1.373244628906250000e+02
3.036226196289062500e+02
2.165839233398437500e+02
1.986659851074218750e+02
2.979193115234375000e+02
1.898259582519531250e+02
2.039763488769531250e+02
2.238544769287109375e+02
1.357202453613281250e+02
2.024463195800781250e+02
1.393198852539062500e+02
1.856229858398437500e+02
1.313853149414062500e+02
1.721056518554687500e+02
1.785096740722656250e+02
1.160600891113281250e+02
1.947254028320312500e+02
1.127689971923828125e+02
1.493723449707031250e+02
1.107593383789062500e+02
1.748563995361328125e+02
1.056893768310546875e+02
1.278611755371093750e+02
1.051451416015625000e+02
1.097700500488281250e+02
1.439624176025390625e+02
1.028681030273437500e+02
1.843505249023437500e+02
9.670942687988281250e+01
1.615090484619140625e+02
1.002550048828125000e+02
1.946435852050781250e+02
1.009511871337890625e+02
2.192523193359375000e+02
1.757573547363281250e+02
1.963284759521484375e+02
1.868348999023437500e+02
1.782221679687500000e+02
1.854895324707031250e+02
1.347160034179687500e+02
1.205819320678710938e+02
1.922455596923828125e+02
1.599651794433593750e+02
2.021416931152343750e+02
1.774103240966796875e+02
1.956627502441406250e+02
2.126259002685546875e+02
1.055682144165039062e+02
1.733957214355468750e+02
1.286631622314453125e+02
1.347194824218750000e+02
1.300704498291015625e+02
1.083881072998046875e+02
1.087993774414062500e+02
1.185758895874023438e+02
1.119085083007812500e+02
9.979019165039062500e+01
1.314359436035156250e+02
1.389756164550781250e+02
1.221497573852539062e+02
1.758302917480468750e+02
1.079926910400390625e+02
1.722723693847656250e+02
1.160755386352539062e+02
2.219547576904296875e+02
1.608989105224609375e+02
2.278315582275390625e+02
2.607006530761718750e+02
1.121543884277343750e+02
3.195709838867187500e+02
3.255392456054687500e+02
1.011916046142578125e+02
2.825414123535156250e+02
2.848047485351562500e+02
1.061580886840820312e+02
3.378486328125000000e+02
3.519888916015625000e+02
1.161968383789062500e+02
3.668407287597656250e+02
4.733222656250000000e+02
3.301878662109375000e+02
1.278642959594726562e+02
2.503333282470703125e+02
1.162454986572265625e+02
2.773474426269531250e+02
3.130403442382812500e+02
1.452410278320312500e+02
3.155208129882812500e+02
3.725742797851562500e+02
1.696062316894531250e+02
3.365045166015625000e+02
4.804435729980468750e+02
3.681017761230468750e+02
1.115941238403320312e+02
4.073066406250000000e+02
4.786795654296875000e+02
2.769645080566406250e+02
2.433961791992187500e+02
3.959990844726562500e+02
3.084707336425781250e+02
1.149528884887695312e+02
3.519205322265625000e+02
3.342620849609375000e+02
1.161571197509765625e+02
2.412488250732421875e+02
2.170601501464843750e+02
1.267811508178710938e+02
1.884995574951171875e+02
1.283689117431640625e+02
1.593548278808593750e+02
1.109276733398437500e+02
1.904253997802734375e+02
1.087265625000000000e+02
1.467304382324218750e+02
1.105565719604492188e+02
1.838489379882812500e+02
1.059683303833007812e+02
1.382610015869140625e+02
1.037754669189453125e+02
1.398562774658203125e+02
1.397764892578125000e+02
1.138201370239257812e+02
1.853346099853515625e+02
1.080848999023437500e+02
2.091648254394531250e+02
1.711627655029296875e+02
1.955048980712890625e+02
1.771298370361328125e+02
1.840733184814453125e+02
1.934959411621093750e+02
1.285017700195312500e+02
1.134692916870117188e+02
1.882442932128906250e+02
1.485944671630859375e+02
2.198987884521484375e+02
1.902615814208984375e+02
1.943936767578125000e+02
2.175725250244140625e+02
1.061387023925781250e+02
1.865557556152343750e+02
1.167595672607421875e+02
1.266554107666015625e+02
1.304772949218750000e+02
1.084165954589843750e+02
1.164697647094726562e+02
1.226021270751953125e+02
1.199514770507812500e+02
1.019973602294921875e+02
1.348153381347656250e+02
1.360546569824218750e+02
1.140644607543945312e+02
1.758903656005859375e+02
1.058527374267578125e+02
1.641282348632812500e+02
1.054846343994140625e+02
2.048633422851562500e+02
1.099478530883789062e+02
2.237774047851562500e+02
1.961268920898437500e+02
1.618122100830078125e+02
1.425830841064453125e+02
2.159047393798828125e+02
2.122972717285156250e+02
1.206386795043945312e+02
1.287641906738281250e+02
1.815641784667968750e+02
1.585522155761718750e+02
1.737723541259765625e+02
1.216351852416992188e+02
2.199292297363281250e+02
2.095696411132812500e+02
1.219274444580078125e+02
1.393973388671875000e+02
1.764342498779296875e+02
1.737880401611328125e+02
1.303095245361328125e+02
1.200933761596679688e+02
1.548840484619140625e+02
1.302330474853515625e+02
1.758604278564453125e+02
1.062283401489257812e+02
1.522294769287109375e+02
1.123487243652343750e+02
1.902919616699218750e+02
1.106769485473632812e+02
1.770737304687500000e+02
1.297349853515625000e+02
2.106042785644531250e+02
1.441638793945312500e+02
2.502607574462890625e+02
2.879677429199218750e+02
1.249311599731445312e+02
3.319038696289062500e+02
3.605463256835937500e+02
1.272577362060546875e+02
3.740638732910156250e+02
4.926794738769531250e+02
3.552859497070312500e+02
1.158654937744140625e+02
3.036768188476562500e+02
2.166992492675781250e+02
2.187317657470703125e+02
2.909421997070312500e+02
1.575911560058593750e+02
2.724319458007812500e+02
2.919722290039062500e+02
1.082079162597656250e+02
2.113993682861328125e+02
1.436543884277343750e+02
2.179567565917968750e+02
1.780789031982421875e+02
2.092078552246093750e+02
2.376086273193359375e+02
1.091766433715820312e+02
2.913967895507812500e+02
2.414907226562500000e+02
1.706469116210937500e+02
2.421989440917968750e+02
1.217705383300781250e+02
2.692387084960937500e+02
2.459017639160156250e+02
1.524640045166015625e+02
2.054998168945312500e+02
1.070527267456054688e+02
2.347539672851562500e+02
1.371320037841796875e+02
2.617687988281250000e+02
3.044419250488281250e+02
1.435766143798828125e+02
3.161623535156250000e+02
3.492593994140625000e+02
1.196622619628906250e+02
3.472770385742187500e+02
4.378101501464843750e+02
2.809663391113281250e+02
1.905396575927734375e+02
2.777728271484375000e+02
1.082558593750000000e+02
2.371391296386718750e+02
2.209131011962890625e+02
1.203152847290039062e+02
1.715646972656250000e+02
1.472537231445312500e+02
1.577721557617187500e+02
1.279750366210937500e+02
1.232512054443359375e+02
1.433572082519531250e+02
1.253669433593750000e+02
1.704391021728515625e+02
1.068929595947265625e+02
1.265322036743164062e+02
1.123980407714843750e+02
1.107369461059570312e+02
1.264854583740234375e+02
1.032203979492187500e+02
1.215863418579101562e+02
1.482974853515625000e+02
1.092231750488281250e+02
1.902129821777343750e+02
1.070908355712890625e+02
1.832307128906250000e+02
1.149789733886718750e+02
2.342878112792968750e+02
1.701115722656250000e+02
2.366314544677734375e+02
2.689027099609375000e+02
1.101661224365234375e+02
3.084746093750000000e+02
2.839768981933593750e+02
1.270708694458007812e+02
1.930325469970703125e+02
1.050747528076171875e+02
1.731018371582031250e+02
1.237003631591796875e+02
1.184240875244140625e+02
1.655867004394531250e+02
1.048470687866210938e+02
1.389993591308593750e+02
1.183903350830078125e+02
1.022535171508789062e+02
1.074580383300781250e+02
1.199505004882812500e+02
1.284569091796875000e+02
1.034970474243164062e+02
1.253778381347656250e+02
1.463161010742187500e+02
1.079911575317382812e+02
1.899404296875000000e+02
1.026786727905273438e+02
1.693120117187500000e+02
1.060656356811523438e+02
2.073846282958984375e+02
1.070272521972656250e+02
2.082256469726562500e+02
1.551381835937500000e+02
2.152426452636718750e+02
1.809345092773437500e+02
2.128035888671875000e+02
2.395036315917968750e+02
1.054610214233398438e+02
2.507757720947265625e+02
1.436471252441406250e+02
2.879323120117187500e+02
3.442431945800781250e+02
1.751943054199218750e+02
3.283711547851562500e+02
4.113259887695312500e+02
2.119931335449218750e+02
3.183086547851562500e+02
4.673828125000000000e+02
3.539579772949218750e+02
1.124068679809570312e+02
3.455532226562500000e+02
2.996920471191406250e+02
1.409415130615234375e+02
2.419966125488281250e+02
1.563335266113281250e+02
2.345892486572265625e+02
2.148562164306640625e+02
1.782011718750000000e+02
2.221506347656250000e+02
1.152154159545898438e+02
2.521097106933593750e+02
1.606512908935546875e+02
2.586736450195312500e+02
3.172900695800781250e+02
1.703580932617187500e+02
2.843009643554687500e+02
3.133888854980468750e+02
1.120161056518554688e+02
2.500048828125000000e+02
2.193774719238281250e+02
1.471634216308593750e+02
1.652726440429687500e+02
1.763912048339843750e+02
1.933161773681640625e+02
1.147633361816406250e+02
1.844203643798828125e+02
1.311369476318359375e+02
1.486944274902343750e+02
1.285847778320312500e+02
1.076940612792968750e+02
1.308558349609375000e+02
1.080319824218750000e+02
1.339378662109375000e+02
1.547367706298828125e+02
1.224028472900390625e+02
1.972813568115234375e+02
1.215088500976562500e+02
2.205383911132812500e+02
1.839750671386718750e+02
1.937076568603515625e+02
1.821617279052734375e+02
1.892891998291015625e+02
2.017495269775390625e+02
1.245569915771484375e+02
1.255001220703125000e+02
1.839268646240234375e+02
1.382302856445312500e+02
2.255809173583984375e+02
1.758469238281250000e+02
2.389907379150390625e+02
2.740297851562500000e+02
1.178061218261718750e+02
3.350217895507812500e+02
3.285716857910156250e+02
1.077773666381835938e+02
2.476297760009765625e+02
1.909890441894531250e+02
2.031220703125000000e+02
1.933582763671875000e+02
1.921756286621093750e+02
2.115070953369140625e+02
1.155619812011718750e+02
1.791857147216796875e+02
1.434005737304687500e+02
1.513721008300781250e+02
1.331552886962890625e+02
1.126991500854492188e+02
1.331467285156250000e+02
1.104399795532226562e+02
1.191783218383789062e+02
1.505976867675781250e+02
1.183864517211914062e+02
1.957114868164062500e+02
1.100853500366210938e+02
1.798724670410156250e+02
1.156126708984375000e+02
2.229132080078125000e+02
1.330035400390625000e+02
2.757370910644531250e+02
3.043040161132812500e+02
1.274120559692382812e+02
3.613532714843750000e+02
3.961006774902343750e+02
1.504556274414062500e+02
4.054118347167968750e+02
5.655411376953125000e+02
4.396633300781250000e+02
1.136566848754882812e+02
4.775933532714843750e+02
6.101184082031250000e+02
4.365914306640625000e+02
1.273205566406250000e+02
3.204109497070312500e+02
2.852388610839843750e+02
1.132434082031250000e+02
2.332821044921875000e+02
1.101022949218750000e+02
1.999473571777343750e+02
1.527124176025390625e+02
2.062187042236328125e+02
1.467223815917968750e+02
2.436811218261718750e+02
2.621875915527343750e+02
1.109439544677734375e+02
2.889374389648437500e+02
2.185057373046875000e+02
2.171447753906250000e+02
2.745482177734375000e+02
1.356197967529296875e+02
3.129780578613281250e+02
3.167268066406250000e+02
1.167726516723632812e+02
2.284346008300781250e+02
1.582496795654296875e+02
2.323763885498046875e+02
2.082703704833984375e+02
1.911701965332031250e+02
2.278092498779296875e+02
1.110357055664062500e+02
2.473053894042968750e+02
1.338692779541015625e+02
2.775347595214843750e+02
3.112444458007812500e+02
1.360855712890625000e+02
3.391341552734375000e+02
3.687990722656250000e+02
1.313366851806640625e+02
3.630541076660156250e+02
4.580114135742187500e+02
2.953676147460937500e+02
2.000096130371093750e+02
2.917526245117187500e+02
1.192369842529296875e+02
2.353552856445312500e+02
2.168050842285156250e+02
1.361533203125000000e+02
1.518258666992187500e+02
1.738267059326171875e+02
1.697915954589843750e+02
1.458771057128906250e+02
1.165309295654296875e+02
1.544085693359375000e+02
1.249612884521484375e+02
1.869974060058593750e+02
1.121248626708984375e+02
1.477852935791015625e+02
1.110899047851562500e+02
1.416608276367187500e+02
1.503445434570312500e+02
1.311841125488281250e+02
1.834693908691406250e+02
1.098024291992187500e+02
1.754853210449218750e+02
1.114970092773437500e+02
2.099392700195312500e+02
1.126915512084960938e+02
2.280075836181640625e+02
1.806330566406250000e+02
2.070794372558593750e+02
1.819293212890625000e+02
2.133546447753906250e+02
2.257700653076171875e+02
1.239530258178710938e+02
1.452286987304687500e+02
1.853680419921875000e+02
1.531744689941406250e+02
2.114652709960937500e+02
1.558829040527343750e+02
2.531763916015625000e+02
2.768162841796875000e+02
1.132061462402343750e+02
3.282209472656250000e+02
2.958647460937500000e+02
1.384971008300781250e+02
2.215344543457031250e+02
1.188236312866210938e+02
2.637298583984375000e+02
2.014774322509765625e+02
2.304492797851562500e+02
2.754429626464843750e+02
1.239227752685546875e+02
3.263913574218750000e+02
3.215554199218750000e+02
1.171812438964843750e+02
2.228747863769531250e+02
1.441856079101562500e+02
2.430684814453125000e+02
2.009244384765625000e+02
2.149951782226562500e+02
2.552365570068359375e+02
1.129458312988281250e+02
2.758742065429687500e+02
1.911697692871093750e+02
2.535333557128906250e+02
3.194591064453125000e+02
1.665609741210937500e+02
3.082215576171875000e+02
3.347834472656250000e+02
1.098220520019531250e+02
2.600774536132812500e+02
2.285221252441406250e+02
1.554436187744140625e+02
1.653598022460937500e+02
1.885501403808593750e+02
1.885898437500000000e+02
1.330195922851562500e+02
1.235442199707031250e+02
1.689170227050781250e+02
1.423937072753906250e+02
1.886136322021484375e+02
1.220661773681640625e+02
1.887692108154296875e+02
1.448617858886718750e+02
2.071092834472656250e+02
1.375655212402343750e+02
2.531252899169921875e+02
2.650970458984375000e+02
1.098561630249023438e+02
2.823573608398437500e+02
1.822333526611328125e+02
2.784893493652343750e+02
3.490031433105468750e+02
1.833108825683593750e+02
3.235303039550781250e+02
3.970375366210937500e+02
1.716883087158203125e+02
3.821479492187500000e+02
5.357976074218750000e+02
4.073716125488281250e+02
1.129965820312500000e+02
4.631035156250000000e+02
5.374181518554687500e+02
3.095936279296875000e+02
2.703740844726562500e+02
4.421409912109375000e+02
3.483309326171875000e+02
1.200939788818359375e+02
3.456370544433593750e+02
2.916910095214843750e+02
1.674856262207031250e+02
2.648854980468750000e+02
1.631524810791015625e+02
2.458038024902343750e+02
2.198941192626953125e+02
1.895845642089843750e+02
2.347285156250000000e+02
1.242521057128906250e+02
2.609190368652343750e+02
1.699645233154296875e+02
2.624896240234375000e+02
3.198352355957031250e+02
1.692933654785156250e+02
3.096685791015625000e+02
3.270135803222656250e+02
1.171901931762695312e+02
2.342914886474609375e+02
1.792496948242187500e+02
2.119302673339843750e+02
1.849538879394531250e+02
2.101524047851562500e+02
2.259372558593750000e+02
1.181315460205078125e+02
2.042839050292968750e+02
1.289775695800781250e+02
1.480911102294921875e+02
1.262116699218750000e+02
1.185278625488281250e+02
1.344809265136718750e+02
1.098766326904296875e+02
1.461392059326171875e+02
1.481539001464843750e+02
1.235037918090820312e+02
1.898306884765625000e+02
1.160739440917968750e+02
1.809275512695312500e+02
1.079883422851562500e+02
2.127569274902343750e+02
1.127466888427734375e+02
2.246591339111328125e+02
1.698880157470703125e+02
2.266866149902343750e+02
1.949487304687500000e+02
2.227065277099609375e+02
2.478371276855468750e+02
1.102565765380859375e+02
2.211478118896484375e+02
1.097232818603515625e+02
1.765264892578125000e+02
1.095049591064453125e+02
1.971039428710937500e+02
1.115139083862304688e+02
1.500413970947265625e+02
1.263718719482421875e+02
1.065570068359375000e+02
1.195053100585937500e+02
1.317330932617187500e+02
1.270330200195312500e+02
1.085976715087890625e+02
1.284323120117187500e+02
1.475624237060546875e+02
1.085400238037109375e+02
1.613186187744140625e+02
1.361203155517578125e+02
1.139667816162109375e+02
1.731947937011718750e+02
1.168282623291015625e+02
1.257119827270507812e+02
1.614956970214843750e+02
1.137420883178710938e+02
1.116153564453125000e+02
1.500283203125000000e+02
1.318801727294921875e+02
1.088030929565429688e+02
1.357131958007812500e+02
1.517265777587890625e+02
1.114578170776367188e+02
1.956295471191406250e+02
1.099901809692382812e+02
1.475125579833984375e+02
1.349231567382812500e+02
1.090525665283203125e+02
1.135496063232421875e+02
1.347596130371093750e+02
1.359005279541015625e+02
1.083606033325195312e+02
1.341003723144531250e+02
1.621853027343750000e+02
1.161493682861328125e+02
2.136630096435546875e+02
1.119693145751953125e+02
2.156063537597656250e+02
1.511264038085937500e+02
2.491213989257812500e+02
2.102808990478515625e+02
2.255152893066406250e+02
2.586352233886718750e+02
1.079458847045898438e+02
2.756461181640625000e+02
1.706447601318359375e+02
3.010741577148437500e+02
3.713223266601562500e+02
1.938551025390625000e+02
3.443356018066406250e+02
4.366726684570312500e+02
2.174414520263671875e+02
3.556029663085937500e+02
5.148053588867187500e+02
3.893931274414062500e+02
1.184919204711914062e+02
4.193080444335937500e+02
4.245013732910156250e+02
1.353856811523437500e+02
4.213445434570312500e+02
5.625833129882812500e+02
4.169492797851562500e+02
1.199547653198242188e+02
4.565425415039062500e+02
5.043170471191406250e+02
2.445315704345703125e+02
3.646532897949218750e+02
5.568200073242187500e+02
4.571826171875000000e+02
1.534680480957031250e+02
4.662215576171875000e+02
6.038363037109375000e+02
4.189474487304687500e+02
1.659167480468750000e+02
3.633157958984375000e+02
3.150139160156250000e+02
1.264033203125000000e+02
3.513952331542968750e+02
2.981893920898437500e+02
1.689902038574218750e+02
2.706078186035156250e+02
1.650548400878906250e+02
2.568900756835937500e+02
2.344011077880859375e+02
1.897071533203125000e+02
2.398049163818359375e+02
1.236329498291015625e+02
2.776966247558593750e+02
1.831769866943359375e+02
2.767324829101562500e+02
3.437099914550781250e+02
1.809283294677734375e+02
3.106901855468750000e+02
3.396555175781250000e+02
1.185380096435546875e+02
2.601133422851562500e+02
2.149946594238281250e+02
1.858303833007812500e+02
1.759569244384765625e+02
2.091182556152343750e+02
2.096257171630859375e+02
1.378067932128906250e+02
1.381618652343750000e+02
1.929427947998046875e+02
1.691646118164062500e+02
1.834802551269531250e+02
1.308797302246093750e+02
2.093117065429687500e+02
1.712678222656250000e+02
1.971719818115234375e+02
1.391735076904296875e+02
2.449221496582031250e+02
2.382567749023437500e+02
1.277737426757812500e+02
1.720205688476562500e+02
1.725885314941406250e+02
1.783460693359375000e+02
1.633116760253906250e+02
1.231022644042968750e+02
1.757581481933593750e+02
1.371699829101562500e+02
2.127095642089843750e+02
1.210424957275390625e+02
2.348009948730468750e+02
2.011733703613281250e+02
1.827446289062500000e+02
1.425179595947265625e+02
2.435068969726562500e+02
2.370684814453125000e+02
1.348888549804687500e+02
1.441658935546875000e+02
2.007623291015625000e+02
1.822437744140625000e+02
1.756118469238281250e+02
1.275939865112304688e+02
2.021344909667968750e+02
1.608173828125000000e+02
2.076521606445312500e+02
1.382720031738281250e+02
2.614879760742187500e+02
2.723084716796875000e+02
1.157193450927734375e+02
2.943334960937500000e+02
1.799152832031250000e+02
3.050917358398437500e+02
3.806795654296875000e+02
2.078620758056640625e+02
3.124033203125000000e+02
3.875842590332031250e+02
1.502568511962890625e+02
3.920746765136718750e+02
5.193906250000000000e+02
3.648388977050781250e+02
1.413747558593750000e+02
2.931153869628906250e+02
1.398670196533203125e+02
3.075246276855468750e+02
3.523255920410156250e+02
1.746646270751953125e+02
3.350358886718750000e+02
3.788357849121093750e+02
1.397273559570312500e+02
3.337865600585937500e+02
3.830434570312500000e+02
1.915151519775390625e+02
3.281158142089843750e+02
3.930476684570312500e+02
1.509378509521484375e+02
3.804551086425781250e+02
5.019033203125000000e+02
3.445198974609375000e+02
1.626617126464843750e+02
2.898187561035156250e+02
1.293932342529296875e+02
2.202362060546875000e+02
1.987770385742187500e+02
1.601644439697265625e+02
1.633519897460937500e+02
1.749444580078125000e+02
1.766553649902343750e+02
1.428962249755859375e+02
1.211470336914062500e+02
1.401084136962890625e+02
1.176104125976562500e+02
1.500870971679687500e+02
1.573696899414062500e+02
1.308721313476562500e+02
1.999374237060546875e+02
1.139179229736328125e+02
1.939032440185546875e+02
1.248010101318359375e+02
2.680055541992187500e+02
1.866948852539062500e+02
2.778653259277343750e+02
3.289884948730468750e+02
1.369778442382812500e+02
3.948632812500000000e+02
4.445109252929687500e+02
1.845059661865234375e+02
4.345404968261718750e+02
6.183697509765625000e+02
4.966702880859375000e+02
1.392777709960937500e+02
5.572649536132812500e+02
7.625615234375000000e+02
6.288403320312500000e+02
2.018891143798828125e+02
5.550599365234375000e+02
8.704602050781250000e+02
8.368108520507812500e+02
5.000971679687500000e+02
1.768815155029296875e+02
4.455633850097656250e+02
3.860457458496093750e+02
1.291010131835937500e+02
2.784198913574218750e+02
2.132226715087890625e+02
2.012968444824218750e+02
1.841454010009765625e+02
2.214247589111328125e+02
2.402395477294921875e+02
1.251231842041015625e+02
2.349543457031250000e+02
1.232160949707031250e+02
1.721845245361328125e+02
1.270286102294921875e+02
2.048365936279296875e+02
1.213474807739257812e+02
1.597590026855468750e+02
1.161406707763671875e+02
1.616904907226562500e+02
1.595565643310546875e+02
1.368334503173828125e+02
2.000116729736328125e+02
1.182835998535156250e+02
2.030638580322265625e+02
1.268361892700195312e+02
2.669577636718750000e+02
1.976352691650390625e+02
2.663735046386718750e+02
3.115574951171875000e+02
1.224183654785156250e+02
3.775653076171875000e+02
3.902037048339843750e+02
1.173301086425781250e+02
3.790288696289062500e+02
4.318023681640625000e+02
2.251708679199218750e+02
3.565000000000000000e+02
4.765613403320312500e+02
2.690904846191406250e+02
3.155088500976562500e+02
4.685317687988281250e+02
3.377352905273437500e+02
1.681842346191406250e+02
2.782267761230468750e+02
1.147737655639648438e+02
2.492727813720703125e+02
1.998114013671875000e+02
2.104001770019531250e+02
1.903334045410156250e+02
2.126530151367187500e+02
2.178955383300781250e+02
1.392146759033203125e+02
1.564261779785156250e+02
1.946467285156250000e+02
1.901735534667968750e+02
1.499304199218750000e+02
1.290777587890625000e+02
1.612960205078125000e+02
1.260521545410156250e+02
1.969760131835937500e+02
1.256739654541015625e+02
1.368391113281250000e+02
1.351885681152343750e+02
1.211734237670898438e+02
1.138594512939453125e+02
1.239499053955078125e+02
1.423712615966796875e+02
1.110995330810546875e+02
1.372316589355468750e+02
1.757193908691406250e+02
1.184500350952148438e+02
2.180094909667968750e+02
1.099246215820312500e+02
2.123266143798828125e+02
1.286574249267578125e+02
2.748034057617187500e+02
2.051979675292968750e+02
2.645219421386718750e+02
3.109087829589843750e+02
1.231314392089843750e+02
3.708522338867187500e+02
3.688009338378906250e+02
1.116143798828125000e+02
3.065998535156250000e+02
2.672733154296875000e+02
1.503102722167968750e+02
1.704149475097656250e+02
2.032500305175781250e+02
1.773635711669921875e+02
2.143060607910156250e+02
1.594079589843750000e+02
2.725969848632812500e+02
2.870950927734375000e+02
1.155193557739257812e+02
3.375520629882812500e+02
2.723904418945312500e+02
2.051079254150390625e+02
2.820761108398437500e+02
1.375912933349609375e+02
3.341303710937500000e+02
3.182403869628906250e+02
1.449131469726562500e+02
2.419617004394531250e+02
1.348663482666015625e+02
2.830664672851562500e+02
2.172764282226562500e+02
2.503837127685546875e+02
3.109488830566406250e+02
1.542082214355468750e+02
3.524178161621093750e+02
3.607588195800781250e+02
1.178483123779296875e+02
2.781484985351562500e+02
2.257395935058593750e+02
1.948032684326171875e+02
1.794258728027343750e+02
2.363904724121093750e+02
2.451123504638671875e+02
1.257912902832031250e+02
1.825635375976562500e+02
1.698394012451171875e+02
1.657797088623046875e+02
1.756090240478515625e+02
1.298525390625000000e+02
1.795613708496093750e+02
1.299230651855468750e+02
2.464066619873046875e+02
1.418053131103515625e+02
2.958598937988281250e+02
3.197044982910156250e+02
1.233525543212890625e+02
3.796323852539062500e+02
3.770812988281250000e+02
1.182755432128906250e+02
3.128386535644531250e+02
2.899266357421875000e+02
1.257189178466796875e+02
2.098695220947265625e+02
1.456539611816406250e+02
1.472598876953125000e+02
1.651542053222656250e+02
1.252891693115234375e+02
1.548934631347656250e+02
1.275012435913085938e+02
1.184008178710937500e+02
1.157602996826171875e+02
1.139796905517578125e+02
1.168467102050781250e+02
1.177111358642578125e+02
1.140889434814453125e+02
1.129826278686523438e+02
1.266748733520507812e+02
1.560272064208984375e+02
1.130171279907226562e+02
1.498181762695312500e+02
1.740781860351562500e+02
1.145142364501953125e+02
2.247694091796875000e+02
1.152887725830078125e+02
2.357516784667968750e+02
1.651268005371093750e+02
2.758410034179687500e+02
2.468410644531250000e+02
2.074736022949218750e+02
2.382834320068359375e+02
1.231262969970703125e+02
1.404613952636718750e+02
2.104972076416015625e+02
1.601602935791015625e+02
2.525712280273437500e+02
1.992280120849609375e+02
2.611897583007812500e+02
2.979443969726562500e+02
1.244648437500000000e+02
3.630965270996093750e+02
3.336167297363281250e+02
1.428951416015625000e+02
2.370564575195312500e+02
1.285252380371093750e+02
2.966654052734375000e+02
2.288795166015625000e+02
2.516290283203125000e+02
3.047192993164062500e+02
1.338114318847656250e+02
3.660426635742187500e+02
3.659721374511718750e+02
1.198008422851562500e+02
2.606077575683593750e+02
1.897319641113281250e+02
2.536264953613281250e+02
2.310444335937500000e+02
2.112699890136718750e+02
2.472074432373046875e+02
1.211968383789062500e+02
2.362415008544921875e+02
1.213910217285156250e+02
1.581088562011718750e+02
1.237950592041015625e+02
1.225600509643554688e+02
1.453285827636718750e+02
1.163386383056640625e+02
1.258713378906250000e+02
1.740709533691406250e+02
1.184800491333007812e+02
2.331641845703125000e+02
1.214581527709960938e+02
2.366970214843750000e+02
1.713301544189453125e+02
2.624208068847656250e+02
2.250527038574218750e+02
2.244858703613281250e+02
2.535942993164062500e+02
1.204330291748046875e+02
1.778196411132812500e+02
1.757536010742187500e+02
1.420624237060546875e+02
2.397579193115234375e+02
1.521681365966796875e+02
3.035318603515625000e+02
3.357282714843750000e+02
1.408489379882812500e+02
4.101920166015625000e+02
4.418607482910156250e+02
1.506896667480468750e+02
4.696428222656250000e+02
6.465556640625000000e+02
5.058656616210937500e+02
1.367873535156250000e+02
5.626284179687500000e+02
7.440958251953125000e+02
5.759470214843750000e+02
1.252268829345703125e+02
5.101493225097656250e+02
6.861002807617187500e+02
5.395640869140625000e+02
1.707768096923828125e+02
5.507968750000000000e+02
7.475490112304687500e+02
5.934584350585937500e+02
1.548633117675781250e+02
5.351582031250000000e+02
7.699603881835937500e+02
6.658488769531250000e+02
2.851827087402343750e+02
4.523722534179687500e+02
7.109155273437500000e+02
6.182974853515625000e+02
2.095907135009765625e+02
5.384508056640625000e+02
8.456523437500000000e+02
8.006185913085937500e+02
4.499822387695312500e+02
2.440433349609375000e+02
4.832457275390625000e+02
3.766124267578125000e+02
1.772603149414062500e+02
3.336438293457031250e+02
2.602563781738281250e+02
1.874974975585937500e+02
2.219716186523437500e+02
1.795513916015625000e+02
2.231642608642578125e+02
1.415568084716796875e+02
2.613622131347656250e+02
1.474014282226562500e+02
2.516186218261718750e+02
2.433338012695312500e+02
1.390538635253906250e+02
2.226895751953125000e+02
1.508102264404296875e+02
1.779878997802734375e+02
1.276785125732421875e+02
1.475788574218750000e+02
1.803937072753906250e+02
1.457529449462890625e+02
2.186318206787109375e+02
1.206904144287109375e+02
2.477182617187500000e+02
1.969801483154296875e+02
2.348436279296875000e+02
1.997239074707031250e+02
2.534897155761718750e+02
2.755082092285156250e+02
1.178031463623046875e+02
2.422161865234375000e+02
1.141051635742187500e+02
1.845120086669921875e+02
1.156038284301757812e+02
1.593485107421875000e+02
1.843967895507812500e+02
1.434779205322265625e+02
2.442962951660156250e+02
1.535490875244140625e+02
3.098181762695312500e+02
3.396411743164062500e+02
1.345971984863281250e+02
4.171614685058593750e+02
4.613387451171875000e+02
1.782751770019531250e+02
4.617607727050781250e+02
6.542904663085937500e+02
5.278365478515625000e+02
1.605496063232421875e+02
5.558140869140625000e+02
7.581939697265625000e+02
6.111824340820312500e+02
1.627199249267578125e+02
5.866854858398437500e+02
8.755186157226562500e+02
8.125184936523437500e+02
4.425518798828125000e+02
2.729215393066406250e+02
5.301066894531250000e+02
4.314340820312500000e+02
1.473121032714843750e+02
3.209126892089843750e+02
2.680839843750000000e+02
1.621101074218750000e+02
2.108029174804687500e+02
1.748924865722656250e+02
2.088422546386718750e+02
1.314336090087890625e+02
2.334410858154296875e+02
1.364457092285156250e+02
1.719776306152343750e+02
1.264653472900390625e+02
1.988863372802734375e+02
1.437301330566406250e+02
1.538910675048828125e+02
1.579319458007812500e+02
1.217229003906250000e+02
1.194035949707031250e+02
1.485556945800781250e+02
1.591253662109375000e+02
1.150831756591796875e+02
1.655819396972656250e+02
1.604134216308593750e+02
1.176259841918945312e+02
1.877102203369140625e+02
1.382714233398437500e+02
1.153631362915039062e+02
1.557930145263671875e+02
1.663126525878906250e+02
1.140952148437500000e+02
1.737178649902343750e+02
1.590959167480468750e+02
1.148050079345703125e+02
1.915154266357421875e+02
1.348424682617187500e+02
1.173633422851562500e+02
1.632197570800781250e+02
1.579782867431640625e+02
1.168296203613281250e+02
1.979789428710937500e+02
1.299956054687500000e+02
1.221831436157226562e+02
1.783369140625000000e+02
1.369822692871093750e+02
1.148238830566406250e+02
1.666029968261718750e+02
1.652345275878906250e+02
1.224568710327148438e+02
2.288811645507812500e+02
1.151293792724609375e+02
2.166498260498046875e+02
1.339410552978515625e+02
2.971925048828125000e+02
2.282373657226562500e+02
2.631673278808593750e+02
3.150219116210937500e+02
1.308483886718750000e+02
3.996351318359375000e+02
4.109903564453125000e+02
1.270650482177734375e+02
3.784198913574218750e+02
4.251587524414062500e+02
2.016347351074218750e+02
3.948768615722656250e+02
4.977240295410156250e+02
2.560930480957031250e+02
3.625817565917968750e+02
5.293565673828125000e+02
3.957926025390625000e+02
1.367364196777343750e+02
3.166281127929687500e+02
1.715421142578125000e+02
3.498204345703125000e+02
4.328794250488281250e+02
2.457717285156250000e+02
3.243125915527343750e+02
4.156315612792968750e+02
1.739742431640625000e+02
4.119983520507812500e+02
5.519062500000000000e+02
3.945289306640625000e+02
1.521604614257812500e+02
3.691208190917968750e+02
2.525786132812500000e+02
2.767974243164062500e+02
3.731421813964843750e+02
2.123451232910156250e+02
3.045158081054687500e+02
3.412305908203125000e+02
1.422513427734375000e+02
2.601566772460937500e+02
2.042634887695312500e+02
2.029377746582031250e+02
1.590104980468750000e+02
2.382714385986328125e+02
2.431604614257812500e+02
1.313686523437500000e+02
2.778587036132812500e+02
1.411042022705078125e+02
2.726748657226562500e+02
2.559099731445312500e+02
1.482559509277343750e+02
1.646884460449218750e+02
2.170708618164062500e+02
2.098232116699218750e+02
1.777968444824218750e+02
1.359696960449218750e+02
2.199495391845703125e+02
1.679269866943359375e+02
2.378264160156250000e+02
1.601797180175781250e+02
2.953634338378906250e+02
3.258725585937500000e+02
1.285857543945312500e+02
3.995733947753906250e+02
4.017171630859375000e+02
1.237456512451171875e+02
3.340349121093750000e+02
3.227116699218750000e+02
1.217323913574218750e+02
3.582270202636718750e+02
2.787845153808593750e+02
2.300583190917968750e+02
3.009547119140625000e+02
1.349797058105468750e+02
3.703817749023437500e+02
3.611485595703125000e+02
1.326297912597656250e+02
2.566688537597656250e+02
1.561696777343750000e+02
3.081546325683593750e+02
2.778539733886718750e+02
1.990458374023437500e+02
2.620557250976562500e+02
1.232689056396484375e+02
3.150262756347656250e+02
2.189309844970703125e+02
2.941267700195312500e+02
3.678863220214843750e+02
1.830697937011718750e+02
3.849467773437500000e+02
4.500002441406250000e+02
1.824466247558593750e+02
4.527588195800781250e+02
6.298607177734375000e+02
4.916576538085937500e+02
1.504413604736328125e+02
5.590302734375000000e+02
7.058880615234375000e+02
4.994312133789062500e+02
1.632246856689453125e+02
3.858814086914062500e+02
3.508787231445312500e+02
1.241948776245117188e+02
3.858587951660156250e+02
3.414871826171875000e+02
1.794468841552734375e+02
2.804953002929687500e+02
1.710502777099609375e+02
2.976947326660156250e+02
2.713132934570312500e+02
2.060985107421875000e+02
2.693529663085937500e+02
1.356283874511718750e+02
2.976954956054687500e+02
2.092808837890625000e+02
2.730706787109375000e+02
3.398020629882812500e+02
1.800369720458984375e+02
3.586774291992187500e+02
3.701177062988281250e+02
1.262600860595703125e+02
2.776739807128906250e+02
2.090410766601562500e+02
2.466448516845703125e+02
2.274428100585937500e+02
2.271410064697265625e+02
2.526223754882812500e+02
1.379306030273437500e+02
1.683983612060546875e+02
1.890795440673828125e+02
1.568859558105468750e+02
2.351735534667968750e+02
1.529139251708984375e+02
2.751230773925781250e+02
2.640628967285156250e+02
1.521836547851562500e+02
1.732996826171875000e+02
2.050731658935546875e+02
1.890528411865234375e+02
2.085154418945312500e+02
1.588286132812500000e+02
2.389918212890625000e+02
2.061339416503906250e+02
1.922996215820312500e+02
1.410631256103515625e+02
2.438479766845703125e+02
2.216495208740234375e+02
1.730867309570312500e+02
1.458941650390625000e+02
2.183603210449218750e+02
1.853896636962890625e+02
1.992732696533203125e+02
1.275698242187500000e+02
2.056446685791015625e+02
1.596318664550781250e+02
2.385160675048828125e+02
1.520064086914062500e+02
2.784713745117187500e+02
2.701724548339843750e+02
1.370036315917968750e+02
1.744043579101562500e+02
2.055728759765625000e+02
1.982775421142578125e+02
1.894109649658203125e+02
1.315718231201171875e+02
2.119173736572265625e+02
1.517490539550781250e+02
2.632109680175781250e+02
1.776052856445312500e+02
3.135238952636718750e+02
3.616716918945312500e+02
1.624922485351562500e+02
4.072880554199218750e+02
4.628067626953125000e+02
1.830088958740234375e+02
4.439774475097656250e+02
6.174149169921875000e+02
4.695631103515625000e+02
1.263230895996093750e+02
5.019813842773437500e+02
5.676138305664062500e+02
2.854649658203125000e+02
3.870845947265625000e+02
5.960681762695312500e+02
4.911390380859375000e+02
1.706999511718750000e+02
5.327781372070312500e+02
6.765607910156250000e+02
4.653808593750000000e+02
1.986736602783203125e+02
4.084668579101562500e+02
3.617900695800781250e+02
1.343035888671875000e+02
3.773284912109375000e+02
3.129739990234375000e+02
2.177263946533203125e+02
3.211708068847656250e+02
2.193428497314453125e+02
2.461888732910156250e+02
2.193565368652343750e+02
2.441799011230468750e+02
2.845767211914062500e+02
1.487597351074218750e+02
2.927656250000000000e+02
1.874055480957031250e+02
3.039146118164062500e+02
3.664929809570312500e+02
2.002287139892578125e+02
3.455814208984375000e+02
3.606471557617187500e+02
1.343490753173828125e+02
2.547902679443359375e+02
1.709014892578125000e+02
2.789969482421875000e+02
2.263742980957031250e+02
2.552134094238281250e+02
2.969765014648437500e+02
1.295413208007812500e+02
3.687129211425781250e+02
3.200361022949218750e+02
1.823756866455078125e+02
2.659421997070312500e+02
1.271726531982421875e+02
3.352839355468750000e+02
2.706341552734375000e+02
2.335455627441406250e+02
2.893317871093750000e+02
1.246313323974609375e+02
3.415371093750000000e+02
2.749031982421875000e+02
2.308494262695312500e+02
2.952305603027343750e+02
1.382525177001953125e+02
3.682637329101562500e+02
3.363281555175781250e+02
1.598880462646484375e+02
2.385866699218750000e+02
1.239952239990234375e+02
2.431156005859375000e+02
1.267102813720703125e+02
1.902675476074218750e+02
1.237753982543945312e+02
2.470107116699218750e+02
1.319735107421875000e+02
2.445472259521484375e+02
1.669658813476562500e+02
2.885476074218750000e+02
2.487821655273437500e+02
2.233794555664062500e+02
2.709873657226562500e+02
1.252362976074218750e+02
2.562787780761718750e+02
1.223719024658203125e+02
2.365195159912109375e+02
1.527671813964843750e+02
3.105671081542968750e+02
2.655555725097656250e+02
2.253436737060546875e+02
2.740365905761718750e+02
1.268059921264648438e+02
2.939085083007812500e+02
1.622152404785156250e+02
3.509769287109375000e+02
4.122507934570312500e+02
2.055228576660156250e+02
3.944410400390625000e+02
4.888526306152343750e+02
2.384873199462890625e+02
4.042237243652343750e+02
5.807047119140625000e+02
4.498034362792968750e+02
1.283950958251953125e+02
4.776023254394531250e+02
5.142983398437500000e+02
2.062359619140625000e+02
4.758917846679687500e+02
6.993200073242187500e+02
5.882138671875000000e+02
2.176151123046875000e+02
5.210218505859375000e+02
7.419578857421875000e+02
5.955513305664062500e+02
1.607218475341796875e+02
5.134343872070312500e+02
6.985477905273437500e+02
5.616802368164062500e+02
1.818381042480468750e+02
5.516424560546875000e+02
7.526933593750000000e+02
5.886277465820312500e+02
1.432906799316406250e+02
4.937797546386718750e+02
6.484304809570312500e+02
4.866891174316406250e+02
1.438262176513671875e+02
5.473710327148437500e+02
6.562052001953125000e+02
4.142573852539062500e+02
2.462331542968750000e+02
4.443093261718750000e+02
3.500165710449218750e+02
1.476846771240234375e+02
3.110679626464843750e+02
1.530316467285156250e+02
3.147658996582031250e+02
3.415842285156250000e+02
1.505600585937500000e+02
3.867685852050781250e+02
3.870792236328125000e+02
1.398303222656250000e+02
2.892664794921875000e+02
2.306901550292968750e+02
2.182828674316406250e+02
1.899181213378906250e+02
2.570747070312500000e+02
2.783725891113281250e+02
1.340393981933593750e+02
3.036891784667968750e+02
1.645738220214843750e+02
3.402954406738281250e+02
4.032544250488281250e+02
1.965531921386718750e+02
3.978095397949218750e+02
4.856296386718750000e+02
2.290304718017578125e+02
4.169470214843750000e+02
6.010501098632812500e+02
4.745022277832031250e+02
1.405278015136718750e+02
5.396251831054687500e+02
6.548387451171875000e+02
4.140557250976562500e+02
2.473528747558593750e+02
4.385695495605468750e+02
3.429272766113281250e+02
1.555493469238281250e+02
2.913010253906250000e+02
1.362146759033203125e+02
2.287019348144531250e+02
1.873555755615234375e+02
2.025917968750000000e+02
1.447877502441406250e+02
2.159782409667968750e+02
1.658229064941406250e+02
2.357200622558593750e+02
1.465029754638671875e+02
2.785842895507812500e+02
2.645286865234375000e+02
1.566396484375000000e+02
1.666882019042968750e+02
2.267341003417968750e+02
1.963047485351562500e+02
2.217743835449218750e+02
1.597111511230468750e+02
2.765873413085937500e+02
2.802481079101562500e+02
1.354719085693359375e+02
2.099972839355468750e+02
1.691802673339843750e+02
1.744546203613281250e+02
1.861596221923828125e+02
1.402064819335937500e+02
1.891564941406250000e+02
1.408655700683593750e+02
2.632046203613281250e+02
1.445910034179687500e+02
3.235698547363281250e+02
3.403046569824218750e+02
1.318809051513671875e+02
3.971773071289062500e+02
3.786887817382812500e+02
1.339528503417968750e+02
2.630716552734375000e+02
1.575146789550781250e+02
3.157052612304687500e+02
2.786433715820312500e+02
2.118362579345703125e+02
2.595966491699218750e+02
1.234612731933593750e+02
2.147306823730468750e+02
1.573304748535156250e+02
1.527423095703125000e+02
2.103419799804687500e+02
1.300488281250000000e+02
2.037639770507812500e+02
1.243231048583984375e+02
2.605161132812500000e+02
1.308307037353515625e+02
2.895181884765625000e+02
2.556600646972656250e+02
1.883723144531250000e+02
1.734042358398437500e+02
2.577494812011718750e+02
2.436178894042968750e+02
1.823468933105468750e+02
1.624995727539062500e+02
2.588856811523437500e+02
2.425561523437500000e+02
1.811811828613281250e+02
1.529124755859375000e+02
2.526345520019531250e+02
2.248796081542968750e+02
1.845439910888671875e+02
1.461150970458984375e+02
2.517005157470703125e+02
2.250203857421875000e+02
1.995296783447265625e+02
1.558908691406250000e+02
2.544992980957031250e+02
2.395585632324218750e+02
1.571602325439453125e+02
1.461161804199218750e+02
2.206258544921875000e+02
1.988800811767578125e+02
1.960370788574218750e+02
1.591263122558593750e+02
2.041873931884765625e+02
1.731958312988281250e+02
2.180854797363281250e+02
1.301395568847656250e+02
1.958976440429687500e+02
1.479714660644531250e+02
2.484236450195312500e+02
1.555821228027343750e+02
2.502448730468750000e+02
2.055592041015625000e+02
2.368491363525390625e+02
1.920347442626953125e+02
2.701690979003906250e+02
2.873835449218750000e+02
1.282520751953125000e+02
2.441006317138671875e+02
1.312669067382812500e+02
1.636183166503906250e+02
1.697917633056640625e+02
1.252495117187500000e+02
1.273473815917968750e+02
1.647597045898437500e+02
1.682372436523437500e+02
1.269523696899414062e+02
2.170731506347656250e+02
1.255420227050781250e+02
1.445984802246093750e+02
1.943302917480468750e+02
1.285163269042968750e+02
1.275829467773437500e+02
1.731731872558593750e+02
1.584307250976562500e+02
1.200667724609375000e+02
1.650449371337890625e+02
1.859468231201171875e+02
1.270285949707031250e+02
2.526096191406250000e+02
1.249102935791015625e+02
2.819328002929687500e+02
2.323462219238281250e+02
2.333284301757812500e+02
2.055792236328125000e+02
2.635055847167968750e+02
2.760539550781250000e+02
1.385544433593750000e+02
1.720365295410156250e+02
2.164500732421875000e+02
1.792722167968750000e+02
2.633105773925781250e+02
2.011601257324218750e+02
2.925023803710937500e+02
3.306777038574218750e+02
1.379747009277343750e+02
4.081561889648437500e+02
4.062108154296875000e+02
1.308419647216796875e+02
3.021033020019531250e+02
2.491207122802734375e+02
2.172213287353515625e+02
1.917499389648437500e+02
2.702445373535156250e+02
2.985820617675781250e+02
1.332542572021484375e+02
3.799059753417968750e+02
3.097225952148437500e+02
2.175953369140625000e+02
2.939953308105468750e+02
1.439024658203125000e+02
3.485668029785156250e+02
2.937722778320312500e+02
2.214966125488281250e+02
3.011419372558593750e+02
1.493359985351562500e+02
3.734741821289062500e+02
3.504356384277343750e+02
1.620663757324218750e+02
2.535831909179687500e+02
1.368817749023437500e+02
3.166963806152343750e+02
2.272500000000000000e+02
2.983208923339843750e+02
3.677113342285156250e+02
1.921089477539062500e+02
3.798894042968750000e+02
4.052590942382812500e+02
1.254332427978515625e+02
3.461834411621093750e+02
3.391118774414062500e+02
1.260208282470703125e+02
3.401397705078125000e+02
2.315750579833984375e+02
3.074960937500000000e+02
3.799456176757812500e+02
2.033171081542968750e+02
3.631763000488281250e+02
3.891840820312500000e+02
1.239140014648437500e+02
3.060764465332031250e+02
2.579903869628906250e+02
2.009148406982421875e+02
1.978222656250000000e+02
2.460545654296875000e+02
2.415544433593750000e+02
1.716059265136718750e+02
1.587409210205078125e+02
2.423766632080078125e+02
2.043705139160156250e+02
2.336896667480468750e+02
1.814986419677734375e+02
2.749000549316406250e+02
2.849952392578125000e+02
1.332829742431640625e+02
2.767331542968750000e+02
1.331939392089843750e+02
2.106620483398437500e+02
1.496614990234375000e+02
2.560171508789062500e+02
1.611001281738281250e+02
2.717400817871093750e+02
2.496642303466796875e+02
1.837413940429687500e+02
1.631107482910156250e+02
2.597948303222656250e+02
2.426039123535156250e+02
1.807243347167968750e+02
1.446181335449218750e+02
2.501485595703125000e+02
2.113634948730468750e+02
2.265706024169921875e+02
1.662656860351562500e+02
3.014906005859375000e+02
3.184172058105468750e+02
1.320024414062500000e+02
4.004162597656250000e+02
3.488406372070312500e+02
1.786848754882812500e+02
2.718723754882812500e+02
1.435852966308593750e+02
3.270247497558593750e+02
2.528619232177734375e+02
2.686916503906250000e+02
3.284306945800781250e+02
1.539147186279296875e+02
4.063266296386718750e+02
4.082152709960937500e+02
1.316361389160156250e+02
3.293701782226562500e+02
2.910161743164062500e+02
1.600782165527343750e+02
1.764978790283203125e+02
2.438153839111328125e+02
2.322610778808593750e+02
1.735780334472656250e+02
1.336786804199218750e+02
2.106007690429687500e+02
1.492908782958984375e+02
2.653892517089843750e+02
1.617571411132812500e+02
3.240291137695312500e+02
3.518406982421875000e+02
1.438441467285156250e+02
4.347056884765625000e+02
4.512596435546875000e+02
1.389915161132812500e+02
4.399241943359375000e+02
5.400793457031250000e+02
3.385289611816406250e+02
2.703098754882812500e+02
3.804326171875000000e+02
1.463760375976562500e+02
4.015150756835937500e+02
4.766051940917968750e+02
2.642038879394531250e+02
3.605935668945312500e+02
4.742322998046875000e+02
2.301685028076171875e+02
4.128364257812500000e+02
5.857601318359375000e+02
4.472996215820312500e+02
1.384313812255859375e+02
4.597625732421875000e+02
4.444216918945312500e+02
1.463963928222656250e+02
3.111719665527343750e+02
2.803649291992187500e+02
1.609679260253906250e+02
1.986054992675781250e+02
2.167883911132812500e+02
2.161804046630859375e+02
1.698440551757812500e+02
1.378327026367187500e+02
1.865675964355468750e+02
1.447612152099609375e+02
2.402563781738281250e+02
1.398249816894531250e+02
2.182468414306640625e+02
1.395643310546875000e+02
2.896167297363281250e+02
1.797102661132812500e+02
3.382142944335937500e+02
3.938009033203125000e+02
1.736973114013671875e+02
4.492445678710937500e+02
5.357810058593750000e+02
2.673321228027343750e+02
4.182590637207031250e+02
6.146715698242187500e+02
4.917976684570312500e+02
1.406163635253906250e+02
5.334837646484375000e+02
6.324504394531250000e+02
3.593647460937500000e+02
3.341251525878906250e+02
5.536785278320312500e+02
4.492103881835937500e+02
1.802748107910156250e+02
5.039689331054687500e+02
5.537236938476562500e+02
2.527565002441406250e+02
4.419917297363281250e+02
6.482727661132812500e+02
5.425018310546875000e+02
2.499924774169921875e+02
4.409530029296875000e+02
5.281621093750000000e+02
2.620903625488281250e+02
4.121839599609375000e+02
6.078515625000000000e+02
4.881950073242187500e+02
2.445733032226562500e+02
4.960573425292968750e+02
5.591075439453125000e+02
2.657948608398437500e+02
4.281571350097656250e+02
6.469576416015625000e+02
5.456290283203125000e+02
2.344533691406250000e+02
4.778943786621093750e+02
6.087376098632812500e+02
3.830455932617187500e+02
2.737695312500000000e+02
4.553238525390625000e+02
3.432521057128906250e+02
1.904057006835937500e+02
3.120194702148437500e+02
1.455190124511718750e+02
2.406273498535156250e+02
1.954924468994140625e+02
2.325221862792968750e+02
1.727471008300781250e+02
2.604996032714843750e+02
2.487495117187500000e+02
1.573417663574218750e+02
2.075571899414062500e+02
1.858959655761718750e+02
1.949192047119140625e+02
1.828922424316406250e+02
1.479971618652343750e+02
2.113565979003906250e+02
1.756151428222656250e+02
2.397682495117187500e+02
1.477433166503906250e+02
2.994389648437500000e+02
2.911156616210937500e+02
1.565170288085937500e+02
2.294604187011718750e+02
1.767043609619140625e+02
1.739183349609375000e+02
1.980386657714843750e+02
1.234562835693359375e+02
1.724302368164062500e+02
1.455042114257812500e+02
1.245919342041015625e+02
1.258213653564453125e+02
1.518748168945312500e+02
1.850600433349609375e+02
1.278458709716796875e+02
2.166224517822265625e+02
1.394973754882812500e+02
1.350185394287109375e+02
2.012325439453125000e+02
1.431471252441406250e+02
1.243968658447265625e+02
1.647229614257812500e+02
1.849234466552734375e+02
1.237133941650390625e+02
2.112390136718750000e+02
1.521316223144531250e+02
1.276535644531250000e+02
1.935487060546875000e+02
1.585885009765625000e+02
1.260805587768554688e+02
1.681729431152343750e+02
1.865298004150390625e+02
1.378902740478515625e+02
2.711744384765625000e+02
1.516639099121093750e+02
3.470525512695312500e+02
3.698888549804687500e+02
1.391958618164062500e+02
4.636301879882812500e+02
5.101735229492187500e+02
1.999259643554687500e+02
5.059847717285156250e+02
7.252209472656250000e+02
6.038000488281250000e+02
2.105709533691406250e+02
5.989678955078125000e+02
8.567055664062500000e+02
7.329049682617187500e+02
2.679415283203125000e+02
5.747461547851562500e+02
9.214437255859375000e+02
8.984639892578125000e+02
5.455110473632812500e+02
2.023406829833984375e+02
5.228085937500000000e+02
4.759897460937500000e+02
1.454325714111328125e+02
3.595631408691406250e+02
3.681645812988281250e+02
1.653879547119140625e+02
4.160913085937500000e+02
4.150817260742187500e+02
1.465539703369140625e+02
3.116986389160156250e+02
2.728165283203125000e+02
1.800315093994140625e+02
1.895663146972656250e+02
2.333964843750000000e+02
2.396882019042968750e+02
1.516348114013671875e+02
1.777978820800781250e+02
2.136088104248046875e+02
1.875498199462890625e+02
2.249218750000000000e+02
1.445223846435546875e+02
2.745535583496093750e+02
2.490670166015625000e+02
1.928713073730468750e+02
1.738293151855468750e+02
2.633706054687500000e+02
2.461353607177734375e+02
1.886733703613281250e+02
1.592846069335937500e+02
2.583052978515625000e+02
2.285000915527343750e+02
1.962472534179687500e+02
1.523624725341796875e+02
2.710781250000000000e+02
2.420902099609375000e+02
2.013474731445312500e+02
1.740716857910156250e+02
2.640426635742187500e+02
2.499843750000000000e+02
1.700913696289062500e+02
1.506531982421875000e+02
2.371845703125000000e+02
2.066872253417968750e+02
2.192285003662109375e+02
1.678722534179687500e+02
2.388600463867187500e+02
2.063789672851562500e+02
2.111162719726562500e+02
1.415549011230468750e+02
2.225866088867187500e+02
1.808193511962890625e+02
2.372512207031250000e+02
1.726568756103515625e+02
2.351402282714843750e+02
1.882296142578125000e+02
2.469642944335937500e+02
1.746143798828125000e+02
3.078636474609375000e+02
3.283814086914062500e+02
1.354566802978515625e+02
4.114074401855468750e+02
3.671774291992187500e+02
1.790508270263671875e+02
2.796911010742187500e+02
1.468331604003906250e+02
3.516387329101562500e+02
3.009154357910156250e+02
2.351728668212890625e+02
3.218443603515625000e+02
1.710988006591796875e+02
3.841846313476562500e+02
3.813259582519531250e+02
1.528857879638671875e+02
2.944272766113281250e+02
1.915484161376953125e+02
3.197969665527343750e+02
3.019463806152343750e+02
2.105955200195312500e+02
2.840544433593750000e+02
1.417426452636718750e+02
3.723354187011718750e+02
3.235632019042968750e+02
2.200266723632812500e+02
3.134357910156250000e+02
1.768676757812500000e+02
3.420843200683593750e+02
3.106867675781250000e+02
2.223863525390625000e+02
3.147110595703125000e+02
1.983928527832031250e+02
3.144171142578125000e+02
2.767921142578125000e+02
2.421699218750000000e+02
2.987168273925781250e+02
1.787970886230468750e+02
2.579486083984375000e+02
1.369701843261718750e+02
2.699582824707031250e+02
2.250132141113281250e+02
2.233695068359375000e+02
1.925948791503906250e+02
2.670539550781250000e+02
2.748517456054687500e+02
2.063313598632812500e+02
2.934741821289062500e+02
1.257372894287109375e+02
2.903988647460937500e+02
2.486507263183593750e+02
2.236993560791015625e+02
2.114963989257812500e+02
2.081761322021484375e+02
1.951798706054687500e+02
2.234098968505859375e+02
1.857562255859375000e+02
2.216058654785156250e+02
1.918391876220703125e+02
2.340072174072265625e+02
1.769397888183593750e+02
2.806946716308593750e+02
2.728423767089843750e+02
1.723334350585937500e+02
2.052921447753906250e+02
2.046882781982421875e+02
1.886703338623046875e+02
2.143711090087890625e+02
1.343833923339843750e+02
1.815860900878906250e+02
1.342520294189453125e+02
2.099387207031250000e+02
1.608109283447265625e+02
1.512071228027343750e+02
2.066946868896484375e+02
1.418803710937500000e+02
1.389968109130859375e+02
2.050087890625000000e+02
1.558276824951171875e+02
1.321022338867187500e+02
1.716727600097656250e+02
1.890627746582031250e+02
1.389251098632812500e+02
2.677606201171875000e+02
1.375593872070312500e+02
3.246389160156250000e+02
3.108122253417968750e+02
1.528526611328125000e+02
1.898918762207031250e+02
2.373113403320312500e+02
1.993276062011718750e+02
2.507995452880859375e+02
1.959802856445312500e+02
2.941289672851562500e+02
3.105514526367187500e+02
1.333158264160156250e+02
2.718528137207031250e+02
1.233884887695312500e+02
2.228686828613281250e+02
1.357534484863281250e+02
3.104894714355468750e+02
1.937248840332031250e+02
3.571359863281250000e+02
4.324484863281250000e+02
2.178920135498046875e+02
4.233301391601562500e+02
5.254945068359375000e+02
2.617881164550781250e+02
4.307119750976562500e+02
6.207946777343750000e+02
4.926515502929687500e+02
1.428992004394531250e+02
5.831364746093750000e+02
7.122623291015625000e+02
4.657253723144531250e+02
2.465061035156250000e+02
4.575735778808593750e+02
3.771962890625000000e+02
1.493948669433593750e+02
3.388007202148437500e+02
1.975886230468750000e+02
3.494776000976562500e+02
4.215028076171875000e+02
2.378487854003906250e+02
3.521572875976562500e+02
3.852135314941406250e+02
1.408047180175781250e+02
2.816029968261718750e+02
2.126632690429687500e+02
2.650927734375000000e+02
2.221021270751953125e+02
2.757556152343750000e+02
3.064773864746093750e+02
1.374622497558593750e+02
3.770669860839843750e+02
2.875055847167968750e+02
2.639493713378906250e+02
3.411060180664062500e+02
1.594503021240234375e+02
3.965014648437500000e+02
4.003497924804687500e+02
1.383262329101562500e+02
2.972211608886718750e+02
2.116068572998046875e+02
2.917546386718750000e+02
2.703196411132812500e+02
2.317030639648437500e+02
2.907681579589843750e+02
1.402355651855468750e+02
3.499203491210937500e+02
2.557629089355468750e+02
2.998153381347656250e+02
3.797909240722656250e+02
2.026529388427734375e+02
3.721423339843750000e+02
3.864993286132812500e+02
1.398580017089843750e+02
2.689108581542968750e+02
1.779836730957031250e+02
3.123356323242187500e+02
2.549674987792968750e+02
2.704011535644531250e+02
3.215298461914062500e+02
1.361537475585937500e+02
3.746073608398437500e+02
3.169605102539062500e+02
2.244308319091796875e+02
2.910530395507812500e+02
1.367350463867187500e+02
3.691636047363281250e+02
2.952309570312500000e+02
2.550635681152343750e+02
3.242934875488281250e+02
1.612301940917968750e+02
3.700485839843750000e+02
3.343573913574218750e+02
2.041538238525390625e+02
2.901321105957031250e+02
1.670395812988281250e+02
3.549522705078125000e+02
3.064883422851562500e+02
2.287512817382812500e+02
2.970645446777343750e+02
1.619720611572265625e+02
3.056466064453125000e+02
2.029802551269531250e+02
3.178187255859375000e+02
3.643896789550781250e+02
1.918489990234375000e+02
4.014977416992187500e+02
3.957602539062500000e+02
1.430389404296875000e+02
2.755605773925781250e+02
1.801802825927734375e+02
3.109908752441406250e+02
2.584881591796875000e+02
2.658839721679687500e+02
3.100123291015625000e+02
1.509460449218750000e+02
3.721261901855468750e+02
2.890986938476562500e+02
2.640306396484375000e+02
3.347913818359375000e+02
1.536647796630859375e+02
4.094154663085937500e+02
4.142249145507812500e+02
1.332736206054687500e+02
3.037333374023437500e+02
2.328254241943359375e+02
2.667562866210937500e+02
2.490324707031250000e+02
2.439562072753906250e+02
2.776893005371093750e+02
1.421799468994140625e+02
2.075583953857421875e+02
1.910549926757812500e+02
1.688473205566406250e+02
2.401564178466796875e+02
1.428779907226562500e+02
2.715699462890625000e+02
2.229795837402343750e+02
2.311470947265625000e+02
1.867130584716796875e+02
2.900181274414062500e+02
2.979982604980468750e+02
1.425540313720703125e+02
2.466427307128906250e+02
1.576253662109375000e+02
1.705639190673828125e+02
1.784312744140625000e+02
1.415566406250000000e+02
1.379709014892578125e+02
1.673603057861328125e+02
1.805360412597656250e+02
1.382786254882812500e+02
2.517945861816406250e+02
1.307179260253906250e+02
2.364940795898437500e+02
1.434542083740234375e+02
3.258240356445312500e+02
2.417651062011718750e+02
3.096230773925781250e+02
3.735963745117187500e+02
1.618504943847656250e+02
4.657478332519531250e+02
5.329248046875000000e+02
2.334920501708984375e+02
4.858790588378906250e+02
7.022823486328125000e+02
5.798943481445312500e+02
1.940317230224609375e+02
6.184143676757812500e+02
8.568283691406250000e+02
7.083436279296875000e+02
2.129899444580078125e+02
6.576385498046875000e+02
1.020921020507812500e+03
9.953703613281250000e+02
6.309633178710937500e+02
1.456355590820312500e+02
5.494064941406250000e+02
5.757815551757812500e+02
2.373271026611328125e+02
5.070347900390625000e+02
7.568469238281250000e+02
6.626336669921875000e+02
2.848415832519531250e+02
5.110957946777343750e+02
7.615578613281250000e+02
6.280418090820312500e+02
1.731995849609375000e+02
5.476797485351562500e+02
7.586206665039062500e+02
6.333020629882812500e+02
2.409109497070312500e+02
5.574431762695312500e+02
7.976824951171875000e+02
6.521011352539062500e+02
1.835448455810546875e+02
5.589837646484375000e+02
8.027354125976562500e+02
7.005513305664062500e+02
3.182170104980468750e+02
4.728194580078125000e+02
7.320382080078125000e+02
6.032207031250000000e+02
1.683003387451171875e+02
4.956125793457031250e+02
6.519091796875000000e+02
4.931569824218750000e+02
1.628047180175781250e+02
5.546877441406250000e+02
6.321156005859375000e+02
3.479456787109375000e+02
3.613538208007812500e+02
5.791558837890625000e+02
4.848164062500000000e+02
1.746306762695312500e+02
5.130635986328125000e+02
6.167866210937500000e+02
3.523903808593750000e+02
3.446795959472656250e+02
5.466350097656250000e+02
4.413452148437500000e+02
1.565193786621093750e+02
4.948830871582031250e+02
5.198850097656250000e+02
1.993447570800781250e+02
4.829448547363281250e+02
6.741973266601562500e+02
5.440919189453125000e+02
1.811025085449218750e+02
5.568079223632812500e+02
7.183050537109375000e+02
5.061323852539062500e+02
1.936607818603515625e+02
4.275359497070312500e+02
3.872136840820312500e+02
1.503481750488281250e+02
4.359214172363281250e+02
4.190737915039062500e+02
1.511424560546875000e+02
3.094594726562500000e+02
2.474782562255859375e+02
2.379450225830078125e+02
2.271305541992187500e+02
2.369741363525390625e+02
2.544235076904296875e+02
1.617363891601562500e+02
1.784013061523437500e+02
2.218069610595703125e+02
1.894627685546875000e+02
2.413555755615234375e+02
1.570406799316406250e+02
2.952895202636718750e+02
2.732115478515625000e+02
1.771836242675781250e+02
1.812624206542968750e+02
2.491398620605468750e+02
2.231515197753906250e+02
2.236013336181640625e+02
1.672785034179687500e+02
2.795207824707031250e+02
2.678751220703125000e+02
1.722648010253906250e+02
1.754767761230468750e+02
2.402250671386718750e+02
2.180043182373046875e+02
2.207406311035156250e+02
1.755199737548828125e+02
2.591098022460937500e+02
2.442736206054687500e+02
1.748743286132812500e+02
1.518493041992187500e+02
2.177174682617187500e+02
1.779912109375000000e+02
2.347956085205078125e+02
1.611640930175781250e+02
2.351291351318359375e+02
1.905981292724609375e+02
2.537891540527343750e+02
1.711374359130859375e+02
3.200758361816406250e+02
3.375800476074218750e+02
1.392075500488281250e+02
3.585903625488281250e+02
2.595513305664062500e+02
3.066433105468750000e+02
3.865919189453125000e+02
1.993162231445312500e+02
3.946100463867187500e+02
4.375029907226562500e+02
1.430330505371093750e+02
4.073728637695312500e+02
4.657545471191406250e+02
2.346360778808593750e+02
4.210249023437500000e+02
5.339282836914062500e+02
2.760130004882812500e+02
4.130081787109375000e+02
6.032517700195312500e+02
4.814155273437500000e+02
1.457942199707031250e+02
5.431223144531250000e+02
6.207685546875000000e+02
3.388492431640625000e+02
3.773920288085937500e+02
5.932846679687500000e+02
4.988176879882812500e+02
1.807244567871093750e+02
5.312677001953125000e+02
6.503311767578125000e+02
3.928199462890625000e+02
3.188605346679687500e+02
5.485032958984375000e+02
4.756541442871093750e+02
1.928182067871093750e+02
5.078211669921875000e+02
5.979534301757812500e+02
3.285182495117187500e+02
3.802278137207031250e+02
5.926717529296875000e+02
5.091386108398437500e+02
2.300649261474609375e+02
4.607288513183593750e+02
5.416616210937500000e+02
2.613630981445312500e+02
4.013426818847656250e+02
5.845772705078125000e+02
4.504316101074218750e+02
2.077212066650390625e+02
4.861414794921875000e+02
4.913027343750000000e+02
1.802312622070312500e+02
4.319177551269531250e+02
5.318573608398437500e+02
3.448298950195312500e+02
2.541742858886718750e+02
3.555675659179687500e+02
1.496456604003906250e+02
2.783518676757812500e+02
2.321535034179687500e+02
2.156845703125000000e+02
1.802353515625000000e+02
2.663937377929687500e+02
2.594011535644531250e+02
1.771536407470703125e+02
1.850660095214843750e+02
2.331673278808593750e+02
2.206645812988281250e+02
1.921911010742187500e+02
1.493288574218750000e+02
2.241287841796875000e+02
1.651871337890625000e+02
2.673670654296875000e+02
1.631760559082031250e+02
3.196733398437500000e+02
3.329089050292968750e+02
1.422269287109375000e+02
3.809459228515625000e+02
2.899079589843750000e+02
2.746985778808593750e+02
3.513633422851562500e+02
1.688659057617187500e+02
4.191667785644531250e+02
4.432137756347656250e+02
1.368621368408203125e+02
4.153214111328125000e+02
4.754592895507812500e+02
2.456831359863281250e+02
4.094418945312500000e+02
5.204817504882812500e+02
2.585285949707031250e+02
4.314447021484375000e+02
6.253779907226562500e+02
5.017766723632812500e+02
1.532767791748046875e+02
5.670155029296875000e+02
6.906498413085937500e+02
4.445542297363281250e+02
2.579259643554687500e+02
4.564606933593750000e+02
3.582903442382812500e+02
1.674352416992187500e+02
2.867628479003906250e+02
1.549361572265625000e+02
2.065174865722656250e+02
1.467144927978515625e+02
2.351807861328125000e+02
1.557748718261718750e+02
1.767032165527343750e+02
1.554254455566406250e+02
1.405127563476562500e+02
1.329076385498046875e+02
1.347607421875000000e+02
1.500427551269531250e+02
1.534313659667968750e+02
1.531917877197265625e+02
1.396869812011718750e+02
1.418528137207031250e+02
1.458712005615234375e+02
1.594273834228515625e+02
1.558977355957031250e+02
1.504044189453125000e+02
1.408367919921875000e+02
1.421982727050781250e+02
1.418585052490234375e+02
1.605187683105468750e+02
1.526269531250000000e+02
1.535690002441406250e+02
1.400108947753906250e+02
1.443405456542968750e+02
1.432515563964843750e+02
1.615499725341796875e+02
1.508836975097656250e+02
1.419361572265625000e+02
1.347511291503906250e+02
1.373334503173828125e+02
1.383953857421875000e+02
1.613556823730468750e+02
1.441459960937500000e+02
1.387384033203125000e+02
1.342229309082031250e+02
1.402047424316406250e+02
1.485165863037109375e+02
1.890563049316406250e+02
1.296103668212890625e+02
1.660167999267578125e+02
2.362949981689453125e+02
1.743038635253906250e+02
3.006112670898437500e+02
2.229335174560546875e+02
3.294362792968750000e+02
3.908911132812500000e+02
1.728400878906250000e+02
4.800618286132812500e+02
5.667380371093750000e+02
2.807610473632812500e+02
4.425963134765625000e+02
6.528416137695312500e+02
5.348076782226562500e+02
1.637840270996093750e+02
6.114010009765625000e+02
7.972966308593750000e+02
5.957862548828125000e+02
1.662022705078125000e+02
4.730182189941406250e+02
5.349995117187500000e+02
3.056135559082031250e+02
3.369247131347656250e+02
4.620182800292968750e+02
2.334674530029296875e+02
3.861926574707031250e+02
4.921768798828125000e+02
3.092437133789062500e+02
3.009576416015625000e+02
3.893403625488281250e+02
1.921683654785156250e+02
3.111658630371093750e+02
2.995030517578125000e+02
1.824929199218750000e+02
3.173927612304687500e+02
1.738027648925781250e+02
2.768294067382812500e+02
2.584118347167968750e+02
1.993695983886718750e+02
2.139619140625000000e+02
2.166799621582031250e+02
2.114355621337890625e+02
1.831908721923828125e+02
1.468865356445312500e+02
1.513730773925781250e+02
1.514903259277343750e+02
1.521793212890625000e+02
1.348376007080078125e+02
1.322154388427734375e+02
1.375903930664062500e+02
1.659739227294921875e+02
2.059610900878906250e+02
1.472567749023437500e+02
2.502843017578125000e+02
1.355127258300781250e+02
1.909982910156250000e+02
1.643569183349609375e+02
1.449072265625000000e+02
1.375849304199218750e+02
1.319598846435546875e+02
1.359598693847656250e+02
1.525750885009765625e+02
1.710153503417968750e+02
1.787261352539062500e+02
1.369147644042968750e+02
1.453049011230468750e+02
2.317750091552734375e+02
1.707258911132812500e+02
3.023665161132812500e+02
2.059692993164062500e+02
3.550159301757812500e+02
4.203575439453125000e+02
2.089477844238281250e+02
4.575051269531250000e+02
5.547431640625000000e+02
2.801870727539062500e+02
4.344652099609375000e+02
6.328458251953125000e+02
5.089663085937500000e+02
1.534165649414062500e+02
5.953283691406250000e+02
7.337835083007812500e+02
4.891481933593750000e+02
2.392557678222656250e+02
4.578463439941406250e+02
3.927155456542968750e+02
1.474125061035156250e+02
4.164209289550781250e+02
3.414017944335937500e+02
2.415903930664062500e+02
3.597559509277343750e+02
2.287619323730468750e+02
3.088640136718750000e+02
2.920553283691406250e+02
2.278292236328125000e+02
2.864135131835937500e+02
1.537369079589843750e+02
3.297254943847656250e+02
2.123961791992187500e+02
3.340609130859375000e+02
3.955167541503906250e+02
2.093244781494140625e+02
3.934425354003906250e+02
4.137069702148437500e+02
1.387705993652343750e+02
3.000019531250000000e+02
2.323913574218750000e+02
2.725426940917968750e+02
2.377289123535156250e+02
2.779987792968750000e+02
3.154081115722656250e+02
1.399833679199218750e+02
3.412709350585937500e+02
2.154883117675781250e+02
3.685048217773437500e+02
4.541630249023437500e+02
2.541966857910156250e+02
3.854805908203125000e+02
4.804982604980468750e+02
2.139616088867187500e+02
4.742683715820312500e+02
6.578568115234375000e+02
5.156152343750000000e+02
1.497639465332031250e+02
5.910192871093750000e+02
7.241323242187500000e+02
4.749904174804687500e+02
2.459462890625000000e+02
4.455002441406250000e+02
3.486163940429687500e+02
1.820981140136718750e+02
2.508239898681640625e+02
1.981120605468750000e+02
2.212627258300781250e+02
1.612897338867187500e+02
1.498851165771484375e+02
1.969128417968750000e+02
1.515606536865234375e+02
2.432934570312500000e+02
1.436524658203125000e+02
1.717182922363281250e+02
1.604797515869140625e+02
1.475255737304687500e+02
1.348676300048828125e+02
1.322254638671875000e+02
1.354334411621093750e+02
1.536947479248046875e+02
1.694685821533203125e+02
1.708237609863281250e+02
1.419061889648437500e+02
1.308980102539062500e+02
1.345159454345703125e+02
1.382981262207031250e+02
1.646377716064453125e+02
1.953850555419921875e+02
1.368925170898437500e+02
1.718194885253906250e+02
2.325828704833984375e+02
1.727809143066406250e+02
3.011115722656250000e+02
2.040147705078125000e+02
3.558052978515625000e+02
4.166739807128906250e+02
1.949719238281250000e+02
4.745197753906250000e+02
5.714157714843750000e+02
2.936963500976562500e+02
4.272105407714843750e+02
6.349305419921875000e+02
5.092851867675781250e+02
1.476619567871093750e+02
5.954063720703125000e+02
7.298013916015625000e+02
4.808993225097656250e+02
2.437180786132812500e+02
4.465446777343750000e+02
3.555335693359375000e+02
1.767894897460937500e+02
2.432065734863281250e+02
2.086750946044921875e+02
2.293172607421875000e+02
1.525315704345703125e+02
1.783491821289062500e+02
2.298975830078125000e+02
1.963814849853515625e+02
2.417239227294921875e+02
1.515483093261718750e+02
2.799480590820312500e+02
2.396248168945312500e+02
2.254999084472656250e+02
1.731950378417968750e+02
3.068656005859375000e+02
3.126722106933593750e+02
1.457951965332031250e+02
2.556616210937500000e+02
1.604281768798828125e+02
1.765696868896484375e+02
1.889190673828125000e+02
1.506382751464843750e+02
1.359941406250000000e+02
1.811134033203125000e+02
1.998578796386718750e+02
1.496377563476562500e+02
2.875482177734375000e+02
1.670583190917968750e+02
3.741833801269531250e+02
4.128371276855468750e+02
1.741193542480468750e+02
5.125653686523437500e+02
6.200369873046875000e+02
3.462256469726562500e+02
3.851531066894531250e+02
5.873814086914062500e+02
4.712989196777343750e+02
1.297202606201171875e+02
4.893099975585937500e+02
4.927963256835937500e+02
1.509077911376953125e+02
5.246638793945312500e+02
6.795229492187500000e+02
5.081981506347656250e+02
1.384892425537109375e+02
5.162939453125000000e+02
5.401417846679687500e+02
2.011485900878906250e+02
5.322120361328125000e+02
7.548137207031250000e+02
6.407604980468750000e+02
2.452493896484375000e+02
5.842971191406250000e+02
8.406465454101562500e+02
7.032647094726562500e+02
2.183575744628906250e+02
6.391467895507812500e+02
9.775017089843750000e+02
9.449210205078125000e+02
5.831751708984375000e+02
1.891089782714843750e+02
5.279336547851562500e+02
4.871460876464843750e+02
1.626376647949218750e+02
3.573223876953125000e+02
3.424485168457031250e+02
1.640288085937500000e+02
3.984170532226562500e+02
3.124943237304687500e+02
2.647646484375000000e+02
3.524448547363281250e+02
1.919031829833984375e+02
3.625746459960937500e+02
3.539094848632812500e+02
1.862265167236328125e+02
2.859636840820312500e+02
1.673438873291015625e+02
3.348379211425781250e+02
2.591113891601562500e+02
2.937308044433593750e+02
3.630995788574218750e+02
1.741869659423828125e+02
4.181080627441406250e+02
4.346845092773437500e+02
1.388667755126953125e+02
3.433181152343750000e+02
3.227912597656250000e+02
1.584412078857421875e+02
2.022590637207031250e+02
2.283160247802734375e+02
1.984727630615234375e+02
2.600112915039062500e+02
1.815613708496093750e+02
3.300103454589843750e+02
3.548060913085937500e+02
1.459055480957031250e+02
4.466794433593750000e+02
4.336260681152343750e+02
1.417802276611328125e+02
3.166729125976562500e+02
2.500447845458984375e+02
2.648721008300781250e+02
2.425745391845703125e+02
2.559120330810546875e+02
2.876932678222656250e+02
1.422474365234375000e+02
2.324930114746093750e+02
1.820553283691406250e+02
1.730359497070312500e+02
2.317501220703125000e+02
1.381419830322265625e+02
1.782134399414062500e+02
1.474495086669921875e+02
1.458999938964843750e+02
1.453243103027343750e+02
1.513349761962890625e+02
1.524854583740234375e+02
1.768772277832031250e+02
1.347707824707031250e+02
1.411633605957031250e+02
1.945161132812500000e+02
1.414420013427734375e+02
1.320731353759765625e+02
1.343923645019531250e+02
1.385762634277343750e+02
1.667464294433593750e+02
1.689940185546875000e+02
1.645234069824218750e+02
1.401001434326171875e+02
1.364326019287109375e+02
1.297105407714843750e+02
1.302390747070312500e+02
1.329729766845703125e+02
1.374662017822265625e+02
1.613853454589843750e+02
1.671826171875000000e+02
1.679875488281250000e+02
1.343496704101562500e+02
1.307826080322265625e+02
1.319445800781250000e+02
1.416665344238281250e+02
1.861130065917968750e+02
1.432209472656250000e+02
1.348708801269531250e+02
1.411157073974609375e+02
1.802484130859375000e+02
1.441161804199218750e+02
1.491595306396484375e+02
1.601392364501953125e+02
1.925590667724609375e+02
1.286415710449218750e+02
1.845082092285156250e+02
2.290770263671875000e+02
1.702901000976562500e+02
3.131512451171875000e+02
2.301467437744140625e+02
3.422045288085937500e+02
4.060192871093750000e+02
1.871224365234375000e+02
4.833514099121093750e+02
5.730272216796875000e+02
2.830997314453125000e+02
4.528704833984375000e+02
6.681878662109375000e+02
5.508551635742187500e+02
1.748344726562500000e+02
6.168902587890625000e+02
8.049276733398437500e+02
6.010924072265625000e+02
1.639230194091796875e+02
4.475613403320312500e+02
4.784362182617187500e+02
2.312201995849609375e+02
4.313019409179687500e+02
5.242459716796875000e+02
2.377027893066406250e+02
4.636696166992187500e+02
6.495067749023437500e+02
5.134834594726562500e+02
1.599420776367187500e+02
5.682982177734375000e+02
6.777489013671875000e+02
4.098329772949218750e+02
3.234982910156250000e+02
5.339151611328125000e+02
4.423318481445312500e+02
1.536316223144531250e+02
4.890189208984375000e+02
4.954114379882812500e+02
1.683203887939453125e+02
4.411304626464843750e+02
5.255975341796875000e+02
3.139711914062500000e+02
3.389600219726562500e+02
4.480215148925781250e+02
1.959936523437500000e+02
4.558049926757812500e+02
6.007149658203125000e+02
4.344865112304687500e+02
1.767969360351562500e+02
3.596075134277343750e+02
1.837931823730468750e+02
3.889102478027343750e+02
4.723545532226562500e+02
2.699231567382812500e+02
3.695061645507812500e+02
4.656407165527343750e+02
1.948561553955078125e+02
4.552226257324218750e+02
5.996658325195312500e+02
4.345018615722656250e+02
1.756734466552734375e+02
4.114649047851562500e+02
2.769399108886718750e+02
3.262568359375000000e+02
4.405588073730468750e+02
2.722897644042968750e+02
3.229011230468750000e+02
3.754833679199218750e+02
1.731222991943359375e+02
2.801072998046875000e+02
2.147581481933593750e+02
2.531499328613281250e+02
1.797301483154296875e+02
2.827913818359375000e+02
2.750975341796875000e+02
1.730637207031250000e+02
2.179960021972656250e+02
2.228297729492187500e+02
2.244773864746093750e+02
1.976426849365234375e+02
1.508964233398437500e+02
2.032597045898437500e+02
1.502538604736328125e+02
2.762054443359375000e+02
1.388471984863281250e+02
2.823657226562500000e+02
2.171238403320312500e+02
3.072879638671875000e+02
2.759099731445312500e+02
2.574924926757812500e+02
2.940440979003906250e+02
1.562698211669921875e+02
1.975480804443359375e+02
2.300951232910156250e+02
1.963743286132812500e+02
2.754911499023437500e+02
1.931417694091796875e+02
3.340554809570312500e+02
3.619033813476562500e+02
1.643614501953125000e+02
4.292103881835937500e+02
3.970085449218750000e+02
1.712269287109375000e+02
2.646180419921875000e+02
1.425960540771484375e+02
2.914656677246093750e+02
1.499006042480468750e+02
3.390985412597656250e+02
3.260848693847656250e+02
1.524011230468750000e+02
2.230988922119140625e+02
2.132546081542968750e+02
1.862528686523437500e+02
2.593401489257812500e+02
1.595415344238281250e+02
3.402726745605468750e+02
3.461160583496093750e+02
1.467195739746093750e+02
4.220775146484375000e+02
3.571644287109375000e+02
2.202270660400390625e+02
3.028705139160156250e+02
1.545996093750000000e+02
3.658961791992187500e+02
2.929784545898437500e+02
2.828421630859375000e+02
3.718366088867187500e+02
2.097545471191406250e+02
3.860913085937500000e+02
3.933947753906250000e+02
1.620650177001953125e+02
2.746634826660156250e+02
1.661999816894531250e+02
3.558564758300781250e+02
3.022088317871093750e+02
2.536011199951171875e+02
3.275290527343750000e+02
1.571001129150390625e+02
4.151031494140625000e+02
3.864308776855468750e+02
1.854510345458984375e+02
2.964041748046875000e+02
1.663826446533203125e+02
3.865786743164062500e+02
3.592516174316406250e+02
2.155902404785156250e+02
3.055115661621093750e+02
1.771182556152343750e+02
3.703238830566406250e+02
3.384836730957031250e+02
2.281279296875000000e+02
3.310769348144531250e+02
1.927527770996093750e+02
3.496102294921875000e+02
3.157917785644531250e+02
2.382359161376953125e+02
3.186907653808593750e+02
1.805574645996093750e+02
3.709221496582031250e+02
3.290402832031250000e+02
2.317448120117187500e+02
3.064759216308593750e+02
1.885710144042968750e+02
2.581307067871093750e+02
1.632731933593750000e+02
2.727333068847656250e+02
1.999835815429687500e+02
2.916759033203125000e+02
2.273114776611328125e+02
3.196960144042968750e+02
3.715071716308593750e+02
1.956031188964843750e+02
3.287113037109375000e+02
2.381148834228515625e+02
3.094702758789062500e+02
3.493890991210937500e+02
2.010274963378906250e+02
3.733622131347656250e+02
3.077126770019531250e+02
2.614313964843750000e+02
3.287659301757812500e+02
1.899162750244140625e+02
3.230369873046875000e+02
2.256277160644531250e+02
3.262266235351562500e+02
3.798663024902343750e+02
2.172516174316406250e+02
3.989766235351562500e+02
3.859183044433593750e+02
1.676114807128906250e+02
2.760856018066406250e+02
1.729777221679687500e+02
3.128523559570312500e+02
2.013747558593750000e+02
3.517860412597656250e+02
4.100963439941406250e+02
2.120464477539062500e+02
4.127899169921875000e+02
4.530783081054687500e+02
1.500804290771484375e+02
4.218933715820312500e+02
4.747210388183593750e+02
2.493277893066406250e+02
4.129267272949218750e+02
5.116971130371093750e+02
2.487719421386718750e+02
4.258107910156250000e+02
5.771424560546875000e+02
4.238902282714843750e+02
1.823707427978515625e+02
3.540234985351562500e+02
1.749783325195312500e+02
3.787210388183593750e+02
4.299276733398437500e+02
2.118843231201171875e+02
4.422427978515625000e+02
5.239669189453125000e+02
2.337902984619140625e+02
4.597595214843750000e+02
6.378578491210937500e+02
5.010760498046875000e+02
1.663088073730468750e+02
5.491114501953125000e+02
6.204876708984375000e+02
3.156859130859375000e+02
4.310876770019531250e+02
6.551166992187500000e+02
5.641558837890625000e+02
2.252692260742187500e+02
5.423555908203125000e+02
7.154486694335937500e+02
5.024704589843750000e+02
2.264142761230468750e+02
4.497206420898437500e+02
3.910744018554687500e+02
1.624378051757812500e+02
4.287767333984375000e+02
3.686418457031250000e+02
2.142959594726562500e+02
3.236649475097656250e+02
1.974342041015625000e+02
3.332071533203125000e+02
2.917303771972656250e+02
2.521251373291015625e+02
3.198133850097656250e+02
1.624223937988281250e+02
3.809688110351562500e+02
3.205286865234375000e+02
2.423937988281250000e+02
3.113246154785156250e+02
1.544107513427734375e+02
3.713397216796875000e+02
2.938139648437500000e+02
2.779018249511718750e+02
3.467499084472656250e+02
1.704873962402343750e+02
4.242839355468750000e+02
4.188552856445312500e+02
1.522257537841796875e+02
3.072669372558593750e+02
2.120085754394531250e+02
3.340351562500000000e+02
3.149946899414062500e+02
2.223560180664062500e+02
2.839111633300781250e+02
1.433221130371093750e+02
2.841879577636718750e+02
1.472813110351562500e+02
2.723966674804687500e+02
1.881741333007812500e+02
3.315006713867187500e+02
2.884393920898437500e+02
2.512485656738281250e+02
3.015382080078125000e+02
1.501862792968750000e+02
2.914683837890625000e+02
1.499997253417968750e+02
2.989295349121093750e+02
2.447253570556640625e+02
2.673476562500000000e+02
2.369762420654296875e+02
2.678366699218750000e+02
2.889523315429687500e+02
1.642243957519531250e+02
2.394044189453125000e+02
1.917676544189453125e+02
1.839031829833984375e+02
2.331976623535156250e+02
1.481983184814453125e+02
2.258960571289062500e+02
1.582337341308593750e+02
3.035675048828125000e+02
1.829644622802734375e+02
3.682959594726562500e+02
4.200818481445312500e+02
1.978741149902343750e+02
4.765778198242187500e+02
5.696400146484375000e+02
2.842136230468750000e+02
4.521846313476562500e+02
6.645726318359375000e+02
5.480642089843750000e+02
1.778877258300781250e+02
6.084982299804687500e+02
7.917755126953125000e+02
5.842770996093750000e+02
1.785921325683593750e+02
4.486531372070312500e+02
4.566351318359375000e+02
2.077353363037109375e+02
4.694303894042968750e+02
5.516469726562500000e+02
2.590216064453125000e+02
4.619356384277343750e+02
6.634112548828125000e+02
5.435219726562500000e+02
1.782592163085937500e+02
5.880726928710937500e+02
7.493643798828125000e+02
5.300722045898437500e+02
2.029420318603515625e+02
4.205047607421875000e+02
3.583563537597656250e+02
1.653547973632812500e+02
2.943311462402343750e+02
1.558446655273437500e+02
2.157740478515625000e+02
1.506516113281250000e+02
2.436628570556640625e+02
1.606455383300781250e+02
1.758599853515625000e+02
1.932811279296875000e+02
1.491312561035156250e+02
1.412163085937500000e+02
1.841010437011718750e+02
1.860176696777343750e+02
1.395121765136718750e+02
1.854971771240234375e+02
1.973660888671875000e+02
1.387048645019531250e+02
2.098028259277343750e+02
1.796694641113281250e+02
1.409015197753906250e+02
1.776582031250000000e+02
2.156350860595703125e+02
1.417768249511718750e+02
2.812489929199218750e+02
1.444404144287109375e+02
3.205389709472656250e+02
2.759440917968750000e+02
2.307113342285156250e+02
1.956104736328125000e+02
3.129677429199218750e+02
3.255201416015625000e+02
1.430243225097656250e+02
2.575461120605468750e+02
1.699130401611328125e+02
1.685577697753906250e+02
2.292474670410156250e+02
1.485999450683593750e+02
1.916690673828125000e+02
1.572577819824218750e+02
1.516308898925781250e+02
1.482276763916015625e+02
1.605900115966796875e+02
1.533219299316406250e+02
1.447237854003906250e+02
1.496972045898437500e+02
1.859241333007812500e+02
1.401677551269531250e+02
1.397893371582031250e+02
1.615884094238281250e+02
1.826937713623046875e+02
1.732263488769531250e+02
1.397015686035156250e+02
1.384495697021484375e+02
1.738089599609375000e+02
1.788492736816406250e+02
1.634398040771484375e+02
1.466390991210937500e+02
1.407097015380859375e+02
1.433077392578125000e+02
1.921239624023437500e+02
1.451081542968750000e+02
1.370366058349609375e+02
1.381528625488281250e+02
1.421417541503906250e+02
1.799514007568359375e+02
1.534482727050781250e+02
1.590462799072265625e+02
1.581094665527343750e+02
1.823126220703125000e+02
1.421368408203125000e+02
1.393882751464843750e+02
1.452678222656250000e+02
1.884555969238281250e+02
1.476057434082031250e+02
1.404077758789062500e+02
1.498933868408203125e+02
1.952301635742187500e+02
1.389677581787109375e+02
1.412826080322265625e+02
2.089415283203125000e+02
1.332256469726562500e+02
2.198518371582031250e+02
2.013248901367187500e+02
1.556262207031250000e+02
3.111886596679687500e+02
1.994935150146484375e+02
3.885142822265625000e+02
4.604781494140625000e+02
2.401570434570312500e+02
4.556283569335937500e+02
5.690679321289062500e+02
2.960888977050781250e+02
4.414048461914062500e+02
6.418802490234375000e+02
5.181821289062500000e+02
1.738500823974609375e+02
6.064096679687500000e+02
7.326026000976562500e+02
4.771763305664062500e+02
2.916891174316406250e+02
5.323819580078125000e+02
4.852756958007812500e+02
2.065084838867187500e+02
5.120151977539062500e+02
6.143488769531250000e+02
3.366761169433593750e+02
3.787468261718750000e+02
5.824086914062500000e+02
4.784481506347656250e+02
1.838587951660156250e+02
5.361123046875000000e+02
5.870744628906250000e+02
2.954394531250000000e+02
4.141998291015625000e+02
5.863483276367187500e+02
4.610639648437500000e+02
1.711480102539062500e+02
4.831289062500000000e+02
4.580609436035156250e+02
2.693017578125000000e+02
4.026043701171875000e+02
4.199650268554687500e+02
1.930645599365234375e+02
4.514232788085937500e+02
5.026433715820312500e+02
2.928689575195312500e+02
3.484987182617187500e+02
4.142207946777343750e+02
2.240780487060546875e+02
4.206491088867187500e+02
4.868673706054687500e+02
2.797289123535156250e+02
4.031954345703125000e+02
4.935482177734375000e+02
2.984585876464843750e+02
3.567722473144531250e+02
4.526682739257812500e+02
2.049200134277343750e+02
4.120858154296875000e+02
5.018862915039062500e+02
2.995957336425781250e+02
3.535242919921875000e+02
4.498203735351562500e+02
1.928940887451171875e+02
4.442018432617187500e+02
5.548398437500000000e+02
3.651939392089843750e+02
2.720847778320312500e+02
3.697093505859375000e+02
1.648412170410156250e+02
2.826632995605468750e+02
2.242008666992187500e+02
2.470982666015625000e+02
2.017047729492187500e+02
2.809340209960937500e+02
2.799709472656250000e+02
1.766417083740234375e+02
1.993943634033203125e+02
2.437428436279296875e+02
2.262763366699218750e+02
2.143701629638671875e+02
1.555661621093750000e+02
2.131690368652343750e+02
1.601618347167968750e+02
2.747539062500000000e+02
1.506263275146484375e+02
2.712259826660156250e+02
2.015030517578125000e+02
2.970102539062500000e+02
2.262816772460937500e+02
3.200824584960937500e+02
3.587893066406250000e+02
1.451658325195312500e+02
4.577107238769531250e+02
4.495880432128906250e+02
1.504082031250000000e+02
3.582728881835937500e+02
3.157405700683593750e+02
2.226011047363281250e+02
2.731318359375000000e+02
1.751124267578125000e+02
1.766549377441406250e+02
2.511101684570312500e+02
1.797445983886718750e+02
2.446147308349609375e+02
1.801602478027343750e+02
3.212420654296875000e+02
2.503399200439453125e+02
2.850662231445312500e+02
3.107169189453125000e+02
1.467392883300781250e+02
2.513068389892578125e+02
1.739176483154296875e+02
1.673618164062500000e+02
2.436197662353515625e+02
1.417098388671875000e+02
1.728670349121093750e+02
1.784619140625000000e+02
1.713161621093750000e+02
1.411788177490234375e+02
1.474812011718750000e+02
2.070124816894531250e+02
1.399144744873046875e+02
2.284863739013671875e+02
1.843181457519531250e+02
1.419658355712890625e+02
2.417917327880859375e+02
1.557157745361328125e+02
1.414920043945312500e+02
2.246166381835937500e+02
1.715239562988281250e+02
1.419132080078125000e+02
1.785883789062500000e+02
2.214193267822265625e+02
1.591273803710937500e+02
3.122226562500000000e+02
1.936444091796875000e+02
3.951935729980468750e+02
4.586832885742187500e+02
2.332312011718750000e+02
4.671691894531250000e+02
5.811787109375000000e+02
3.157220764160156250e+02
4.205595703125000000e+02
6.139514160156250000e+02
4.907326660156250000e+02
1.407485504150390625e+02
5.360340576171875000e+02
5.730618286132812500e+02
2.382255859375000000e+02
5.361459350585937500e+02
7.781809082031250000e+02
6.793475341796875000e+02
2.932219238281250000e+02
5.527193603515625000e+02
8.144140625000000000e+02
6.760488281250000000e+02
1.969664916992187500e+02
6.244620361328125000e+02
9.006032104492187500e+02
8.228187255859375000e+02
4.464829711914062500e+02
3.665358581542968750e+02
6.314446411132812500e+02
4.967394104003906250e+02
1.912755126953125000e+02
4.026030883789062500e+02
3.553013000488281250e+02
1.728128356933593750e+02
3.711875610351562500e+02
2.243202819824218750e+02
3.737340393066406250e+02
4.700158691406250000e+02
2.772050476074218750e+02
3.522880859375000000e+02
4.257712402343750000e+02
1.696954498291015625e+02
3.580756225585937500e+02
3.659416809082031250e+02
1.628873901367187500e+02
4.322789306640625000e+02
3.908059082031250000e+02
1.937334594726562500e+02
3.047472534179687500e+02
1.834254608154296875e+02
3.533408813476562500e+02
3.030986938476562500e+02
2.601004333496093750e+02
3.167586059570312500e+02
1.519678649902343750e+02
3.756282043457031250e+02
2.850965881347656250e+02
3.056503601074218750e+02
3.792043762207031250e+02
1.872821197509765625e+02
4.437140502929687500e+02
4.839389343261718750e+02
1.677626800537109375e+02
5.124275512695312500e+02
6.629478759765625000e+02
4.949442443847656250e+02
1.446477661132812500e+02
4.542852783203125000e+02
3.974561767578125000e+02
1.936779174804687500e+02
2.967242126464843750e+02
1.591448364257812500e+02
3.736489257812500000e+02
3.142962036132812500e+02
2.597045593261718750e+02
3.250299072265625000e+02
1.527191619873046875e+02
3.949451904296875000e+02
3.368460693359375000e+02
2.420912170410156250e+02
3.195746459960937500e+02
1.600249328613281250e+02
4.025955505371093750e+02
3.598566894531250000e+02
2.174615020751953125e+02
3.021291503906250000e+02
1.576347503662109375e+02
3.784817199707031250e+02
3.076422729492187500e+02
2.677479553222656250e+02
3.570454406738281250e+02
1.994288635253906250e+02
3.913463745117187500e+02
3.838114929199218750e+02
1.893971557617187500e+02
3.001566772460937500e+02
1.779646911621093750e+02
3.858420104980468750e+02
3.646534729003906250e+02
2.171102600097656250e+02
3.121077880859375000e+02
1.817285156250000000e+02
3.808743896484375000e+02
3.543811645507812500e+02
2.169619750976562500e+02
3.193762817382812500e+02
1.835385589599609375e+02
3.504274597167968750e+02
2.954429931640625000e+02
2.575542907714843750e+02
3.192460937500000000e+02
1.825998840332031250e+02
3.099233703613281250e+02
1.858185729980468750e+02
3.615599670410156250e+02
3.896327209472656250e+02
1.882076721191406250e+02
3.836181030273437500e+02
3.377052001953125000e+02
2.392065734863281250e+02
3.340105590820312500e+02
2.052252197265625000e+02
3.575938720703125000e+02
3.075542297363281250e+02
2.617895202636718750e+02
3.185858459472656250e+02
1.879211425781250000e+02
2.913372497558593750e+02
1.711169128417968750e+02
3.470018920898437500e+02
3.381118469238281250e+02
1.897366027832031250e+02
2.518227386474609375e+02
1.723562164306640625e+02
1.806435546875000000e+02
2.014206848144531250e+02
1.585296478271484375e+02
1.520114288330078125e+02
1.950725708007812500e+02
1.898428344726562500e+02
1.500599975585937500e+02
2.236476287841796875e+02
1.690641784667968750e+02
1.429923400878906250e+02
2.330874328613281250e+02
1.648104553222656250e+02
1.410804901123046875e+02
2.014723358154296875e+02
2.035634002685546875e+02
1.437909545898437500e+02
2.552591400146484375e+02
1.446035461425781250e+02
1.693924865722656250e+02
2.368611755371093750e+02
1.438426208496093750e+02
1.997425231933593750e+02
1.921190795898437500e+02
1.424174041748046875e+02
1.392454376220703125e+02
1.542613525390625000e+02
1.805066375732421875e+02
1.664689636230468750e+02
1.693161621093750000e+02
1.493846435546875000e+02
1.572866058349609375e+02
1.668783264160156250e+02
1.885329895019531250e+02
1.409320373535156250e+02
1.426965484619140625e+02
1.831165161132812500e+02
1.641614685058593750e+02
1.624675292968750000e+02
1.525041809082031250e+02
1.621063079833984375e+02
1.619087219238281250e+02
1.940265197753906250e+02
1.415308227539062500e+02
1.503333282470703125e+02
2.297015228271484375e+02
1.513158874511718750e+02
3.258546752929687500e+02
1.958053283691406250e+02
4.057238769531250000e+02
4.890265197753906250e+02
2.744628295898437500e+02
4.219751586914062500e+02
5.343683471679687500e+02
2.620446777343750000e+02
4.765194091796875000e+02
6.787468261718750000e+02
5.478864135742187500e+02
1.668991241455078125e+02
6.420836181640625000e+02
8.256311645507812500e+02
6.146989746093750000e+02
1.711509704589843750e+02
4.547659606933593750e+02
4.738736877441406250e+02
2.300049896240234375e+02
4.532667541503906250e+02
5.352969970703125000e+02
2.399504394531250000e+02
4.738032836914062500e+02
6.579334716796875000e+02
5.211713256835937500e+02
1.661609039306640625e+02
5.895400390625000000e+02
6.988826904296875000e+02
4.293034667968750000e+02
3.252161865234375000e+02
5.342808837890625000e+02
4.382222595214843750e+02
1.542086944580078125e+02
4.740160217285156250e+02
4.385728149414062500e+02
1.691686096191406250e+02
3.138063049316406250e+02
2.176499328613281250e+02
3.186167602539062500e+02
2.867649536132812500e+02
2.638177490234375000e+02
3.142105712890625000e+02
1.560121765136718750e+02
3.479727783203125000e+02
2.161095733642578125e+02
3.899881896972656250e+02
4.794985961914062500e+02
2.797017211914062500e+02
3.822007751464843750e+02
4.773216552734375000e+02
2.001320190429687500e+02
5.009896545410156250e+02
6.764707031250000000e+02
5.270429077148437500e+02
1.636416625976562500e+02
6.127517089843750000e+02
7.400351562500000000e+02
4.842119750976562500e+02
2.747182006835937500e+02
4.926139831542968750e+02
4.181266174316406250e+02
1.662731628417968750e+02
4.379963378906250000e+02
3.711075439453125000e+02
2.522157440185546875e+02
3.748181152343750000e+02
2.717191162109375000e+02
2.555101165771484375e+02
2.356955871582031250e+02
2.925717163085937500e+02
3.307080078125000000e+02
1.872380523681640625e+02
3.590266723632812500e+02
2.672325439453125000e+02
2.977144470214843750e+02
3.805949401855468750e+02
2.264620361328125000e+02
3.617885131835937500e+02
3.458880615234375000e+02
2.152266845703125000e+02
2.878526306152343750e+02
1.616629333496093750e+02
3.185230712890625000e+02
2.020467529296875000e+02
3.441908874511718750e+02
3.602827758789062500e+02
1.687461547851562500e+02
3.788943786621093750e+02
2.852705383300781250e+02
3.156297302246093750e+02
4.008836975097656250e+02
2.452168579101562500e+02
3.538882446289062500e+02
3.518021240234375000e+02
1.928379211425781250e+02
2.531622924804687500e+02
1.617216186523437500e+02
1.773744812011718750e+02
2.338353881835937500e+02
1.907157135009765625e+02
2.779971618652343750e+02
1.727056274414062500e+02
3.412758178710937500e+02
3.427192382812500000e+02
1.842827148437500000e+02
3.044328918457031250e+02
1.448186950683593750e+02
2.923337097167968750e+02
2.299297027587890625e+02
2.870198059082031250e+02
2.397735748291015625e+02
2.994353637695312500e+02
3.272977905273437500e+02
1.461792755126953125e+02
3.514206848144531250e+02
2.068067932128906250e+02
3.996180114746093750e+02
4.907814331054687500e+02
2.883019409179687500e+02
3.839885864257812500e+02
4.830988464355468750e+02
2.065318450927734375e+02
4.953011779785156250e+02
6.700963134765625000e+02
5.241806030273437500e+02
1.665013885498046875e+02
6.128360595703125000e+02
7.382327880859375000e+02
4.773122863769531250e+02
2.816168823242187500e+02
5.054438781738281250e+02
4.326291809082031250e+02
1.716042785644531250e+02
4.642513427734375000e+02
4.420936889648437500e+02
1.974360656738281250e+02
3.186623229980468750e+02
2.467035064697265625e+02
2.542868652343750000e+02
2.181549224853515625e+02
2.762882690429687500e+02
2.800781860351562500e+02
1.711690368652343750e+02
1.894209899902343750e+02
2.439248352050781250e+02
2.275503082275390625e+02
2.153294372558593750e+02
1.522047576904296875e+02
2.372589569091796875e+02
1.565020446777343750e+02
3.176834411621093750e+02
2.026958923339843750e+02
3.626835327148437500e+02
4.128586425781250000e+02
1.906326293945312500e+02
4.793695678710937500e+02
5.460739746093750000e+02
2.431741790771484375e+02
5.045480346679687500e+02
7.163229980468750000e+02
5.998133544921875000e+02
2.206845703125000000e+02
6.224483032226562500e+02
8.561810302734375000e+02
6.913961181640625000e+02
1.834662780761718750e+02
6.669664306640625000e+02
9.744261474609375000e+02
9.231776123046875000e+02
5.489158935546875000e+02
2.458980102539062500e+02
5.063230590820312500e+02
3.719744873046875000e+02
2.698785400390625000e+02
3.922227172851562500e+02
2.395446014404296875e+02
3.550199279785156250e+02
3.811643066406250000e+02
1.783763275146484375e+02
2.899776306152343750e+02
1.969640808105468750e+02
3.099523925781250000e+02
2.297152252197265625e+02
3.266060180664062500e+02
3.832177429199218750e+02
1.901588134765625000e+02
4.239458618164062500e+02
4.387849121093750000e+02
1.615740356445312500e+02
3.329168395996093750e+02
2.869553527832031250e+02
2.190893554687500000e+02
2.108348693847656250e+02
2.716604614257812500e+02
2.645144042968750000e+02
2.040572814941406250e+02
1.743820190429687500e+02
2.757904052734375000e+02
2.369852294921875000e+02
2.575659179687500000e+02
1.976107788085937500e+02
3.236740112304687500e+02
3.414509887695312500e+02
1.529009399414062500e+02
3.999513854980468750e+02
3.109099121093750000e+02
2.855795288085937500e+02
3.647840881347656250e+02
1.914712524414062500e+02
4.210335083007812500e+02
4.383826904296875000e+02
1.533756713867187500e+02
3.157958374023437500e+02
2.519505615234375000e+02
2.760195312500000000e+02
2.403983154296875000e+02
3.022333374023437500e+02
3.363918457031250000e+02
1.568997802734375000e+02
4.033617248535156250e+02
3.275738830566406250e+02
2.639807128906250000e+02
3.449416198730468750e+02
1.737291259765625000e+02
4.122448425292968750e+02
3.964886169433593750e+02
1.805822143554687500e+02
2.755975036621093750e+02
1.547082824707031250e+02
3.481220703125000000e+02
2.478213043212890625e+02
3.412383422851562500e+02
4.147211608886718750e+02
2.118893737792968750e+02
4.559033508300781250e+02
5.337365722656250000e+02
2.410428161621093750e+02
4.990230102539062500e+02
7.023331909179687500e+02
5.840490112304687500e+02
2.057199401855468750e+02
6.205116577148437500e+02
8.338586425781250000e+02
6.529583129882812500e+02
1.886390380859375000e+02
5.637323608398437500e+02
7.458207397460937500e+02
6.016320800781250000e+02
2.383304290771484375e+02
5.882685546875000000e+02
7.608197021484375000e+02
5.435262451171875000e+02
2.023211059570312500e+02
4.303932495117187500e+02
3.776954040527343750e+02
1.806169586181640625e+02
3.890472412109375000e+02
2.772060546875000000e+02
3.187370605468750000e+02
4.093352661132812500e+02
2.554026794433593750e+02
3.425198364257812500e+02
3.639553833007812500e+02
1.787291564941406250e+02
2.800849914550781250e+02
1.872826843261718750e+02
3.239157104492187500e+02
2.273087463378906250e+02
3.294675903320312500e+02
3.802031860351562500e+02
1.954678802490234375e+02
4.204051818847656250e+02
4.203414306640625000e+02
1.595009918212890625e+02
3.084275817871093750e+02
2.161931457519531250e+02
3.230167846679687500e+02
2.911492919921875000e+02
2.557099609375000000e+02
3.044099426269531250e+02
1.642471618652343750e+02
2.468825073242187500e+02
1.755884552001953125e+02
1.718849029541015625e+02
2.217130126953125000e+02
1.583035736083984375e+02
1.607862854003906250e+02
2.094148864746093750e+02
1.712521057128906250e+02
1.479880065917968750e+02
1.766774139404296875e+02
2.115754241943359375e+02
1.522959136962890625e+02
2.867609558105468750e+02
1.515502014160156250e+02
3.229394226074218750e+02
2.760007934570312500e+02
2.526370697021484375e+02
2.144608764648437500e+02
3.258829345703125000e+02
3.488635559082031250e+02
1.438613586425781250e+02
3.666010131835937500e+02
2.482996520996093750e+02
3.679354248046875000e+02
4.591974182128906250e+02
2.632918090820312500e+02
4.093473205566406250e+02
5.009345703125000000e+02
2.220937500000000000e+02
4.917974243164062500e+02
6.754544067382812500e+02
5.395947875976562500e+02
1.757611999511718750e+02
6.170053100585937500e+02
7.685794067382812500e+02
5.361595458984375000e+02
2.285873718261718750e+02
4.521937866210937500e+02
4.067461547851562500e+02
1.633744506835937500e+02
4.660393676757812500e+02
4.455342407226562500e+02
1.731920776367187500e+02
3.192288208007812500e+02
2.422730102539062500e+02
2.886365966796875000e+02
2.635009155273437500e+02
2.761630859375000000e+02
3.128853149414062500e+02
1.534116821289062500e+02
3.343310546875000000e+02
1.994627990722656250e+02
3.684990539550781250e+02
4.243938598632812500e+02
2.044032287597656250e+02
4.547420043945312500e+02
5.274949951171875000e+02
2.358412933349609375e+02
4.922432861328125000e+02
6.824982910156250000e+02
5.614171752929687500e+02
1.915057220458984375e+02
6.262818603515625000e+02
8.252535400390625000e+02
6.333057861328125000e+02
1.617615356445312500e+02
4.790961303710937500e+02
5.538350830078125000e+02
3.385600891113281250e+02
3.359287109375000000e+02
4.536191711425781250e+02
2.316888122558593750e+02
3.856672668457031250e+02
4.734902954101562500e+02
2.798775024414062500e+02
3.728739013671875000e+02
4.544885253906250000e+02
2.116149597167968750e+02
4.247018127441406250e+02
5.081791381835937500e+02
3.099344177246093750e+02
3.404101257324218750e+02
4.350570068359375000e+02
2.261592254638671875e+02
3.381044921875000000e+02
3.593987426757812500e+02
1.978062438964843750e+02
4.142414855957031250e+02
3.650821838378906250e+02
2.368404541015625000e+02
3.434370727539062500e+02
2.167956848144531250e+02
3.362782287597656250e+02
3.161963500976562500e+02
2.437127227783203125e+02
3.172775268554687500e+02
1.807070770263671875e+02
3.632757873535156250e+02
3.077736816406250000e+02
2.630502319335937500e+02
3.475339355468750000e+02
1.962440185546875000e+02
3.911494140625000000e+02
3.833953857421875000e+02
2.049681396484375000e+02
3.196229553222656250e+02
2.099712219238281250e+02
3.565896606445312500e+02
3.466543273925781250e+02
2.178747863769531250e+02
2.914716186523437500e+02
1.655248718261718750e+02
3.731169128417968750e+02
3.200714721679687500e+02
2.725650634765625000e+02
3.645581054687500000e+02
2.245377807617187500e+02
3.495795898437500000e+02
3.344075927734375000e+02
2.295552062988281250e+02
3.068476562500000000e+02
1.856040344238281250e+02
3.573727722167968750e+02
2.868834228515625000e+02
2.964845886230468750e+02
3.678165283203125000e+02
2.258627166748046875e+02
2.778995666503906250e+02
1.862681274414062500e+02
3.346816406250000000e+02
3.364321899414062500e+02
2.179609832763671875e+02
2.572684326171875000e+02
1.598741760253906250e+02
2.018981628417968750e+02
1.895047760009765625e+02
1.632490234375000000e+02
2.396879272460937500e+02
2.096763305664062500e+02
2.640495605468750000e+02
1.773891448974609375e+02
3.325456848144531250e+02
3.415745544433593750e+02
2.419936523437500000e+02
3.260475463867187500e+02
1.840368041992187500e+02
3.879141845703125000e+02
4.473992614746093750e+02
2.897126159667968750e+02
3.777083129882812500e+02
4.268032226562500000e+02
1.534472656250000000e+02
3.428118896484375000e+02
3.282459716796875000e+02
2.526543579101562500e+02
3.490343017578125000e+02
1.984752655029296875e+02
3.908339843750000000e+02
4.636690063476562500e+02
3.160933837890625000e+02
3.542133789062500000e+02
4.196108703613281250e+02
1.629266662597656250e+02
3.894120483398437500e+02
4.277733154296875000e+02
2.790942993164062500e+02
3.265503540039062500e+02
3.183955078125000000e+02
2.108014526367187500e+02
2.586513977050781250e+02
1.788421020507812500e+02
2.944939575195312500e+02
1.544096984863281250e+02
2.426698303222656250e+02
1.729036254882812500e+02
2.848952636718750000e+02
1.597234344482421875e+02
3.206549377441406250e+02
2.833533020019531250e+02
2.201659545898437500e+02
2.187919311523437500e+02
2.592127685546875000e+02
2.325504455566406250e+02
2.582093505859375000e+02
2.177611389160156250e+02
2.715861816406250000e+02
2.524042358398437500e+02
2.429417419433593750e+02
2.030841979980468750e+02
2.970121154785156250e+02
2.917220153808593750e+02
1.867629699707031250e+02
1.661763916015625000e+02
2.671029052734375000e+02
2.121921234130859375e+02
2.801268615722656250e+02
1.966001892089843750e+02
3.535094604492187500e+02
3.998668518066406250e+02
1.900517883300781250e+02
4.565132751464843750e+02
4.884161987304687500e+02
1.825249328613281250e+02
4.608968505859375000e+02
5.652695312500000000e+02
3.708205871582031250e+02
2.839945373535156250e+02
3.894181823730468750e+02
1.751690368652343750e+02
2.711470031738281250e+02
2.111639404296875000e+02
2.904501647949218750e+02
2.388357391357421875e+02
2.809710083007812500e+02
2.990180358886718750e+02
1.609318542480468750e+02
2.625032958984375000e+02
1.950414886474609375e+02
2.037684631347656250e+02
1.863282470703125000e+02
1.683558502197265625e+02
1.611785278320312500e+02
1.737956695556640625e+02
2.137949523925781250e+02
1.737799682617187500e+02
2.858104248046875000e+02
1.600503234863281250e+02
3.529433898925781250e+02
3.428854980468750000e+02
1.714314270019531250e+02
2.826327514648437500e+02
1.691655883789062500e+02
2.034787292480468750e+02
1.922550964355468750e+02
1.547937316894531250e+02
1.594010162353515625e+02
1.555836334228515625e+02
2.072859649658203125e+02
1.609132690429687500e+02
1.686926269531250000e+02
2.387244567871093750e+02
1.893056945800781250e+02
2.523947143554687500e+02
1.466969757080078125e+02
2.167100982666015625e+02
1.642461242675781250e+02
1.705079650878906250e+02
2.452093200683593750e+02
1.925853271484375000e+02
2.951361083984375000e+02
1.908290100097656250e+02
3.563954162597656250e+02
3.830105895996093750e+02
1.899278564453125000e+02
4.759653320312500000e+02
4.808114013671875000e+02
1.475191345214843750e+02
4.245940551757812500e+02
4.577956542968750000e+02
2.274561157226562500e+02
4.760726013183593750e+02
5.766173706054687500e+02
2.993693237304687500e+02
4.507954711914062500e+02
6.565593261718750000e+02
5.427412719726562500e+02
1.838490142822265625e+02
6.155289306640625000e+02
7.853952636718750000e+02
5.652911376953125000e+02
1.920663452148437500e+02
4.265022583007812500e+02
3.795258178710937500e+02
1.577801208496093750e+02
3.535076599121093750e+02
1.973024444580078125e+02
3.996067810058593750e+02
4.753095397949218750e+02
2.666574707031250000e+02
4.043403930664062500e+02
4.943924560546875000e+02
2.097324218750000000e+02
5.019782714843750000e+02
6.870044555664062500e+02
5.515020751953125000e+02
1.836861114501953125e+02
6.114018554687500000e+02
7.753553466796875000e+02
5.516682128906250000e+02
2.080155334472656250e+02
4.259690551757812500e+02
3.749890747070312500e+02
1.642758483886718750e+02
3.718471984863281250e+02
2.268644409179687500e+02
3.808089599609375000e+02
4.697525329589843750e+02
2.744348144531250000e+02
3.815736083984375000e+02
4.605317382812500000e+02
1.802662353515625000e+02
4.657276306152343750e+02
5.862432861328125000e+02
4.025573120117187500e+02
2.309672241210937500e+02
3.334434814453125000e+02
1.713746643066406250e+02
2.426587677001953125e+02
1.664086151123046875e+02
3.026210021972656250e+02
1.660040130615234375e+02
3.152547302246093750e+02
2.898533325195312500e+02
2.066750183105468750e+02
1.901713409423828125e+02
2.849119873046875000e+02
2.658914184570312500e+02
2.271102752685546875e+02
1.740922241210937500e+02
3.086761169433593750e+02
2.849353027343750000e+02
2.090662536621093750e+02
1.776752014160156250e+02
2.967505493164062500e+02
2.693652038574218750e+02
2.241540832519531250e+02
1.770586242675781250e+02
3.070002441406250000e+02
2.917111206054687500e+02
1.944728851318359375e+02
1.781643218994140625e+02
2.818245849609375000e+02
2.541717071533203125e+02
2.218689880371093750e+02
1.646681976318359375e+02
2.402254943847656250e+02
1.958941345214843750e+02
2.745662841796875000e+02
1.753886718750000000e+02
3.219833679199218750e+02
3.055737915039062500e+02
1.808602905273437500e+02
1.988998413085937500e+02
2.692910766601562500e+02
2.497763061523437500e+02
2.351699829101562500e+02
1.785014038085937500e+02
2.918608398437500000e+02
2.623912963867187500e+02
2.164200592041015625e+02
1.734093780517578125e+02
2.888147583007812500e+02
2.531954650878906250e+02
2.493924255371093750e+02
2.035125732421875000e+02
3.127379455566406250e+02
3.193273315429687500e+02
1.640108032226562500e+02
2.976616210937500000e+02
1.608595123291015625e+02
1.970027770996093750e+02
1.754757232666015625e+02
1.545391387939453125e+02
1.653983917236328125e+02
1.885074615478515625e+02
1.937266235351562500e+02
1.501218872070312500e+02
2.403822326660156250e+02
1.723033447265625000e+02
1.602470703125000000e+02
2.491858825683593750e+02
1.592375488281250000e+02
1.793646392822265625e+02
2.254857788085937500e+02
1.661669464111328125e+02
1.740414581298828125e+02
2.505179443359375000e+02
1.588369293212890625e+02
2.684879150390625000e+02
1.633244628906250000e+02
3.812866516113281250e+02
3.248037109375000000e+02
2.641384277343750000e+02
3.221428833007812500e+02
1.573106689453125000e+02
3.102867736816406250e+02
1.833566894531250000e+02
3.587534790039062500e+02
3.525839843750000000e+02
1.577643585205078125e+02
2.822537841796875000e+02
1.660743713378906250e+02
2.031695861816406250e+02
1.927066650390625000e+02
1.687965087890625000e+02
1.537953796386718750e+02
1.834692687988281250e+02
2.270892944335937500e+02
1.811064605712890625e+02
3.055126953125000000e+02
1.935869293212890625e+02
3.846099853515625000e+02
4.373717346191406250e+02
2.242471466064453125e+02
4.442371520996093750e+02
4.949770507812500000e+02
1.790312194824218750e+02
5.405081787109375000e+02
7.188399658203125000e+02
5.728453369140625000e+02
1.824569091796875000e+02
6.613548583984375000e+02
8.703053588867187500e+02
6.796331787109375000e+02
1.607502441406250000e+02
6.102373657226562500e+02
8.266552734375000000e+02
7.100982055664062500e+02
3.108640136718750000e+02
5.622678833007812500e+02
8.395567016601562500e+02
7.122427978515625000e+02
2.422625427246093750e+02
6.147171630859375000e+02
9.213226318359375000e+02
8.802875976562500000e+02
5.314729003906250000e+02
2.588030395507812500e+02
5.118314819335937500e+02
3.767574462890625000e+02
2.738942260742187500e+02
4.067448120117187500e+02
2.654874267578125000e+02
3.126181335449218750e+02
3.182924194335937500e+02
2.295901641845703125e+02
3.010194091796875000e+02
1.844431304931640625e+02
3.390133056640625000e+02
2.375348815917968750e+02
3.416360473632812500e+02
4.131489868164062500e+02
2.275622558593750000e+02
4.107977905273437500e+02
4.546871643066406250e+02
1.680807495117187500e+02
3.927080993652343750e+02
4.239999084472656250e+02
1.983530883789062500e+02
4.680429687500000000e+02
5.290603637695312500e+02
2.213120574951171875e+02
5.167901611328125000e+02
7.248480224609375000e+02
6.099955444335937500e+02
2.326568145751953125e+02
6.095615234375000000e+02
8.390673828125000000e+02
6.716623535156250000e+02
1.806928100585937500e+02
6.159998779296875000e+02
8.620891113281250000e+02
7.727155151367187500e+02
3.936843261718750000e+02
4.349955139160156250e+02
6.913405761718750000e+02
5.589121093750000000e+02
1.729558105468750000e+02
4.215592651367187500e+02
4.369070129394531250e+02
2.049056091308593750e+02
4.650196533203125000e+02
5.274256591796875000e+02
2.281985931396484375e+02
4.915379638671875000e+02
6.796404418945312500e+02
5.554862670898437500e+02
1.980317382812500000e+02
5.916925048828125000e+02
7.575957031250000000e+02
5.390249023437500000e+02
2.106160430908203125e+02
4.278418579101562500e+02
3.764685668945312500e+02
1.733076782226562500e+02
3.703830261230468750e+02
2.352725524902343750e+02
3.682739257812500000e+02
4.559224853515625000e+02
2.665760498046875000e+02
3.879628906250000000e+02
4.705421447753906250e+02
1.990200805664062500e+02
4.439896850585937500e+02
5.579934082031250000e+02
3.809462280273437500e+02
2.550124359130859375e+02
3.432825927734375000e+02
1.728921661376953125e+02
2.564416809082031250e+02
1.761111450195312500e+02
2.951574096679687500e+02
1.775814514160156250e+02
3.154569702148437500e+02
3.003497619628906250e+02
1.870835571289062500e+02
2.101616973876953125e+02
2.502588806152343750e+02
2.256777496337890625e+02
2.466372375488281250e+02
1.790385589599609375e+02
3.078763732910156250e+02
2.863948669433593750e+02
2.067183227539062500e+02
1.863583984375000000e+02
2.824562988281250000e+02
2.513456726074218750e+02
2.309509277343750000e+02
1.900106201171875000e+02
2.989806823730468750e+02
2.849177246093750000e+02
2.032183837890625000e+02
1.985636138916015625e+02
2.773936462402343750e+02
2.595163574218750000e+02
2.034483032226562500e+02
1.708067779541015625e+02
2.641476440429687500e+02
2.211674804687500000e+02
2.799811706542968750e+02
2.099217834472656250e+02
3.224215393066406250e+02
3.452489318847656250e+02
1.682133789062500000e+02
4.215236816406250000e+02
3.467743530273437500e+02
2.574054260253906250e+02
3.392273559570312500e+02
1.817542572021484375e+02
4.001093444824218750e+02
3.741577148437500000e+02
2.098239440917968750e+02
2.913906250000000000e+02
1.598741760253906250e+02
3.598648071289062500e+02
2.608224792480468750e+02
3.421531982421875000e+02
4.185972900390625000e+02
2.254251708984375000e+02
4.433029785156250000e+02
5.197887573242187500e+02
2.286856689453125000e+02
5.115920410156250000e+02
7.126599121093750000e+02
5.968284912109375000e+02
2.232572021484375000e+02
6.103538818359375000e+02
8.310251464843750000e+02
6.564100341796875000e+02
1.824518432617187500e+02
5.799598999023437500e+02
7.810935668945312500e+02
6.550546264648437500e+02
2.704012451171875000e+02
5.595743408203125000e+02
7.917056884765625000e+02
6.267038574218750000e+02
1.693470153808593750e+02
5.040961914062500000e+02
6.244832153320312500e+02
4.450067749023437500e+02
2.122539367675781250e+02
4.131740112304687500e+02
2.625850219726562500e+02
3.686689453125000000e+02
4.845070190429687500e+02
3.194068603515625000e+02
2.931378784179687500e+02
3.814613037109375000e+02
1.723359985351562500e+02
3.003932495117187500e+02
2.599048461914062500e+02
2.418176879882812500e+02
2.171250000000000000e+02
2.723911132812500000e+02
2.786184387207031250e+02
1.943955993652343750e+02
2.237937469482421875e+02
2.177481536865234375e+02
2.082030639648437500e+02
2.349083862304687500e+02
1.618621673583984375e+02
2.404714660644531250e+02
1.867532958984375000e+02
3.052744445800781250e+02
2.000198516845703125e+02
3.659227905273437500e+02
4.077071533203125000e+02
1.969736022949218750e+02
4.667407531738281250e+02
5.193202514648437500e+02
2.033257446289062500e+02
5.372238159179687500e+02
7.348944091796875000e+02
6.122791137695312500e+02
2.280577239990234375e+02
6.174209594726562500e+02
8.466276245117187500e+02
6.828957519531250000e+02
2.021361083984375000e+02
6.049592285156250000e+02
8.588677978515625000e+02
7.778593750000000000e+02
4.088742370605468750e+02
4.121037292480468750e+02
6.654172363281250000e+02
5.278864746093750000e+02
1.943548889160156250e+02
4.103186645507812500e+02
3.824366760253906250e+02
1.821062622070312500e+02
4.245132141113281250e+02
3.646866455078125000e+02
2.299666900634765625e+02
3.337257690429687500e+02
2.047061767578125000e+02
3.468337097167968750e+02
3.016322326660156250e+02
2.648443603515625000e+02
3.228690490722656250e+02
1.708391113281250000e+02
3.713270568847656250e+02
2.902431030273437500e+02
3.001364135742187500e+02
3.752519836425781250e+02
1.928817749023437500e+02
4.233575744628906250e+02
4.389700927734375000e+02
1.566838073730468750e+02
3.691608581542968750e+02
3.519945373535156250e+02
1.600508728027343750e+02
2.904223022460937500e+02
1.573518066406250000e+02
2.092352600097656250e+02
1.680342102050781250e+02
1.521019287109375000e+02
1.625148925781250000e+02
1.866349792480468750e+02
1.858867492675781250e+02
1.513771667480468750e+02
1.520550689697265625e+02
1.969619750976562500e+02
1.665116424560546875e+02
1.574111633300781250e+02
1.656455230712890625e+02
1.874485473632812500e+02
1.686495361328125000e+02
1.768031311035156250e+02
1.639390258789062500e+02
1.721677551269531250e+02
1.720147094726562500e+02
1.902506103515625000e+02
1.549822387695312500e+02
1.488668518066406250e+02
1.494119873046875000e+02
1.471374511718750000e+02
1.463878631591796875e+02
1.457445526123046875e+02
1.486380920410156250e+02
1.575127563476562500e+02
1.961941833496093750e+02
1.644499511718750000e+02
1.688029022216796875e+02
1.730157775878906250e+02
1.959847412109375000e+02
1.524010009765625000e+02
1.467968902587890625e+02
1.600743408203125000e+02
2.017122039794921875e+02
2.016519317626953125e+02
1.471040496826171875e+02
2.350870819091796875e+02
1.892103881835937500e+02
1.580489501953125000e+02
2.837591552734375000e+02
1.632615356445312500e+02
3.022459106445312500e+02
2.389618835449218750e+02
3.128747558593750000e+02
2.936692504882812500e+02
2.366221313476562500e+02
2.671565551757812500e+02
1.868715209960937500e+02
1.612344360351562500e+02
2.216459503173828125e+02
1.579072265625000000e+02
1.998847045898437500e+02
2.220123748779296875e+02
1.719052734375000000e+02
3.121770629882812500e+02
1.973121185302734375e+02
3.885212097167968750e+02
4.461314697265625000e+02
2.354231567382812500e+02
4.318174438476562500e+02
4.993513793945312500e+02
1.975667724609375000e+02
5.260130615234375000e+02
7.139542236328125000e+02
5.812639770507812500e+02
2.051147155761718750e+02
6.420014648437500000e+02
8.592147827148437500e+02
6.847949218750000000e+02
1.767398986816406250e+02
6.349570922851562500e+02
8.939644775390625000e+02
8.186387939453125000e+02
4.460480957031250000e+02
3.733955688476562500e+02
6.279534301757812500e+02
4.938306884765625000e+02
2.013491210937500000e+02
3.940165405273437500e+02
3.373662109375000000e+02
1.964013977050781250e+02
2.988393859863281250e+02
1.841941375732421875e+02
2.356707153320312500e+02
1.690427856445312500e+02
2.558565063476562500e+02
1.829368896484375000e+02
1.915674285888671875e+02
2.085216979980468750e+02
1.618206481933593750e+02
1.554893646240234375e+02
2.051957092285156250e+02
2.074075317382812500e+02
1.523982238769531250e+02
2.528858337402343750e+02
1.627893371582031250e+02
1.647543487548828125e+02
2.551786193847656250e+02
1.598783721923828125e+02
2.172949829101562500e+02
2.029649963378906250e+02
1.579819641113281250e+02
1.998634948730468750e+02
2.166738281250000000e+02
1.641122131347656250e+02
2.159027099609375000e+02
2.090519714355468750e+02
1.915029449462890625e+02
2.176489410400390625e+02
1.983552856445312500e+02
2.124639434814453125e+02
1.944029541015625000e+02
1.669923095703125000e+02
2.520182037353515625e+02
1.677855072021484375e+02
1.615181579589843750e+02
2.298638763427734375e+02
1.765360107421875000e+02
1.662931823730468750e+02
2.439459991455078125e+02
1.793904418945312500e+02
1.781687622070312500e+02
2.218812561035156250e+02
1.903511657714843750e+02
1.786556701660156250e+02
2.458822937011718750e+02
1.747666320800781250e+02
2.013100585937500000e+02
1.862831115722656250e+02
1.774066619873046875e+02
1.674840393066406250e+02
1.557708892822265625e+02
2.035310668945312500e+02
1.696128540039062500e+02
1.487785644531250000e+02
1.908150329589843750e+02
1.886876220703125000e+02
1.441541748046875000e+02
1.630414428710937500e+02
1.843366088867187500e+02
1.996141357421875000e+02
1.699702148437500000e+02
1.480738220214843750e+02
1.759716796875000000e+02
2.021464538574218750e+02
1.700743713378906250e+02
1.522522583007812500e+02
1.547880249023437500e+02
1.460572814941406250e+02
1.535632324218750000e+02
1.553355102539062500e+02
1.917460021972656250e+02
2.244805297851562500e+02
1.586392822265625000e+02
2.891714477539062500e+02
1.640408782958984375e+02
2.991033935546875000e+02
2.187380828857421875e+02
3.551984252929687500e+02
3.325097656250000000e+02
2.419001770019531250e+02
2.832145996093750000e+02
1.688202514648437500e+02
1.658498229980468750e+02
2.737511596679687500e+02
2.175553131103515625e+02
2.912219543457031250e+02
2.071020812988281250e+02
3.599873657226562500e+02
4.006109008789062500e+02
1.831959838867187500e+02
4.755916748046875000e+02
5.065856933593750000e+02
1.725306701660156250e+02
5.436864013671875000e+02
7.124936523437500000e+02
5.636074829101562500e+02
1.806124572753906250e+02
6.488503417968750000e+02
8.258007812500000000e+02
6.063858642578125000e+02
2.056468505859375000e+02
4.749250488281250000e+02
4.963506774902343750e+02
2.447944183349609375e+02
4.620697326660156250e+02
5.611998291015625000e+02
2.804639282226562500e+02
4.491945495605468750e+02
6.320783691406250000e+02
5.040081176757812500e+02
1.675054016113281250e+02
5.764902343750000000e+02
6.537901611328125000e+02
3.624183044433593750e+02
4.165424499511718750e+02
6.374100341796875000e+02
5.602021484375000000e+02
2.427985382080078125e+02
5.334660644531250000e+02
6.726982421875000000e+02
4.299668884277343750e+02
3.261305236816406250e+02
5.380067749023437500e+02
4.471625976562500000e+02
2.051488494873046875e+02
4.653713378906250000e+02
4.227539672851562500e+02
2.213109436035156250e+02
3.489146728515625000e+02
2.718901977539062500e+02
2.644161987304687500e+02
2.300380249023437500e+02
2.918925476074218750e+02
3.194504699707031250e+02
1.766301879882812500e+02
3.207447814941406250e+02
1.767231750488281250e+02
3.506151123046875000e+02
3.485761108398437500e+02
1.607337646484375000e+02
3.241875000000000000e+02
1.769249267578125000e+02
3.590541076660156250e+02
3.548463745117187500e+02
1.569375610351562500e+02
2.875697021484375000e+02
1.621095581054687500e+02
1.907253112792968750e+02
2.109250640869140625e+02
1.712886199951171875e+02
1.517805480957031250e+02
1.790836791992187500e+02
2.416788635253906250e+02
1.729078979492187500e+02
3.477299499511718750e+02
2.639663391113281250e+02
3.458843688964843750e+02
4.129743957519531250e+02
2.209459533691406250e+02
4.442319030761718750e+02
4.776275634765625000e+02
1.579204864501953125e+02
4.854049987792968750e+02
5.734364013671875000e+02
3.652223510742187500e+02
3.284664916992187500e+02
4.436301879882812500e+02
2.208914184570312500e+02
4.004037475585937500e+02
4.683623962402343750e+02
2.629143676757812500e+02
4.060942993164062500e+02
4.667915344238281250e+02
2.021977386474609375e+02
4.400722656250000000e+02
5.154475097656250000e+02
3.142005310058593750e+02
3.636543273925781250e+02
4.574335632324218750e+02
2.452095184326171875e+02
3.438013610839843750e+02
3.709085998535156250e+02
2.146475982666015625e+02
4.127197265625000000e+02
3.590285644531250000e+02
2.471061401367187500e+02
3.441500854492187500e+02
2.128967132568359375e+02
3.633181762695312500e+02
3.434630126953125000e+02
2.454605712890625000e+02
3.345174560546875000e+02
1.979321594238281250e+02
3.732852172851562500e+02
3.347612915039062500e+02
2.627318725585937500e+02
3.476520385742187500e+02
2.129924926757812500e+02
3.748391723632812500e+02
3.583004150390625000e+02
2.387803802490234375e+02
3.332171020507812500e+02
2.197931976318359375e+02
3.625773010253906250e+02
3.357620239257812500e+02
2.530150909423828125e+02
3.370870666503906250e+02
2.102591857910156250e+02
3.584485778808593750e+02
3.056595153808593750e+02
2.866177368164062500e+02
3.446904602050781250e+02
2.179992675781250000e+02
2.810140991210937500e+02
1.716492767333984375e+02
3.307538452148437500e+02
2.850159606933593750e+02
2.653333129882812500e+02
2.763743286132812500e+02
2.065352630615234375e+02
2.098648376464843750e+02
2.395158843994140625e+02
1.717429962158203125e+02
2.788827209472656250e+02
2.297400054931640625e+02
2.935330810546875000e+02
2.596266479492187500e+02
2.556672058105468750e+02
2.521794433593750000e+02
2.435671386718750000e+02
2.385372314453125000e+02
2.389949340820312500e+02
2.136144714355468750e+02
2.627535400390625000e+02
1.940271606445312500e+02
3.160476684570312500e+02
3.021387939453125000e+02
2.057522735595703125e+02
2.150140380859375000e+02
2.654723510742187500e+02
2.412301635742187500e+02
2.335840454101562500e+02
1.661257324218750000e+02
2.250052795410156250e+02
1.730061340332031250e+02
2.916132507324218750e+02
1.806671447753906250e+02
2.964954528808593750e+02
2.475686950683593750e+02
2.742101440429687500e+02
2.274740295410156250e+02
2.969099121093750000e+02
3.034038696289062500e+02
1.763380737304687500e+02
1.767791748046875000e+02
2.840266723632812500e+02
2.350734863281250000e+02
2.871645202636718750e+02
2.198374328613281250e+02
3.449010620117187500e+02
3.853540954589843750e+02
1.763370513916015625e+02
4.680461730957031250e+02
4.772242431640625000e+02
1.699358520507812500e+02
4.241464233398437500e+02
4.495833435058593750e+02
2.189318237304687500e+02
4.725764770507812500e+02
5.392702636718750000e+02
2.311238403320312500e+02
5.234132690429687500e+02
7.273903198242187500e+02
6.118317871093750000e+02
2.391351013183593750e+02
6.126439819335937500e+02
8.395671386718750000e+02
6.737716064453125000e+02
1.881905059814453125e+02
6.127380371093750000e+02
8.453896484375000000e+02
7.431323242187500000e+02
3.572335815429687500e+02
4.983848876953125000e+02
7.603344116210937500e+02
6.172403564453125000e+02
2.080782470703125000e+02
4.883855590820312500e+02
5.793891601562500000e+02
3.869973144531250000e+02
2.887150878906250000e+02
4.487681274414062500e+02
2.722167968750000000e+02
3.524424133300781250e+02
4.374730834960937500e+02
2.635173034667968750e+02
3.586455688476562500e+02
3.895697631835937500e+02
2.237425231933593750e+02
3.110097656250000000e+02
2.382586364746093750e+02
2.877906799316406250e+02
2.608548889160156250e+02
2.725966186523437500e+02
2.979830017089843750e+02
1.645238647460937500e+02
3.236134033203125000e+02
2.052709960937500000e+02
3.245345153808593750e+02
3.096247863769531250e+02
1.906587219238281250e+02
1.975653533935546875e+02
2.778490905761718750e+02
2.531911010742187500e+02
2.479888305664062500e+02
1.859532470703125000e+02
3.269722290039062500e+02
3.204699401855468750e+02
1.875992279052734375e+02
2.203638763427734375e+02
2.516720886230468750e+02
2.268901977539062500e+02
2.738198852539062500e+02
1.996733703613281250e+02
3.415913085937500000e+02
3.587684326171875000e+02
1.665543823242187500e+02
4.411130981445312500e+02
3.805387573242187500e+02
2.311416931152343750e+02
3.180621643066406250e+02
1.746682739257812500e+02
3.950755310058593750e+02
3.280123596191406250e+02
2.680249938964843750e+02
3.386354980468750000e+02
1.744217529296875000e+02
4.334055480957031250e+02
4.031557617187500000e+02
1.955418090820312500e+02
2.854539184570312500e+02
1.599352111816406250e+02
3.486335144042968750e+02
2.345090332031250000e+02
3.702514953613281250e+02
4.405226745605468750e+02
2.340113983154296875e+02
4.393350219726562500e+02
5.146123046875000000e+02
2.158115997314453125e+02
5.248161621093750000e+02
7.224642333984375000e+02
6.042174682617187500e+02
2.281065216064453125e+02
6.397814941406250000e+02
8.790211181640625000e+02
7.265442504882812500e+02
2.274241943359375000e+02
6.760488891601562500e+02
1.023080078125000000e+03
1.014341247558593750e+03
6.821058959960937500e+02
1.743471069335937500e+02
7.444334716796875000e+02
9.796564941406250000e+02
8.173532714843750000e+02
3.097289428710937500e+02
6.145407714843750000e+02
9.868788452148437500e+02
1.004712585449218750e+03
7.001425781250000000e+02
2.269077453613281250e+02
7.260822753906250000e+02
1.002213256835937500e+03
8.751838378906250000e+02
3.942637329101562500e+02
5.316156005859375000e+02
8.923818359375000000e+02
9.081217041015625000e+02
6.134119262695312500e+02
2.236456604003906250e+02
6.315499267578125000e+02
7.217258300781250000e+02
4.457577819824218750e+02
3.578882141113281250e+02
6.008766479492187500e+02
5.859085693359375000e+02
3.388724365234375000e+02
3.746686706542968750e+02
4.816029663085937500e+02
2.311026000976562500e+02
4.393631286621093750e+02
5.795357666015625000e+02
4.251836547851562500e+02
2.337558898925781250e+02
4.188262023925781250e+02
2.642737426757812500e+02
3.750068054199218750e+02
4.903206787109375000e+02
3.565634155273437500e+02
2.664913330078125000e+02
3.653067016601562500e+02
1.805538330078125000e+02
2.892149658203125000e+02
2.506752319335937500e+02
2.409044342041015625e+02
2.170171813964843750e+02
2.645502624511718750e+02
2.538425903320312500e+02
2.154279022216796875e+02
1.982981109619140625e+02
2.660218505859375000e+02
2.479045715332031250e+02
2.300701293945312500e+02
1.888834686279296875e+02
2.847994689941406250e+02
2.594989318847656250e+02
2.474337310791015625e+02
2.368465576171875000e+02
2.593665161132812500e+02
2.417514343261718750e+02
2.350423431396484375e+02
2.014257812500000000e+02
2.988595886230468750e+02
2.777741699218750000e+02
2.352333984375000000e+02
2.380902404785156250e+02
2.445669403076171875e+02
2.208042907714843750e+02
2.562982177734375000e+02
1.834051818847656250e+02
2.997354431152343750e+02
2.633469238281250000e+02
2.569387207031250000e+02
2.216568908691406250e+02
2.979035644531250000e+02
3.021565246582031250e+02
1.792150878906250000e+02
2.071266021728515625e+02
2.601022338867187500e+02
2.443448944091796875e+02
2.187709960937500000e+02
1.737231140136718750e+02
2.395357666015625000e+02
1.908183898925781250e+02
2.979500122070312500e+02
1.840338897705078125e+02
3.535898742675781250e+02
3.746655273437500000e+02
1.620263061523437500e+02
4.368229370117187500e+02
3.995782470703125000e+02
1.995982055664062500e+02
2.865599365234375000e+02
1.575037689208984375e+02
3.301307373046875000e+02
1.905539703369140625e+02
3.977784423828125000e+02
4.558495178222656250e+02
2.353253479003906250e+02
4.732828979492187500e+02
5.778241577148437500e+02
3.071772766113281250e+02
4.456016845703125000e+02
6.436903076171875000e+02
5.347654418945312500e+02
1.819747619628906250e+02
6.200009765625000000e+02
7.924654541015625000e+02
5.778147583007812500e+02
1.864148254394531250e+02
4.242799377441406250e+02
3.912902221679687500e+02
1.648051757812500000e+02
4.110733337402343750e+02
3.226878662109375000e+02
2.887767944335937500e+02
3.687728576660156250e+02
1.980513305664062500e+02
4.250105285644531250e+02
4.414405822753906250e+02
1.624923706054687500e+02
3.427339172363281250e+02
2.920854187011718750e+02
2.372358398437500000e+02
2.266055908203125000e+02
2.839904174804687500e+02
2.833829956054687500e+02
2.034372558593750000e+02
1.893548583984375000e+02
2.761104125976562500e+02
2.373611907958984375e+02
2.744076843261718750e+02
2.114405212402343750e+02
3.363216552734375000e+02
3.666903076171875000e+02
1.720392761230468750e+02
4.445633850097656250e+02
4.155613403320312500e+02
1.849380645751953125e+02
3.055179443359375000e+02
1.936580352783203125e+02
3.619892578125000000e+02
3.175781860351562500e+02
2.671190185546875000e+02
3.369195556640625000e+02
1.712443695068359375e+02
4.139747314453125000e+02
3.704000854492187500e+02
2.285241851806640625e+02
3.075813293457031250e+02
1.665816802978515625e+02
3.596864929199218750e+02
2.627068481445312500e+02
3.238889160156250000e+02
3.860447998046875000e+02
2.048485717773437500e+02
4.313182373046875000e+02
4.335504150390625000e+02
1.770119018554687500e+02
3.450274963378906250e+02
2.846270141601562500e+02
2.603742675781250000e+02
2.503710174560546875e+02
2.651856689453125000e+02
2.709060668945312500e+02
2.052667694091796875e+02
1.821215209960937500e+02
2.768468627929687500e+02
2.341472473144531250e+02
2.825048217773437500e+02
2.224920043945312500e+02
3.293090820312500000e+02
3.635355834960937500e+02
1.788707885742187500e+02
4.357971801757812500e+02
4.040533447265625000e+02
1.976609802246093750e+02
2.979441833496093750e+02
1.814063568115234375e+02
3.601387939453125000e+02
2.884630126953125000e+02
3.057031250000000000e+02
3.810845336914062500e+02
2.102204895019531250e+02
4.226388549804687500e+02
4.296915283203125000e+02
1.670589447021484375e+02
3.368562622070312500e+02
2.669403686523437500e+02
2.822557678222656250e+02
2.605650634765625000e+02
2.863942260742187500e+02
3.187618103027343750e+02
1.689237365722656250e+02
3.027929687500000000e+02
1.667300109863281250e+02
2.818584289550781250e+02
2.023376007080078125e+02
3.431457519531250000e+02
2.910488281250000000e+02
2.840903320312500000e+02
3.475578002929687500e+02
1.809607849121093750e+02
4.213130798339843750e+02
3.893070068359375000e+02
2.111006164550781250e+02
3.156322631835937500e+02
1.920359802246093750e+02
3.882027893066406250e+02
3.636209411621093750e+02
2.378245544433593750e+02
3.232286987304687500e+02
1.918233032226562500e+02
3.871560974121093750e+02
3.504933471679687500e+02
2.456949310302734375e+02
3.378605957031250000e+02
2.120614624023437500e+02
3.516088256835937500e+02
3.025963439941406250e+02
2.765700378417968750e+02
3.487953491210937500e+02
2.054248352050781250e+02
3.674388427734375000e+02
3.042821655273437500e+02
2.942183532714843750e+02
3.565483398437500000e+02
2.262662048339843750e+02
3.029400939941406250e+02
2.041653137207031250e+02
3.507338867187500000e+02
3.715924987792968750e+02
2.085043334960937500e+02
3.316476745605468750e+02
2.225765991210937500e+02
3.661417846679687500e+02
4.314257812500000000e+02
2.755664062500000000e+02
3.388500976562500000e+02
3.503425292968750000e+02
1.948248901367187500e+02
2.446776428222656250e+02
1.946020965576171875e+02
1.875432434082031250e+02
2.327822570800781250e+02
1.972344970703125000e+02
2.467285308837890625e+02
1.586067657470703125e+02
2.216309509277343750e+02
1.751704711914062500e+02
2.035642852783203125e+02
2.147110290527343750e+02
1.813466033935546875e+02
2.381011962890625000e+02
1.660784606933593750e+02
1.662898559570312500e+02
2.248800201416015625e+02
1.930182495117187500e+02
1.598149108886718750e+02
2.061377410888671875e+02
2.110082244873046875e+02
1.651090240478515625e+02
2.887776489257812500e+02
1.583347778320312500e+02
2.936385498046875000e+02
2.102297668457031250e+02
3.757764282226562500e+02
3.565524902343750000e+02
2.246499938964843750e+02
2.643932189941406250e+02
1.902637634277343750e+02
1.588336334228515625e+02
2.387647399902343750e+02
1.545394744873046875e+02
2.816511230468750000e+02
1.552975463867187500e+02
2.261355285644531250e+02
1.639067840576171875e+02
1.540327453613281250e+02
1.591913604736328125e+02
1.871149749755859375e+02
2.078845825195312500e+02
1.525304870605468750e+02
2.156691589355468750e+02
2.169129791259765625e+02
1.696594238281250000e+02
3.099717407226562500e+02
1.923996887207031250e+02
3.869135742187500000e+02
4.347968139648437500e+02
2.061842346191406250e+02
5.075999145507812500e+02
5.997455444335937500e+02
3.172064208984375000e+02
4.513239135742187500e+02
6.588911132812500000e+02
5.571849975585937500e+02
2.014346923828125000e+02
6.482481689453125000e+02
8.639523925781250000e+02
6.844655151367187500e+02
1.785024414062500000e+02
6.500709228515625000e+02
9.227271118164062500e+02
8.519705810546875000e+02
4.871761474609375000e+02
3.341984558105468750e+02
5.849596557617187500e+02
4.458693237304687500e+02
2.360431213378906250e+02
3.987131347656250000e+02
2.906417846679687500e+02
2.828998107910156250e+02
2.964501342773437500e+02
2.392446594238281250e+02
2.834702453613281250e+02
1.769816589355468750e+02
3.079208984375000000e+02
1.727909240722656250e+02
2.671896972656250000e+02
2.022236938476562500e+02
2.992930908203125000e+02
2.058235626220703125e+02
3.466843261718750000e+02
3.803731994628906250e+02
1.762959136962890625e+02
4.559297485351562500e+02
4.539483642578125000e+02
1.603042449951171875e+02
3.533852233886718750e+02
3.034384765625000000e+02
2.386935577392578125e+02
2.255014801025390625e+02
2.953644104003906250e+02
2.903557128906250000e+02
2.062599029541015625e+02
1.836008300781250000e+02
2.921283569335937500e+02
2.565355529785156250e+02
2.696060791015625000e+02
2.192583465576171875e+02
3.320868225097656250e+02
3.610223693847656250e+02
1.695939025878906250e+02
4.332383422851562500e+02
3.855864562988281250e+02
2.205554351806640625e+02
3.080560913085937500e+02
1.753428649902343750e+02
3.767645263671875000e+02
3.049511718750000000e+02
2.992821655273437500e+02
3.855113525390625000e+02
2.296330566406250000e+02
3.923860473632812500e+02
3.997571411132812500e+02
1.856740112304687500e+02
2.870123596191406250e+02
1.753980255126953125e+02
3.611599121093750000e+02
2.825579833984375000e+02
3.111283569335937500e+02
3.783575134277343750e+02
2.094042816162109375e+02
4.205241088867187500e+02
4.154163208007812500e+02
1.760386352539062500e+02
2.871063232421875000e+02
1.732487792968750000e+02
3.679004516601562500e+02
2.994180297851562500e+02
2.958048706054687500e+02
3.590601196289062500e+02
1.931929016113281250e+02
4.062720947265625000e+02
3.644499816894531250e+02
2.300797882080078125e+02
3.103853759765625000e+02
1.859991455078125000e+02
2.993921508789062500e+02
1.985994720458984375e+02
3.424806518554687500e+02
3.216225280761718750e+02
2.005595092773437500e+02
2.331343231201171875e+02
2.491154937744140625e+02
2.469719543457031250e+02
2.299265747070312500e+02
2.005765991210937500e+02
2.923345642089843750e+02
2.919262390136718750e+02
2.209299926757812500e+02
2.358867797851562500e+02
2.216388244628906250e+02
2.227415161132812500e+02
2.323561706542968750e+02
1.707398986816406250e+02
2.762875976562500000e+02
2.640446472167968750e+02
2.457595214843750000e+02
2.071412658691406250e+02
2.949743041992187500e+02
2.920575561523437500e+02
2.457940979003906250e+02
3.177525024414062500e+02
1.617015686035156250e+02
2.355254058837890625e+02
1.774631347656250000e+02
2.614297485351562500e+02
1.809700622558593750e+02
1.899641113281250000e+02
2.215312805175781250e+02
1.696934661865234375e+02
1.592416076660156250e+02
1.897645874023437500e+02
2.322290649414062500e+02
1.642588653564453125e+02
2.905791320800781250e+02
1.585618133544921875e+02
3.167675476074218750e+02
2.570702819824218750e+02
2.989839477539062500e+02
2.711723632812500000e+02
2.814801635742187500e+02
3.017344360351562500e+02
1.793012695312500000e+02
1.808412170410156250e+02
2.782861022949218750e+02
2.265337829589843750e+02
3.124745483398437500e+02
2.623343505859375000e+02
3.174394226074218750e+02
3.607075805664062500e+02
1.745671844482421875e+02
4.344392700195312500e+02
4.014723510742187500e+02
2.021573181152343750e+02
2.944226074218750000e+02
1.698055725097656250e+02
3.606600952148437500e+02
2.626343383789062500e+02
3.536462707519531250e+02
4.302279052734375000e+02
2.476404266357421875e+02
3.967141723632812500e+02
4.280096740722656250e+02
1.655803833007812500e+02
3.360222167968750000e+02
2.805703125000000000e+02
2.663212585449218750e+02
2.450635833740234375e+02
2.932057495117187500e+02
3.088810729980468750e+02
1.785363769531250000e+02
2.447888031005859375e+02
2.215580596923828125e+02
2.072095642089843750e+02
2.658705444335937500e+02
1.715583496093750000e+02
3.099838256835937500e+02
2.698676147460937500e+02
2.516048431396484375e+02
2.224108276367187500e+02
2.968211669921875000e+02
2.977241210937500000e+02
1.924006347656250000e+02
1.931661682128906250e+02
2.814858703613281250e+02
2.483845062255859375e+02
2.429291687011718750e+02
1.758574218750000000e+02
2.989278259277343750e+02
2.613883361816406250e+02
2.544173889160156250e+02
2.095455322265625000e+02
3.159732055664062500e+02
3.228310241699218750e+02
1.737030334472656250e+02
3.088260192871093750e+02
1.639955749511718750e+02
2.203832702636718750e+02
1.702011108398437500e+02
1.861520996093750000e+02
2.513415679931640625e+02
2.165491943359375000e+02
2.684350585937500000e+02
1.662793273925781250e+02
3.186853027343750000e+02
2.853172302246093750e+02
2.428059234619140625e+02
2.215119781494140625e+02
3.058242187500000000e+02
2.982497253417968750e+02
2.112926940917968750e+02
2.073080444335937500e+02
2.756603393554687500e+02
2.409201354980468750e+02
2.763848876953125000e+02
2.302600097656250000e+02
3.000325012207031250e+02
3.029497680664062500e+02
1.836405639648437500e+02
1.876650848388671875e+02
2.666915893554687500e+02
2.299219360351562500e+02
2.770549926757812500e+02
2.119405822753906250e+02
3.277490234375000000e+02
3.358837280273437500e+02
1.674496154785156250e+02
3.683352050781250000e+02
2.232107849121093750e+02
4.080219421386718750e+02
5.042470703125000000e+02
3.222042846679687500e+02
3.423986206054687500e+02
4.220268859863281250e+02
1.689632568359375000e+02
3.365453491210937500e+02
3.059928588867187500e+02
2.030600280761718750e+02
1.997821197509765625e+02
2.861066589355468750e+02
2.809284667968750000e+02
1.853513031005859375e+02
2.001129760742187500e+02
2.692112121582031250e+02
2.472119750976562500e+02
2.424992218017578125e+02
1.719407348632812500e+02
2.732635498046875000e+02
2.267731933593750000e+02
2.716311950683593750e+02
1.892472686767578125e+02
3.509183349609375000e+02
3.621033325195312500e+02
1.582811279296875000e+02
4.181082763671875000e+02
3.410709228515625000e+02
2.761862487792968750e+02
3.515851440429687500e+02
1.758244323730468750e+02
4.478772583007812500e+02
4.454289855957031250e+02
1.602742462158203125e+02
3.182121582031250000e+02
2.324237365722656250e+02
3.441045532226562500e+02
3.272970581054687500e+02
2.428352203369140625e+02
2.789545898437500000e+02
1.814669189453125000e+02
1.745812072753906250e+02
2.612457580566406250e+02
1.967438354492187500e+02
3.397808837890625000e+02
2.783707885742187500e+02
3.131603393554687500e+02
3.699253540039062500e+02
1.792344818115234375e+02
4.465898742675781250e+02
4.435189208984375000e+02
1.627868804931640625e+02
3.270305175781250000e+02
2.496284484863281250e+02
3.163068542480468750e+02
2.954296875000000000e+02
2.742665710449218750e+02
3.171684875488281250e+02
1.675408325195312500e+02
3.056861572265625000e+02
1.654469299316406250e+02
2.917154235839843750e+02
2.146705932617187500e+02
3.420958862304687500e+02
2.991997680664062500e+02
2.818721618652343750e+02
3.429596557617187500e+02
1.832069091796875000e+02
3.942548522949218750e+02
3.254972534179687500e+02
2.832988281250000000e+02
3.641640930175781250e+02
2.166717987060546875e+02
3.804839172363281250e+02
3.519280395507812500e+02
2.438677062988281250e+02
3.264676513671875000e+02
2.056257019042968750e+02
3.784295043945312500e+02
3.359423217773437500e+02
2.590610656738281250e+02
3.337161865234375000e+02
2.049116516113281250e+02
3.102772827148437500e+02
2.146537933349609375e+02
3.389393310546875000e+02
3.454451293945312500e+02
1.989959411621093750e+02
2.783525390625000000e+02
1.817651519775390625e+02
2.155422515869140625e+02
1.910174865722656250e+02
1.617450714111328125e+02
1.703182678222656250e+02
1.724152679443359375e+02
1.962633972167968750e+02
1.832337646484375000e+02
1.569327392578125000e+02
1.992211608886718750e+02
1.880747833251953125e+02
1.611813049316406250e+02
1.698699035644531250e+02
1.668947448730468750e+02
1.638759307861328125e+02
1.924603576660156250e+02
1.695445556640625000e+02
1.646562194824218750e+02
1.817025146484375000e+02
1.754430389404296875e+02
1.777218017578125000e+02
1.985915069580078125e+02
1.588505859375000000e+02
1.789622802734375000e+02
2.558921508789062500e+02
1.825335083007812500e+02
3.540779418945312500e+02
2.772438354492187500e+02
3.359523315429687500e+02
4.009208374023437500e+02
2.211288452148437500e+02
4.371299438476562500e+02
4.514040222167968750e+02
1.579599304199218750e+02
3.696603393554687500e+02
3.314713134765625000e+02
2.028024902343750000e+02
2.105095672607421875e+02
2.933292236328125000e+02
2.772169189453125000e+02
2.225946044921875000e+02
2.102134704589843750e+02
2.871470947265625000e+02
2.764704284667968750e+02
2.278544921875000000e+02
2.217993011474609375e+02
2.718906250000000000e+02
2.599007873535156250e+02
2.206067047119140625e+02
2.029814453125000000e+02
2.736938171386718750e+02
2.481750793457031250e+02
2.570753173828125000e+02
2.111195983886718750e+02
2.943074340820312500e+02
2.771627807617187500e+02
2.129408874511718750e+02
1.979793395996093750e+02
2.843143310546875000e+02
2.569174194335937500e+02
2.488859405517578125e+02
2.079511566162109375e+02
2.986085205078125000e+02
2.870261840820312500e+02
2.033158416748046875e+02
1.931442260742187500e+02
2.665946044921875000e+02
2.355701293945312500e+02
2.705200195312500000e+02
2.091065063476562500e+02
3.049783935546875000e+02
2.950775756835937500e+02
1.976669921875000000e+02
1.913577270507812500e+02
2.650974731445312500e+02
2.328390960693359375e+02
2.636206359863281250e+02
2.106701660156250000e+02
2.779969177246093750e+02
2.455254211425781250e+02
2.520042114257812500e+02
1.904308013916015625e+02
2.686788330078125000e+02
2.241096038818359375e+02
2.935056762695312500e+02
2.378288574218750000e+02
3.010781250000000000e+02
3.109563903808593750e+02
1.730137481689453125e+02
2.085272216796875000e+02
2.619135131835937500e+02
2.427674560546875000e+02
2.339985961914062500e+02
1.682703857421875000e+02
2.462669677734375000e+02
1.664586791992187500e+02
3.257977294921875000e+02
1.929048156738281250e+02
4.066907043457031250e+02
4.589220886230468750e+02
2.382299499511718750e+02
4.802595825195312500e+02
5.860190429687500000e+02
3.178570556640625000e+02
4.451187133789062500e+02
6.419954833984375000e+02
5.344635009765625000e+02
1.842366027832031250e+02
6.055720214843750000e+02
7.519091186523437500e+02
5.101071166992187500e+02
2.624226379394531250e+02
4.697543334960937500e+02
3.882705688476562500e+02
1.900542297363281250e+02
2.994889526367187500e+02
1.794549865722656250e+02
2.179764709472656250e+02
1.953411865234375000e+02
1.698383331298828125e+02
1.647080383300781250e+02
1.843995971679687500e+02
2.215499572753906250e+02
1.621725921630859375e+02
2.716618347167968750e+02
1.611895141601562500e+02
1.954125671386718750e+02
2.210901489257812500e+02
1.649974365234375000e+02
1.548901062011718750e+02
1.612559051513671875e+02
2.039619598388671875e+02
1.845973815917968750e+02
1.680516357421875000e+02
1.678131408691406250e+02
1.896482849121093750e+02
1.887225952148437500e+02
1.866916656494140625e+02
1.620513610839843750e+02
1.648495483398437500e+02
1.817175598144531250e+02
2.137796020507812500e+02
1.541054077148437500e+02
2.050636749267578125e+02
2.536661987304687500e+02
1.980569000244140625e+02
3.378414916992187500e+02
2.658523559570312500e+02
3.376443481445312500e+02
3.991438293457031250e+02
1.952831420898437500e+02
4.877827148437500000e+02
5.432097167968750000e+02
2.275116577148437500e+02
5.511771850585937500e+02
7.718692626953125000e+02
6.709148559570312500e+02
2.957855529785156250e+02
5.674549560546875000e+02
8.184163818359375000e+02
6.693472900390625000e+02
1.836226806640625000e+02
6.134367675781250000e+02
8.526538696289062500e+02
7.588222045898437500e+02
3.874788208007812500e+02
4.577440795898437500e+02
7.087123413085937500e+02
5.710335083007812500e+02
1.939227294921875000e+02
4.394437866210937500e+02
4.616071777343750000e+02
2.380578765869140625e+02
4.458064575195312500e+02
5.039187927246093750e+02
2.035176849365234375e+02
4.783569030761718750e+02
6.146987304687500000e+02
4.594445190429687500e+02
1.980275878906250000e+02
4.150687866210937500e+02
2.752745971679687500e+02
3.701738891601562500e+02
4.804306335449218750e+02
3.161843872070312500e+02
3.035118408203125000e+02
3.627296142578125000e+02
1.897033081054687500e+02
2.793393554687500000e+02
1.989093017578125000e+02
3.231692504882812500e+02
2.133003387451171875e+02
3.689860534667968750e+02
4.202679138183593750e+02
2.354814758300781250e+02
4.189321289062500000e+02
4.339481506347656250e+02
1.681460876464843750e+02
3.110714721679687500e+02
2.350265197753906250e+02
3.202808837890625000e+02
2.802724914550781250e+02
2.969598999023437500e+02
3.362014770507812500e+02
1.608019714355468750e+02
3.481696166992187500e+02
2.119244079589843750e+02
4.049970092773437500e+02
4.765354003906250000e+02
2.765575866699218750e+02
4.229652404785156250e+02
5.202544555664062500e+02
2.519723358154296875e+02
4.892888183593750000e+02
6.793657226562500000e+02
5.606771240234375000e+02
1.978431243896484375e+02
6.172377319335937500e+02
7.902160644531250000e+02
5.799819335937500000e+02
2.020068359375000000e+02
4.381675415039062500e+02
4.192500915527343750e+02
1.812981262207031250e+02
4.740842895507812500e+02
4.750850830078125000e+02
1.714125213623046875e+02
4.019328002929687500e+02
4.031213989257812500e+02
1.809954986572265625e+02
4.780779418945312500e+02
4.971124267578125000e+02
1.798820190429687500e+02
4.918761596679687500e+02
6.066735229492187500e+02
4.295311584472656250e+02
2.326434326171875000e+02
3.410954284667968750e+02
1.646914367675781250e+02
2.542294921875000000e+02
1.644815368652343750e+02
3.017770690917968750e+02
1.637744750976562500e+02
3.158063659667968750e+02
2.656679687500000000e+02
2.772900695800781250e+02
2.416730957031250000e+02
3.196945190429687500e+02
3.484227294921875000e+02
1.630311126708984375e+02
3.841545104980468750e+02
2.763361511230468750e+02
3.528015747070312500e+02
4.344403991699218750e+02
2.531055603027343750e+02
4.174871215820312500e+02
4.840115966796875000e+02
1.951817321777343750e+02
5.039808959960937500e+02
6.550586547851562500e+02
5.005547180175781250e+02
1.855188598632812500e+02
5.518302001953125000e+02
5.777220458984375000e+02
2.554592132568359375e+02
4.808615112304687500e+02
6.631846313476562500e+02
5.530710449218750000e+02
2.356655883789062500e+02
5.657276000976562500e+02
7.005127563476562500e+02
4.524316406250000000e+02
3.238848571777343750e+02
5.537938232421875000e+02
5.011421203613281250e+02
2.300677185058593750e+02
5.124415283203125000e+02
5.902262573242187500e+02
3.128121948242187500e+02
4.272429809570312500e+02
6.222381591796875000e+02
5.310249633789062500e+02
2.610370178222656250e+02
4.864865722656250000e+02
5.629581298828125000e+02
2.863876953125000000e+02
4.229486083984375000e+02
5.683060913085937500e+02
4.249498901367187500e+02
2.435723724365234375e+02
4.082971191406250000e+02
2.557281494140625000e+02
3.803763427734375000e+02
4.936434631347656250e+02
3.512023315429687500e+02
2.771870422363281250e+02
3.775870361328125000e+02
1.793006286621093750e+02
3.322161560058593750e+02
3.191773681640625000e+02
2.013788146972656250e+02
2.818354187011718750e+02
1.937184143066406250e+02
2.246365356445312500e+02
1.822895507812500000e+02
1.662283020019531250e+02
1.810963134765625000e+02
1.821641998291015625e+02
2.008888549804687500e+02
1.742264709472656250e+02
1.560154571533203125e+02
1.868540039062500000e+02
1.984368896484375000e+02
1.742776184082031250e+02
1.760460815429687500e+02
1.610760192871093750e+02
1.649785766601562500e+02
1.755173950195312500e+02
1.802653503417968750e+02
2.036580352783203125e+02
1.784122619628906250e+02
1.572689056396484375e+02
1.627791290283203125e+02
1.580812835693359375e+02
1.642149353027343750e+02
1.881618957519531250e+02
1.990117950439453125e+02
1.969678955078125000e+02
1.593828277587890625e+02
1.974502563476562500e+02
2.511940002441406250e+02
1.926174316406250000e+02
3.445660400390625000e+02
2.677860107421875000e+02
3.404093627929687500e+02
4.001269836425781250e+02
2.099248962402343750e+02
4.568056640625000000e+02
4.835035095214843750e+02
1.732566375732421875e+02
4.821504821777343750e+02
5.844271850585937500e+02
3.880731506347656250e+02
2.864489746093750000e+02
3.854481811523437500e+02
1.719976806640625000e+02
3.101330261230468750e+02
2.459627075195312500e+02
2.973845520019531250e+02
2.485151672363281250e+02
3.227649536132812500e+02
3.646392822265625000e+02
1.820231018066406250e+02
4.284415588378906250e+02
3.916474609375000000e+02
2.113090057373046875e+02
3.056256103515625000e+02
1.789997253417968750e+02
3.660299072265625000e+02
2.793566894531250000e+02
3.296884765625000000e+02
3.988822631835937500e+02
2.141456909179687500e+02
4.401424560546875000e+02
4.675813903808593750e+02
1.699837036132812500e+02
4.418541259765625000e+02
4.987330932617187500e+02
2.765378112792968750e+02
4.388530883789062500e+02
5.475686645507812500e+02
2.862936401367187500e+02
4.588269958496093750e+02
6.520863647460937500e+02
5.384492187500000000e+02
1.928833312988281250e+02
5.925643920898437500e+02
7.309061279296875000e+02
4.874526977539062500e+02
2.835054321289062500e+02
4.897580871582031250e+02
4.209068908691406250e+02
1.840135040283203125e+02
4.328864135742187500e+02
3.565229492187500000e+02
2.804911499023437500e+02
3.999861755371093750e+02
2.874925537109375000e+02
2.805050354003906250e+02
2.838088989257812500e+02
2.679428710937500000e+02
3.189856567382812500e+02
1.951463623046875000e+02
3.277264709472656250e+02
2.246533813476562500e+02
3.308175964355468750e+02
3.414996337890625000e+02
1.833661193847656250e+02
3.120827026367187500e+02
1.944080505371093750e+02
3.077962036132812500e+02
2.510532836914062500e+02
2.958084716796875000e+02
2.591245117187500000e+02
2.797586059570312500e+02
3.039870605468750000e+02
1.750171508789062500e+02
2.258860168457031250e+02
2.463262634277343750e+02
2.261786651611328125e+02
2.729594116210937500e+02
1.885824279785156250e+02
3.379453125000000000e+02
3.349935913085937500e+02
1.829414062500000000e+02
2.735247192382812500e+02
1.985090026855468750e+02
2.056821441650390625e+02
2.410823059082031250e+02
1.643409423828125000e+02
1.944302368164062500e+02
1.855083923339843750e+02
1.871592712402343750e+02
1.652436523437500000e+02
1.594496002197265625e+02
1.590458984375000000e+02
1.683430938720703125e+02
2.081784973144531250e+02
1.704290618896484375e+02
1.600224914550781250e+02
1.574495849609375000e+02
1.544928741455078125e+02
1.582122039794921875e+02
1.580690765380859375e+02
1.582913360595703125e+02
1.805434417724609375e+02
2.243085327148437500e+02
1.591550903320312500e+02
2.154208068847656250e+02
2.369959106445312500e+02
1.777481079101562500e+02
3.394946289062500000e+02
2.398377685546875000e+02
3.787131347656250000e+02
4.492383728027343750e+02
2.405392913818359375e+02
4.705039978027343750e+02
5.650322875976562500e+02
2.886990661621093750e+02
4.751989746093750000e+02
6.764998779296875000e+02
5.699265136718750000e+02
2.157415313720703125e+02
6.082037963867187500e+02
7.917502441406250000e+02
5.942075195312500000e+02
2.034499511718750000e+02
4.446278991699218750e+02
4.454461364746093750e+02
2.069713287353515625e+02
4.825493774414062500e+02
5.361169433593750000e+02
2.274099731445312500e+02
5.026922912597656250e+02
6.842767333984375000e+02
5.591390380859375000e+02
2.102677917480468750e+02
6.111142578125000000e+02
7.777070922851562500e+02
5.596812133789062500e+02
2.159158020019531250e+02
4.497119750976562500e+02
4.118367919921875000e+02
1.740689086914062500e+02
4.426762390136718750e+02
3.916062011718750000e+02
2.209441528320312500e+02
3.114199523925781250e+02
1.768555755615234375e+02
3.794590454101562500e+02
3.053375244140625000e+02
3.080359497070312500e+02
3.748906555175781250e+02
1.932514953613281250e+02
4.405460815429687500e+02
4.480573730468750000e+02
1.721347198486328125e+02
3.690389404296875000e+02
3.227744750976562500e+02
2.168662414550781250e+02
2.380313568115234375e+02
2.570464477539062500e+02
2.418743133544921875e+02
2.647929077148437500e+02
2.011414489746093750e+02
3.179669799804687500e+02
3.137885131835937500e+02
1.920373992919921875e+02
2.080386810302734375e+02
2.716314392089843750e+02
2.415711212158203125e+02
2.709149169921875000e+02
2.070932312011718750e+02
3.309895935058593750e+02
3.396928100585937500e+02
1.726926879882812500e+02
3.118538818359375000e+02
1.654651489257812500e+02
2.479924316406250000e+02
1.699790954589843750e+02
3.000664062500000000e+02
1.659281616210937500e+02
2.870363159179687500e+02
2.168483123779296875e+02
3.332949218750000000e+02
2.814674987792968750e+02
3.067496948242187500e+02
3.551791687011718750e+02
1.668101196289062500e+02
3.869132690429687500e+02
2.971924743652343750e+02
3.270474853515625000e+02
4.001148681640625000e+02
2.111958312988281250e+02
4.617214965820312500e+02
5.073070068359375000e+02
1.993100891113281250e+02
5.278341674804687500e+02
6.992161254882812500e+02
5.610393066406250000e+02
1.850848999023437500e+02
6.452905883789062500e+02
8.293712768554687500e+02
6.255284423828125000e+02
1.882256164550781250e+02
4.930881347656250000e+02
5.543972167968750000e+02
3.350180053710937500e+02
3.673406066894531250e+02
4.976582641601562500e+02
2.713328857421875000e+02
3.966229248046875000e+02
5.061823120117187500e+02
3.407645263671875000e+02
3.128600158691406250e+02
4.100153198242187500e+02
2.305236968994140625e+02
3.419599609375000000e+02
3.357579345703125000e+02
2.404375610351562500e+02
3.447828979492187500e+02
2.238684844970703125e+02
3.423611450195312500e+02
3.863213806152343750e+02
2.602007446289062500e+02
3.552416381835937500e+02
3.044490356445312500e+02
2.802067260742187500e+02
3.349593200683593750e+02
2.099050140380859375e+02
3.943840942382812500e+02
3.221453247070312500e+02
2.889036560058593750e+02
3.635863037109375000e+02
1.975998077392578125e+02
4.222700805664062500e+02
4.173176879882812500e+02
1.817977905273437500e+02
2.901093139648437500e+02
1.797952880859375000e+02
3.703335876464843750e+02
2.973208007812500000e+02
3.089293212890625000e+02
3.738603820800781250e+02
1.808076782226562500e+02
4.675104370117187500e+02
4.961577453613281250e+02
1.778888244628906250e+02
5.070065612792968750e+02
6.352052612304687500e+02
4.704972229003906250e+02
1.879242858886718750e+02
3.654465637207031250e+02
1.911069488525390625e+02
4.172427673339843750e+02
4.783507080078125000e+02
2.726581420898437500e+02
4.291455688476562500e+02
5.292706298828125000e+02
2.619140014648437500e+02
4.812496643066406250e+02
6.714103393554687500e+02
5.558867187500000000e+02
2.105809631347656250e+02
5.855409545898437500e+02
7.374263916015625000e+02
5.176260986328125000e+02
2.590044555664062500e+02
4.741241455078125000e+02
4.332591552734375000e+02
1.853057250976562500e+02
4.889186096191406250e+02
5.017864379882812500e+02
1.928614501953125000e+02
4.509506530761718750e+02
5.338338623046875000e+02
3.393411560058593750e+02
3.380381469726562500e+02
4.393001098632812500e+02
2.088432312011718750e+02
4.159462280273437500e+02
4.787345275878906250e+02
2.855374145507812500e+02
3.795855102539062500e+02
4.372709655761718750e+02
1.889031982421875000e+02
3.499437561035156250e+02
3.265400695800781250e+02
2.190714721679687500e+02
3.161963806152343750e+02
1.697409057617187500e+02
2.467040252685546875e+02
1.904740142822265625e+02
2.919959411621093750e+02
1.726445007324218750e+02
3.124510498046875000e+02
2.678799743652343750e+02
2.717988891601562500e+02
2.310534667968750000e+02
3.220243530273437500e+02
3.445344238281250000e+02
1.776420898437500000e+02
3.131031188964843750e+02
1.679521636962890625e+02
3.130503540039062500e+02
2.585683898925781250e+02
2.986972045898437500e+02
2.650803527832031250e+02
3.044648132324218750e+02
3.373381347656250000e+02
1.811749877929687500e+02
3.415576171875000000e+02
2.058408660888671875e+02
3.832969360351562500e+02
4.393119812011718750e+02
2.398752288818359375e+02
4.400283203125000000e+02
5.100225219726562500e+02
2.144171752929687500e+02
4.965649719238281250e+02
6.591801147460937500e+02
5.223400268554687500e+02
1.857573852539062500e+02
5.954571533203125000e+02
7.037816162109375000e+02
4.409963378906250000e+02
3.365204467773437500e+02
5.491091918945312500e+02
4.817491760253906250e+02
2.164603881835937500e+02
5.140416259765625000e+02
5.836094970703125000e+02
2.979147949218750000e+02
4.208839721679687500e+02
5.754882812500000000e+02
4.419586181640625000e+02
1.970532073974609375e+02
3.987890930175781250e+02
2.656909179687500000e+02
3.532348022460937500e+02
4.417567443847656250e+02
2.830318908691406250e+02
3.510393676757812500e+02
3.911751403808593750e+02
1.901342163085937500e+02
2.885148925781250000e+02
2.015595703125000000e+02
3.267334899902343750e+02
2.476702423095703125e+02
3.325490417480468750e+02
3.761412048339843750e+02
1.906907348632812500e+02
4.400790710449218750e+02
4.397673950195312500e+02
1.875631866455078125e+02
3.461306457519531250e+02
2.795280151367187500e+02
2.808046875000000000e+02
2.728657836914062500e+02
2.676398315429687500e+02
2.888273925781250000e+02
1.881236114501953125e+02
1.989634704589843750e+02
2.623811340332031250e+02
2.271505126953125000e+02
2.744794921875000000e+02
1.935482635498046875e+02
3.252699279785156250e+02
3.197863769531250000e+02
1.882709350585937500e+02
2.398218536376953125e+02
2.380517883300781250e+02
2.334691925048828125e+02
2.254957580566406250e+02
1.707415161132812500e+02
2.550386962890625000e+02
1.783772888183593750e+02
3.137644653320312500e+02
1.985900878906250000e+02
3.631828613281250000e+02
3.902217407226562500e+02
1.786019897460937500e+02
4.694040832519531250e+02
4.830297546386718750e+02
1.811895446777343750e+02
4.601776733398437500e+02
5.314301757812500000e+02
3.260695190429687500e+02
3.695234375000000000e+02
4.757906799316406250e+02
2.414052734375000000e+02
4.237592773437500000e+02
5.245153198242187500e+02
3.474128417968750000e+02
3.205324096679687500e+02
4.384755859375000000e+02
2.557806701660156250e+02
3.503540344238281250e+02
3.933588256835937500e+02
2.345537872314453125e+02
4.105019836425781250e+02
3.912654418945312500e+02
2.347045593261718750e+02
3.298730468750000000e+02
2.252267761230468750e+02
3.375848999023437500e+02
3.120224609375000000e+02
2.676735534667968750e+02
3.274264221191406250e+02
1.868173980712890625e+02
3.756108703613281250e+02
3.147817687988281250e+02
2.830646362304687500e+02
3.641272583007812500e+02
2.079088439941406250e+02
4.139494628906250000e+02
4.208582153320312500e+02
2.261537017822265625e+02
3.873516540527343750e+02
3.504312744140625000e+02
2.024562530517578125e+02
2.753046875000000000e+02
1.890708618164062500e+02
1.978892517089843750e+02
2.415589294433593750e+02
1.774340820312500000e+02
2.536685638427734375e+02
1.937791900634765625e+02
2.863110046386718750e+02
1.761263275146484375e+02
3.309785156250000000e+02
3.029961547851562500e+02
2.509323120117187500e+02
3.272437438964843750e+02
1.619287261962890625e+02
2.455277709960937500e+02
1.837260894775390625e+02
2.633489379882812500e+02
1.765206298828125000e+02
1.863269958496093750e+02
2.309841918945312500e+02
1.770483856201171875e+02
1.680681610107421875e+02
2.191627044677734375e+02
2.047610168457031250e+02
1.664478607177734375e+02
2.144537506103515625e+02
2.172555541992187500e+02
1.809453887939453125e+02
2.875372619628906250e+02
1.678236389160156250e+02
3.240006713867187500e+02
2.665973510742187500e+02
2.977061462402343750e+02
2.684908447265625000e+02
3.056663513183593750e+02
3.355969238281250000e+02
1.738117980957031250e+02
3.019789733886718750e+02
1.688542480468750000e+02
2.561878356933593750e+02
1.599133300781250000e+02
2.998054199218750000e+02
1.664759826660156250e+02
2.891807556152343750e+02
2.101007690429687500e+02
3.570657348632812500e+02
3.191173706054687500e+02
2.679257812500000000e+02
3.149212646484375000e+02
1.623580780029296875e+02
3.191577148437500000e+02
1.740299987792968750e+02
3.409021301269531250e+02
3.196327514648437500e+02
2.050386962890625000e+02
1.980058135986328125e+02
2.958128662109375000e+02
2.710000915527343750e+02
2.411909179687500000e+02
1.849979248046875000e+02
3.148572082519531250e+02
2.927821655273437500e+02
2.206894836425781250e+02
1.898643798828125000e+02
2.967726135253906250e+02
2.725158081054687500e+02
2.259693298339843750e+02
1.769874267578125000e+02
2.508403015136718750e+02
2.008366394042968750e+02
2.982196044921875000e+02
1.962647399902343750e+02
3.589281005859375000e+02
3.743517150878906250e+02
1.790712890625000000e+02
4.564665527343750000e+02
4.241192016601562500e+02
1.959090728759765625e+02
2.970621948242187500e+02
1.763586425781250000e+02
3.778339843750000000e+02
3.060599060058593750e+02
3.081096191406250000e+02
3.843030700683593750e+02
2.146122741699218750e+02
4.341384277343750000e+02
4.458444213867187500e+02
1.692675170898437500e+02
3.715140686035156250e+02
3.321123046875000000e+02
2.103528137207031250e+02
2.316650390625000000e+02
2.681800231933593750e+02
2.423604888916015625e+02
2.742185363769531250e+02
2.074273376464843750e+02
3.426035156250000000e+02
3.649292602539062500e+02
1.712052612304687500e+02
4.236336059570312500e+02
3.631901245117187500e+02
2.507575683593750000e+02
3.300051269531250000e+02
1.775218811035156250e+02
3.928034667968750000e+02
3.306890869140625000e+02
2.808981018066406250e+02
3.691098022460937500e+02
2.161911621093750000e+02
4.107736816406250000e+02
4.128673095703125000e+02
1.945550537109375000e+02
3.190165100097656250e+02
2.175326538085937500e+02
3.672141113281250000e+02
3.440415649414062500e+02
2.470929260253906250e+02
3.183287353515625000e+02
1.728702697753906250e+02
3.850761413574218750e+02
3.043285522460937500e+02
3.126983337402343750e+02
3.885515136718750000e+02
2.311811828613281250e+02
3.895638427734375000e+02
3.838595581054687500e+02
2.082540893554687500e+02
3.013974914550781250e+02
1.897533569335937500e+02
3.422661132812500000e+02
2.520740966796875000e+02
3.414064331054687500e+02
3.850218505859375000e+02
2.095059814453125000e+02
3.762627563476562500e+02
3.228022460937500000e+02
2.759906005859375000e+02
3.529707641601562500e+02
2.184660339355468750e+02
3.416782226562500000e+02
2.656498718261718750e+02
3.366401367187500000e+02
3.999901123046875000e+02
2.443107910156250000e+02
3.472873840332031250e+02
3.099335937500000000e+02
2.710961303710937500e+02
3.087595825195312500e+02
2.191914062500000000e+02
2.456042175292968750e+02
1.860915527343750000e+02
2.014262084960937500e+02
1.998701171875000000e+02
1.770295104980468750e+02
1.906452026367187500e+02
1.724457244873046875e+02
1.673240356445312500e+02
1.811188659667968750e+02
1.634870147705078125e+02
1.823913269042968750e+02
2.056623229980468750e+02
1.616288146972656250e+02
1.731134338378906250e+02
2.006428833007812500e+02
1.834842224121093750e+02
1.846582183837890625e+02
1.677091369628906250e+02
1.627484283447265625e+02
1.679451446533203125e+02
1.679594268798828125e+02
1.782650451660156250e+02
2.095629272460937500e+02
1.620281372070312500e+02
1.770706787109375000e+02
2.507973785400390625e+02
1.744311218261718750e+02
3.404653930664062500e+02
2.286981048583984375e+02
4.016282653808593750e+02
4.776389465332031250e+02
2.738277282714843750e+02
4.363688049316406250e+02
5.363098144531250000e+02
2.615813598632812500e+02
4.961465454101562500e+02
6.913090209960937500e+02
5.782845458984375000e+02
2.162029418945312500e+02
6.275194091796875000e+02
8.307879638671875000e+02
6.484461669921875000e+02
1.903194122314453125e+02
5.421322021484375000e+02
6.804154663085937500e+02
5.170889282226562500e+02
1.999786834716796875e+02
5.605346069335937500e+02
5.961535644531250000e+02
2.727641601562500000e+02
5.137046508789062500e+02
7.468564453125000000e+02
6.598234252929687500e+02
3.276549682617187500e+02
4.875216064453125000e+02
6.861260986328125000e+02
5.037575683593750000e+02
2.303941040039062500e+02
4.092030639648437500e+02
3.277198486328125000e+02
2.464202880859375000e+02
3.063674926757812500e+02
2.114265441894531250e+02
2.505876159667968750e+02
1.835100708007812500e+02
2.154898376464843750e+02
2.347998657226562500e+02
2.127918090820312500e+02
2.640673828125000000e+02
1.742196197509765625e+02
2.892245788574218750e+02
2.284446411132812500e+02
3.237727355957031250e+02
2.742837829589843750e+02
3.069572448730468750e+02
3.480519714355468750e+02
1.634476928710937500e+02
3.735590209960937500e+02
2.605943603515625000e+02
3.754279479980468750e+02
4.607805175781250000e+02
2.682938537597656250e+02
4.133448181152343750e+02
4.865336914062500000e+02
2.021421661376953125e+02
4.952085571289062500e+02
6.327981567382812500e+02
4.760344543457031250e+02
2.133632812500000000e+02
4.545150756835937500e+02
3.680421447753906250e+02
2.786849365234375000e+02
3.965045776367187500e+02
2.822800903320312500e+02
2.987565612792968750e+02
2.893355102539062500e+02
2.730537109375000000e+02
3.192756958007812500e+02
1.899042968750000000e+02
3.449415283203125000e+02
2.186816711425781250e+02
3.632877197265625000e+02
4.072423706054687500e+02
2.179196472167968750e+02
4.350377807617187500e+02
4.506950073242187500e+02
1.734671936035156250e+02
3.681493530273437500e+02
3.391829528808593750e+02
1.867535095214843750e+02
2.427135772705078125e+02
2.375844268798828125e+02
2.248880615234375000e+02
2.497158813476562500e+02
1.715459289550781250e+02
2.905492553710937500e+02
2.314502105712890625e+02
3.201893920898437500e+02
2.735682678222656250e+02
3.088299560546875000e+02
3.489365844726562500e+02
1.662289123535156250e+02
4.044680786132812500e+02
3.260689392089843750e+02
2.942296142578125000e+02
3.637049560546875000e+02
1.838265533447265625e+02
4.509248962402343750e+02
4.580358886718750000e+02
1.668887023925781250e+02
3.891332397460937500e+02
3.691216430664062500e+02
1.732454833984375000e+02
3.187747497558593750e+02
1.656826019287109375e+02
3.018834228515625000e+02
2.404523773193359375e+02
3.097228393554687500e+02
2.637960815429687500e+02
3.152110595703125000e+02
3.595444641113281250e+02
1.799429626464843750e+02
4.378822021484375000e+02
4.017268066406250000e+02
2.088381195068359375e+02
2.953306579589843750e+02
1.693717803955078125e+02
3.549174804687500000e+02
2.476685791015625000e+02
3.573247680664062500e+02
4.187615966796875000e+02
2.259369049072265625e+02
4.494180908203125000e+02
4.949181518554687500e+02
2.028863067626953125e+02
4.959231567382812500e+02
6.288211669921875000e+02
4.710890502929687500e+02
1.834501495361328125e+02
3.818147277832031250e+02
2.236768798828125000e+02
4.127572937011718750e+02
5.100617675781250000e+02
3.271368408203125000e+02
3.477740783691406250e+02
4.319968261718750000e+02
1.837628936767578125e+02
3.926115417480468750e+02
4.256254882812500000e+02
2.137839355468750000e+02
4.564697875976562500e+02
4.956252136230468750e+02
1.917408752441406250e+02
4.765450134277343750e+02
5.904567871093750000e+02
4.151056518554687500e+02
2.348493957519531250e+02
3.441180419921875000e+02
1.806143798828125000e+02
2.497129211425781250e+02
1.773893585205078125e+02
3.025043029785156250e+02
1.749067077636718750e+02
3.142594604492187500e+02
2.674511413574218750e+02
2.690795288085937500e+02
2.308494873046875000e+02
3.032644042968750000e+02
3.083247070312500000e+02
1.918811950683593750e+02
1.903369903564453125e+02
2.839751586914062500e+02
2.380095367431640625e+02
2.908151245117187500e+02
2.277539367675781250e+02
3.425014648437500000e+02
3.784799804687500000e+02
1.782179870605468750e+02
4.608970336914062500e+02
4.571432189941406250e+02
1.800836334228515625e+02
3.677756042480468750e+02
3.281136474609375000e+02
2.131758117675781250e+02
2.554111633300781250e+02
2.356109619140625000e+02
2.369367218017578125e+02
2.392621002197265625e+02
1.868005676269531250e+02
2.868189086914062500e+02
2.487167358398437500e+02
2.589945983886718750e+02
2.153799133300781250e+02
3.097828979492187500e+02
3.110779724121093750e+02
2.048822631835937500e+02
2.662984619140625000e+02
2.096853942871093750e+02
2.209815216064453125e+02
2.130160827636718750e+02
1.691374969482421875e+02
1.724327087402343750e+02
1.972946319580078125e+02
2.020728302001953125e+02
1.658290405273437500e+02
1.959830322265625000e+02
2.361347351074218750e+02
1.688248291015625000e+02
3.082060546875000000e+02
1.800178222656250000e+02
3.849689331054687500e+02
4.050187072753906250e+02
1.815015869140625000e+02
4.651564331054687500e+02
4.586520080566406250e+02
1.735929870605468750e+02
3.976666870117187500e+02
3.772351074218750000e+02
1.968157043457031250e+02
3.293092651367187500e+02
1.663420104980468750e+02
3.608096313476562500e+02
3.457975158691406250e+02
2.010403900146484375e+02
2.848226013183593750e+02
1.978843383789062500e+02
2.256342773437500000e+02
1.868763427734375000e+02
1.709851226806640625e+02
1.768957214355468750e+02
1.761047668457031250e+02
2.053744049072265625e+02
1.762233123779296875e+02
1.862185974121093750e+02
2.492833404541015625e+02
1.956311340332031250e+02
2.994360046386718750e+02
1.838633117675781250e+02
3.786838378906250000e+02
3.959505310058593750e+02
2.039797821044921875e+02
4.140576782226562500e+02
3.585367431640625000e+02
2.577069702148437500e+02
3.238234558105468750e+02
2.019500122070312500e+02
2.989045715332031250e+02
1.925626831054687500e+02
3.049887390136718750e+02
2.486499023437500000e+02
2.867593994140625000e+02
2.233443298339843750e+02
3.481847839355468750e+02
3.832279663085937500e+02
1.867503967285156250e+02
4.428989257812500000e+02
4.242893981933593750e+02
2.069111938476562500e+02
3.235447387695312500e+02
2.163055725097656250e+02
3.600254821777343750e+02
3.305435485839843750e+02
2.632321472167968750e+02
3.241414794921875000e+02
1.866501770019531250e+02
3.513292541503906250e+02
2.634130249023437500e+02
3.176158447265625000e+02
3.627417602539062500e+02
1.943583068847656250e+02
4.065152587890625000e+02
3.523922729492187500e+02
2.743724365234375000e+02
3.705496215820312500e+02
2.454858703613281250e+02
3.475258178710937500e+02
3.212235412597656250e+02
2.671495361328125000e+02
3.299473876953125000e+02
2.089902954101562500e+02
2.987966918945312500e+02
1.744170989990234375e+02
3.409668579101562500e+02
3.131977539062500000e+02
2.276162719726562500e+02
2.596355285644531250e+02
2.469633941650390625e+02
2.409575195312500000e+02
2.468085327148437500e+02
2.041349182128906250e+02
3.034786376953125000e+02
2.923513183593750000e+02
2.514996490478515625e+02
3.093801879882812500e+02
1.765168457031250000e+02
2.164421997070312500e+02
2.071275939941406250e+02
1.646959533691406250e+02
1.852981109619140625e+02
2.054385375976562500e+02
1.741613311767578125e+02
1.652069549560546875e+02
1.712539672851562500e+02
1.969042663574218750e+02
1.919853210449218750e+02
1.731118469238281250e+02
1.626565551757812500e+02
1.699060974121093750e+02
1.750914611816406250e+02
2.074478149414062500e+02
1.781052856445312500e+02
1.635675354003906250e+02
1.637529907226562500e+02
1.654143524169921875e+02
1.677766876220703125e+02
2.031049804687500000e+02
1.845021057128906250e+02
1.860982208251953125e+02
1.695648498535156250e+02
1.762392272949218750e+02
1.895170288085937500e+02
2.078429870605468750e+02
1.646584625244140625e+02
1.613750915527343750e+02
1.811261291503906250e+02
2.077468109130859375e+02
2.007793273925781250e+02
1.624599914550781250e+02
1.681518249511718750e+02
2.232314453125000000e+02
1.627979888916015625e+02
1.748702087402343750e+02
2.513224182128906250e+02
1.708820190429687500e+02
3.268592529296875000e+02
2.009661254882812500e+02
4.185489196777343750e+02
4.861619567871093750e+02
2.735684509277343750e+02
4.583686218261718750e+02
5.627034301757812500e+02
2.977198791503906250e+02
4.705383300781250000e+02
6.640724487304687500e+02
5.513660278320312500e+02
1.968001098632812500e+02
6.305020751953125000e+02
8.037488403320312500e+02
5.921251831054687500e+02
2.153562622070312500e+02
4.705545043945312500e+02
4.750828247070312500e+02
2.251525268554687500e+02
5.011025085449218750e+02
5.948802490234375000e+02
3.070498657226562500e+02
4.670842285156250000e+02
6.770148315429687500e+02
5.804537353515625000e+02
2.288269348144531250e+02
5.958490600585937500e+02
7.794585571289062500e+02
5.825168457031250000e+02
2.061602783203125000e+02
4.459051818847656250e+02
4.329258422851562500e+02
1.889105682373046875e+02
4.978492736816406250e+02
5.275180053710937500e+02
2.064210510253906250e+02
5.194663085937500000e+02
6.856615600585937500e+02
5.444106445312500000e+02
2.029827423095703125e+02
6.068874511718750000e+02
7.414010009765625000e+02
4.974976501464843750e+02
2.793583374023437500e+02
4.920063476562500000e+02
4.167278442382812500e+02
1.985445404052734375e+02
3.785032348632812500e+02
2.393595275878906250e+02
3.805265502929687500e+02
4.653705139160156250e+02
2.937359313964843750e+02
3.642919921875000000e+02
4.111731567382812500e+02
1.749140319824218750e+02
3.155553894042968750e+02
2.419925231933593750e+02
2.989481811523437500e+02
2.500215148925781250e+02
3.088052673339843750e+02
3.339836120605468750e+02
1.715010681152343750e+02
3.015571899414062500e+02
1.655839080810546875e+02
2.317808837890625000e+02
1.704276885986328125e+02
1.708020935058593750e+02
2.246806640625000000e+02
1.622694091796875000e+02
1.898533020019531250e+02
2.568372802734375000e+02
1.929755249023437500e+02
3.396823120117187500e+02
2.475985412597656250e+02
3.742766723632812500e+02
4.460342102050781250e+02
2.393772430419921875e+02
4.868091735839843750e+02
5.815682983398437500e+02
3.089427490234375000e+02
4.655580749511718750e+02
6.676398315429687500e+02
5.606787719726562500e+02
2.055900268554687500e+02
6.454324951171875000e+02
8.499997558593750000e+02
6.672000732421875000e+02
1.743711700439453125e+02
6.006301269531250000e+02
7.947653198242187500e+02
6.732932739257812500e+02
2.890427856445312500e+02
5.980874023437500000e+02
8.604705810546875000e+02
7.297963256835937500e+02
2.548848571777343750e+02
6.371442260742187500e+02
9.663542480468750000e+02
9.508829345703125000e+02
6.329517211914062500e+02
1.919838256835937500e+02
6.574114990234375000e+02
7.690247192382812500e+02
5.022329711914062500e+02
2.869328918457031250e+02
5.082823486328125000e+02
4.441304931640625000e+02
1.864850463867187500e+02
4.941730957031250000e+02
4.952794189453125000e+02
1.909004821777343750e+02
4.388348388671875000e+02
4.981936035156250000e+02
2.907823181152343750e+02
4.135852050781250000e+02
5.114160766601562500e+02
2.519440917968750000e+02
4.615007934570312500e+02
6.178489379882812500e+02
4.812515869140625000e+02
1.835088500976562500e+02
5.109641723632812500e+02
4.979889221191406250e+02
1.792954101562500000e+02
4.207484130859375000e+02
4.558363647460937500e+02
2.344289093017578125e+02
4.589067687988281250e+02
5.305111694335937500e+02
2.436068115234375000e+02
5.035181274414062500e+02
6.928040161132812500e+02
5.786243286132812500e+02
2.256069335937500000e+02
6.095493774414062500e+02
8.080773925781250000e+02
6.249086303710937500e+02
1.780527343750000000e+02
5.012808837890625000e+02
5.861893310546875000e+02
3.880469665527343750e+02
2.929714050292968750e+02
3.997244262695312500e+02
1.812620849609375000e+02
3.729627685546875000e+02
3.776101379394531250e+02
1.798784484863281250e+02
4.326995544433593750e+02
3.849013061523437500e+02
2.278090209960937500e+02
3.117243652343750000e+02
1.817017211914062500e+02
3.779509887695312500e+02
3.089713745117187500e+02
3.014724426269531250e+02
3.686424560546875000e+02
1.924064636230468750e+02
4.363791198730468750e+02
4.319608764648437500e+02
1.855712127685546875e+02
3.435766906738281250e+02
2.644852905273437500e+02
3.118703613281250000e+02
3.034651184082031250e+02
2.465737457275390625e+02
2.869258728027343750e+02
1.779756927490234375e+02
2.143950805664062500e+02
2.460425567626953125e+02
2.001591491699218750e+02
3.099373168945312500e+02
2.201206054687500000e+02
3.451569213867187500e+02
3.689143066406250000e+02
1.711548461914062500e+02
4.147919921875000000e+02
3.534533081054687500e+02
2.650563964843750000e+02
3.426372070312500000e+02
1.917183990478515625e+02
4.160068054199218750e+02
3.912554931640625000e+02
2.291049194335937500e+02
3.218217163085937500e+02
1.968918762207031250e+02
3.928110961914062500e+02
3.596734924316406250e+02
2.504378356933593750e+02
3.382718200683593750e+02
2.082548828125000000e+02
3.956694946289062500e+02
3.758195800781250000e+02
2.431759796142578125e+02
3.429992675781250000e+02
2.321975860595703125e+02
3.465647277832031250e+02
3.230410156250000000e+02
2.623851318359375000e+02
3.225755920410156250e+02
2.046151733398437500e+02
2.729541625976562500e+02
2.080791015625000000e+02
2.961491699218750000e+02
2.289504394531250000e+02
3.064001770019531250e+02
2.424777069091796875e+02
3.337512817382812500e+02
3.698898010253906250e+02
2.023490753173828125e+02
3.404351196289062500e+02
2.427865905761718750e+02
3.389365844726562500e+02
3.677450561523437500e+02
1.943414001464843750e+02
3.601510620117187500e+02
2.550227966308593750e+02
3.484389648437500000e+02
4.148056030273437500e+02
2.584580078125000000e+02
3.691499938964843750e+02
3.729335327148437500e+02
2.017930297851562500e+02
2.733916320800781250e+02
1.778119506835937500e+02
2.623831481933593750e+02
1.895718383789062500e+02
1.903382263183593750e+02
2.398169555664062500e+02
1.704624023437500000e+02
1.806366729736328125e+02
2.131029663085937500e+02
1.932669067382812500e+02
1.654663085937500000e+02
1.702481231689453125e+02
2.015521240234375000e+02
1.819468994140625000e+02
1.675957946777343750e+02
1.695304260253906250e+02
1.691161499023437500e+02
1.836322479248046875e+02
2.022336883544921875e+02
1.714937286376953125e+02
1.672860565185546875e+02
1.628543395996093750e+02
1.668893127441406250e+02
1.732715759277343750e+02
2.085115661621093750e+02
1.747060852050781250e+02
1.712332305908203125e+02
1.657798767089843750e+02
1.722020263671875000e+02
1.873183288574218750e+02
2.143613128662109375e+02
1.604900970458984375e+02
1.911647491455078125e+02
2.519216918945312500e+02
1.850532226562500000e+02
3.548144531250000000e+02
2.778499145507812500e+02
3.440347900390625000e+02
4.067579040527343750e+02
2.057092285156250000e+02
4.923584594726562500e+02
5.587269287109375000e+02
2.586673583984375000e+02
5.222854614257812500e+02
7.401198730468750000e+02
6.413352661132812500e+02
2.777770385742187500e+02
5.852486572265625000e+02
8.229501953125000000e+02
6.733576660156250000e+02
2.058235015869140625e+02
6.205328979492187500e+02
8.701878051757812500e+02
7.959329833984375000e+02
4.398037414550781250e+02
3.948927612304687500e+02
6.410566406250000000e+02
5.000224609375000000e+02
2.165118713378906250e+02
4.014871826171875000e+02
3.377903442382812500e+02
2.177002716064453125e+02
2.756491088867187500e+02
2.299335937500000000e+02
2.521809082031250000e+02
1.948028411865234375e+02
2.011593933105468750e+02
2.441058197021484375e+02
2.084142150878906250e+02
2.907276000976562500e+02
1.885904083251953125e+02
3.453791503906250000e+02
3.388308105468750000e+02
1.794576873779296875e+02
2.506886901855468750e+02
2.383215637207031250e+02
2.103468933105468750e+02
3.045366821289062500e+02
2.149787902832031250e+02
3.795541381835937500e+02
4.279272460937500000e+02
2.144766998291015625e+02
4.832539978027343750e+02
5.449274291992187500e+02
2.516963043212890625e+02
5.008558959960937500e+02
6.858132934570312500e+02
5.648662719726562500e+02
2.167244262695312500e+02
6.163963623046875000e+02
7.988397216796875000e+02
6.022141723632812500e+02
1.984607543945312500e+02
4.483450012207031250e+02
4.509900817871093750e+02
2.157996215820312500e+02
4.972937622070312500e+02
5.751538696289062500e+02
2.960329284667968750e+02
4.682059326171875000e+02
6.700690917968750000e+02
5.720791625976562500e+02
2.248471221923828125e+02
5.948533325195312500e+02
7.777058105468750000e+02
5.860863647460937500e+02
1.936982421875000000e+02
4.406780090332031250e+02
4.354908752441406250e+02
1.936882019042968750e+02
4.992430419921875000e+02
5.551647949218750000e+02
2.509081726074218750e+02
5.131087646484375000e+02
7.220372314453125000e+02
6.193972167968750000e+02
2.626120300292968750e+02
5.912855224609375000e+02
8.245466308593750000e+02
6.720649414062500000e+02
2.006655883789062500e+02
6.269420776367187500e+02
8.870429077148437500e+02
8.249868774414062500e+02
4.829623413085937500e+02
3.311581420898437500e+02
5.677441406250000000e+02
4.283949584960937500e+02
2.577628173828125000e+02
3.970736694335937500e+02
2.863117065429687500e+02
3.084072875976562500e+02
3.162781982421875000e+02
2.441039886474609375e+02
3.062624511718750000e+02
1.908326110839843750e+02
3.367965698242187500e+02
2.316925964355468750e+02
3.378470764160156250e+02
3.797934570312500000e+02
1.925642852783203125e+02
4.282641601562500000e+02
4.162132568359375000e+02
1.907901000976562500e+02
3.061441040039062500e+02
1.969007568359375000e+02
3.721295776367187500e+02
3.273072814941406250e+02
2.720233154296875000e+02
3.265173950195312500e+02
1.726730194091796875e+02
2.914920043945312500e+02
1.656376342773437500e+02
2.548386230468750000e+02
1.668659210205078125e+02
2.532727355957031250e+02
1.927768859863281250e+02
1.802555236816406250e+02
2.629536132812500000e+02
1.630646820068359375e+02
2.359916381835937500e+02
1.777402496337890625e+02
1.660993347167968750e+02
2.151790466308593750e+02
1.910283813476562500e+02
1.667176361083984375e+02
1.655737609863281250e+02
1.620996704101562500e+02
1.654436187744140625e+02
1.736302185058593750e+02
1.963530426025390625e+02
1.873377380371093750e+02
1.793412475585937500e+02
1.777163696289062500e+02
1.954002685546875000e+02
1.825649108886718750e+02
1.940129241943359375e+02
1.680147705078125000e+02
1.648517913818359375e+02
1.660756683349609375e+02
1.613843994140625000e+02
1.672206726074218750e+02
1.695902252197265625e+02
2.049812011718750000e+02
1.921707458496093750e+02
1.853320312500000000e+02
1.784150695800781250e+02
1.839027709960937500e+02
1.890050048828125000e+02
2.034705505371093750e+02
1.709435424804687500e+02
1.704401245117187500e+02
1.757834625244140625e+02
2.126429901123046875e+02
1.716128540039062500e+02
1.715150909423828125e+02
1.761623382568359375e+02
2.119809112548828125e+02
1.717829284667968750e+02
1.691981964111328125e+02
1.745301208496093750e+02
2.201430969238281250e+02
1.631228637695312500e+02
1.673875427246093750e+02
2.381583557128906250e+02
1.589351501464843750e+02
2.429938964843750000e+02
2.208617858886718750e+02
1.832616882324218750e+02
3.195247802734375000e+02
2.094791259765625000e+02
3.929329833984375000e+02
4.394227294921875000e+02
2.207324066162109375e+02
5.131535644531250000e+02
6.141040039062500000e+02
3.442651977539062500e+02
4.297277221679687500e+02
6.299135131835937500e+02
5.282741088867187500e+02
1.924148559570312500e+02
6.226046142578125000e+02
7.830036621093750000e+02
5.674260864257812500e+02
2.145811462402343750e+02
4.221045532226562500e+02
3.610746459960937500e+02
2.023591461181640625e+02
2.849152221679687500e+02
2.098549194335937500e+02
2.249943237304687500e+02
2.269564514160156250e+02
1.731002502441406250e+02
1.990880126953125000e+02
1.846596832275390625e+02
1.713793182373046875e+02
1.646161956787109375e+02
1.738117980957031250e+02
1.935715942382812500e+02
2.137983093261718750e+02
1.642844543457031250e+02
1.643427734375000000e+02
2.083544006347656250e+02
2.029509887695312500e+02
1.829628601074218750e+02
1.735036315917968750e+02
1.653232421875000000e+02
1.736621246337890625e+02
2.040802001953125000e+02
1.916062316894531250e+02
1.807269592285156250e+02
1.692525024414062500e+02
1.795592193603515625e+02
1.980681762695312500e+02
2.216307525634765625e+02
1.700253906250000000e+02
2.860252685546875000e+02
1.744256591796875000e+02
2.500884704589843750e+02
1.652128295898437500e+02
2.266376342773437500e+02
2.443881683349609375e+02
1.960938110351562500e+02
3.343080749511718750e+02
2.564968872070312500e+02
3.568350524902343750e+02
4.102208251953125000e+02
2.090702819824218750e+02
4.985273437500000000e+02
5.749909667968750000e+02
2.832445678710937500e+02
5.024488525390625000e+02
7.166657714843750000e+02
6.213040161132812500e+02
2.650545043945312500e+02
5.965881347656250000e+02
8.257884521484375000e+02
6.648735961914062500e+02
1.886904907226562500e+02
5.926440429687500000e+02
7.992967529296875000e+02
6.915474243164062500e+02
3.197354736328125000e+02
5.552076416015625000e+02
8.077244262695312500e+02
6.734578857421875000e+02
2.076635742187500000e+02
6.110001831054687500e+02
8.619785156250000000e+02
7.868099365234375000e+02
4.374881286621093750e+02
3.929519042968750000e+02
6.320840454101562500e+02
4.893685913085937500e+02
2.339488372802734375e+02
4.068894958496093750e+02
3.390603637695312500e+02
2.275650329589843750e+02
3.132951049804687500e+02
2.027368011474609375e+02
2.502012939453125000e+02
1.860486450195312500e+02
2.512053527832031250e+02
1.998130645751953125e+02
1.967525024414062500e+02
2.463799743652343750e+02
1.731286163330078125e+02
1.811554260253906250e+02
2.404527893066406250e+02
1.745476989746093750e+02
1.619683990478515625e+02
1.873447418212890625e+02
2.243721313476562500e+02
1.708134918212890625e+02
1.665979309082031250e+02
2.027260437011718750e+02
2.156393432617187500e+02
1.814916076660156250e+02
1.664449462890625000e+02
1.656239929199218750e+02
1.832512207031250000e+02
2.225489959716796875e+02
1.639613952636718750e+02
1.669549865722656250e+02
2.295519561767578125e+02
1.698609008789062500e+02
1.663981018066406250e+02
1.761776123046875000e+02
1.884649810791015625e+02
2.271725158691406250e+02
1.643836669921875000e+02
2.638184204101562500e+02
1.925201416015625000e+02
1.729112854003906250e+02
2.688651123046875000e+02
1.700327758789062500e+02
2.003002471923828125e+02
2.380312957763671875e+02
1.793719482421875000e+02
1.851144409179687500e+02
2.538738708496093750e+02
1.859926452636718750e+02
2.572166442871093750e+02
1.969658813476562500e+02
2.207529602050781250e+02
2.190556945800781250e+02
1.893400878906250000e+02
1.866869049072265625e+02
2.444542236328125000e+02
2.168352355957031250e+02
2.594951782226562500e+02
1.626172332763671875e+02
2.492655334472656250e+02
1.896240539550781250e+02
2.157136840820312500e+02
2.466897888183593750e+02
2.427928466796875000e+02
2.379724884033203125e+02
1.706285705566406250e+02
3.081602783203125000e+02
2.597522277832031250e+02
2.869220581054687500e+02
2.514033660888671875e+02
3.041908874511718750e+02
3.097745056152343750e+02
2.237770385742187500e+02
2.593354492187500000e+02
2.450502319335937500e+02
2.276360626220703125e+02
2.879644775390625000e+02
2.126960144042968750e+02
3.491135253906250000e+02
3.615259399414062500e+02
1.913305664062500000e+02
3.822174377441406250e+02
2.585366821289062500e+02
3.836346435546875000e+02
4.772693481445312500e+02
3.031105346679687500e+02
3.617861328125000000e+02
4.182866210937500000e+02
1.793703613281250000e+02
3.341505126953125000e+02
2.884261779785156250e+02
2.407898559570312500e+02
2.361425323486328125e+02
2.887455444335937500e+02
2.928110656738281250e+02
2.148954620361328125e+02
2.202887420654296875e+02
2.812568969726562500e+02
2.822912597656250000e+02
2.084851074218750000e+02
2.083076782226562500e+02
2.878429565429687500e+02
2.751307067871093750e+02
2.346585083007812500e+02
2.090734863281250000e+02
3.173013000488281250e+02
3.207175598144531250e+02
2.187220458984375000e+02
2.942487182617187500e+02
1.935035858154296875e+02
2.205574340820312500e+02
2.094097137451171875e+02
1.826511535644531250e+02
1.762746582031250000e+02
1.794752807617187500e+02
2.402878112792968750e+02
1.811520996093750000e+02
2.483346252441406250e+02
2.068453979492187500e+02
1.982364654541015625e+02
2.377759094238281250e+02
1.881741180419921875e+02
1.765755004882812500e+02
1.678078155517578125e+02
2.115015869140625000e+02
1.851692047119140625e+02
1.616374664306640625e+02
1.886779785156250000e+02
2.018751068115234375e+02
1.984318695068359375e+02
1.826984558105468750e+02
1.622147979736328125e+02
1.722807617187500000e+02
1.637004089355468750e+02
1.698477935791015625e+02
1.988641967773437500e+02
1.812157287597656250e+02
1.886367797851562500e+02
1.898248291015625000e+02
1.872186126708984375e+02
1.785283660888671875e+02
1.884345397949218750e+02
1.793576965332031250e+02
2.123271789550781250e+02
1.707289733886718750e+02
1.693261260986328125e+02
1.818383026123046875e+02
2.251385345458984375e+02
1.630899200439453125e+02
1.757655944824218750e+02
2.615155639648437500e+02
1.840371398925781250e+02
3.609644775390625000e+02
2.698452758789062500e+02
3.658280334472656250e+02
4.360473937988281250e+02
2.353717956542968750e+02
4.856937255859375000e+02
5.715411987304687500e+02
2.859747314453125000e+02
5.027041625976562500e+02
7.097162475585937500e+02
6.067115478515625000e+02
2.415425567626953125e+02
6.419754638671875000e+02
8.774699096679687500e+02
7.152089233398437500e+02
2.189586486816406250e+02
6.783403930664062500e+02
9.926680297851562500e+02
9.603293457031250000e+02
6.275056152343750000e+02
1.949545288085937500e+02
5.861020507812500000e+02
5.924057617187500000e+02
2.431607666015625000e+02
5.642034912109375000e+02
8.054026489257812500e+02
7.221450805664062500e+02
3.665328979492187500e+02
4.875519104003906250e+02
7.265072021484375000e+02
5.761065063476562500e+02
2.035809936523437500e+02
4.394494628906250000e+02
4.462268676757812500e+02
2.187187042236328125e+02
4.792676086425781250e+02
5.286875000000000000e+02
2.230375518798828125e+02
5.069039306640625000e+02
6.794675292968750000e+02
5.478324584960937500e+02
1.978262481689453125e+02
6.127103881835937500e+02
7.521612548828125000e+02
5.203292236328125000e+02
2.679727172851562500e+02
4.816584472656250000e+02
4.256265258789062500e+02
1.783240509033203125e+02
4.463837280273437500e+02
3.890872192382812500e+02
2.421062622070312500e+02
3.424493713378906250e+02
2.010620574951171875e+02
4.046564636230468750e+02
3.839107666015625000e+02
2.253869934082031250e+02
2.960925292968750000e+02
1.688221130371093750e+02
3.191570129394531250e+02
1.967246246337890625e+02
3.506841430664062500e+02
3.357995605468750000e+02
2.082009887695312500e+02
2.345266723632812500e+02
2.670599060058593750e+02
2.372502136230468750e+02
2.764907531738281250e+02
2.182921447753906250e+02
3.285457153320312500e+02
3.307870483398437500e+02
2.153350982666015625e+02
2.886318969726562500e+02
1.976449890136718750e+02
2.135369262695312500e+02
2.242465362548828125e+02
1.712273864746093750e+02
1.743382568359375000e+02
1.921195678710937500e+02
2.310873107910156250e+02
1.797722167968750000e+02
2.747560424804687500e+02
1.706082763671875000e+02
1.839492797851562500e+02
2.550707092285156250e+02
1.658837738037109375e+02
1.713423461914062500e+02
2.444424743652343750e+02
1.843612365722656250e+02
1.599981384277343750e+02
1.611180725097656250e+02
1.690032196044921875e+02
2.171181030273437500e+02
2.136192016601562500e+02
1.635247497558593750e+02
1.695226898193359375e+02
2.356256103515625000e+02
1.656676940917968750e+02
1.640367889404296875e+02
2.296235961914062500e+02
1.657004089355468750e+02
1.720886230468750000e+02
2.543468780517578125e+02
1.704517517089843750e+02
3.429465637207031250e+02
2.238370819091796875e+02
4.055883789062500000e+02
4.764000244140625000e+02
2.674161987304687500e+02
4.539752807617187500e+02
5.538906860351562500e+02
2.790519409179687500e+02
4.973252258300781250e+02
6.978410034179687500e+02
5.907825317382812500e+02
2.323598022460937500e+02
6.112898559570312500e+02
8.109865722656250000e+02
6.195964355468750000e+02
2.059189758300781250e+02
4.709309082031250000e+02
5.098485107421875000e+02
2.873435668945312500e+02
4.209737854003906250e+02
5.042879028320312500e+02
2.308040466308593750e+02
4.456616210937500000e+02
5.526828613281250000e+02
3.865827331542968750e+02
2.845619201660156250e+02
4.168612670898437500e+02
2.261988525390625000e+02
3.872465209960937500e+02
4.328000488281250000e+02
2.621386108398437500e+02
4.039932861328125000e+02
4.043917541503906250e+02
2.214809417724609375e+02
3.263630676269531250e+02
2.306316223144531250e+02
3.532163391113281250e+02
3.128313598632812500e+02
2.784494018554687500e+02
3.292463073730468750e+02
1.754453430175781250e+02
3.703538818359375000e+02
2.529894714355468750e+02
3.806834716796875000e+02
4.605375366210937500e+02
2.622375488281250000e+02
4.465800170898437500e+02
5.348961181640625000e+02
2.583568115234375000e+02
5.041848449707031250e+02
6.991027221679687500e+02
5.877094726562500000e+02
2.272680358886718750e+02
6.439397583007812500e+02
8.664560546875000000e+02
7.011054687500000000e+02
2.109290161132812500e+02
6.625180664062500000e+02
9.554665527343750000e+02
9.108905639648437500e+02
5.759385375976562500e+02
2.371857604980468750e+02
5.109478454589843750e+02
4.101717529296875000e+02
2.551136169433593750e+02
3.716451416015625000e+02
2.442484436035156250e+02
3.592954711914062500e+02
3.480386352539062500e+02
2.374871673583984375e+02
3.129530029296875000e+02
1.851163940429687500e+02
3.495192260742187500e+02
2.403436889648437500e+02
3.639651184082031250e+02
4.233931274414062500e+02
2.249470520019531250e+02
4.624769287109375000e+02
5.289383544921875000e+02
2.356766204833984375e+02
5.148618774414062500e+02
7.028424682617187500e+02
5.893826904296875000e+02
2.265174560546875000e+02
6.385938720703125000e+02
8.609392089843750000e+02
6.971390380859375000e+02
2.075057678222656250e+02
6.530778808593750000e+02
9.365975952148437500e+02
8.914724121093750000e+02
5.553769531250000000e+02
2.526500396728515625e+02
5.171719360351562500e+02
3.966172180175781250e+02
2.705820922851562500e+02
3.867708740234375000e+02
2.560395812988281250e+02
3.605993652343750000e+02
3.676793212890625000e+02
2.184177398681640625e+02
3.093966064453125000e+02
2.021845855712890625e+02
3.439328613281250000e+02
2.626685180664062500e+02
3.378799438476562500e+02
3.963111572265625000e+02
2.116190795898437500e+02
4.461342468261718750e+02
4.796920166015625000e+02
1.872069244384765625e+02
4.461060485839843750e+02
5.122635498046875000e+02
3.083651123046875000e+02
3.973069458007812500e+02
4.994165649414062500e+02
2.576882934570312500e+02
4.407073364257812500e+02
5.742950439453125000e+02
4.225689086914062500e+02
2.295631713867187500e+02
3.637097167968750000e+02
1.810841064453125000e+02
3.335140991210937500e+02
3.054364013671875000e+02
2.243919067382812500e+02
2.349772338867187500e+02
2.748499755859375000e+02
2.719881591796875000e+02
2.181840209960937500e+02
2.052558898925781250e+02
2.719222717285156250e+02
2.503644561767578125e+02
2.626518554687500000e+02
2.045532226562500000e+02
3.270815429687500000e+02
3.271859741210937500e+02
2.036383514404296875e+02
3.053882446289062500e+02
1.848097229003906250e+02
2.411573486328125000e+02
1.743864746093750000e+02
1.907156982421875000e+02
2.354691772460937500e+02
1.807515258789062500e+02
2.988235778808593750e+02
2.088095855712890625e+02
3.060823364257812500e+02
2.418556518554687500e+02
3.296311035156250000e+02
3.004505920410156250e+02
2.706021728515625000e+02
3.056241455078125000e+02
1.759980773925781250e+02
1.998179626464843750e+02
2.717564697265625000e+02
2.150587158203125000e+02
3.282745666503906250e+02
2.597977294921875000e+02
3.494965209960937500e+02
4.071876220703125000e+02
2.045145416259765625e+02
4.689287109375000000e+02
5.100553894042968750e+02
2.147926330566406250e+02
5.038468933105468750e+02
6.533256835937500000e+02
5.074620971679687500e+02
1.749572448730468750e+02
5.399289550781250000e+02
5.605930175781250000e+02
2.340744323730468750e+02
5.274978637695312500e+02
7.248502197265625000e+02
6.178488159179687500e+02
2.583799438476562500e+02
5.973924560546875000e+02
8.227002563476562500e+02
6.652930908203125000e+02
1.907072296142578125e+02
5.827704467773437500e+02
7.788542480468750000e+02
6.701088867187500000e+02
3.100652770996093750e+02
5.429300537109375000e+02
7.758843994140625000e+02
6.292276611328125000e+02
2.020538024902343750e+02
5.415054321289062500e+02
6.929614868164062500e+02
5.506477661132812500e+02
2.309739379882812500e+02
5.855550537109375000e+02
6.910308837890625000e+02
4.315855407714843750e+02
3.551911621093750000e+02
5.651743164062500000e+02
5.056553649902343750e+02
2.533051605224609375e+02
4.827323608398437500e+02
5.536856079101562500e+02
2.808001403808593750e+02
4.304733276367187500e+02
5.680994873046875000e+02
4.208089904785156250e+02
2.311371459960937500e+02
3.991961364746093750e+02
2.323424377441406250e+02
3.966060791015625000e+02
4.793959350585937500e+02
3.085478515625000000e+02
3.564214172363281250e+02
4.177935485839843750e+02
1.852413635253906250e+02
3.267983703613281250e+02
2.804597167968750000e+02
2.504952087402343750e+02
2.212491302490234375e+02
2.988935546875000000e+02
2.945954895019531250e+02
2.068793029785156250e+02
2.109573822021484375e+02
2.719349975585937500e+02
2.462114868164062500e+02
2.548197937011718750e+02
1.833607330322265625e+02
2.994700317382812500e+02
2.558110656738281250e+02
2.851690673828125000e+02
2.323717041015625000e+02
3.436218261718750000e+02
3.695315856933593750e+02
1.852554473876953125e+02
4.415834350585937500e+02
4.040002136230468750e+02
2.152507324218750000e+02
3.070616760253906250e+02
1.779537353515625000e+02
3.760795898437500000e+02
2.934711303710937500e+02
3.265112915039062500e+02
3.955525817871093750e+02
2.206324462890625000e+02
4.364048461914062500e+02
4.539352416992187500e+02
1.958436431884765625e+02
4.158531188964843750e+02
4.294622802734375000e+02
2.130399322509765625e+02
4.692598876953125000e+02
5.008993530273437500e+02
1.909692993164062500e+02
5.004768676757812500e+02
6.311013793945312500e+02
4.672287292480468750e+02
2.263626098632812500e+02
4.471759338378906250e+02
3.436597900390625000e+02
3.143811035156250000e+02
4.374707641601562500e+02
3.174945678710937500e+02
2.865471801757812500e+02
3.313379516601562500e+02
2.284576416015625000e+02
2.998083496093750000e+02
2.080000610351562500e+02
3.231583251953125000e+02
2.587410888671875000e+02
3.019299011230468750e+02
3.187360229492187500e+02
1.788098144531250000e+02
2.707691040039062500e+02
2.089144897460937500e+02
2.230103912353515625e+02
2.176279907226562500e+02
1.830305175781250000e+02
1.955346221923828125e+02
2.067571105957031250e+02
1.910621337890625000e+02
1.655250091552734375e+02
1.820962219238281250e+02
2.016698760986328125e+02
1.825174865722656250e+02
1.769367980957031250e+02
1.780121459960937500e+02
1.946200256347656250e+02
1.895843811035156250e+02
1.824703216552734375e+02
1.805303192138671875e+02
1.858634948730468750e+02
1.853486633300781250e+02
2.003208465576171875e+02
1.715478820800781250e+02
1.650172424316406250e+02
1.678015747070312500e+02
1.654728851318359375e+02
1.717373352050781250e+02
1.841836547851562500e+02
2.242241210937500000e+02
1.632970428466796875e+02
1.865740051269531250e+02
2.546854400634765625e+02
1.826545257568359375e+02
3.463414306640625000e+02
2.497300567626953125e+02
3.796414184570312500e+02
4.446267700195312500e+02
2.481370391845703125e+02
4.583684692382812500e+02
5.450917968750000000e+02
2.698022460937500000e+02
4.915977478027343750e+02
6.843186035156250000e+02
5.777279663085937500e+02
2.220026245117187500e+02
6.243036499023437500e+02
8.253461914062500000e+02
6.464924316406250000e+02
1.921145935058593750e+02
5.611460571289062500e+02
7.098616943359375000e+02
5.635916748046875000e+02
2.082677307128906250e+02
6.153596191406250000e+02
7.599512329101562500e+02
5.323282470703125000e+02
2.504269561767578125e+02
4.694944763183593750e+02
4.253877563476562500e+02
1.855594787597656250e+02
4.483811035156250000e+02
4.095903930664062500e+02
2.310129852294921875e+02
3.432984008789062500e+02
2.250597839355468750e+02
3.750177001953125000e+02
3.641017150878906250e+02
2.340173339843750000e+02
3.035672607421875000e+02
1.783658905029296875e+02
3.607211303710937500e+02
2.679913940429687500e+02
3.165982666015625000e+02
3.463113098144531250e+02
1.773290557861328125e+02
3.113819580078125000e+02
2.059691009521484375e+02
3.195696716308593750e+02
2.602791748046875000e+02
3.106311645507812500e+02
3.121244506835937500e+02
2.381784362792968750e+02
2.661715087890625000e+02
2.040971984863281250e+02
1.942036285400390625e+02
2.556177825927734375e+02
2.040021209716796875e+02
3.070517578125000000e+02
1.991241455078125000e+02
3.428264465332031250e+02
3.422603759765625000e+02
2.057613220214843750e+02
3.050774841308593750e+02
1.816278839111328125e+02
2.256835784912109375e+02
1.779063568115234375e+02
1.726388092041015625e+02
2.135967407226562500e+02
1.781640014648437500e+02
1.755758361816406250e+02
1.688919830322265625e+02
1.654636230468750000e+02
1.694119110107421875e+02
1.639913330078125000e+02
1.680677490234375000e+02
1.629655609130859375e+02
1.762438812255859375e+02
2.121628112792968750e+02
1.951350250244140625e+02
1.813562316894531250e+02
1.683876647949218750e+02
1.795169372558593750e+02
2.022164611816406250e+02
2.234187469482421875e+02
1.733419799804687500e+02
2.090876159667968750e+02
2.544369201660156250e+02
1.997928161621093750e+02
3.516119384765625000e+02
2.768439331054687500e+02
3.403798217773437500e+02
4.014286499023437500e+02
2.105234680175781250e+02
4.661673278808593750e+02
4.983580017089843750e+02
1.923596191406250000e+02
5.093666992187500000e+02
6.398069458007812500e+02
4.770066833496093750e+02
1.920075531005859375e+02
4.069741821289062500e+02
2.674684753417968750e+02
3.933698120117187500e+02
5.012719421386718750e+02
3.345387878417968750e+02
3.296475219726562500e+02
3.972127685546875000e+02
1.869373779296875000e+02
3.043572387695312500e+02
2.365293579101562500e+02
3.029604492187500000e+02
2.325245819091796875e+02
3.218256225585937500e+02
3.434316101074218750e+02
1.736694641113281250e+02
3.358338623046875000e+02
1.848161010742187500e+02
3.753532409667968750e+02
3.869244995117187500e+02
1.831360168457031250e+02
4.574838256835937500e+02
4.292862548828125000e+02
2.027953796386718750e+02
3.040520019531250000e+02
1.827801666259765625e+02
4.009492187500000000e+02
3.510370483398437500e+02
2.670613403320312500e+02
3.467095947265625000e+02
1.880617828369140625e+02
3.987386779785156250e+02
3.423220825195312500e+02
2.831031188964843750e+02
3.678412475585937500e+02
2.267301025390625000e+02
3.754514770507812500e+02
3.395300903320312500e+02
2.749069213867187500e+02
3.579705810546875000e+02
2.408276214599609375e+02
3.373970947265625000e+02
2.787370300292968750e+02
3.286043090820312500e+02
3.829648437500000000e+02
2.482276458740234375e+02
2.984670410156250000e+02
2.078154602050781250e+02
3.404796142578125000e+02
3.365603027343750000e+02
2.532189178466796875e+02
2.821307983398437500e+02
1.912702484130859375e+02
2.210219116210937500e+02
2.146590118408203125e+02
1.760069427490234375e+02
2.352115783691406250e+02
1.996553649902343750e+02
2.080071716308593750e+02
2.312864685058593750e+02
2.107410736083984375e+02
2.167649841308593750e+02
2.038184356689453125e+02
1.994749145507812500e+02
1.964956359863281250e+02
2.187143554687500000e+02
2.070287933349609375e+02
1.823361816406250000e+02
2.486602172851562500e+02
2.337558593750000000e+02
2.406663208007812500e+02
1.653261413574218750e+02
2.178255920410156250e+02
2.077936859130859375e+02
1.688431701660156250e+02
2.155088500976562500e+02
1.985366821289062500e+02
1.655715332031250000e+02
2.153981781005859375e+02
2.081913757324218750e+02
1.682912445068359375e+02
2.290757751464843750e+02
2.056718750000000000e+02
1.807686462402343750e+02
2.334345703125000000e+02
2.264467468261718750e+02
2.041942291259765625e+02
2.044926910400390625e+02
2.173492126464843750e+02
1.948507690429687500e+02
1.919915466308593750e+02
2.318657531738281250e+02
2.063866271972656250e+02
2.263716278076171875e+02
2.105777893066406250e+02
2.285960540771484375e+02
1.906197814941406250e+02
1.931577148437500000e+02
1.876668701171875000e+02
2.006416931152343750e+02
2.049691162109375000e+02
1.772671508789062500e+02
1.756407165527343750e+02
2.278985137939453125e+02
1.925173339843750000e+02
1.849145812988281250e+02
2.627493896484375000e+02
2.055500946044921875e+02
2.594938659667968750e+02
1.652382812500000000e+02
2.931462707519531250e+02
1.918418731689453125e+02
2.805328369140625000e+02
1.946062011718750000e+02
3.178732604980468750e+02
1.991753234863281250e+02
3.546369018554687500e+02
3.453419189453125000e+02
2.397878723144531250e+02
3.332222900390625000e+02
1.646979980468750000e+02
3.172359924316406250e+02
2.646777954101562500e+02
2.956450195312500000e+02
2.781933593750000000e+02
2.666485290527343750e+02
2.732326660156250000e+02
2.406528320312500000e+02
2.300247650146484375e+02
2.735557250976562500e+02
2.417230377197265625e+02
2.701170043945312500e+02
2.081223907470703125e+02
2.905142211914062500e+02
2.482071685791015625e+02
3.047076416015625000e+02
2.583974609375000000e+02
3.089978027343750000e+02
3.335287780761718750e+02
1.704090270996093750e+02
3.354487609863281250e+02
1.868812255859375000e+02
3.189503784179687500e+02
2.651060180664062500e+02
2.953505249023437500e+02
2.529967498779296875e+02
3.261170349121093750e+02
3.562425537109375000e+02
1.712405548095703125e+02
4.119685668945312500e+02
3.241039428710937500e+02
3.211378784179687500e+02
4.022830810546875000e+02
2.368364257812500000e+02
4.326661682128906250e+02
4.451704101562500000e+02
1.708649444580078125e+02
3.277333984375000000e+02
2.457814331054687500e+02
3.455426025390625000e+02
3.215717468261718750e+02
2.703483886718750000e+02
3.058574523925781250e+02
1.839245300292968750e+02
1.938228454589843750e+02
2.784007263183593750e+02
2.172736206054687500e+02
3.443606262207031250e+02
2.881081542968750000e+02
3.184512329101562500e+02
3.729456787109375000e+02
1.814582977294921875e+02
4.546901855468750000e+02
4.376318664550781250e+02
1.846093444824218750e+02
2.933855895996093750e+02
1.753638916015625000e+02
3.796427001953125000e+02
2.913722534179687500e+02
3.449763793945312500e+02
4.136426696777343750e+02
2.241215515136718750e+02
4.668992919921875000e+02
5.192379760742187500e+02
2.143188476562500000e+02
5.380018310546875000e+02
7.210899658203125000e+02
5.917383422851562500e+02
2.136843872070312500e+02
6.793322143554687500e+02
9.162022094726562500e+02
7.613292846679687500e+02
2.659241638183593750e+02
6.718000488281250000e+02
1.025955444335937500e+03
1.029292480468750000e+03
7.190352783203125000e+02
2.048637542724609375e+02
7.946105957031250000e+02
1.113219238281250000e+03
1.028138061523437500e+03
5.832333984375000000e+02
3.675946044921875000e+02
6.943422241210937500e+02
7.112159423828125000e+02
4.377306518554687500e+02
3.249068298339843750e+02
4.972399597167968750e+02
2.944763183593750000e+02
4.172302551269531250e+02
5.698688964843750000e+02
4.300985107421875000e+02
2.113612976074218750e+02
3.832070312500000000e+02
2.139413452148437500e+02
3.841776123046875000e+02
4.320126037597656250e+02
2.343190765380859375e+02
4.376284484863281250e+02
4.797502746582031250e+02
1.958865814208984375e+02
4.343735351562500000e+02
4.949312438964843750e+02
2.858146057128906250e+02
4.178854370117187500e+02
5.135634155273437500e+02
2.433187866210937500e+02
4.895861206054687500e+02
6.627861328125000000e+02
5.369940185546875000e+02
1.962657470703125000e+02
6.001223754882812500e+02
7.258256835937500000e+02
4.766741027832031250e+02
3.046179504394531250e+02
5.091967468261718750e+02
4.326325073242187500e+02
1.867179260253906250e+02
4.541975402832031250e+02
4.017376098632812500e+02
2.395432739257812500e+02
3.479895019531250000e+02
2.240752258300781250e+02
3.777018432617187500e+02
3.576075439453125000e+02
2.406492919921875000e+02
3.094458923339843750e+02
1.761793518066406250e+02
3.328952636718750000e+02
2.178443908691406250e+02
3.564245605468750000e+02
3.643373413085937500e+02
1.716590728759765625e+02
3.365111083984375000e+02
2.001980590820312500e+02
3.769574584960937500e+02
3.920413818359375000e+02
1.776823730468750000e+02
4.615016479492187500e+02
4.403580932617187500e+02
1.814927673339843750e+02
2.998728332519531250e+02
1.828690032958984375e+02
3.852059326171875000e+02
3.262115478515625000e+02
2.919215087890625000e+02
3.529288330078125000e+02
1.900248107910156250e+02
4.051996154785156250e+02
3.400108337402343750e+02
2.842658691406250000e+02
3.554974670410156250e+02
2.158256530761718750e+02
3.748347778320312500e+02
3.155519104003906250e+02
3.003596801757812500e+02
3.787517089843750000e+02
2.391318206787109375e+02
3.785048828125000000e+02
3.416925659179687500e+02
2.628933105468750000e+02
3.145939331054687500e+02
1.958923034667968750e+02
2.728253784179687500e+02
1.949699707031250000e+02
2.169188995361328125e+02
2.133959655761718750e+02
1.722750854492187500e+02
2.027211303710937500e+02
2.026627044677734375e+02
1.774749298095703125e+02
1.793409423828125000e+02
1.658925170898437500e+02
1.712095489501953125e+02
1.687351074218750000e+02
1.644124450683593750e+02
1.758647460937500000e+02
1.885187835693359375e+02
2.079622497558593750e+02
1.942177429199218750e+02
1.726687164306640625e+02
1.738313598632812500e+02
1.856462707519531250e+02
2.069191894531250000e+02
1.785519104003906250e+02
1.684817352294921875e+02
1.683745269775390625e+02
1.789012145996093750e+02
1.991905822753906250e+02
2.275989990234375000e+02
1.647425994873046875e+02
2.530859222412109375e+02
2.017030029296875000e+02
1.691878356933593750e+02
2.755092773437500000e+02
1.689901885986328125e+02
1.794251098632812500e+02
2.579736938476562500e+02
1.719752502441406250e+02
1.712839965820312500e+02
2.453450012207031250e+02
1.867810516357421875e+02
1.644550781250000000e+02
1.634238891601562500e+02
1.651529235839843750e+02
1.785488739013671875e+02
2.255471801757812500e+02
1.725560760498046875e+02
1.628314208984375000e+02
1.662526550292968750e+02
2.087654418945312500e+02
2.312642669677734375e+02
1.671663665771484375e+02
2.936643676757812500e+02
1.617887573242187500e+02
2.544008941650390625e+02
1.652773437500000000e+02
1.912157440185546875e+02
2.717431640625000000e+02
2.050944213867187500e+02
3.445431518554687500e+02
2.670787963867187500e+02
3.550798950195312500e+02
4.165751342773437500e+02
2.117169342041015625e+02
4.897913818359375000e+02
5.546046142578125000e+02
2.555561523437500000e+02
5.302847900390625000e+02
7.415202636718750000e+02
6.378433837890625000e+02
2.701724243164062500e+02
6.105249633789062500e+02
8.523118896484375000e+02
7.020418090820312500e+02
2.156632995605468750e+02
6.715892333984375000e+02
9.783114013671875000e+02
9.459723510742187500e+02
6.163521728515625000e+02
2.016348571777343750e+02
5.609470214843750000e+02
5.465104980468750000e+02
1.935847473144531250e+02
4.902495117187500000e+02
6.111298217773437500e+02
4.374179992675781250e+02
2.273908386230468750e+02
3.540762939453125000e+02
1.850996704101562500e+02
2.705116271972656250e+02
2.015468139648437500e+02
3.230531616210937500e+02
2.162959899902343750e+02
3.841119689941406250e+02
4.375733032226562500e+02
2.274804840087890625e+02
4.711442565917968750e+02
5.351301879882812500e+02
2.358170166015625000e+02
5.404124755859375000e+02
7.416710815429687500e+02
6.343421630859375000e+02
2.705479125976562500e+02
6.059021606445312500e+02
8.470120849609375000e+02
7.003344116210937500e+02
2.279871520996093750e+02
6.404823608398437500e+02
9.267892456054687500e+02
8.844250488281250000e+02
5.483568115234375000e+02
2.643362426757812500e+02
5.124980468750000000e+02
3.812653198242187500e+02
2.952393798828125000e+02
4.176834106445312500e+02
2.743696289062500000e+02
3.596203308105468750e+02
3.859912719726562500e+02
2.082628173828125000e+02
3.008390808105468750e+02
2.029621582031250000e+02
3.460117797851562500e+02
2.604962768554687500e+02
3.437756652832031250e+02
4.079489746093750000e+02
2.179405822753906250e+02
4.585912475585937500e+02
5.030947265625000000e+02
2.037157592773437500e+02
5.023092041015625000e+02
6.466753540039062500e+02
4.969295349121093750e+02
1.807901000976562500e+02
4.603019409179687500e+02
3.977028808593750000e+02
2.400996093750000000e+02
3.391904907226562500e+02
2.014727478027343750e+02
3.959542846679687500e+02
3.617813720703125000e+02
2.512219390869140625e+02
3.203023681640625000e+02
1.860104980468750000e+02
3.791936645507812500e+02
2.987020568847656250e+02
3.048917236328125000e+02
3.714345092773437500e+02
2.057838439941406250e+02
4.110667114257812500e+02
3.843081054687500000e+02
2.367460327148437500e+02
3.352512207031250000e+02
2.163216247558593750e+02
3.828224487304687500e+02
3.501124267578125000e+02
2.620010986328125000e+02
3.447351379394531250e+02
2.121514587402343750e+02
3.401131591796875000e+02
2.544563903808593750e+02
3.476652526855468750e+02
3.956679077148437500e+02
2.275500183105468750e+02
3.542334594726562500e+02
2.772095642089843750e+02
3.250557250976562500e+02
3.723121032714843750e+02
2.422622375488281250e+02
3.070250244140625000e+02
2.157882690429687500e+02
3.489193115234375000e+02
3.750804443359375000e+02
2.670631713867187500e+02
3.015372314453125000e+02
1.997328033447265625e+02
3.429001159667968750e+02
3.529150390625000000e+02
2.542147979736328125e+02
2.983691406250000000e+02
1.820382690429687500e+02
3.322514648437500000e+02
3.130102539062500000e+02
2.452578735351562500e+02
2.995136108398437500e+02
2.047842254638671875e+02
2.459313964843750000e+02
2.026683959960937500e+02
1.755466461181640625e+02
2.488586120605468750e+02
2.077690277099609375e+02
2.192324523925781250e+02
2.322026367187500000e+02
2.305364074707031250e+02
2.408426971435546875e+02
1.654220886230468750e+02
2.446824493408203125e+02
2.201796417236328125e+02
2.034373474121093750e+02
2.393634948730468750e+02
2.364179382324218750e+02
2.332070312500000000e+02
1.651397857666015625e+02
2.203341979980468750e+02
2.278108215332031250e+02
1.696896057128906250e+02
2.087046051025390625e+02
2.328177490234375000e+02
1.903216094970703125e+02
1.788103332519531250e+02
2.049627685546875000e+02
1.746922149658203125e+02
1.910094451904296875e+02
2.181946868896484375e+02
1.844253692626953125e+02
1.990496063232421875e+02
2.487054443359375000e+02
2.120316162109375000e+02
2.641454467773437500e+02
1.690991973876953125e+02
2.378081359863281250e+02
1.791615142822265625e+02
1.964624328613281250e+02
2.658129272460937500e+02
2.092167358398437500e+02
3.201084289550781250e+02
2.311638336181640625e+02
3.758378295898437500e+02
4.202475280761718750e+02
2.214263458251953125e+02
4.667144775390625000e+02
4.912617187500000000e+02
1.716912078857421875e+02
5.009298706054687500e+02
6.016778564453125000e+02
4.129050903320312500e+02
2.952939758300781250e+02
4.679339599609375000e+02
2.967805786132812500e+02
3.846998596191406250e+02
4.971255187988281250e+02
3.320064392089843750e+02
3.538482055664062500e+02
4.242987365722656250e+02
2.030368652343750000e+02
3.513922119140625000e+02
3.121837768554687500e+02
2.373368225097656250e+02
2.628957519531250000e+02
2.469129791259765625e+02
2.367851562500000000e+02
2.463799591064453125e+02
1.883648071289062500e+02
2.412794494628906250e+02
1.821165924072265625e+02
3.062075805664062500e+02
2.009835205078125000e+02
3.282018432617187500e+02
2.895374755859375000e+02
2.676143798828125000e+02
2.662001953125000000e+02
2.620490112304687500e+02
2.636196594238281250e+02
2.454061584472656250e+02
2.074149169921875000e+02
2.973542480468750000e+02
2.508735351562500000e+02
3.054996948242187500e+02
2.549076538085937500e+02
3.159943542480468750e+02
3.413972473144531250e+02
1.764488525390625000e+02
3.440241699218750000e+02
2.085462951660156250e+02
3.592390136718750000e+02
3.667894897460937500e+02
1.703737792968750000e+02
3.632397155761718750e+02
2.243708801269531250e+02
3.858588867187500000e+02
4.401120605468750000e+02
2.353944702148437500e+02
4.603807067871093750e+02
5.183737792968750000e+02
2.310054931640625000e+02
4.849441223144531250e+02
6.275118408203125000e+02
4.721967163085937500e+02
1.950857391357421875e+02
4.055148925781250000e+02
2.574620056152343750e+02
4.036694946289062500e+02
5.074574584960937500e+02
3.378575439453125000e+02
3.110294799804687500e+02
3.732040405273437500e+02
1.985050048828125000e+02
2.739597778320312500e+02
1.884064025878906250e+02
3.056330566406250000e+02
1.762245635986328125e+02
2.976315307617187500e+02
2.352339782714843750e+02
3.051885375976562500e+02
2.342527923583984375e+02
3.377808532714843750e+02
3.595858764648437500e+02
1.812180328369140625e+02
3.635228271484375000e+02
2.341186218261718750e+02
4.146428222656250000e+02
5.036375122070312500e+02
3.129498901367187500e+02
3.906611328125000000e+02
4.793459167480468750e+02
2.253890380859375000e+02
4.416265869140625000e+02
5.256499023437500000e+02
3.381121826171875000e+02
3.564749145507812500e+02
4.634314270019531250e+02
2.607467041015625000e+02
3.603920898437500000e+02
4.002359619140625000e+02
2.206417694091796875e+02
4.434676513671875000e+02
4.380659790039062500e+02
2.153189697265625000e+02
3.353189697265625000e+02
2.471506805419921875e+02
3.375419921875000000e+02
3.201015625000000000e+02
2.698052978515625000e+02
3.224881591796875000e+02
1.779172363281250000e+02
3.744725952148437500e+02
2.787106933593750000e+02
3.225466003417968750e+02
3.853124389648437500e+02
2.033240966796875000e+02
4.540050354003906250e+02
4.655679321289062500e+02
2.201501464843750000e+02
4.332866210937500000e+02
4.476879577636718750e+02
2.112977294921875000e+02
5.147263183593750000e+02
5.943222656250000000e+02
3.045360107421875000e+02
4.716354980468750000e+02
6.687377319335937500e+02
5.624191284179687500e+02
2.057017822265625000e+02
6.417494506835937500e+02
8.367399902343750000e+02
6.522774047851562500e+02
2.065663452148437500e+02
5.846215820312500000e+02
7.490869140625000000e+02
6.115845947265625000e+02
2.543038024902343750e+02
5.850957031250000000e+02
7.445933227539062500e+02
5.236356201171875000e+02
2.525248870849609375e+02
4.417114257812500000e+02
3.575225524902343750e+02
2.349382476806640625e+02
2.913663330078125000e+02
2.216489410400390625e+02
2.282585449218750000e+02
2.391766052246093750e+02
1.949285888671875000e+02
2.736328735351562500e+02
2.211327819824218750e+02
3.165094299316406250e+02
2.475447998046875000e+02
3.383349609375000000e+02
3.769872741699218750e+02
1.819696197509765625e+02
4.583506469726562500e+02
4.431236877441406250e+02
1.783619842529296875e+02
3.056869201660156250e+02
1.995776367187500000e+02
4.037523193359375000e+02
3.751470336914062500e+02
2.289006347656250000e+02
2.820434265136718750e+02
1.941488647460937500e+02
1.963419799804687500e+02
2.676701660156250000e+02
2.042942810058593750e+02
3.461430053710937500e+02
2.843803710937500000e+02
3.221457519531250000e+02
3.724328613281250000e+02
1.904913177490234375e+02
4.193511962890625000e+02
3.786660461425781250e+02
2.325878753662109375e+02
2.998654785156250000e+02
1.708380279541015625e+02
2.865671081542968750e+02
1.770801239013671875e+02
2.016621246337890625e+02
2.320238037109375000e+02
1.727566986083984375e+02
1.901062316894531250e+02
2.386924743652343750e+02
1.723919830322265625e+02
1.726297302246093750e+02
2.171091308593750000e+02
2.069152374267578125e+02
1.683620452880859375e+02
1.779275054931640625e+02
2.213457336425781250e+02
1.791056213378906250e+02
1.639983215332031250e+02
1.739223937988281250e+02
2.184400634765625000e+02
2.052603454589843750e+02
1.686758117675781250e+02
1.809892272949218750e+02
2.406498107910156250e+02
1.662563018798828125e+02
2.472588500976562500e+02
2.067872314453125000e+02
1.774717102050781250e+02
2.874431762695312500e+02
1.653041076660156250e+02
2.488784637451171875e+02
1.670182037353515625e+02
2.182597045898437500e+02
2.552120819091796875e+02
2.057639312744140625e+02
3.294010009765625000e+02
2.425039978027343750e+02
3.746182861328125000e+02
4.390580444335937500e+02
2.346140136718750000e+02
4.834083557128906250e+02
5.738354492187500000e+02
3.011945190429687500e+02
4.768599548339843750e+02
6.795571899414062500e+02
5.782946777343750000e+02
2.254240417480468750e+02
6.385885009765625000e+02
8.604689941406250000e+02
6.907800292968750000e+02
1.982912750244140625e+02
6.598328247070312500e+02
9.367420043945312500e+02
8.804956054687500000e+02
5.395527954101562500e+02
2.814837036132812500e+02
5.156148071289062500e+02
3.766029357910156250e+02
3.099669799804687500e+02
4.307304077148437500e+02
2.895668334960937500e+02
3.536395568847656250e+02
3.873799133300781250e+02
1.999119262695312500e+02
2.947335815429687500e+02
1.994312744140625000e+02
3.480156250000000000e+02
2.641755371093750000e+02
3.443428955078125000e+02
4.089869995117187500e+02
2.180739593505859375e+02
4.630828857421875000e+02
5.136296997070312500e+02
2.122958221435546875e+02
5.124942626953125000e+02
6.749628295898437500e+02
5.374238891601562500e+02
1.813946533203125000e+02
6.235398559570312500e+02
7.608115844726562500e+02
5.292454223632812500e+02
2.516486816406250000e+02
4.401374511718750000e+02
3.542504577636718750e+02
2.352598571777343750e+02
2.717349243164062500e+02
2.575205993652343750e+02
2.553513793945312500e+02
2.351656799316406250e+02
1.956801757812500000e+02
2.808686218261718750e+02
2.329124755859375000e+02
3.051209106445312500e+02
2.454385375976562500e+02
3.414764404296875000e+02
3.802888793945312500e+02
1.893725891113281250e+02
4.580486145019531250e+02
4.602075500488281250e+02
1.784910278320312500e+02
3.876213378906250000e+02
3.655365905761718750e+02
1.847538146972656250e+02
2.954288940429687500e+02
1.810707397460937500e+02
2.050023498535156250e+02
2.445244750976562500e+02
1.687416687011718750e+02
2.123836669921875000e+02
2.029724731445312500e+02
1.767488708496093750e+02
1.637838592529296875e+02
1.670921936035156250e+02
1.877062988281250000e+02
2.218184204101562500e+02
1.921867065429687500e+02
1.680269165039062500e+02
1.884620971679687500e+02
2.334374084472656250e+02
1.648059844970703125e+02
2.067366943359375000e+02
2.462725524902343750e+02
1.943363037109375000e+02
3.223688354492187500e+02
2.139907836914062500e+02
3.986033630371093750e+02
4.571972045898437500e+02
2.440213012695312500e+02
4.824758911132812500e+02
5.836909179687500000e+02
3.230549316406250000e+02
4.488979187011718750e+02
6.390155029296875000e+02
5.382919311523437500e+02
1.982491302490234375e+02
6.179634399414062500e+02
7.804074707031250000e+02
5.671956176757812500e+02
2.175967254638671875e+02
4.263206787109375000e+02
3.773468627929687500e+02
1.935861358642578125e+02
3.092524414062500000e+02
1.834674224853515625e+02
2.356679077148437500e+02
1.832909240722656250e+02
1.746592712402343750e+02
2.168897552490234375e+02
1.727820587158203125e+02
1.643894348144531250e+02
1.725628204345703125e+02
2.116195373535156250e+02
2.193656005859375000e+02
1.655195312500000000e+02
2.055101165771484375e+02
2.485800476074218750e+02
1.745984191894531250e+02
3.328121032714843750e+02
2.104355316162109375e+02
4.122703552246093750e+02
4.720432434082031250e+02
2.537614746093750000e+02
4.800496215820312500e+02
5.813764648437500000e+02
3.148759765625000000e+02
4.629543151855468750e+02
6.596161499023437500e+02
5.562868041992187500e+02
2.100460968017578125e+02
6.263322753906250000e+02
8.172901611328125000e+02
6.269881591796875000e+02
1.783261413574218750e+02
4.673058166503906250e+02
5.068508911132812500e+02
2.806972656250000000e+02
4.623757324218750000e+02
5.822788085937500000e+02
3.373411254882812500e+02
4.190611877441406250e+02
6.049359130859375000e+02
4.922772216796875000e+02
1.873432769775390625e+02
5.398812255859375000e+02
5.927471923828125000e+02
2.833435363769531250e+02
5.141497192382812500e+02
7.438381958007812500e+02
6.602523803710937500e+02
3.192402648925781250e+02
5.175354003906250000e+02
7.314304199218750000e+02
5.693624267578125000e+02
1.933659667968750000e+02
4.284729919433593750e+02
4.145898742675781250e+02
1.944920349121093750e+02
4.726546630859375000e+02
4.731394348144531250e+02
1.833384399414062500e+02
4.030725097656250000e+02
4.062749633789062500e+02
1.777790832519531250e+02
4.794063720703125000e+02
4.877336120605468750e+02
1.735138854980468750e+02
4.715546875000000000e+02
5.518543701171875000e+02
3.498890380859375000e+02
3.590733032226562500e+02
4.663620605468750000e+02
2.242894897460937500e+02
4.593683471679687500e+02
5.718254394531250000e+02
4.077460632324218750e+02
2.689351501464843750e+02
4.218649597167968750e+02
2.425051727294921875e+02
4.009112548828125000e+02
4.886846008300781250e+02
3.070759277343750000e+02
3.540677490234375000e+02
4.159453125000000000e+02
2.070063171386718750e+02
3.398279724121093750e+02
2.930848693847656250e+02
2.610349121093750000e+02
2.925306091308593750e+02
2.198261108398437500e+02
2.341701354980468750e+02
2.214555053710937500e+02
1.991864624023437500e+02
2.419771575927734375e+02
1.920583038330078125e+02
2.992467651367187500e+02
1.866814117431640625e+02
3.582431030273437500e+02
3.530595092773437500e+02
2.232969970703125000e+02
3.236815185546875000e+02
1.661862487792968750e+02
2.918851928710937500e+02
2.246654510498046875e+02
3.267825317382812500e+02
2.557168273925781250e+02
3.443486328125000000e+02
3.910054016113281250e+02
2.087393493652343750e+02
4.585384826660156250e+02
4.587072143554687500e+02
1.705072479248046875e+02
3.764695434570312500e+02
3.378870849609375000e+02
2.093538208007812500e+02
2.221940765380859375e+02
2.915758666992187500e+02
2.762259216308593750e+02
2.374624023437500000e+02
2.100871734619140625e+02
3.081424560546875000e+02
2.980325622558593750e+02
2.270584411621093750e+02
2.398493347167968750e+02
2.630976562500000000e+02
2.494602813720703125e+02
2.412838439941406250e+02
1.957786254882812500e+02
2.997310180664062500e+02
2.727342834472656250e+02
2.547549438476562500e+02
2.447772064208984375e+02
2.778440246582031250e+02
2.698453063964843750e+02
2.302852325439453125e+02
2.058558959960937500e+02
2.886138610839843750e+02
2.648905029296875000e+02
2.566713867187500000e+02
2.377506408691406250e+02
2.850298461914062500e+02
2.739546813964843750e+02
2.230023803710937500e+02
1.991864318847656250e+02
2.779313964843750000e+02
2.479821472167968750e+02
2.851226806640625000e+02
2.376183776855468750e+02
3.079501037597656250e+02
3.091596679687500000e+02
1.954940185546875000e+02
2.399646301269531250e+02
2.712340698242187500e+02
2.647556762695312500e+02
2.344649963378906250e+02
1.916143188476562500e+02
2.945918579101562500e+02
2.628355102539062500e+02
2.517490539550781250e+02
1.866951904296875000e+02
2.707225341796875000e+02
2.168952789306640625e+02
3.193378906250000000e+02
2.476685943603515625e+02
3.322795410156250000e+02
3.624290161132812500e+02
1.741850585937500000e+02
4.238252563476562500e+02
3.673572387695312500e+02
2.551218109130859375e+02
3.224995117187500000e+02
1.706048583984375000e+02
3.499745178222656250e+02
2.237774353027343750e+02
4.065652770996093750e+02
4.871864624023437500e+02
2.937198486328125000e+02
4.110147705078125000e+02
5.063112182617187500e+02
2.388612365722656250e+02
4.942891540527343750e+02
6.635690917968750000e+02
5.343368530273437500e+02
1.918425598144531250e+02
6.027422485351562500e+02
7.336381835937500000e+02
4.965551452636718750e+02
2.773598937988281250e+02
4.693341064453125000e+02
3.800642395019531250e+02
2.093278503417968750e+02
2.865095520019531250e+02
2.198233489990234375e+02
2.346436004638671875e+02
2.182287139892578125e+02
1.726182861328125000e+02
2.032146911621093750e+02
1.912702636718750000e+02
1.797193908691406250e+02
1.668793487548828125e+02
1.649478759765625000e+02
1.725770263671875000e+02
1.981547088623046875e+02
2.192969055175781250e+02
1.693084106445312500e+02
1.963669433593750000e+02
2.416168670654296875e+02
1.734181671142578125e+02
2.735350341796875000e+02
1.831590270996093750e+02
2.196134948730468750e+02
2.137025451660156250e+02
1.766657104492187500e+02
1.643845977783203125e+02
1.648840942382812500e+02
1.685269775390625000e+02
1.889467773437500000e+02
2.268906555175781250e+02
1.640284271240234375e+02
2.203791503906250000e+02
2.404200592041015625e+02
1.938566894531250000e+02
3.228782348632812500e+02
2.243394775390625000e+02
3.807092285156250000e+02
4.359429931640625000e+02
2.299291381835937500e+02
4.859671325683593750e+02
5.747571411132812500e+02
3.061343994140625000e+02
4.672408447265625000e+02
6.692535400390625000e+02
5.733300170898437500e+02
2.265539245605468750e+02
6.128487548828125000e+02
8.071455078125000000e+02
6.295405883789062500e+02
1.951939849853515625e+02
5.303394775390625000e+02
6.473098144531250000e+02
4.703685302734375000e+02
2.362404632568359375e+02
4.524917602539062500e+02
3.383688964843750000e+02
3.206463623046875000e+02
4.286223754882812500e+02
2.882604675292968750e+02
3.393881225585937500e+02
3.689667968750000000e+02
2.008183288574218750e+02
2.710888061523437500e+02
1.852442626953125000e+02
2.881000976562500000e+02
1.757636413574218750e+02
2.123430480957031250e+02
2.117227172851562500e+02
1.713642120361328125e+02
1.688581390380859375e+02
1.987816772460937500e+02
2.221398620605468750e+02
1.663378448486328125e+02
2.002766723632812500e+02
2.450285949707031250e+02
1.781011199951171875e+02
3.135489196777343750e+02
1.882369384765625000e+02
3.937093505859375000e+02
4.214055786132812500e+02
1.856863708496093750e+02
5.273477172851562500e+02
5.982523193359375000e+02
3.094410095214843750e+02
4.758214416503906250e+02
6.875256347656250000e+02
5.961887207031250000e+02
2.559998168945312500e+02
5.849248046875000000e+02
7.935208129882812500e+02
6.217065429687500000e+02
1.774684448242187500e+02
5.211563110351562500e+02
6.240296630859375000e+02
4.430772094726562500e+02
2.420603485107421875e+02
4.106835937500000000e+02
2.273171691894531250e+02
4.274094238281250000e+02
5.286869506835937500e+02
3.627949523925781250e+02
2.989377746582031250e+02
3.964167175292968750e+02
1.955436859130859375e+02
3.599129333496093750e+02
3.454841918945312500e+02
2.194490966796875000e+02
3.344158020019531250e+02
1.778261566162109375e+02
3.179875488281250000e+02
2.820507202148437500e+02
2.453011779785156250e+02
2.366921081542968750e+02
2.894919128417968750e+02
2.862377319335937500e+02
2.162916870117187500e+02
2.261087646484375000e+02
2.886354980468750000e+02
2.851842041015625000e+02
2.320772552490234375e+02
2.409558105468750000e+02
2.663437500000000000e+02
2.628099365234375000e+02
2.307891845703125000e+02
2.038920288085937500e+02
3.217745361328125000e+02
3.144178161621093750e+02
2.241182861328125000e+02
2.850559082031250000e+02
2.068175659179687500e+02
2.223052978515625000e+02
2.268065643310546875e+02
1.718766174316406250e+02
1.765842285156250000e+02
2.025741882324218750e+02
2.156606750488281250e+02
1.747288360595703125e+02
2.194553375244140625e+02
2.332030792236328125e+02
1.822285156250000000e+02
3.151131591796875000e+02
1.920953979492187500e+02
3.905151062011718750e+02
4.265531005859375000e+02
2.076668853759765625e+02
4.999909667968750000e+02
5.651964111328125000e+02
2.781959533691406250e+02
4.922259521484375000e+02
6.902814941406250000e+02
5.901906738281250000e+02
2.522332763671875000e+02
5.697082519531250000e+02
7.536298217773437500e+02
5.665908203125000000e+02
1.963768615722656250e+02
4.113839111328125000e+02
3.644500427246093750e+02
1.963013153076171875e+02
2.778959960937500000e+02
2.116212615966796875e+02
2.042096252441406250e+02
2.761797180175781250e+02
1.766067199707031250e+02
3.040449829101562500e+02
2.461009368896484375e+02
3.145307006835937500e+02
2.734588623046875000e+02
3.146726684570312500e+02
3.528887329101562500e+02
1.703625793457031250e+02
4.028110961914062500e+02
3.260489196777343750e+02
2.967364501953125000e+02
3.687220458984375000e+02
1.947546691894531250e+02
4.529585266113281250e+02
4.681854248046875000e+02
1.784463348388671875e+02
4.062123718261718750e+02
4.124156188964843750e+02
1.881465454101562500e+02
4.920288085937500000e+02
5.260609741210937500e+02
2.124224853515625000e+02
5.464536132812500000e+02
7.391030273437500000e+02
6.293037719726562500e+02
2.718654785156250000e+02
5.750211181640625000e+02
7.900607910156250000e+02
6.268645019531250000e+02
1.876791687011718750e+02
5.469716186523437500e+02
6.827957763671875000e+02
5.267657470703125000e+02
1.847082977294921875e+02
5.816488037109375000e+02
6.599057617187500000e+02
3.869631958007812500e+02
3.975965576171875000e+02
6.092279663085937500e+02
5.337016601562500000e+02
2.560756530761718750e+02
5.061356201171875000e+02
6.124129638671875000e+02
3.566827392578125000e+02
4.118796386718750000e+02
6.110516357421875000e+02
5.174663085937500000e+02
2.705796813964843750e+02
4.794597778320312500e+02
5.045283813476562500e+02
2.203439636230468750e+02
4.697371826171875000e+02
5.817632446289062500e+02
4.175883483886718750e+02
2.478665771484375000e+02
3.929910888671875000e+02
2.097549743652343750e+02
3.982835693359375000e+02
4.607838134765625000e+02
2.711387329101562500e+02
4.020850219726562500e+02
4.555888671875000000e+02
1.886623229980468750e+02
4.196197204589843750e+02
4.713258666992187500e+02
2.720748596191406250e+02
4.215044555664062500e+02
5.019007568359375000e+02
2.355315093994140625e+02
4.932059936523437500e+02
6.611762695312500000e+02
5.412058105468750000e+02
2.104161376953125000e+02
5.912741699218750000e+02
7.249228515625000000e+02
4.998911743164062500e+02
2.742963256835937500e+02
4.766927490234375000e+02
4.239808959960937500e+02
1.918896484375000000e+02
4.440816955566406250e+02
3.986309204101562500e+02
2.647814941406250000e+02
3.853398437500000000e+02
3.024343261718750000e+02
2.581024780273437500e+02
2.577884826660156250e+02
2.792879943847656250e+02
2.941191101074218750e+02
2.069560546875000000e+02
2.276691741943359375e+02
2.461847076416015625e+02
2.400091400146484375e+02
2.350377349853515625e+02
1.878969879150390625e+02
2.873203125000000000e+02
2.480252532958984375e+02
2.738361816406250000e+02
2.277343750000000000e+02
3.260345458984375000e+02
3.387146606445312500e+02
2.406797180175781250e+02
2.942848205566406250e+02
1.666380310058593750e+02
2.553240966796875000e+02
2.086940002441406250e+02
2.199973449707031250e+02
2.257967529296875000e+02
2.272372131347656250e+02
2.240739746093750000e+02
1.716655578613281250e+02
2.127204589843750000e+02
1.953443908691406250e+02
1.747893371582031250e+02
1.944768981933593750e+02
1.743846435546875000e+02
1.790417022705078125e+02
2.035899047851562500e+02
1.811838684082031250e+02
1.891246643066406250e+02
1.937557373046875000e+02
1.672439727783203125e+02
1.814215087890625000e+02
1.814989166259765625e+02
2.059375915527343750e+02
2.149246673583984375e+02
1.805104064941406250e+02
2.444909057617187500e+02
2.047586517333984375e+02
1.955929260253906250e+02
2.488552551269531250e+02
1.927023010253906250e+02
2.080325927734375000e+02
2.200647583007812500e+02
1.817188568115234375e+02
1.745226135253906250e+02
1.671569213867187500e+02
1.770459289550781250e+02
1.790559387207031250e+02
1.999844360351562500e+02
2.009350738525390625e+02
1.750227355957031250e+02
1.840091857910156250e+02
1.913286895751953125e+02
1.842796325683593750e+02
1.913646850585937500e+02
1.913591308593750000e+02
1.945631713867187500e+02
1.745075683593750000e+02
1.698661041259765625e+02
1.840753326416015625e+02
2.171720581054687500e+02
1.729400177001953125e+02
1.652465667724609375e+02
1.713626403808593750e+02
2.118300170898437500e+02
2.087908172607421875e+02
1.646426391601562500e+02
1.902556152343750000e+02
2.451448211669921875e+02
1.737499084472656250e+02
3.349770507812500000e+02
2.261958007812500000e+02
3.760785827636718750e+02
4.209712829589843750e+02
2.081179199218750000e+02
5.105083618164062500e+02
5.979189453125000000e+02
3.187917785644531250e+02
4.623151855468750000e+02
6.682792968750000000e+02
5.722664184570312500e+02
2.308201293945312500e+02
5.995180664062500000e+02
7.846086425781250000e+02
5.931251220703125000e+02
2.152601928710937500e+02
4.706527099609375000e+02
4.947685241699218750e+02
2.558737182617187500e+02
4.810395507812500000e+02
5.967877807617187500e+02
3.431681518554687500e+02
4.159158325195312500e+02
5.976451416015625000e+02
4.922618408203125000e+02
1.995094909667968750e+02
5.184956054687500000e+02
5.389365234375000000e+02
2.654209594726562500e+02
4.224092407226562500e+02
5.268441162109375000e+02
3.583640441894531250e+02
3.074523620605468750e+02
3.824402465820312500e+02
2.000271301269531250e+02
3.122374877929687500e+02
2.370605468750000000e+02
3.276116027832031250e+02
2.907626953125000000e+02
2.926363830566406250e+02
3.376770629882812500e+02
1.837057647705078125e+02
4.117451477050781250e+02
3.591383361816406250e+02
2.759941406250000000e+02
3.717524414062500000e+02
2.406012268066406250e+02
3.733388977050781250e+02
3.620265502929687500e+02
2.295638580322265625e+02
2.964191284179687500e+02
1.817656250000000000e+02
2.682877197265625000e+02
2.133405456542968750e+02
2.607648315429687500e+02
1.775893249511718750e+02
2.288918151855468750e+02
2.164067077636718750e+02
2.077067718505859375e+02
2.400517425537109375e+02
1.892991180419921875e+02
2.298985900878906250e+02
2.015012817382812500e+02
1.700569458007812500e+02
2.120400695800781250e+02
2.103153228759765625e+02
1.713316192626953125e+02
1.696494140625000000e+02
1.688476867675781250e+02
2.036160278320312500e+02
2.063537292480468750e+02
1.775857238769531250e+02
1.697139129638671875e+02
1.734565429687500000e+02
1.925262603759765625e+02
2.319273681640625000e+02
1.661258544921875000e+02
2.720291137695312500e+02
1.774857788085937500e+02
1.752697448730468750e+02
2.598450317382812500e+02
1.747107543945312500e+02
1.791759338378906250e+02
2.505258941650390625e+02
1.818750305175781250e+02
1.701330566406250000e+02
2.439448547363281250e+02
1.901322937011718750e+02
1.674802856445312500e+02
2.135100402832031250e+02
2.203244018554687500e+02
1.813380432128906250e+02
2.480607299804687500e+02
1.915142517089843750e+02
1.741983642578125000e+02
2.105316009521484375e+02
2.203794097900390625e+02
1.879851684570312500e+02
2.129809265136718750e+02
2.228714141845703125e+02
1.922451171875000000e+02
1.889624023437500000e+02
2.355635681152343750e+02
2.077062377929687500e+02
2.194470062255859375e+02
1.854392242431640625e+02
2.068336181640625000e+02
1.686289062500000000e+02
1.822203369140625000e+02
2.058413391113281250e+02
1.767454528808593750e+02
1.925709533691406250e+02
2.018212890625000000e+02
1.668522033691406250e+02
1.828072814941406250e+02
1.908035583496093750e+02
1.677830200195312500e+02
1.987605285644531250e+02
1.949026794433593750e+02
1.733699951171875000e+02
1.964265136718750000e+02
1.909552307128906250e+02
1.649665527343750000e+02
1.857396240234375000e+02
1.864178314208984375e+02
2.139124755859375000e+02
2.163007659912109375e+02
1.874376678466796875e+02
2.502512512207031250e+02
1.929379882812500000e+02
1.830255432128906250e+02
2.272945709228515625e+02
2.258027801513671875e+02
2.046313781738281250e+02
2.335325012207031250e+02
1.801763610839843750e+02
1.866059265136718750e+02
1.682612609863281250e+02
2.096097717285156250e+02
1.973364562988281250e+02
1.645388488769531250e+02
1.765029907226562500e+02
2.125702514648437500e+02
1.931358032226562500e+02
1.917810821533203125e+02
1.746618804931640625e+02
1.619492187500000000e+02
1.729675750732421875e+02
1.671447296142578125e+02
2.091039276123046875e+02
1.868754577636718750e+02
1.620246124267578125e+02
1.757525634765625000e+02
2.095272827148437500e+02
2.119596405029296875e+02
1.704066162109375000e+02
1.925558471679687500e+02
2.594672241210937500e+02
1.895376739501953125e+02
3.724975585937500000e+02
3.062030029296875000e+02
3.188051757812500000e+02
3.752847290039062500e+02
1.807513122558593750e+02
4.792861022949218750e+02
4.910838012695312500e+02
1.727519531250000000e+02
4.715252075195312500e+02
5.389372558593750000e+02
3.293748168945312500e+02
4.050457153320312500e+02
5.190097045898437500e+02
2.674923706054687500e+02
4.815659484863281250e+02
6.583615722656250000e+02
5.322967529296875000e+02
1.954951782226562500e+02
5.425444335937500000e+02
5.995310058593750000e+02
2.969239807128906250e+02
4.899633789062500000e+02
6.993258056640625000e+02
5.997534179687500000e+02
2.696820068359375000e+02
5.727573852539062500e+02
7.611859130859375000e+02
5.686759033203125000e+02
2.068056030273437500e+02
4.315340270996093750e+02
3.846335449218750000e+02
1.858770904541015625e+02
3.410148315429687500e+02
1.767992858886718750e+02
3.560448608398437500e+02
3.398733215332031250e+02
1.953063507080078125e+02
2.595795898437500000e+02
2.353768768310546875e+02
2.236676025390625000e+02
2.679026489257812500e+02
1.756008148193359375e+02
3.134293212890625000e+02
2.545164184570312500e+02
3.121524963378906250e+02
2.770471801757812500e+02
3.153766479492187500e+02
3.513424072265625000e+02
1.758989410400390625e+02
3.572354736328125000e+02
2.276809234619140625e+02
3.903373413085937500e+02
4.538060607910156250e+02
2.517306671142578125e+02
4.592961425781250000e+02
5.433020019531250000e+02
2.678219604492187500e+02
5.023801269531250000e+02
6.996926879882812500e+02
5.926147460937500000e+02
2.374151306152343750e+02
6.075870971679687500e+02
8.037885742187500000e+02
6.182630004882812500e+02
1.911093750000000000e+02
4.976734008789062500e+02
5.565568237304687500e+02
3.403167114257812500e+02
3.833324890136718750e+02
5.011245727539062500e+02
2.547090148925781250e+02
4.629748840332031250e+02
6.163995361328125000e+02
4.733010253906250000e+02
1.889954071044921875e+02
4.452067565917968750e+02
3.551712341308593750e+02
2.867774658203125000e+02
3.791290893554687500e+02
2.222012176513671875e+02
4.211481933593750000e+02
4.370087280273437500e+02
1.843441467285156250e+02
3.337047424316406250e+02
2.627517700195312500e+02
3.135742492675781250e+02
2.869394531250000000e+02
2.935920715332031250e+02
3.289194946289062500e+02
1.690193176269531250e+02
2.861697998046875000e+02
1.796340637207031250e+02
1.823277282714843750e+02
2.558611602783203125e+02
1.674219818115234375e+02
1.781997680664062500e+02
2.481644897460937500e+02
1.775953979492187500e+02
1.665211639404296875e+02
2.099932861328125000e+02
2.250709075927734375e+02
1.656804504394531250e+02
1.901616210937500000e+02
2.348486785888671875e+02
1.737340850830078125e+02
2.388815002441406250e+02
2.138163909912109375e+02
1.774778137207031250e+02
2.387149047851562500e+02
2.117137451171875000e+02
1.929760131835937500e+02
2.551883239746093750e+02
1.780764007568359375e+02
1.713736572265625000e+02
2.016628265380859375e+02
2.325552062988281250e+02
1.889593658447265625e+02
2.818128662109375000e+02
1.645558013916015625e+02
2.495277404785156250e+02
1.745946655273437500e+02
1.746506347656250000e+02
2.365082092285156250e+02
1.800966491699218750e+02
2.357295227050781250e+02
2.205211944580078125e+02
1.919405822753906250e+02
2.796659851074218750e+02
1.652422027587890625e+02
2.561804809570312500e+02
1.672649688720703125e+02
2.560334777832031250e+02
2.060743103027343750e+02
1.807088623046875000e+02
2.815381469726562500e+02
1.796030120849609375e+02
2.524574432373046875e+02
1.595199279785156250e+02
2.365735473632812500e+02
2.178274230957031250e+02
1.698363952636718750e+02
2.900899047851562500e+02
1.804131774902343750e+02
2.799197387695312500e+02
1.760417785644531250e+02
3.931174926757812500e+02
3.341497497558593750e+02
2.872219848632812500e+02
3.551166992187500000e+02
1.948378143310546875e+02
4.006227111816406250e+02
3.480701904296875000e+02
2.866442260742187500e+02
3.778521423339843750e+02
2.542071228027343750e+02
3.555414428710937500e+02
3.272606201171875000e+02
2.678520507812500000e+02
3.181439208984375000e+02
2.162694396972656250e+02
2.511914367675781250e+02
2.173231658935546875e+02
2.336487121582031250e+02
2.264220275878906250e+02
1.734986267089843750e+02
2.546576080322265625e+02
2.318418579101562500e+02
2.067681274414062500e+02
1.934918212890625000e+02
2.280961303710937500e+02
2.015085754394531250e+02
1.694570312500000000e+02
2.396460418701171875e+02
2.094714355468750000e+02
2.312983093261718750e+02
2.190167083740234375e+02
2.252757873535156250e+02
2.075988922119140625e+02
1.922183380126953125e+02
1.953395385742187500e+02
2.035894012451171875e+02
1.879081268310546875e+02
1.800343017578125000e+02
1.852564544677734375e+02
2.122461700439453125e+02
1.934788208007812500e+02
1.632529144287109375e+02
2.080468139648437500e+02
2.332097778320312500e+02
1.938870849609375000e+02
3.035374755859375000e+02
1.971275939941406250e+02
3.583526611328125000e+02
3.453335571289062500e+02
1.922590637207031250e+02
1.978230438232421875e+02
2.959978942871093750e+02
2.519566955566406250e+02
2.963018798828125000e+02
2.376330718994140625e+02
3.485428466796875000e+02
3.779128723144531250e+02
1.665572052001953125e+02
4.538289794921875000e+02
4.220845947265625000e+02
2.029712829589843750e+02
2.885655517578125000e+02
1.664435577392578125e+02
2.983445434570312500e+02
1.732026214599609375e+02
2.605697937011718750e+02
1.639105529785156250e+02
2.638505554199218750e+02
1.900840759277343750e+02
1.639671020507812500e+02
2.410767211914062500e+02
2.116882324218750000e+02
1.724933471679687500e+02
2.887340698242187500e+02
1.678276062011718750e+02
2.952670898437500000e+02
1.963267211914062500e+02
3.890214843750000000e+02
3.440209045410156250e+02
2.741355590820312500e+02
3.279960327148437500e+02
1.765667877197265625e+02
3.029113159179687500e+02
1.785808410644531250e+02
2.954927978515625000e+02
1.943951721191406250e+02
3.966269226074218750e+02
3.608944091796875000e+02
2.527646484375000000e+02
3.255846862792968750e+02
1.879965515136718750e+02
3.475570678710937500e+02
2.373368835449218750e+02
3.590263977050781250e+02
4.016020812988281250e+02
2.107104797363281250e+02
4.595310058593750000e+02
4.730028991699218750e+02
1.978269042968750000e+02
4.234914550781250000e+02
4.365252075195312500e+02
1.890022888183593750e+02
5.464001464843750000e+02
6.383586425781250000e+02
3.660872802734375000e+02
4.220615234375000000e+02
6.204379882812500000e+02
5.262198486328125000e+02
2.274971008300781250e+02
5.360023193359375000e+02
6.106008300781250000e+02
3.228871154785156250e+02
4.633599853515625000e+02
6.621021728515625000e+02
5.513554077148437500e+02
2.675490417480468750e+02
5.179328613281250000e+02
5.780197753906250000e+02
2.802401733398437500e+02
4.977147521972656250e+02
7.044105224609375000e+02
6.067979736328125000e+02
3.256607055664062500e+02
4.806644287109375000e+02
6.053956298828125000e+02
3.698033447265625000e+02
3.855215148925781250e+02
5.634868164062500000e+02
4.527624511718750000e+02
1.932385406494140625e+02
4.258553771972656250e+02
3.141006469726562500e+02
3.364269714355468750e+02
4.354476928710937500e+02
2.759581298828125000e+02
3.809653320312500000e+02
4.173411865234375000e+02
1.749930725097656250e+02
3.304221801757812500e+02
2.545319366455078125e+02
3.120857543945312500e+02
2.733275756835937500e+02
3.031852416992187500e+02
3.303867797851562500e+02
1.721893157958984375e+02
3.086184082031250000e+02
1.780004119873046875e+02
2.708581542968750000e+02
1.744205017089843750e+02
3.540905456542968750e+02
2.424750823974609375e+02
3.782909545898437500e+02
4.400196533203125000e+02
2.336170654296875000e+02
4.872669067382812500e+02
5.749034423828125000e+02
3.000855102539062500e+02
4.694520263671875000e+02
6.711105957031250000e+02
5.625688476562500000e+02
2.416305236816406250e+02
5.673787841796875000e+02
7.097249755859375000e+02
4.797203979492187500e+02
2.897203369140625000e+02
4.811508483886718750e+02
3.825507202148437500e+02
2.301708374023437500e+02
3.438376464843750000e+02
1.763881225585937500e+02
2.876215820312500000e+02
2.103196868896484375e+02
3.504091186523437500e+02
2.850589599609375000e+02
3.242145385742187500e+02
3.835400695800781250e+02
2.067769470214843750e+02
4.450694885253906250e+02
4.381384277343750000e+02
1.804177246093750000e+02
3.373398437500000000e+02
2.508228454589843750e+02
3.431197814941406250e+02
3.326788635253906250e+02
2.464015045166015625e+02
2.936837768554687500e+02
1.830882720947265625e+02
2.455048828125000000e+02
2.344961242675781250e+02
2.025924224853515625e+02
3.104607238769531250e+02
2.124301757812500000e+02
3.746462097167968750e+02
4.157086791992187500e+02
2.063099670410156250e+02
4.881025085449218750e+02
5.393154296875000000e+02
2.383139648437500000e+02
5.244338989257812500e+02
7.192031250000000000e+02
6.038081665039062500e+02
2.452184143066406250e+02
6.144113159179687500e+02
8.353502807617187500e+02
6.747102661132812500e+02
1.943361206054687500e+02
6.444926757812500000e+02
8.999173583984375000e+02
8.317254028320312500e+02
4.794708862304687500e+02
3.571194458007812500e+02
5.997937011718750000e+02
4.565192871093750000e+02
2.511621093750000000e+02
4.125764160156250000e+02
3.108838806152343750e+02
2.873377685546875000e+02
3.116956176757812500e+02
2.354450683593750000e+02
2.627727050781250000e+02
1.930600738525390625e+02
2.092777862548828125e+02
2.383104095458984375e+02
1.982644195556640625e+02
3.056211853027343750e+02
2.173158264160156250e+02
3.448808288574218750e+02
3.556915283203125000e+02
1.748892364501953125e+02
3.207478942871093750e+02
1.712291259765625000e+02
3.270474243164062500e+02
2.717232971191406250e+02
2.923476562500000000e+02
2.778875732421875000e+02
2.721593017578125000e+02
2.881129455566406250e+02
2.081296691894531250e+02
2.125742950439453125e+02
2.534852294921875000e+02
2.172800598144531250e+02
2.914588928222656250e+02
2.093103637695312500e+02
3.479656372070312500e+02
3.662785034179687500e+02
1.768468780517578125e+02
3.410563964843750000e+02
2.005717163085937500e+02
3.859546203613281250e+02
4.253958435058593750e+02
2.111806488037109375e+02
4.814714050292968750e+02
5.424516601562500000e+02
2.549383392333984375e+02
4.901120605468750000e+02
6.669670410156250000e+02
5.474206542968750000e+02
2.067466430664062500e+02
5.920314331054687500e+02
7.285263061523437500e+02
4.964031372070312500e+02
2.779875488281250000e+02
4.809925537109375000e+02
3.984592895507812500e+02
1.928611145019531250e+02
3.346343994140625000e+02
1.797601928710937500e+02
3.234808959960937500e+02
2.743580932617187500e+02
2.695045166015625000e+02
2.283423461914062500e+02
3.263150024414062500e+02
3.428771972656250000e+02
1.802078857421875000e+02
3.301071472167968750e+02
1.873811340332031250e+02
3.670286865234375000e+02
3.736948852539062500e+02
1.694832763671875000e+02
4.141016540527343750e+02
3.336925964355468750e+02
2.948679199218750000e+02
3.705529174804687500e+02
2.003483276367187500e+02
4.427850646972656250e+02
4.557821044921875000e+02
1.748571624755859375e+02
3.939697265625000000e+02
3.814802551269531250e+02
1.699736785888671875e+02
3.845706787109375000e+02
2.715009155273437500e+02
3.664453125000000000e+02
4.550085449218750000e+02
2.754841918945312500e+02
4.096441040039062500e+02
4.877203369140625000e+02
2.179037628173828125e+02
4.979139404296875000e+02
6.547351074218750000e+02
5.161195678710937500e+02
1.807039337158203125e+02
5.735039062500000000e+02
6.493540039062500000e+02
3.664220581054687500e+02
4.125113525390625000e+02
6.320776367187500000e+02
5.479773559570312500e+02
2.666339111328125000e+02
5.159863891601562500e+02
6.372402343750000000e+02
3.987372131347656250e+02
3.592717590332031250e+02
5.470401611328125000e+02
4.434764404296875000e+02
2.293746948242187500e+02
4.416329345703125000e+02
3.596329956054687500e+02
2.827136840820312500e+02
3.876279602050781250e+02
2.727650756835937500e+02
3.286574707031250000e+02
3.221461181640625000e+02
2.460122375488281250e+02
2.932389526367187500e+02
1.891969146728515625e+02
2.712781066894531250e+02
1.912458190917968750e+02
1.913836517333984375e+02
2.602780761718750000e+02
1.681253356933593750e+02
2.505046234130859375e+02
1.708040771484375000e+02
2.237579650878906250e+02
2.217140197753906250e+02
1.759444274902343750e+02
2.686702270507812500e+02
1.732984619140625000e+02
2.144881286621093750e+02
2.084838562011718750e+02
1.701087341308593750e+02
1.649312438964843750e+02
1.677200927734375000e+02
1.982337646484375000e+02
1.979358978271484375e+02
1.827416687011718750e+02
1.775144348144531250e+02
1.865888671875000000e+02
1.946889953613281250e+02
1.972244873046875000e+02
1.691022338867187500e+02
1.628619079589843750e+02
1.672785949707031250e+02
1.846454162597656250e+02
2.236727752685546875e+02
1.691116638183593750e+02
2.246245727539062500e+02
2.309690856933593750e+02
1.795314331054687500e+02
3.270251464843750000e+02
2.153638000488281250e+02
3.947089843750000000e+02
4.553584899902343750e+02
2.494667510986328125e+02
4.445270996093750000e+02
5.185816650390625000e+02
2.344801483154296875e+02
5.236676635742187500e+02
7.189812011718750000e+02
6.090933837890625000e+02
2.496059875488281250e+02
6.084465332031250000e+02
8.312304687500000000e+02
6.795698242187500000e+02
2.131185150146484375e+02
6.273309326171875000e+02
8.956552124023437500e+02
8.354274291992187500e+02
4.945530395507812500e+02
3.271933288574218750e+02
5.630516357421875000e+02
4.201907043457031250e+02
2.652643737792968750e+02
4.019396667480468750e+02
2.761874084472656250e+02
3.389421691894531250e+02
3.585756530761718750e+02
2.091359405517578125e+02
2.783371276855468750e+02
1.817545318603515625e+02
2.930216674804687500e+02
1.719638366699218750e+02
2.495944671630859375e+02
1.679848937988281250e+02
2.793531188964843750e+02
1.713982086181640625e+02
2.004364013671875000e+02
2.451315917968750000e+02
1.646615905761718750e+02
2.056926879882812500e+02
2.387362670898437500e+02
1.728079986572265625e+02
2.078586425781250000e+02
2.413278198242187500e+02
1.702151489257812500e+02
2.282237243652343750e+02
2.029976806640625000e+02
1.771769104003906250e+02
2.463606872558593750e+02
1.970257568359375000e+02
2.291566314697265625e+02
1.995021667480468750e+02
1.880742187500000000e+02
2.310393218994140625e+02
2.042159118652343750e+02
1.752241516113281250e+02
2.478616027832031250e+02
1.825373840332031250e+02
1.691287841796875000e+02
2.325028991699218750e+02
2.049131774902343750e+02
1.635057220458984375e+02
2.419480590820312500e+02
1.978244018554687500e+02
1.621007690429687500e+02
1.963131256103515625e+02
2.431580963134765625e+02
1.663911895751953125e+02
3.190347595214843750e+02
1.960640563964843750e+02
3.983692626953125000e+02
4.405282592773437500e+02
2.207283782958984375e+02
5.036525573730468750e+02
6.031688232421875000e+02
3.413042602539062500e+02
4.281690368652343750e+02
6.218777465820312500e+02
5.239812011718750000e+02
1.949709167480468750e+02
6.012398681640625000e+02
7.437593994140625000e+02
5.215679931640625000e+02
2.472286224365234375e+02
4.444107666015625000e+02
3.674818115234375000e+02
2.127777709960937500e+02
2.787928161621093750e+02
2.239664001464843750e+02
2.223852996826171875e+02
2.588066101074218750e+02
1.790561676025390625e+02
2.773101196289062500e+02
2.025491027832031250e+02
3.490803833007812500e+02
2.892381591796875000e+02
3.126116943359375000e+02
3.665175170898437500e+02
1.742799072265625000e+02
4.584319458007812500e+02
4.595142517089843750e+02
1.620507812500000000e+02
3.820726928710937500e+02
3.561397705078125000e+02
1.852103729248046875e+02
2.362787170410156250e+02
2.533240203857421875e+02
2.318612213134765625e+02
2.687479553222656250e+02
1.915569915771484375e+02
3.251665039062500000e+02
3.040422363281250000e+02
2.345772705078125000e+02
2.577923278808593750e+02
2.374846191406250000e+02
2.192679138183593750e+02
2.696733398437500000e+02
1.940430908203125000e+02
3.018884277343750000e+02
2.682334289550781250e+02
2.656562500000000000e+02
2.599821777343750000e+02
2.609671630859375000e+02
2.542336730957031250e+02
2.482489318847656250e+02
2.061399536132812500e+02
2.748811035156250000e+02
2.264356079101562500e+02
3.100760192871093750e+02
2.631398620605468750e+02
2.920933532714843750e+02
3.109877929687500000e+02
1.716707916259765625e+02
2.507702331542968750e+02
2.335357513427734375e+02
2.284988861083984375e+02
2.366327362060546875e+02
1.716425170898437500e+02
2.183664398193359375e+02
1.839955749511718750e+02
1.750751190185546875e+02
1.670438995361328125e+02
1.651907958984375000e+02
1.699092407226562500e+02
1.829486389160156250e+02
2.094760437011718750e+02
1.890213928222656250e+02
1.640609436035156250e+02
1.657313842773437500e+02
1.701956634521484375e+02
2.143491821289062500e+02
2.081050720214843750e+02
1.698283691406250000e+02
2.210698852539062500e+02
2.177500305175781250e+02
1.731743164062500000e+02
2.697522583007812500e+02
1.813101501464843750e+02
2.245027465820312500e+02
1.921979675292968750e+02
1.724742736816406250e+02
1.718627166748046875e+02
1.934469604492187500e+02
1.952074279785156250e+02
1.713069610595703125e+02
1.651511993408203125e+02
1.768355102539062500e+02
2.110590209960937500e+02
2.120444335937500000e+02
1.740079650878906250e+02
2.185786895751953125e+02
2.323947753906250000e+02
1.853311462402343750e+02
3.032013549804687500e+02
1.806137542724609375e+02
3.552489013671875000e+02
3.447447204589843750e+02
1.811784820556640625e+02
2.512871704101562500e+02
2.368213500976562500e+02
2.123433837890625000e+02
2.986292114257812500e+02
2.058169250488281250e+02
3.864751586914062500e+02
4.308462524414062500e+02
2.342481842041015625e+02
4.538732910156250000e+02
4.970905456542968750e+02
1.942612915039062500e+02
5.310951538085937500e+02
6.960389404296875000e+02
5.567470092773437500e+02
1.926136474609375000e+02
6.526781616210937500e+02
8.408524780273437500e+02
6.498200683593750000e+02
1.729280700683593750e+02
5.434735107421875000e+02
6.720016479492187500e+02
5.086069641113281250e+02
2.095625305175781250e+02
4.845799560546875000e+02
4.512178955078125000e+02
2.097428131103515625e+02
3.452836914062500000e+02
2.590274047851562500e+02
3.100786132812500000e+02
2.842680969238281250e+02
2.872632446289062500e+02
3.260653991699218750e+02
1.793913269042968750e+02
3.461422729492187500e+02
2.386450195312500000e+02
3.229462890625000000e+02
3.407843017578125000e+02
1.747315521240234375e+02
3.050870361328125000e+02
1.952333679199218750e+02
2.928046569824218750e+02
2.098315124511718750e+02
3.628165893554687500e+02
3.209631042480468750e+02
2.830948181152343750e+02
3.596893310546875000e+02
2.028498229980468750e+02
4.108300781250000000e+02
3.971257019042968750e+02
2.376809844970703125e+02
3.540865478515625000e+02
2.615507202148437500e+02
3.308544311523437500e+02
3.187281188964843750e+02
2.619358825683593750e+02
3.303862609863281250e+02
1.981420593261718750e+02
3.467820739746093750e+02
2.626014404296875000e+02
3.226173400878906250e+02
3.654375000000000000e+02
2.106209106445312500e+02
3.446068115234375000e+02
2.645054321289062500e+02
3.171947631835937500e+02
3.458668823242187500e+02
2.231254119873046875e+02
2.809228515625000000e+02
1.790196075439453125e+02
2.493919219970703125e+02
1.789082183837890625e+02
2.056761169433593750e+02
2.330407104492187500e+02
2.094207458496093750e+02
2.410224609375000000e+02
1.680727539062500000e+02
1.811348266601562500e+02
2.190455780029296875e+02
2.045339813232421875e+02
1.771428222656250000e+02
1.957281494140625000e+02
2.368031005859375000e+02
1.837397766113281250e+02
2.675513305664062500e+02
1.744633636474609375e+02
1.940313873291015625e+02
2.248586273193359375e+02
1.790877380371093750e+02
1.651106262207031250e+02
1.603038482666015625e+02
1.664295959472656250e+02
1.987336425781250000e+02
2.229952697753906250e+02
1.591487274169921875e+02
2.205107116699218750e+02
2.294994506835937500e+02
1.724606475830078125e+02
3.173606262207031250e+02
1.929756469726562500e+02
3.979359741210937500e+02
4.389243164062500000e+02
2.187006072998046875e+02
5.137547607421875000e+02
6.213643798828125000e+02
3.660655822753906250e+02
4.011980590820312500e+02
5.906541748046875000e+02
4.887145385742187500e+02
1.700631408691406250e+02
5.288319702148437500e+02
5.618067016601562500e+02
2.443938293457031250e+02
5.516724243164062500e+02
7.772178955078125000e+02
6.925653076171875000e+02
3.395865173339843750e+02
5.173542480468750000e+02
7.645566406250000000e+02
6.277586669921875000e+02
1.812947082519531250e+02
5.660576782226562500e+02
7.410767822265625000e+02
6.127412719726562500e+02
2.537139434814453125e+02
6.036962890625000000e+02
8.169030151367187500e+02
6.512324218750000000e+02
1.852339935302734375e+02
5.947522583007812500e+02
7.967434692382812500e+02
6.864447021484375000e+02
3.156397399902343750e+02
5.477995605468750000e+02
7.908265380859375000e+02
6.509502563476562500e+02
1.967233276367187500e+02
5.916902465820312500e+02
8.065932617187500000e+02
7.099119873046875000e+02
3.668053588867187500e+02
4.674040527343750000e+02
6.845158691406250000e+02
5.423662719726562500e+02
2.348920288085937500e+02
4.553343811035156250e+02
4.704710083007812500e+02
2.591419067382812500e+02
4.361650085449218750e+02
4.917072143554687500e+02
2.501865539550781250e+02
4.238282470703125000e+02
4.942951660156250000e+02
3.107509460449218750e+02
3.665058593750000000e+02
4.652656860351562500e+02
2.708940429687500000e+02
3.488841857910156250e+02
3.858923645019531250e+02
2.245689239501953125e+02
4.028558959960937500e+02
3.627658081054687500e+02
2.514922485351562500e+02
3.355117797851562500e+02
2.015193176269531250e+02
4.157503051757812500e+02
4.101832275390625000e+02
2.104013671875000000e+02
3.258847961425781250e+02
2.271518859863281250e+02
3.582555541992187500e+02
3.442031250000000000e+02
2.379773712158203125e+02
3.109069213867187500e+02
1.727807312011718750e+02
3.695619812011718750e+02
3.050490722656250000e+02
2.824360961914062500e+02
3.415602111816406250e+02
1.889023132324218750e+02
3.973665161132812500e+02
3.576031494140625000e+02
2.607771606445312500e+02
3.559869079589843750e+02
2.339994201660156250e+02
3.685393981933593750e+02
3.642540283203125000e+02
2.248096618652343750e+02
3.005652465820312500e+02
1.905733642578125000e+02
2.780830078125000000e+02
2.023715057373046875e+02
3.149248046875000000e+02
2.386440124511718750e+02
3.274955444335937500e+02
2.939627990722656250e+02
2.859733886718750000e+02
3.203412475585937500e+02
1.911359252929687500e+02
2.516989440917968750e+02
2.089311065673828125e+02
2.122884521484375000e+02
2.217153930664062500e+02
1.688332519531250000e+02
2.374077758789062500e+02
1.931170654296875000e+02
1.920906677246093750e+02
2.360184020996093750e+02
2.136489868164062500e+02
2.319761047363281250e+02
1.668259735107421875e+02
1.968659667968750000e+02
2.062168273925781250e+02
1.803734436035156250e+02
1.843721008300781250e+02
1.663960266113281250e+02
1.698657836914062500e+02
1.767412261962890625e+02
1.957727355957031250e+02
1.973237609863281250e+02
1.757424316406250000e+02
1.665928344726562500e+02
2.061068878173828125e+02
2.101261138916015625e+02
1.674638671875000000e+02
1.790010375976562500e+02
1.998065948486328125e+02
1.781369781494140625e+02
1.878678283691406250e+02
1.910096740722656250e+02
2.018324584960937500e+02
1.743113861083984375e+02
1.659971160888671875e+02
2.155817565917968750e+02
1.865867919921875000e+02
1.650326690673828125e+02
1.686050109863281250e+02
1.680419006347656250e+02
1.901265411376953125e+02
2.121636657714843750e+02
1.776518249511718750e+02
1.656808013916015625e+02
1.644275360107421875e+02
1.622957916259765625e+02
1.651749267578125000e+02
1.622532196044921875e+02
1.832503967285156250e+02
2.041346893310546875e+02
1.952578735351562500e+02
1.644767608642578125e+02
1.713548431396484375e+02
2.320193023681640625e+02
1.622270812988281250e+02
1.832921142578125000e+02
2.518666534423828125e+02
1.718757629394531250e+02
3.449988403320312500e+02
2.425212402343750000e+02
3.808467712402343750e+02
4.518727416992187500e+02
2.532141418457031250e+02
4.506312866210937500e+02
5.434239501953125000e+02
2.776326599121093750e+02
4.848169555664062500e+02
6.755546875000000000e+02
5.661389770507812500e+02
2.060995025634765625e+02
6.380994873046875000e+02
8.398101196289062500e+02
6.635670166015625000e+02
1.805979614257812500e+02
6.114263916015625000e+02
8.276182861328125000e+02
7.209978027343750000e+02
3.490125122070312500e+02
5.224796752929687500e+02
7.795798339843750000e+02
6.569024658203125000e+02
2.141728210449218750e+02
6.224692382812500000e+02
8.819548950195312500e+02
8.184967041015625000e+02
4.706532592773437500e+02
3.568546752929687500e+02
5.963087158203125000e+02
4.583286743164062500e+02
2.421988525390625000e+02
3.995568542480468750e+02
3.004566345214843750e+02
2.938787841796875000e+02
2.969368896484375000e+02
2.596958618164062500e+02
2.916361999511718750e+02
1.888673400878906250e+02
2.680169067382812500e+02
2.042591247558593750e+02
2.071165466308593750e+02
2.400529785156250000e+02
1.692970275878906250e+02
1.950417785644531250e+02
2.257583007812500000e+02
1.865993652343750000e+02
1.690193786621093750e+02
2.320468139648437500e+02
2.006954956054687500e+02
1.743070831298828125e+02
2.052690124511718750e+02
2.116713562011718750e+02
1.883273925781250000e+02
1.910549011230468750e+02
2.290766601562500000e+02
1.942742614746093750e+02
1.741792144775390625e+02
2.265848083496093750e+02
2.168509368896484375e+02
2.038403015136718750e+02
1.992982482910156250e+02
2.269937133789062500e+02
1.941545410156250000e+02
2.090627441406250000e+02
2.307940673828125000e+02
2.186860351562500000e+02
1.973580932617187500e+02
2.133414306640625000e+02
2.072345581054687500e+02
2.049193420410156250e+02
1.945319213867187500e+02
2.037809143066406250e+02
1.962367858886718750e+02
1.864394531250000000e+02
1.854564361572265625e+02
1.844067382812500000e+02
2.095741729736328125e+02
1.958251953125000000e+02
1.705099487304687500e+02
2.357624359130859375e+02
2.181862487792968750e+02
2.028162536621093750e+02
2.412938232421875000e+02
1.988016662597656250e+02
2.282033996582031250e+02
1.923166961669921875e+02
1.676720428466796875e+02
1.760529327392578125e+02
1.622133483886718750e+02
1.788727416992187500e+02
1.797053527832031250e+02
1.792430572509765625e+02
2.096751098632812500e+02
1.885928192138671875e+02
1.718873748779296875e+02
1.830106353759765625e+02
1.848617553710937500e+02
1.857771301269531250e+02
1.957566833496093750e+02
1.977391052246093750e+02
1.739130706787109375e+02
1.726610565185546875e+02
1.675715942382812500e+02
1.829684906005859375e+02
2.080076599121093750e+02
1.970485229492187500e+02
1.708999633789062500e+02
1.634663696289062500e+02
1.644017181396484375e+02
1.898175964355468750e+02
2.136436157226562500e+02
1.910150146484375000e+02
1.678436737060546875e+02
1.858143615722656250e+02
2.536803588867187500e+02
1.761817779541015625e+02
3.695523681640625000e+02
2.950206909179687500e+02
3.230804138183593750e+02
3.865270385742187500e+02
1.853920745849609375e+02
4.881312561035156250e+02
5.277341308593750000e+02
2.132815856933593750e+02
5.491183471679687500e+02
7.485799560546875000e+02
6.305744018554687500e+02
2.520030364990234375e+02
6.422908935546875000e+02
8.986012573242187500e+02
7.685906982421875000e+02
2.971550598144531250e+02
6.265512084960937500e+02
9.677834472656250000e+02
9.658765258789062500e+02
6.592280883789062500e+02
1.966722717285156250e+02
6.626979980468750000e+02
8.069909057617187500e+02
5.759677734375000000e+02
2.453853912353515625e+02
4.802924804687500000e+02
4.537962951660156250e+02
1.899862976074218750e+02
5.428116455078125000e+02
6.277587280273437500e+02
3.603372802734375000e+02
4.145195312500000000e+02
6.204113159179687500e+02
5.327719116210937500e+02
2.512696838378906250e+02
5.246938476562500000e+02
6.316817016601562500e+02
3.708115844726562500e+02
3.999807739257812500e+02
5.982042236328125000e+02
4.964515380859375000e+02
2.781191406250000000e+02
4.564927978515625000e+02
4.250039978027343750e+02
1.948202209472656250e+02
3.113177490234375000e+02
2.169908752441406250e+02
3.421134033203125000e+02
2.762743835449218750e+02
3.307427673339843750e+02
3.819969482421875000e+02
2.165976104736328125e+02
3.782194824218750000e+02
3.191234741210937500e+02
2.911195373535156250e+02
3.439995727539062500e+02
1.837522888183593750e+02
3.580009155273437500e+02
2.511630706787109375e+02
3.731388549804687500e+02
4.461770935058593750e+02
2.590257568359375000e+02
4.093180236816406250e+02
4.572104492187500000e+02
1.840541992187500000e+02
4.291815795898437500e+02
4.702557373046875000e+02
2.784508056640625000e+02
4.094775390625000000e+02
4.673110351562500000e+02
2.300636596679687500e+02
4.158499755859375000e+02
4.812593383789062500e+02
2.958556518554687500e+02
3.934665222167968750e+02
4.873898315429687500e+02
2.510690917968750000e+02
4.167435913085937500e+02
5.145274658203125000e+02
3.548924560546875000e+02
3.247072753906250000e+02
4.781041259765625000e+02
3.095567016601562500e+02
3.514851379394531250e+02
4.627893676757812500e+02
2.994207153320312500e+02
3.441145629882812500e+02
3.884783325195312500e+02
2.242977142333984375e+02
3.236699829101562500e+02
2.404424896240234375e+02
3.224858398437500000e+02
2.947230834960937500e+02
2.680686950683593750e+02
3.148382568359375000e+02
1.714093475341796875e+02
3.610260314941406250e+02
2.604418334960937500e+02
3.157908935546875000e+02
3.620858154296875000e+02
1.759667053222656250e+02
4.292239685058593750e+02
3.949497070312500000e+02
2.491241302490234375e+02
3.673659667968750000e+02
2.725950317382812500e+02
3.173040771484375000e+02
3.089365844726562500e+02
2.600383300781250000e+02
3.010565490722656250e+02
2.049558410644531250e+02
2.489964447021484375e+02
2.154240417480468750e+02
2.056753234863281250e+02
2.372979736328125000e+02
1.636677093505859375e+02
2.353245391845703125e+02
1.951297607421875000e+02
1.855012817382812500e+02
2.288122253417968750e+02
2.074807434082031250e+02
1.907055816650390625e+02
2.092291259765625000e+02
2.135818481445312500e+02
1.976213073730468750e+02
1.961190490722656250e+02
2.196311187744140625e+02
2.048166809082031250e+02
2.158782958984375000e+02
1.977509765625000000e+02
2.152818908691406250e+02
2.054850769042968750e+02
1.822917785644531250e+02
2.261707763671875000e+02
1.949819335937500000e+02
1.658115844726562500e+02
2.319191589355468750e+02
2.183633575439453125e+02
1.935106353759765625e+02
2.879228515625000000e+02
1.904502258300781250e+02
3.242786865234375000e+02
2.769467773437500000e+02
2.741825561523437500e+02
2.389974517822265625e+02
3.247658691406250000e+02
3.380738220214843750e+02
1.934161376953125000e+02
2.995025024414062500e+02
1.733571777343750000e+02
2.212223510742187500e+02
1.941180114746093750e+02
1.731377258300781250e+02
1.687756347656250000e+02
1.625220947265625000e+02
1.650926513671875000e+02
1.701522674560546875e+02
1.964562072753906250e+02
1.965943603515625000e+02
1.761155090332031250e+02
1.627733764648437500e+02
1.889332885742187500e+02
2.315839233398437500e+02
1.636903686523437500e+02
2.161157836914062500e+02
2.308467864990234375e+02
1.759093627929687500e+02
3.013734741210937500e+02
1.777222900390625000e+02
3.610004577636718750e+02
3.489254150390625000e+02
1.785425415039062500e+02
2.494653930664062500e+02
2.381812286376953125e+02
2.116906738281250000e+02
2.895111389160156250e+02
1.964845275878906250e+02
3.654241333007812500e+02
3.791582641601562500e+02
1.666044006347656250e+02
4.255324707031250000e+02
3.725604858398437500e+02
2.451062164306640625e+02
3.117423706054687500e+02
1.638547668457031250e+02
3.153074951171875000e+02
1.663736267089843750e+02
3.423862609863281250e+02
3.031718750000000000e+02
2.380423736572265625e+02
2.126138916015625000e+02
3.304196777343750000e+02
3.332669982910156250e+02
1.874213104248046875e+02
2.874906005859375000e+02
1.892033996582031250e+02
1.909469757080078125e+02
2.652292480468750000e+02
1.627590942382812500e+02
2.305584259033203125e+02
1.706333312988281250e+02
1.654630584716796875e+02
2.146953582763671875e+02
1.854565887451171875e+02
1.711917572021484375e+02
1.716018218994140625e+02
1.860944824218750000e+02
1.827477569580078125e+02
2.007693481445312500e+02
1.794317474365234375e+02
1.827455444335937500e+02
1.866204223632812500e+02
1.983005828857421875e+02
1.727185516357421875e+02
1.724324645996093750e+02
1.859475402832031250e+02
2.169111022949218750e+02
1.668057861328125000e+02
1.617854614257812500e+02
1.938101196289062500e+02
2.136657104492187500e+02
1.832228851318359375e+02
1.657046203613281250e+02
1.658656768798828125e+02
1.733115997314453125e+02
2.197213897705078125e+02
1.672044067382812500e+02
1.609942169189453125e+02
1.651613922119140625e+02
1.921903381347656250e+02
2.316856689453125000e+02
1.610251007080078125e+02
2.588990173339843750e+02
1.853335266113281250e+02
1.616986694335937500e+02
2.287561645507812500e+02
2.131452331542968750e+02
1.623495483398437500e+02
2.445581054687500000e+02
2.021107177734375000e+02
1.654497222900390625e+02
2.454118652343750000e+02
1.951660308837890625e+02
1.639495239257812500e+02
2.011370086669921875e+02
2.353842773437500000e+02
1.880094299316406250e+02
2.749555053710937500e+02
1.627349853515625000e+02
2.396602325439453125e+02
1.759214324951171875e+02
1.611324462890625000e+02
1.731666870117187500e+02
1.875933990478515625e+02
2.169023437500000000e+02
1.680346679687500000e+02
1.573553924560546875e+02
1.674298706054687500e+02
1.937696533203125000e+02
2.268053894042968750e+02
1.595293884277343750e+02
2.523802185058593750e+02
1.935183563232421875e+02
1.583988647460937500e+02
2.251358032226562500e+02
2.256607818603515625e+02
1.695039062500000000e+02
3.094555664062500000e+02
1.797329559326171875e+02
3.873753662109375000e+02
4.009714355468750000e+02
1.666278839111328125e+02
4.899284057617187500e+02
4.994081726074218750e+02
1.773982238769531250e+02
5.223801879882812500e+02
6.431998291015625000e+02
4.652537841796875000e+02
2.158311157226562500e+02
3.906090698242187500e+02
2.078138885498046875e+02
4.537229003906250000e+02
5.570556640625000000e+02
3.730945129394531250e+02
3.148049926757812500e+02
4.119722290039062500e+02
1.827049560546875000e+02
4.112056579589843750e+02
4.407958984375000000e+02
2.237389526367187500e+02
4.851005859375000000e+02
5.415009765625000000e+02
2.417058105468750000e+02
5.411599121093750000e+02
7.506653442382812500e+02
6.487381591796875000e+02
2.803596191406250000e+02
5.893092651367187500e+02
8.317133789062500000e+02
6.924537353515625000e+02
2.203213043212890625e+02
6.456325073242187500e+02
9.360766601562500000e+02
8.847432861328125000e+02
5.376390991210937500e+02
2.801228637695312500e+02
5.155260009765625000e+02
3.732520751953125000e+02
3.024641113281250000e+02
4.218622436523437500e+02
2.741392517089843750e+02
3.613067321777343750e+02
3.908804321289062500e+02
1.962661132812500000e+02
2.928609313964843750e+02
1.949689941406250000e+02
3.452124633789062500e+02
2.564252319335937500e+02
3.568439331054687500e+02
4.261105041503906250e+02
2.280420532226562500e+02
4.600957336425781250e+02
5.299222412109375000e+02
2.457138671875000000e+02
5.176735839843750000e+02
7.137311401367187500e+02
6.011889648437500000e+02
2.318825836181640625e+02
6.393421630859375000e+02
8.749320678710937500e+02
7.297752685546875000e+02
2.534023132324218750e+02
6.440589599609375000e+02
9.647722778320312500e+02
9.438919677734375000e+02
6.170963134765625000e+02
2.004034729003906250e+02
5.666794433593750000e+02
5.708133544921875000e+02
2.240079345703125000e+02
5.580767211914062500e+02
7.773109130859375000e+02
6.765987548828125000e+02
3.120508422851562500e+02
5.582563476562500000e+02
8.079024658203125000e+02
6.774122924804687500e+02
2.221250152587890625e+02
6.225465087890625000e+02
8.963155517578125000e+02
8.417968139648437500e+02
4.977277832031250000e+02
3.203881530761718750e+02
5.564259033203125000e+02
4.238225708007812500e+02
2.604644165039062500e+02
4.003695983886718750e+02
2.804111633300781250e+02
3.189148559570312500e+02
3.266727600097656250e+02
2.414201660156250000e+02
3.101904296875000000e+02
1.838456726074218750e+02
3.377781372070312500e+02
2.331833648681640625e+02
3.522812194824218750e+02
3.952776794433593750e+02
1.990496673583984375e+02
4.801640625000000000e+02
5.306846923828125000e+02
2.353715057373046875e+02
4.782564086914062500e+02
6.199978027343750000e+02
4.699291992187500000e+02
1.850793457031250000e+02
3.830512695312500000e+02
2.387419586181640625e+02
3.991384887695312500e+02
4.915651855468750000e+02
3.057151794433593750e+02
3.807541503906250000e+02
4.699127197265625000e+02
2.236160583496093750e+02
4.243347167968750000e+02
5.169918212890625000e+02
3.318749389648437500e+02
3.402930297851562500e+02
4.297453918457031250e+02
2.182445220947265625e+02
3.846015014648437500e+02
4.241508483886718750e+02
2.274283752441406250e+02
4.414533386230468750e+02
4.727487182617187500e+02
1.944729614257812500e+02
4.254624938964843750e+02
4.729890136718750000e+02
2.800594177246093750e+02
4.049000549316406250e+02
4.707887268066406250e+02
2.258984375000000000e+02
4.191648559570312500e+02
4.936287231445312500e+02
3.068613281250000000e+02
3.599214477539062500e+02
4.436304016113281250e+02
2.234880523681640625e+02
3.973366394042968750e+02
4.377271728515625000e+02
2.710947570800781250e+02
3.935686035156250000e+02
4.244382019042968750e+02
2.104364929199218750e+02
3.568958740234375000e+02
3.287801208496093750e+02
2.581566162109375000e+02
3.257456665039062500e+02
1.842831726074218750e+02
3.187191162109375000e+02
3.113553771972656250e+02
2.611606445312500000e+02
3.133612670898437500e+02
1.676160583496093750e+02
2.467164611816406250e+02
2.027745666503906250e+02
2.449547424316406250e+02
1.987103729248046875e+02
1.810345458984375000e+02
2.255486145019531250e+02
2.004035644531250000e+02
1.790540771484375000e+02
2.062745666503906250e+02
2.263079376220703125e+02
1.789412231445312500e+02
2.549252624511718750e+02
1.766006927490234375e+02
1.779440460205078125e+02
2.269380340576171875e+02
1.806403808593750000e+02
1.679277496337890625e+02
1.620269165039062500e+02
1.783985595703125000e+02
1.927552642822265625e+02
1.952911682128906250e+02
1.766135559082031250e+02
1.775189056396484375e+02
1.860492401123046875e+02
1.929310913085937500e+02
1.710689544677734375e+02
1.655259552001953125e+02
1.753663177490234375e+02
1.967300262451171875e+02
1.906654663085937500e+02
1.827919921875000000e+02
1.669016418457031250e+02
1.677294769287109375e+02
1.815222167968750000e+02
2.111494750976562500e+02
1.717472076416015625e+02
1.614821624755859375e+02
1.772429046630859375e+02
2.176169433593750000e+02
1.915516510009765625e+02
1.617290649414062500e+02
1.630319519042968750e+02
1.611213226318359375e+02
1.748788146972656250e+02
2.169831695556640625e+02
1.721231994628906250e+02
1.637744445800781250e+02
1.634248504638671875e+02
1.900898437500000000e+02
2.318477325439453125e+02
1.600328369140625000e+02
2.258505249023437500e+02
2.218568572998046875e+02
1.681627655029296875e+02
3.024370422363281250e+02
1.780860443115234375e+02
3.718088378906250000e+02
3.663892211914062500e+02
1.741738891601562500e+02
3.377024536132812500e+02
1.845955963134765625e+02
4.096347351074218750e+02
4.542586975097656250e+02
2.345094757080078125e+02
4.916266174316406250e+02
5.960646362304687500e+02
3.414876403808593750e+02
4.190966186523437500e+02
6.115333251953125000e+02
5.024430847167968750e+02
1.756411590576171875e+02
5.699669189453125000e+02
6.514711914062500000e+02
3.726162109375000000e+02
4.032677001953125000e+02
6.139810791015625000e+02
5.225429687500000000e+02
2.215870971679687500e+02
5.649504394531250000e+02
6.923875732421875000e+02
4.493726501464843750e+02
3.193742980957031250e+02
5.268777465820312500e+02
4.420919494628906250e+02
2.111969909667968750e+02
4.356326599121093750e+02
3.642151794433593750e+02
2.775483398437500000e+02
3.809123535156250000e+02
2.746491699218750000e+02
3.120192871093750000e+02
2.938766479492187500e+02
2.754301452636718750e+02
3.216250610351562500e+02
2.109320678710937500e+02
3.020393066406250000e+02
1.727637176513671875e+02
3.168327636718750000e+02
2.653067626953125000e+02
2.804321899414062500e+02
2.556222381591796875e+02
2.944378662109375000e+02
3.033452758789062500e+02
2.151272277832031250e+02
2.546306457519531250e+02
2.302322998046875000e+02
2.019675903320312500e+02
3.024382629394531250e+02
2.193111724853515625e+02
3.512167358398437500e+02
3.780269775390625000e+02
1.798261718750000000e+02
4.156062927246093750e+02
3.595467529296875000e+02
2.514231872558593750e+02
3.220720520019531250e+02
1.779909362792968750e+02
3.601907043457031250e+02
2.580321960449218750e+02
3.621092834472656250e+02
4.295617980957031250e+02
2.525505218505859375e+02
4.093830566406250000e+02
4.396031494140625000e+02
1.736192932128906250e+02
3.925311279296875000e+02
3.855081787109375000e+02
1.969119567871093750e+02
3.695351562500000000e+02
2.644771423339843750e+02
3.556792907714843750e+02
4.293922424316406250e+02
2.708568420410156250e+02
3.706115417480468750e+02
3.852275390625000000e+02
1.864105834960937500e+02
2.603803100585937500e+02
1.948070983886718750e+02
2.185608520507812500e+02
2.399368591308593750e+02
2.253415222167968750e+02
2.563676757812500000e+02
1.941374511718750000e+02
3.073673400878906250e+02
2.943775024414062500e+02
2.600399169921875000e+02
3.030671386718750000e+02
1.756704406738281250e+02
2.139102783203125000e+02
2.184667053222656250e+02
1.665202026367187500e+02
2.406451110839843750e+02
1.999046630859375000e+02
2.058681030273437500e+02
2.230391998291015625e+02
2.063493347167968750e+02
2.248490905761718750e+02
1.647879028320312500e+02
1.852131042480468750e+02
1.951240997314453125e+02
2.004050140380859375e+02
1.893451995849609375e+02
1.757532958984375000e+02
2.049942932128906250e+02
1.993149414062500000e+02
1.667067108154296875e+02
2.115918579101562500e+02
2.004004211425781250e+02
1.782899780273437500e+02
2.275472717285156250e+02
1.978768615722656250e+02
2.091533508300781250e+02
2.264255676269531250e+02
1.959177246093750000e+02
2.596700744628906250e+02
1.691138000488281250e+02
1.954042205810546875e+02
2.374691619873046875e+02
1.785353851318359375e+02
2.114037017822265625e+02
2.104612731933593750e+02
1.869493713378906250e+02
2.200206604003906250e+02
1.904926910400390625e+02
1.778762664794921875e+02
2.228796691894531250e+02
1.928829650878906250e+02
2.074662017822265625e+02
2.213504638671875000e+02
1.767256622314453125e+02
2.722004394531250000e+02
1.659605102539062500e+02
2.068117675781250000e+02
1.996764831542968750e+02
1.745501403808593750e+02
1.608512420654296875e+02
1.780993957519531250e+02
2.204135894775390625e+02
1.641744995117187500e+02
1.683995513916015625e+02
2.142986297607421875e+02
1.839409790039062500e+02
1.755582733154296875e+02
1.788130950927734375e+02
2.020961761474609375e+02
1.741828002929687500e+02
1.644803161621093750e+02
1.699253997802734375e+02
1.972430419921875000e+02
1.973065490722656250e+02
1.886937561035156250e+02
1.684640808105468750e+02
1.595665893554687500e+02
1.631069030761718750e+02
1.678121643066406250e+02
2.063291931152343750e+02
1.846472778320312500e+02
1.618217315673828125e+02
1.744145812988281250e+02
2.186462097167968750e+02
1.901016845703125000e+02
1.656830444335937500e+02
1.654282073974609375e+02
1.600134887695312500e+02
1.670871734619140625e+02
1.897106628417968750e+02
2.333681030273437500e+02
1.722550964355468750e+02
2.390571136474609375e+02
2.101223297119140625e+02
1.654156951904296875e+02
2.623799133300781250e+02
1.727517242431640625e+02
1.663935699462890625e+02
2.335459747314453125e+02
1.953899536132812500e+02
1.589652709960937500e+02
1.780526428222656250e+02
2.423190155029296875e+02
1.633294830322265625e+02
2.797550048828125000e+02
1.641055755615234375e+02
2.070923156738281250e+02
2.324193725585937500e+02
1.698426055908203125e+02
1.753991851806640625e+02
2.409780273437500000e+02
1.779850921630859375e+02
1.607262573242187500e+02
1.900320281982421875e+02
2.365756378173828125e+02
1.786698303222656250e+02
2.721186523437500000e+02
1.679668731689453125e+02
1.995754241943359375e+02
2.373907165527343750e+02
1.676122741699218750e+02
1.750312194824218750e+02
2.393507995605468750e+02
1.804516906738281250e+02
1.616459655761718750e+02
1.666226348876953125e+02
1.901608276367187500e+02
2.038061523437500000e+02
1.946664428710937500e+02
1.683774719238281250e+02
1.669750671386718750e+02
1.730065765380859375e+02
2.173342590332031250e+02
1.709858398437500000e+02
1.620717468261718750e+02
1.585081634521484375e+02
1.618459777832031250e+02
1.763695526123046875e+02
2.141583251953125000e+02
2.030106506347656250e+02
1.628358001708984375e+02
2.083243865966796875e+02
2.449102172851562500e+02
1.786402435302734375e+02
3.525141906738281250e+02
2.620055541992187500e+02
3.651736755371093750e+02
4.329711608886718750e+02
2.341813964843750000e+02
4.446235046386718750e+02
4.857068176269531250e+02
1.797044372558593750e+02
5.102204589843750000e+02
6.336618041992187500e+02
4.564532165527343750e+02
2.358209228515625000e+02
4.178287658691406250e+02
2.552381591796875000e+02
4.112754211425781250e+02
5.173447265625000000e+02
3.315629882812500000e+02
3.540872802734375000e+02
4.435147094726562500e+02
2.344323883056640625e+02
3.793637390136718750e+02
3.863663940429687500e+02
1.907286834716796875e+02
4.240272827148437500e+02
3.623197021484375000e+02
2.601635131835937500e+02
3.367070922851562500e+02
1.849794616699218750e+02
4.018320617675781250e+02
3.381348876953125000e+02
2.811545410156250000e+02
3.486246337890625000e+02
1.743772125244140625e+02
4.265655517578125000e+02
3.903384399414062500e+02
2.196136932373046875e+02
2.933670654296875000e+02
1.655278625488281250e+02
2.642370605468750000e+02
1.961065521240234375e+02
1.732760467529296875e+02
2.702613220214843750e+02
1.656736907958984375e+02
2.295010223388671875e+02
1.847649230957031250e+02
1.666622009277343750e+02
1.801116180419921875e+02
2.472305450439453125e+02
1.741743164062500000e+02
2.118560485839843750e+02
2.337453918457031250e+02
1.879756774902343750e+02
2.287997436523437500e+02
1.896093597412109375e+02
1.729629058837890625e+02
1.608712768554687500e+02
1.871908264160156250e+02
2.034825744628906250e+02
1.627426757812500000e+02
1.644153900146484375e+02
1.747125549316406250e+02
2.158393859863281250e+02
2.101263580322265625e+02
1.716834869384765625e+02
2.312712707519531250e+02
2.122966766357421875e+02
1.825304718017578125e+02
2.647103881835937500e+02
1.792080688476562500e+02
2.091693725585937500e+02
2.204418792724609375e+02
1.716574554443359375e+02
1.665596466064453125e+02
1.624498596191406250e+02
1.707497711181640625e+02
1.817169799804687500e+02
2.069796752929687500e+02
2.031949157714843750e+02
1.634604339599609375e+02
1.628788146972656250e+02
1.608140411376953125e+02
1.681950836181640625e+02
1.986260070800781250e+02
2.214550170898437500e+02
1.606772460937500000e+02
2.107882385253906250e+02
2.494999389648437500e+02
1.853148345947265625e+02
3.648134155273437500e+02
2.941665649414062500e+02
3.230426635742187500e+02
3.809982910156250000e+02
1.773258666992187500e+02
4.793996887207031250e+02
5.054570007324218750e+02
1.883396148681640625e+02
5.293900756835937500e+02
6.693234252929687500e+02
5.045908203125000000e+02
1.760111694335937500e+02
4.400148620605468750e+02
3.466365356445312500e+02
2.951099853515625000e+02
3.833246154785156250e+02
2.144355926513671875e+02
4.490830688476562500e+02
4.787431030273437500e+02
1.759039459228515625e+02
4.546723937988281250e+02
5.139802246093750000e+02
2.919569396972656250e+02
4.416927795410156250e+02
5.617275390625000000e+02
3.165532836914062500e+02
4.332783203125000000e+02
6.160836181640625000e+02
4.857023925781250000e+02
1.929450683593750000e+02
4.729307250976562500e+02
4.303275451660156250e+02
2.107804260253906250e+02
3.220684204101562500e+02
2.025038452148437500e+02
3.880639038085937500e+02
3.578541870117187500e+02
2.499246826171875000e+02
3.223424682617187500e+02
1.833263244628906250e+02
3.824788513183593750e+02
3.075884094238281250e+02
3.056501159667968750e+02
3.915700683593750000e+02
2.432292785644531250e+02
3.551675720214843750e+02
3.098126831054687500e+02
2.852891235351562500e+02
3.389354858398437500e+02
2.280782775878906250e+02
2.910476379394531250e+02
1.760539550781250000e+02
3.001413269042968750e+02
2.241849975585937500e+02
3.254015808105468750e+02
2.869760742187500000e+02
2.883808593750000000e+02
3.129978332519531250e+02
1.967407226562500000e+02
2.300046539306640625e+02
2.520373535156250000e+02
2.065180969238281250e+02
3.080509643554687500e+02
2.273653259277343750e+02
3.343209838867187500e+02
3.480340576171875000e+02
1.809436492919921875e+02
2.922241821289062500e+02
1.715943756103515625e+02
2.191586608886718750e+02
1.958702087402343750e+02
1.663900451660156250e+02
1.626709136962890625e+02
1.859801177978515625e+02
2.150913085937500000e+02
1.656861267089843750e+02
1.650359497070312500e+02
1.811607971191406250e+02
2.140307464599609375e+02
1.963476867675781250e+02
1.671231994628906250e+02
1.626378326416015625e+02
1.623389282226562500e+02
1.763653259277343750e+02
2.153820495605468750e+02
1.949666900634765625e+02
1.647030334472656250e+02
1.608958435058593750e+02
1.618037414550781250e+02
1.872154083251953125e+02
2.254669189453125000e+02
1.606549835205078125e+02
1.865891571044921875e+02
2.476436920166015625e+02
1.706631164550781250e+02
3.194750366210937500e+02
1.974904479980468750e+02
4.037669372558593750e+02
4.500401000976562500e+02
2.213504791259765625e+02
5.217513427734375000e+02
6.361545410156250000e+02
3.824289550781250000e+02
3.869341430664062500e+02
5.793333129882812500e+02
4.642130126953125000e+02
1.797413024902343750e+02
4.230770263671875000e+02
3.269297485351562500e+02
3.105595092773437500e+02
3.993043212890625000e+02
2.217928314208984375e+02
4.444922485351562500e+02
4.850226440429687500e+02
1.845255737304687500e+02
4.906234130859375000e+02
5.976304931640625000e+02
4.103602905273437500e+02
2.732291259765625000e+02
3.708361816406250000e+02
1.678255920410156250e+02
2.856660461425781250e+02
1.929598999023437500e+02
3.673090820312500000e+02
3.090588378906250000e+02
2.957684020996093750e+02
3.507586059570312500e+02
1.695886993408203125e+02
3.975283813476562500e+02
3.186191406250000000e+02
3.011589965820312500e+02
3.706720886230468750e+02
1.844257507324218750e+02
4.655544433593750000e+02
4.820621643066406250e+02
1.739011535644531250e+02
4.701488647460937500e+02
5.477443847656250000e+02
3.351642150878906250e+02
3.823589477539062500e+02
5.001441040039062500e+02
2.616078796386718750e+02
4.548626708984375000e+02
6.093329467773437500e+02
4.580420532226562500e+02
1.959885559082031250e+02
3.840423889160156250e+02
2.266950988769531250e+02
4.072257690429687500e+02
4.898597412109375000e+02
2.987388305664062500e+02
3.826068725585937500e+02
4.499088134765625000e+02
1.863185577392578125e+02
4.392955017089843750e+02
5.024879455566406250e+02
2.961412353515625000e+02
3.998081054687500000e+02
4.891185913085937500e+02
2.356058044433593750e+02
4.668558959960937500e+02
6.007891235351562500e+02
4.448049926757812500e+02
2.101802368164062500e+02
3.686231079101562500e+02
1.880088195800781250e+02
3.736675415039062500e+02
3.866611022949218750e+02
1.815227050781250000e+02
4.505286254882812500e+02
4.248590087890625000e+02
1.898748168945312500e+02
2.953406677246093750e+02
1.768839721679687500e+02
3.765186157226562500e+02
2.949866943359375000e+02
3.244832153320312500e+02
3.888665161132812500e+02
1.943081054687500000e+02
4.880059204101562500e+02
5.457080688476562500e+02
2.472357788085937500e+02
5.266134033203125000e+02
7.314819335937500000e+02
6.181312866210937500e+02
2.447323608398437500e+02
6.170349121093750000e+02
8.444580688476562500e+02
6.915267944335937500e+02
2.212971191406250000e+02
6.348435668945312500e+02
9.075840454101562500e+02
8.429320678710937500e+02
4.814620056152343750e+02
3.560350341796875000e+02
6.045759887695312500e+02
4.758812866210937500e+02
2.105807800292968750e+02
3.430931396484375000e+02
2.136346435546875000e+02
4.059182128906250000e+02
4.133614501953125000e+02
1.823075256347656250e+02
3.197521057128906250e+02
2.217922363281250000e+02
3.695402221679687500e+02
3.588397827148437500e+02
2.203649902343750000e+02
2.758250122070312500e+02
1.789930114746093750e+02
2.091892852783203125e+02
2.267704620361328125e+02
1.736733398437500000e+02
2.919618530273437500e+02
1.769756164550781250e+02
3.311893310546875000e+02
2.867272949218750000e+02
2.631830139160156250e+02
2.413706054687500000e+02
3.099368896484375000e+02
3.173585205078125000e+02
1.857124023437500000e+02
2.274544067382812500e+02
2.551003723144531250e+02
2.174960632324218750e+02
3.028796997070312500e+02
2.318532104492187500e+02
3.500185546875000000e+02
3.929389953613281250e+02
1.848745727539062500e+02
4.752733154296875000e+02
5.048898925781250000e+02
2.019066772460937500e+02
5.132238769531250000e+02
6.647023315429687500e+02
5.135727539062500000e+02
1.732326660156250000e+02
5.255345458984375000e+02
5.442000122070312500e+02
2.213639831542968750e+02
5.355625000000000000e+02
7.313004760742187500e+02
6.146314086914062500e+02
2.470877532958984375e+02
6.171423339843750000e+02
8.576428222656250000e+02
7.157781982421875000e+02
2.382229614257812500e+02
6.689437866210937500e+02
1.005172729492187500e+03
1.000165954589843750e+03
6.881367797851562500e+02
1.854952697753906250e+02
7.428388061523437500e+02
9.932410888671875000e+02
8.643355712890625000e+02
3.989855957031250000e+02
5.272589111328125000e+02
8.756151123046875000e+02
8.879627075195312500e+02
5.956898803710937500e+02
2.002309875488281250e+02
5.813800048828125000e+02
6.202769775390625000e+02
2.995334167480468750e+02
4.863942565917968750e+02
7.095799560546875000e+02
6.180421142578125000e+02
2.918871154785156250e+02
5.210880126953125000e+02
6.861983032226562500e+02
4.837458496093750000e+02
2.598845825195312500e+02
4.537593383789062500e+02
3.811544189453125000e+02
1.981379547119140625e+02
3.465068359375000000e+02
1.974251098632812500e+02
3.454237060546875000e+02
3.411544189453125000e+02
1.846470336914062500e+02
2.744772338867187500e+02
1.987867431640625000e+02
1.972082824707031250e+02
2.494573364257812500e+02
1.790776672363281250e+02
2.336654510498046875e+02
1.743242187500000000e+02
1.644484252929687500e+02
1.981135253906250000e+02
2.087133178710937500e+02
1.791892395019531250e+02
1.640201263427734375e+02
2.183677673339843750e+02
2.046915435791015625e+02
1.627125091552734375e+02
1.962339477539062500e+02
2.196958923339843750e+02
1.720538330078125000e+02
2.385095825195312500e+02
1.989517822265625000e+02
1.921390533447265625e+02
2.514307250976562500e+02
1.856689147949218750e+02
2.357422637939453125e+02
1.732158050537109375e+02
1.696101684570312500e+02
2.002778625488281250e+02
2.072573547363281250e+02
1.771974487304687500e+02
1.652028656005859375e+02
1.888960876464843750e+02
2.263849792480468750e+02
1.639929046630859375e+02
2.165381469726562500e+02
2.245106964111328125e+02
1.902873535156250000e+02
2.560855102539062500e+02
1.675207977294921875e+02
1.999274597167968750e+02
2.253027954101562500e+02
1.741070861816406250e+02
1.711132202148437500e+02
2.137592163085937500e+02
2.077442932128906250e+02
1.635959625244140625e+02
1.910530700683593750e+02
2.360831146240234375e+02
1.819148559570312500e+02
2.614731445312500000e+02
1.678818511962890625e+02
2.074288635253906250e+02
2.222481079101562500e+02
1.721922454833984375e+02
1.765092773437500000e+02
2.320771789550781250e+02
1.781561279296875000e+02
1.615398559570312500e+02
1.892820434570312500e+02
2.281335449218750000e+02
1.684789123535156250e+02
2.374877319335937500e+02
2.016733551025390625e+02
1.678048706054687500e+02
2.402130737304687500e+02
1.947922210693359375e+02
1.909549713134765625e+02
2.363373718261718750e+02
1.758998107910156250e+02
1.733931884765625000e+02
2.313920288085937500e+02
1.922472534179687500e+02
1.818611602783203125e+02
2.321096801757812500e+02
1.852548522949218750e+02
1.705094909667968750e+02
2.129023742675781250e+02
2.116104125976562500e+02
1.855280151367187500e+02
2.113843841552734375e+02
2.074303436279296875e+02
1.824054260253906250e+02
1.829915161132812500e+02
2.257610473632812500e+02
1.979386901855468750e+02
2.005449981689453125e+02
2.012049255371093750e+02
2.045043640136718750e+02
1.679001007080078125e+02
1.991269531250000000e+02
2.126190032958984375e+02
1.778372039794921875e+02
1.974154357910156250e+02
2.234414215087890625e+02
1.786848602294921875e+02
2.264799804687500000e+02
2.315499420166015625e+02
2.290939025878906250e+02
1.685442047119140625e+02
2.063302154541015625e+02
1.942196960449218750e+02
1.688307495117187500e+02
2.081987304687500000e+02
1.873271179199218750e+02
1.667890777587890625e+02
2.120374908447265625e+02
1.960949707031250000e+02
1.600331726074218750e+02
1.883834381103515625e+02
1.829952239990234375e+02
1.646942749023437500e+02
1.835416870117187500e+02
1.883817749023437500e+02
1.985556488037109375e+02
1.865960540771484375e+02
1.640051574707031250e+02
1.889385375976562500e+02
2.214300842285156250e+02
1.698191528320312500e+02
1.730999450683593750e+02
2.155535125732421875e+02
1.801983947753906250e+02
1.608320159912109375e+02
1.982935180664062500e+02
2.095536193847656250e+02
1.654680480957031250e+02
1.678705749511718750e+02
1.807202606201171875e+02
2.177396087646484375e+02
1.901147155761718750e+02
1.656699218750000000e+02
1.656150970458984375e+02
1.622335205078125000e+02
1.631230773925781250e+02
1.781967926025390625e+02
2.142003479003906250e+02
1.778849945068359375e+02
1.634893035888671875e+02
1.788221130371093750e+02
2.247392883300781250e+02
1.830847167968750000e+02
1.613681335449218750e+02
1.664914093017578125e+02
1.720065612792968750e+02
2.019452514648437500e+02
2.150456237792968750e+02
1.635285644531250000e+02
1.771457214355468750e+02
2.311724548339843750e+02
1.711838836669921875e+02
2.372402343750000000e+02
2.113426208496093750e+02
1.806927032470703125e+02
2.608378906250000000e+02
1.782266387939453125e+02
1.969341583251953125e+02
2.339016418457031250e+02
1.728612060546875000e+02
1.636423950195312500e+02
1.622909698486328125e+02
1.738916015625000000e+02
1.947575836181640625e+02
2.102567138671875000e+02
1.636274719238281250e+02
1.587562866210937500e+02
1.790653991699218750e+02
2.261549835205078125e+02
1.869709625244140625e+02
1.623673858642578125e+02
1.614997406005859375e+02
1.863518371582031250e+02
2.266745147705078125e+02
1.820080413818359375e+02
1.643628692626953125e+02
1.874156036376953125e+02
2.474740295410156250e+02
1.674933776855468750e+02
3.340167236328125000e+02
2.158738708496093750e+02
4.118106079101562500e+02
4.773668212890625000e+02
2.648834228515625000e+02
4.674898986816406250e+02
5.773297119140625000e+02
3.159678955078125000e+02
4.534943847656250000e+02
6.488820800781250000e+02
5.253900146484375000e+02
1.766986236572265625e+02
5.729692993164062500e+02
6.568071289062500000e+02
3.755281372070312500e+02
4.118623046875000000e+02
6.236672973632812500e+02
5.292970581054687500e+02
2.249227447509765625e+02
5.393927612304687500e+02
6.192601318359375000e+02
3.318428955078125000e+02
4.575879821777343750e+02
6.697378540039062500e+02
5.684252929687500000e+02
3.002864074707031250e+02
4.928134155273437500e+02
5.501488037109375000e+02
2.464460449218750000e+02
5.268793334960937500e+02
7.293327636718750000e+02
6.200210571289062500e+02
3.101677551269531250e+02
5.123054199218750000e+02
6.577759399414062500e+02
4.444913635253906250e+02
3.018189392089843750e+02
4.745194091796875000e+02
3.616514892578125000e+02
2.522502899169921875e+02
3.360853881835937500e+02
1.961309204101562500e+02
2.664642944335937500e+02
1.742157897949218750e+02
2.532007446289062500e+02
1.902573852539062500e+02
1.728646545410156250e+02
2.394732818603515625e+02
1.883179626464843750e+02
1.723506469726562500e+02
2.593923034667968750e+02
1.804276428222656250e+02
2.318713531494140625e+02
1.969644470214843750e+02
1.732450256347656250e+02
1.965725402832031250e+02
2.438317565917968750e+02
1.769282836914062500e+02
2.453156433105468750e+02
1.839109497070312500e+02
1.881875610351562500e+02
2.431741485595703125e+02
1.772866210937500000e+02
2.967597656250000000e+02
1.666611785888671875e+02
3.274058837890625000e+02
2.725398559570312500e+02
2.700767211914062500e+02
2.429091186523437500e+02
2.972584228515625000e+02
2.947898559570312500e+02
2.162366333007812500e+02
2.041964416503906250e+02
2.870797729492187500e+02
2.459125671386718750e+02
2.823443603515625000e+02
2.181244201660156250e+02
3.393453369140625000e+02
3.540575561523437500e+02
1.706477050781250000e+02
3.552980346679687500e+02
2.175590515136718750e+02
4.016641845703125000e+02
4.673233032226562500e+02
2.627331848144531250e+02
4.417439575195312500e+02
5.297061767578125000e+02
2.536889801025390625e+02
5.129953613281250000e+02
7.142316894531250000e+02
5.972955322265625000e+02
2.313803405761718750e+02
6.182966308593750000e+02
8.261588134765625000e+02
6.517082519531250000e+02
1.975421447753906250e+02
5.710208129882812500e+02
7.408604125976562500e+02
5.908502197265625000e+02
2.062145385742187500e+02
6.496418457031250000e+02
8.502630615234375000e+02
6.682753295898437500e+02
1.841205444335937500e+02
6.083956909179687500e+02
8.129652709960937500e+02
6.938890380859375000e+02
3.076442260742187500e+02
5.847398071289062500e+02
8.570064697265625000e+02
7.428762817382812500e+02
2.869252929687500000e+02
6.213570556640625000e+02
9.517789306640625000e+02
9.349179687500000000e+02
6.166727905273437500e+02
2.004449615478515625e+02
5.840296020507812500e+02
6.108389892578125000e+02
2.808279418945312500e+02
5.298216552734375000e+02
7.688629760742187500e+02
6.897041625976562500e+02
3.361939697265625000e+02
5.106107177734375000e+02
7.479492187500000000e+02
6.050954589843750000e+02
1.901653289794921875e+02
5.090273742675781250e+02
6.084717407226562500e+02
4.181804199218750000e+02
2.636227416992187500e+02
4.037062072753906250e+02
2.127364196777343750e+02
3.931981811523437500e+02
4.516131591796875000e+02
2.447472839355468750e+02
4.374814453125000000e+02
5.041173706054687500e+02
2.251997070312500000e+02
4.709974975585937500e+02
6.025955810546875000e+02
4.437555236816406250e+02
2.248058624267578125e+02
4.149688110351562500e+02
2.766885681152343750e+02
3.785313415527343750e+02
4.814747924804687500e+02
3.117672119140625000e+02
3.514635314941406250e+02
4.189956970214843750e+02
2.070634460449218750e+02
3.671604614257812500e+02
3.505045776367187500e+02
2.042030181884765625e+02
3.462095336914062500e+02
2.025939636230468750e+02
3.700643310546875000e+02
4.005476379394531250e+02
2.091394042968750000e+02
4.282152099609375000e+02
4.097618408203125000e+02
1.934263610839843750e+02
2.896114501953125000e+02
1.758248291015625000e+02
3.573663330078125000e+02
2.645372314453125000e+02
3.506249084472656250e+02
4.185625000000000000e+02
2.284710693359375000e+02
4.254945068359375000e+02
4.568917236328125000e+02
1.777558898925781250e+02
4.370572509765625000e+02
4.818318786621093750e+02
2.599657592773437500e+02
4.526184082031250000e+02
5.572791748046875000e+02
3.136419067382812500e+02
4.278488464355468750e+02
6.063033447265625000e+02
4.830853881835937500e+02
1.714720458984375000e+02
4.464484252929687500e+02
3.901148681640625000e+02
2.206896362304687500e+02
2.889636230468750000e+02
1.706057891845703125e+02
2.425432128906250000e+02
2.089172058105468750e+02
1.730209808349609375e+02
2.746025695800781250e+02
1.650220642089843750e+02
2.672291259765625000e+02
1.661738891601562500e+02
3.188801269531250000e+02
1.950075836181640625e+02
3.942157897949218750e+02
4.352733459472656250e+02
2.141685485839843750e+02
5.061876220703125000e+02
6.029370117187500000e+02
3.419220581054687500e+02
4.188517456054687500e+02
6.133831787109375000e+02
5.009842834472656250e+02
1.831900634765625000e+02
5.263974609375000000e+02
5.769004516601562500e+02
2.727419128417968750e+02
5.093682250976562500e+02
7.285512695312500000e+02
6.324360961914062500e+02
2.744061279296875000e+02
5.612586669921875000e+02
7.845958862304687500e+02
6.320698242187500000e+02
1.864610900878906250e+02
5.621014404296875000e+02
7.304487915039062500e+02
5.877546386718750000e+02
2.085373840332031250e+02
6.521210937500000000e+02
8.775882568359375000e+02
7.294992065429687500e+02
2.468245544433593750e+02
6.562806396484375000e+02
9.917967529296875000e+02
9.848169555664062500e+02
6.765434570312500000e+02
1.873976440429687500e+02
7.128662719726562500e+02
9.361268920898437500e+02
7.819815673828125000e+02
2.955953979492187500e+02
6.343811645507812500e+02
9.914049682617187500e+02
1.012171691894531250e+03
7.213530883789062500e+02
2.066156921386718750e+02
7.660456542968750000e+02
1.090435180664062500e+03
1.020968139648437500e+03
6.094959716796875000e+02
3.065537719726562500e+02
6.333717041015625000e+02
6.689298706054687500e+02
4.145306396484375000e+02
3.212729492187500000e+02
4.840657958984375000e+02
2.941510620117187500e+02
3.923747253417968750e+02
5.249647216796875000e+02
3.766903991699218750e+02
2.686776733398437500e+02
3.911707458496093750e+02
2.022033081054687500e+02
3.705360107421875000e+02
3.900292358398437500e+02
2.063056335449218750e+02
4.191819152832031250e+02
3.912625732421875000e+02
2.106485137939453125e+02
3.056507263183593750e+02
1.863846282958984375e+02
3.285779418945312500e+02
2.329375610351562500e+02
3.518327636718750000e+02
3.916954345703125000e+02
2.026268310546875000e+02
4.363193054199218750e+02
4.482849731445312500e+02
2.015061035156250000e+02
4.069080810546875000e+02
4.042730712890625000e+02
1.754186401367187500e+02
4.518833618164062500e+02
4.498171691894531250e+02
1.666888580322265625e+02
3.927965698242187500e+02
3.784094848632812500e+02
1.719598236083984375e+02
3.612382812500000000e+02
2.400234375000000000e+02
3.783579711914062500e+02
4.473404235839843750e+02
2.526649932861328125e+02
4.227008056640625000e+02
5.004336242675781250e+02
2.377646179199218750e+02
4.906036682128906250e+02
6.638491210937500000e+02
5.362720336914062500e+02
1.923899993896484375e+02
5.874622802734375000e+02
7.196434326171875000e+02
4.945883483886718750e+02
2.718678588867187500e+02
4.836721801757812500e+02
4.285733337402343750e+02
1.837698669433593750e+02
4.425940856933593750e+02
4.136737060546875000e+02
2.370761718750000000e+02
3.746468811035156250e+02
2.977719116210937500e+02
2.574812622070312500e+02
2.545779724121093750e+02
2.781246337890625000e+02
2.942045288085937500e+02
1.978779907226562500e+02
2.240466613769531250e+02
2.436216430664062500e+02
2.289454345703125000e+02
2.524280090332031250e+02
2.017366638183593750e+02
3.085795288085937500e+02
3.003375854492187500e+02
2.358454895019531250e+02
2.858905639648437500e+02
1.910698242187500000e+02
2.258587493896484375e+02
2.091234741210937500e+02
1.770016021728515625e+02
2.576650695800781250e+02
2.215990600585937500e+02
2.687037963867187500e+02
1.811964569091796875e+02
3.287816162109375000e+02
3.038480224609375000e+02
2.442337493896484375e+02
2.837111816406250000e+02
1.921750793457031250e+02
1.966118316650390625e+02
2.397301025390625000e+02
1.646068420410156250e+02
2.204877166748046875e+02
1.903003387451171875e+02
1.803431091308593750e+02
2.444920959472656250e+02
1.893374938964843750e+02
2.735376892089843750e+02
1.642297363281250000e+02
2.531396179199218750e+02
1.727167358398437500e+02
2.843249511718750000e+02
1.687984161376953125e+02
2.774015808105468750e+02
1.800733337402343750e+02
3.615591735839843750e+02
2.959273376464843750e+02
3.064501647949218750e+02
3.629673461914062500e+02
1.820860290527343750e+02
3.969505615234375000e+02
3.513374633789062500e+02
2.524445190429687500e+02
3.257364807128906250e+02
1.894559936523437500e+02
3.861411132812500000e+02
3.429128417968750000e+02
2.658384704589843750e+02
3.527590942382812500e+02
2.279188842773437500e+02
3.499337768554687500e+02
3.143772277832031250e+02
2.608391723632812500e+02
3.205164184570312500e+02
2.152254333496093750e+02
2.544431152343750000e+02
1.967156372070312500e+02
2.662223510742187500e+02
1.937574768066406250e+02
2.216484527587890625e+02
2.072785186767578125e+02
2.111604003906250000e+02
2.033483428955078125e+02
1.801973114013671875e+02
2.159253387451171875e+02
1.923992462158203125e+02
1.680974426269531250e+02
2.097894134521484375e+02
1.962513122558593750e+02
1.635179138183593750e+02
1.958013000488281250e+02
1.867782745361328125e+02
1.618915710449218750e+02
1.920787811279296875e+02
1.907259216308593750e+02
1.775078430175781250e+02
1.833981628417968750e+02
1.675036010742187500e+02
1.684287261962890625e+02
1.766049194335937500e+02
1.797250061035156250e+02
1.946466979980468750e+02
1.898025207519531250e+02
1.641052703857421875e+02
1.817448730468750000e+02
2.242471618652343750e+02
1.628253631591796875e+02
2.019404907226562500e+02
2.355314331054687500e+02
1.987469787597656250e+02
2.578353271484375000e+02
1.624113159179687500e+02
2.355401000976562500e+02
1.787188415527343750e+02
1.632501983642578125e+02
1.913791656494140625e+02
1.980467224121093750e+02
1.712527313232421875e+02
1.697357025146484375e+02
1.635365905761718750e+02
1.682630920410156250e+02
1.810590209960937500e+02
1.883100128173828125e+02
1.938329772949218750e+02
1.756450042724609375e+02
1.753164978027343750e+02
1.750263671875000000e+02
1.863535156250000000e+02
1.889047393798828125e+02
1.887539215087890625e+02
1.752121429443359375e+02
1.748186035156250000e+02
1.767447204589843750e+02
1.954208984375000000e+02
1.814880065917968750e+02
1.816960754394531250e+02
1.721572418212890625e+02
1.724138336181640625e+02
1.832956542968750000e+02
2.045839538574218750e+02
1.717799682617187500e+02
1.642518615722656250e+02
1.610261840820312500e+02
1.799048767089843750e+02
2.070859985351562500e+02
1.999121704101562500e+02
1.696118164062500000e+02
1.796943817138671875e+02
2.406639709472656250e+02
1.677360534667968750e+02
2.833326416015625000e+02
1.748033752441406250e+02
2.585246582031250000e+02
1.590914001464843750e+02
2.923010864257812500e+02
1.752009582519531250e+02
2.997897949218750000e+02
2.162793273925781250e+02
3.477939147949218750e+02
3.079299316406250000e+02
2.813296203613281250e+02
3.429946289062500000e+02
1.832044982910156250e+02
3.371583251953125000e+02
2.358509216308593750e+02
3.409017639160156250e+02
3.654902648925781250e+02
1.842861785888671875e+02
4.012216491699218750e+02
3.403629150390625000e+02
2.930018310546875000e+02
4.016505737304687500e+02
2.846921997070312500e+02
3.018283996582031250e+02
2.988830566406250000e+02
2.619358520507812500e+02
2.902380371093750000e+02
2.137037963867187500e+02
2.495213928222656250e+02
2.254135894775390625e+02
2.296601104736328125e+02
2.238118896484375000e+02
1.832400817871093750e+02
2.756941223144531250e+02
2.502046508789062500e+02
2.590401611328125000e+02
2.335080566406250000e+02
2.939797973632812500e+02
3.092562561035156250e+02
2.765600585937500000e+02
2.952621459960937500e+02
1.646450958251953125e+02
2.927137451171875000e+02
2.815645141601562500e+02
2.706132202148437500e+02
2.674530029296875000e+02
2.313860473632812500e+02
2.552475738525390625e+02
2.424555053710937500e+02
2.081772003173828125e+02
2.322182617187500000e+02
2.395558013916015625e+02
2.384629211425781250e+02
1.699931945800781250e+02
2.711814575195312500e+02
2.639978027343750000e+02
2.598603515625000000e+02
2.238707885742187500e+02
2.611706542968750000e+02
2.718200683593750000e+02
2.715611877441406250e+02
2.533003387451171875e+02
2.152058868408203125e+02
2.221029815673828125e+02
2.268442687988281250e+02
1.696322326660156250e+02
2.366296691894531250e+02
2.415072479248046875e+02
2.214771118164062500e+02
1.652504730224609375e+02
2.049402313232421875e+02
2.001948242187500000e+02
1.623756103515625000e+02
1.924755859375000000e+02
1.891685485839843750e+02
1.631398468017578125e+02
1.884969024658203125e+02
1.845870971679687500e+02
1.605887145996093750e+02
1.880870361328125000e+02
1.858206939697265625e+02
1.752294616699218750e+02
1.970737915039062500e+02
1.726886596679687500e+02
1.621372680664062500e+02
1.942976684570312500e+02
2.059048156738281250e+02
1.679389953613281250e+02
1.701165466308593750e+02
1.619328308105468750e+02
1.742944183349609375e+02
2.087966308593750000e+02
1.757444152832031250e+02
1.696892089843750000e+02
1.707632293701171875e+02
1.723635864257812500e+02
1.890583038330078125e+02
2.132270050048828125e+02
1.648650512695312500e+02
1.593811950683593750e+02
1.629753723144531250e+02
1.846176910400390625e+02
2.202586364746093750e+02
1.623646545410156250e+02
1.747729492187500000e+02
2.387169799804687500e+02
1.651972351074218750e+02
2.488722839355468750e+02
2.003588867187500000e+02
1.638413391113281250e+02
2.309596405029296875e+02
2.125987701416015625e+02
1.816405792236328125e+02
2.463173522949218750e+02
1.798490600585937500e+02
1.662486419677734375e+02
1.928922424316406250e+02
2.416016235351562500e+02
1.867158203125000000e+02
2.596176757812500000e+02
1.659412994384765625e+02
1.913744964599609375e+02
2.492335662841796875e+02
1.623976135253906250e+02
2.081282043457031250e+02
2.264163208007812500e+02
1.791864318847656250e+02
2.251574401855468750e+02
2.004542541503906250e+02
1.766665191650390625e+02
2.027398071289062500e+02
2.101107177734375000e+02
1.815423583984375000e+02
2.012653808593750000e+02
2.079609680175781250e+02
1.829838562011718750e+02
1.805298461914062500e+02
2.248313446044921875e+02
2.032576751708984375e+02
1.965517425537109375e+02
2.328101806640625000e+02
1.978928527832031250e+02
1.938972473144531250e+02
2.292697296142578125e+02
2.034890136718750000e+02
2.084387512207031250e+02
2.055974426269531250e+02
1.810735321044921875e+02
1.868223724365234375e+02
1.623981018066406250e+02
1.777207946777343750e+02
1.805244598388671875e+02
1.664145355224609375e+02
1.814661560058593750e+02
2.008995056152343750e+02
1.879884643554687500e+02
1.819295806884765625e+02
1.838857574462890625e+02
1.679979248046875000e+02
1.667273254394531250e+02
1.837405090332031250e+02
2.102871704101562500e+02
1.757637939453125000e+02
1.645449981689453125e+02
1.638502655029296875e+02
2.036315612792968750e+02
2.180959930419921875e+02
1.614933929443359375e+02
2.199305877685546875e+02
2.309581146240234375e+02
1.959319610595703125e+02
2.959576416015625000e+02
1.772021179199218750e+02
3.839849853515625000e+02
3.873927001953125000e+02
1.737928161621093750e+02
3.892347412109375000e+02
2.816887817382812500e+02
3.626406860351562500e+02
4.422835388183593750e+02
2.638307189941406250e+02
3.867017211914062500e+02
3.999364013671875000e+02
1.857100219726562500e+02
2.774928283691406250e+02
1.865937805175781250e+02
2.433017578125000000e+02
2.040520019531250000e+02
1.777043609619140625e+02
2.053681945800781250e+02
2.081120605468750000e+02
1.670802001953125000e+02
1.676755371093750000e+02
2.109973144531250000e+02
1.906941070556640625e+02
1.629880371093750000e+02
1.867058715820312500e+02
2.288035278320312500e+02
1.780386810302734375e+02
1.611248931884765625e+02
2.044790344238281250e+02
2.151726684570312500e+02
1.629976806640625000e+02
2.370269775390625000e+02
2.125988464355468750e+02
1.892950744628906250e+02
2.725205993652343750e+02
1.777918701171875000e+02
2.467870178222656250e+02
1.650663757324218750e+02
1.953114013671875000e+02
2.686732788085937500e+02
2.045293884277343750e+02
3.416561889648437500e+02
2.666506958007812500e+02
3.516255187988281250e+02
4.064633178710937500e+02
2.081156616210937500e+02
4.353330688476562500e+02
4.295242309570312500e+02
1.725799713134765625e+02
2.903448486328125000e+02
1.722467041015625000e+02
3.413283081054687500e+02
2.257230834960937500e+02
3.876770019531250000e+02
4.463988647460937500e+02
2.317511901855468750e+02
4.683284912109375000e+02
5.302164306640625000e+02
2.301074981689453125e+02
5.377838134765625000e+02
7.331484985351562500e+02
6.036492309570312500e+02
2.153739318847656250e+02
6.693759765625000000e+02
9.049151000976562500e+02
7.535697631835937500e+02
2.682164001464843750e+02
6.672866821289062500e+02
1.012993286132812500e+03
1.004214050292968750e+03
6.745227050781250000e+02
1.691793823242187500e+02
6.495357666015625000e+02
7.690710449218750000e+02
5.149743041992187500e+02
2.740717163085937500e+02
4.734949340820312500e+02
3.750893859863281250e+02
2.303668975830078125e+02
2.827182617187500000e+02
2.300296936035156250e+02
2.230138244628906250e+02
2.544915771484375000e+02
1.826909790039062500e+02
2.768102416992187500e+02
2.031317138671875000e+02
3.414460449218750000e+02
2.738668212890625000e+02
3.253948364257812500e+02
3.756211853027343750e+02
1.759275817871093750e+02
4.517232666015625000e+02
4.413392028808593750e+02
1.710747070312500000e+02
3.270344238281250000e+02
2.273918762207031250e+02
3.830140991210937500e+02
3.857462158203125000e+02
1.903999328613281250e+02
2.469472351074218750e+02
2.041043548583984375e+02
1.686178283691406250e+02
2.389040069580078125e+02
1.666617431640625000e+02
1.919536437988281250e+02
2.481615447998046875e+02
1.750547790527343750e+02
3.311402587890625000e+02
2.209046020507812500e+02
3.998519897460937500e+02
4.624532775878906250e+02
2.444388122558593750e+02
4.886627197265625000e+02
6.029083862304687500e+02
3.488270874023437500e+02
4.142869873046875000e+02
5.989917602539062500e+02
4.800635986328125000e+02
1.844629669189453125e+02
4.164056396484375000e+02
