1.129880390625000000e+05
9.812184375000000000e+04
8.314103906250000000e+04
6.826516406250000000e+04
5.371848046875000000e+04
4.094077734375000000e+04
3.117125585937500000e+04
2.671683398437500000e+04
2.686767773437500000e+04
2.963013085937500000e+04
3.354647265625000000e+04
3.675026171875000000e+04
3.860221875000000000e+04
3.904722265625000000e+04
3.852453515625000000e+04
3.668045703125000000e+04
3.452155859375000000e+04
3.204700781250000000e+04
2.950611132812500000e+04
2.770414453125000000e+04
2.662978320312500000e+04
2.609260546875000000e+04
2.643033398437500000e+04
2.726690820312500000e+04
2.824378320312500000e+04
2.887912695312500000e+04
2.921742382812500000e+04
2.938116796875000000e+04
2.865832421875000000e+04
2.801159960937500000e+04
2.732689062500000000e+04
2.681159960937500000e+04
2.615473242187500000e+04
2.610075781250000000e+04
2.618239648437500000e+04
2.628107226562500000e+04
2.648691210937500000e+04
2.677072460937500000e+04
2.702162304687500000e+04
2.698047460937500000e+04
2.685226367187500000e+04
2.660508984375000000e+04
2.637165820312500000e+04
2.616929492187500000e+04
2.613189648437500000e+04
2.584945898437500000e+04
2.590579882812500000e+04
2.604105664062500000e+04
2.597679882812500000e+04
2.607396484375000000e+04
2.612100195312500000e+04
2.612595507812500000e+04
2.600360742187500000e+04
2.607785546875000000e+04
2.592620312500000000e+04
2.576765039062500000e+04
2.557094140625000000e+04
2.571261132812500000e+04
2.574994921875000000e+04
2.559915625000000000e+04
2.567865039062500000e+04
2.581886914062500000e+04
2.563533398437500000e+04
2.556178320312500000e+04
2.544561132812500000e+04
2.547094726562500000e+04
2.528596679687500000e+04
2.535048242187500000e+04
2.540072070312500000e+04
2.516012500000000000e+04
2.522170898437500000e+04
2.510599218750000000e+04
2.504081250000000000e+04
2.498867968750000000e+04
2.495958203125000000e+04
2.496389648437500000e+04
2.485528515625000000e+04
2.468263476562500000e+04
2.470536328125000000e+04
2.464956445312500000e+04
2.451818164062500000e+04
2.439570312500000000e+04
2.431335156250000000e+04
2.413798632812500000e+04
2.397421289062500000e+04
2.391638085937500000e+04
2.373875195312500000e+04
2.358947656250000000e+04
2.353384570312500000e+04
2.338265039062500000e+04
2.323242187500000000e+04
2.304521289062500000e+04
2.281088476562500000e+04
2.274603710937500000e+04
2.248188476562500000e+04
2.209061523437500000e+04
2.209900000000000000e+04
2.163364062500000000e+04
2.141375000000000000e+04
2.115997265625000000e+04
2.080165234375000000e+04
2.054918359375000000e+04
2.020284179687500000e+04
1.986138281250000000e+04
1.942648632812500000e+04
1.896917382812500000e+04
1.867888867187500000e+04
1.816418554687500000e+04
1.755492578125000000e+04
1.708991015625000000e+04
1.649218359375000000e+04
1.585545605468750000e+04
1.521519335937500000e+04
1.453600878906250000e+04
1.383077343750000000e+04
1.304672753906250000e+04
1.227122363281250000e+04
1.141678417968750000e+04
1.062816113281250000e+04
9.737349609375000000e+03
8.886426757812500000e+03
8.078320800781250000e+03
7.343275878906250000e+03
6.801454589843750000e+03
6.507894042968750000e+03
6.408950683593750000e+03
6.602345703125000000e+03
6.901753417968750000e+03
7.177209960937500000e+03
7.366603027343750000e+03
7.389082031250000000e+03
7.322312500000000000e+03
7.126491210937500000e+03
6.855312011718750000e+03
6.538059082031250000e+03
6.252172363281250000e+03
6.065439453125000000e+03
6.040424804687500000e+03
5.993655761718750000e+03
6.039123046875000000e+03
6.122925292968750000e+03
6.157567382812500000e+03
6.185595214843750000e+03
6.202933105468750000e+03
6.208807128906250000e+03
6.195607421875000000e+03
6.128340820312500000e+03
6.037350097656250000e+03
5.935500488281250000e+03
5.860062500000000000e+03
5.802552734375000000e+03
5.756284179687500000e+03
5.783147460937500000e+03
5.783602050781250000e+03
5.831901367187500000e+03
5.896724609375000000e+03
5.869989746093750000e+03
5.820355957031250000e+03
5.845759765625000000e+03
5.861986816406250000e+03
5.787912597656250000e+03
5.707012695312500000e+03
5.749440429687500000e+03
5.736539062500000000e+03
5.645144042968750000e+03
5.656033203125000000e+03
5.669785156250000000e+03
5.668376464843750000e+03
5.701868164062500000e+03
5.662286621093750000e+03
5.641686035156250000e+03
5.657856445312500000e+03
5.604135253906250000e+03
5.614129394531250000e+03
5.616655273437500000e+03
5.584463378906250000e+03
5.578184082031250000e+03
5.546009277343750000e+03
5.548894042968750000e+03
5.492722167968750000e+03
5.542806152343750000e+03
5.518070312500000000e+03
5.531911621093750000e+03
5.490599121093750000e+03
5.477625488281250000e+03
5.447655273437500000e+03
5.482085449218750000e+03
5.464408691406250000e+03
5.459772460937500000e+03
5.453977050781250000e+03
5.387088378906250000e+03
5.409953125000000000e+03
5.415889160156250000e+03
5.439889160156250000e+03
5.420143554687500000e+03
5.432186523437500000e+03
5.399644531250000000e+03
5.383871582031250000e+03
5.393799316406250000e+03
5.350218750000000000e+03
5.376818359375000000e+03
5.346332519531250000e+03
5.330052246093750000e+03
5.323566406250000000e+03
5.300786621093750000e+03
5.303697753906250000e+03
5.330730957031250000e+03
5.324211425781250000e+03
5.317052734375000000e+03
5.282197753906250000e+03
5.282468750000000000e+03
5.261493652343750000e+03
5.275576660156250000e+03
5.301717773437500000e+03
5.242663574218750000e+03
5.268741699218750000e+03
5.240854980468750000e+03
5.258966308593750000e+03
5.237578125000000000e+03
5.192483886718750000e+03
5.207049316406250000e+03
5.163142089843750000e+03
5.157744140625000000e+03
5.187143066406250000e+03
5.149235351562500000e+03
5.168831542968750000e+03
5.136386718750000000e+03
5.145742187500000000e+03
5.153528808593750000e+03
5.116702636718750000e+03
5.107771972656250000e+03
5.126294921875000000e+03
5.113582519531250000e+03
5.068448730468750000e+03
5.074419921875000000e+03
5.094102050781250000e+03
5.052361816406250000e+03
5.049151367187500000e+03
5.048932128906250000e+03
5.056614746093750000e+03
5.008809082031250000e+03
5.016968750000000000e+03
5.018257812500000000e+03
5.003694824218750000e+03
4.984312988281250000e+03
4.948353515625000000e+03
4.977985839843750000e+03
4.940009765625000000e+03
4.955441894531250000e+03
4.913151367187500000e+03
4.917784667968750000e+03
4.905701171875000000e+03
4.927553710937500000e+03
4.908613281250000000e+03
4.878706542968750000e+03
4.885546386718750000e+03
4.875933105468750000e+03
4.867487792968750000e+03
4.826874511718750000e+03
4.857546875000000000e+03
4.898206542968750000e+03
4.855617187500000000e+03
4.828844726562500000e+03
4.835073242187500000e+03
4.784373046875000000e+03
4.779760742187500000e+03
4.784591308593750000e+03
4.736046386718750000e+03
4.754690917968750000e+03
4.730561035156250000e+03
4.726570800781250000e+03
4.743304687500000000e+03
4.736202148437500000e+03
4.714091796875000000e+03
4.683962402343750000e+03
4.683297851562500000e+03
4.671177246093750000e+03
4.685337402343750000e+03
4.682382324218750000e+03
4.716399414062500000e+03
4.722237792968750000e+03
4.735854003906250000e+03
4.676275878906250000e+03
4.657140625000000000e+03
4.582980468750000000e+03
4.570053710937500000e+03
4.567437500000000000e+03
4.606907714843750000e+03
4.611579589843750000e+03
4.616371582031250000e+03
4.625000976562500000e+03
4.563314941406250000e+03
4.477058105468750000e+03
4.476668457031250000e+03
4.516053222656250000e+03
4.561694335937500000e+03
4.538150390625000000e+03
4.526875976562500000e+03
4.472663574218750000e+03
4.442786621093750000e+03
4.411634765625000000e+03
4.424906738281250000e+03
4.436734863281250000e+03
4.400068847656250000e+03
4.421811523437500000e+03
4.372244628906250000e+03
4.369147460937500000e+03
4.365898437500000000e+03
4.374093261718750000e+03
4.369760742187500000e+03
4.399375000000000000e+03
4.400654296875000000e+03
4.370232910156250000e+03
4.376929687500000000e+03
4.301534667968750000e+03
4.263372558593750000e+03
4.249209472656250000e+03
4.231648437500000000e+03
4.232984863281250000e+03
4.229533691406250000e+03
4.218608886718750000e+03
4.172140625000000000e+03
4.192474121093750000e+03
4.180172851562500000e+03
4.162482421875000000e+03
4.158682128906250000e+03
4.206465820312500000e+03
4.208024414062500000e+03
4.286777832031250000e+03
4.247235351562500000e+03
4.181619140625000000e+03
4.105804199218750000e+03
4.099274414062500000e+03
4.047478515625000000e+03
4.039442382812500000e+03
4.040101074218750000e+03
4.025742187500000000e+03
4.028936035156250000e+03
4.012250000000000000e+03
4.010942626953125000e+03
4.068613525390625000e+03
4.130730468750000000e+03
4.139221191406250000e+03
4.045707519531250000e+03
3.964830322265625000e+03
3.904265869140625000e+03
3.924116943359375000e+03
3.888059326171875000e+03
3.884128173828125000e+03
3.887132080078125000e+03
3.925006347656250000e+03
3.978606933593750000e+03
4.044354736328125000e+03
3.948554931640625000e+03
3.874407714843750000e+03
3.801729003906250000e+03
3.761122558593750000e+03
3.758919189453125000e+03
3.761791015625000000e+03
3.732226074218750000e+03
3.728841308593750000e+03
3.713679931640625000e+03
3.749539550781250000e+03
3.873107177734375000e+03
3.933004638671875000e+03
3.873349853515625000e+03
3.718221679687500000e+03
3.658282714843750000e+03
3.608924072265625000e+03
3.608699951171875000e+03
3.590006347656250000e+03
3.651277343750000000e+03
3.766301269531250000e+03
3.839046630859375000e+03
3.766387695312500000e+03
3.613023681640625000e+03
3.534567871093750000e+03
3.493119384765625000e+03
3.489646728515625000e+03
3.496354736328125000e+03
3.470567626953125000e+03
3.439281738281250000e+03
3.437687744140625000e+03
3.414882568359375000e+03
3.405206542968750000e+03
3.565086181640625000e+03
3.744128906250000000e+03
3.754771728515625000e+03
3.519854248046875000e+03
3.361997558593750000e+03
3.307802246093750000e+03
3.312403320312500000e+03
3.301599853515625000e+03
3.270077636718750000e+03
3.253396972656250000e+03
3.351061279296875000e+03
3.488705078125000000e+03
3.642901855468750000e+03
3.564478027343750000e+03
3.315430175781250000e+03
3.209757324218750000e+03
3.156940185546875000e+03
3.111326904296875000e+03
3.138244873046875000e+03
3.109087402343750000e+03
3.114492675781250000e+03
3.116536376953125000e+03
3.309166015625000000e+03
3.610782226562500000e+03
3.549452392578125000e+03
3.259086181640625000e+03
3.035394287109375000e+03
2.988562011718750000e+03
3.020674560546875000e+03
3.152259277343750000e+03
3.421869384765625000e+03
3.455410644531250000e+03
3.236864257812500000e+03
3.026520996093750000e+03
2.916026855468750000e+03
2.886372070312500000e+03
2.879261962890625000e+03
2.861561523437500000e+03
2.871414550781250000e+03
3.044051269531250000e+03
3.408729736328125000e+03
3.423731689453125000e+03
3.097450927734375000e+03
2.813068359375000000e+03
2.753821044921875000e+03
2.811661865234375000e+03
3.047044677734375000e+03
3.365489990234375000e+03
3.162168212890625000e+03
2.858190917968750000e+03
2.701544677734375000e+03
2.663235351562500000e+03
2.647139404296875000e+03
2.639343017578125000e+03
2.657069580078125000e+03
2.787186523437500000e+03
3.208364990234375000e+03
3.312935058593750000e+03
3.000956542968750000e+03
2.635386230468750000e+03
2.537750488281250000e+03
2.552832031250000000e+03
2.697552978515625000e+03
3.124198974609375000e+03
3.153783935546875000e+03
2.823164062500000000e+03
2.545441406250000000e+03
2.469845703125000000e+03
2.413021728515625000e+03
2.377876220703125000e+03
2.423723876953125000e+03
2.505237548828125000e+03
2.810448242187500000e+03
3.207909667968750000e+03
3.048472412109375000e+03
2.506692138671875000e+03
2.326858398437500000e+03
2.351702148437500000e+03
2.516289306640625000e+03
3.018794677734375000e+03
2.930369628906250000e+03
2.697986572265625000e+03
2.354335449218750000e+03
2.250777587890625000e+03
2.215453369140625000e+03
2.189315185546875000e+03
2.192243408203125000e+03
2.298197509765625000e+03
2.730591552734375000e+03
3.413075927734375000e+03
2.637810302734375000e+03
2.308969238281250000e+03
2.143411376953125000e+03
2.124377685546875000e+03
2.195387451171875000e+03
2.445784667968750000e+03
3.209779541015625000e+03
2.666681884765625000e+03
2.345316894531250000e+03
2.189062744140625000e+03
2.210949218750000000e+03
2.294006591796875000e+03
2.565638916015625000e+03
2.528479248046875000e+03
2.516700927734375000e+03
2.177889892578125000e+03
2.052197509765625000e+03
1.968403320312500000e+03
1.984579833984375000e+03
2.109837890625000000e+03
2.742177734375000000e+03
2.839333984375000000e+03
2.538832519531250000e+03
2.038311523437500000e+03
1.932698974609375000e+03
1.866794433593750000e+03
1.859000366210937500e+03
1.863245361328125000e+03
2.078543701171875000e+03
2.736107910156250000e+03
3.185854003906250000e+03
1.931782836914062500e+03
1.770472290039062500e+03
2.160162353515625000e+03
2.822079345703125000e+03
3.021032714843750000e+03
1.803037475585937500e+03
2.905186035156250000e+03
3.980209960937500000e+03
2.046037597656250000e+03
5.538061523437500000e+03
2.289052001953125000e+03
7.559474121093750000e+03
7.190969238281250000e+03
2.151834228515625000e+03
4.098931152343750000e+03
2.876914062500000000e+03
2.263034423828125000e+03
4.529374511718750000e+03
1.961247314453125000e+03
5.600568847656250000e+03
3.979801269531250000e+03
5.221132812500000000e+03
5.099625976562500000e+03
3.277588623046875000e+03
3.910640869140625000e+03
2.741390380859375000e+03
2.298778564453125000e+03
3.563142333984375000e+03
2.354739013671875000e+03
4.103404785156250000e+03
2.176154541015625000e+03
5.108467285156250000e+03
4.234750976562500000e+03
3.594266845703125000e+03
3.607074951171875000e+03
3.428530273437500000e+03
3.313565673828125000e+03
3.157084228515625000e+03
2.343874755859375000e+03
3.932851074218750000e+03
3.125458984375000000e+03
3.409911376953125000e+03
2.720584228515625000e+03
3.731121582031250000e+03
3.453677001953125000e+03
2.734522460937500000e+03
2.651667724609375000e+03
3.092401611328125000e+03
2.764601074218750000e+03
2.907543945312500000e+03
2.078193359375000000e+03
3.378593017578125000e+03
2.411909912109375000e+03
3.581956054687500000e+03
2.622294677734375000e+03
3.906284912109375000e+03
3.651949218750000000e+03
2.581501220703125000e+03
2.839215332031250000e+03
2.683223632812500000e+03
2.938046386718750000e+03
2.122754882812500000e+03
2.490204589843750000e+03
2.392172851562500000e+03
2.293900390625000000e+03
2.406771972656250000e+03
1.726211669921875000e+03
2.580255126953125000e+03
1.676431518554687500e+03
2.831956054687500000e+03
1.629278320312500000e+03
2.324717529296875000e+03
1.670626708984375000e+03
2.013383666992187500e+03
2.094728759765625000e+03
1.771097656250000000e+03
2.321777587890625000e+03
1.643128540039062500e+03
1.922238281250000000e+03
1.717225097656250000e+03
1.545814941406250000e+03
1.770538940429687500e+03
1.588135009765625000e+03
1.535775146484375000e+03
1.663902343750000000e+03
1.579500976562500000e+03
1.494765625000000000e+03
1.511791992187500000e+03
1.536551635742187500e+03
1.534540283203125000e+03
1.454220458984375000e+03
1.443860961914062500e+03
1.478931640625000000e+03
1.507821166992187500e+03
1.554816040039062500e+03
1.465858032226562500e+03
1.439286010742187500e+03
1.387052001953125000e+03
1.375067626953125000e+03
1.404302856445312500e+03
1.450827758789062500e+03
1.630248535156250000e+03
1.706878540039062500e+03
1.750545776367187500e+03
1.478033935546875000e+03
1.370165527343750000e+03
1.374235107421875000e+03
1.482728637695312500e+03
1.784511108398437500e+03
1.675831176757812500e+03
1.669164306640625000e+03
1.504739013671875000e+03
1.488776000976562500e+03
1.453695678710937500e+03
1.450746826171875000e+03
1.387692871093750000e+03
1.392881713867187500e+03
1.502506835937500000e+03
1.847729980468750000e+03
1.696270629882812500e+03
1.658960327148437500e+03
1.463670288085937500e+03
1.419257812500000000e+03
1.376851928710937500e+03
1.348281372070312500e+03
1.384963378906250000e+03
1.648564697265625000e+03
1.871981689453125000e+03
1.903040771484375000e+03
1.359353881835937500e+03
1.239526000976562500e+03
1.225153930664062500e+03
1.258793457031250000e+03
1.506449707031250000e+03
2.086461669921875000e+03
1.937768798828125000e+03
1.242874877929687500e+03
1.280341064453125000e+03
1.855580688476562500e+03
1.782101196289062500e+03
1.484975952148437500e+03
1.298211059570312500e+03
1.214451049804687500e+03
1.181959716796875000e+03
1.346722167968750000e+03
2.057578613281250000e+03
1.659815429687500000e+03
1.510538818359375000e+03
1.531332641601562500e+03
1.652771606445312500e+03
1.469648315429687500e+03
1.264793212890625000e+03
1.288676391601562500e+03
1.587398681640625000e+03
2.071841064453125000e+03
1.358211425781250000e+03
1.207839111328125000e+03
1.212145263671875000e+03
1.519576660156250000e+03
1.953132812500000000e+03
1.692990356445312500e+03
1.296393188476562500e+03
1.325731445312500000e+03
1.623823608398437500e+03
1.833912109375000000e+03
1.613239013671875000e+03
1.347308837890625000e+03
1.370691284179687500e+03
1.619315795898437500e+03
1.797837768554687500e+03
1.390275024414062500e+03
1.191629760742187500e+03
1.297460571289062500e+03
1.819681274414062500e+03
1.933779174804687500e+03
1.206988037109375000e+03
1.198289794921875000e+03
1.747373657226562500e+03
1.925111206054687500e+03
1.433146362304687500e+03
1.200172119140625000e+03
1.156490844726562500e+03
1.243303344726562500e+03
1.672537353515625000e+03
1.957698974609375000e+03
1.261999755859375000e+03
1.128982910156250000e+03
1.478247802734375000e+03
2.147944335937500000e+03
1.455833862304687500e+03
1.171790283203125000e+03
1.253066528320312500e+03
1.585076782226562500e+03
1.781771850585937500e+03
1.528954467773437500e+03
1.300066772460937500e+03
1.227961547851562500e+03
1.291890014648437500e+03
1.420311523437500000e+03
1.621907470703125000e+03
1.586516601562500000e+03
1.336386962890625000e+03
1.164157958984375000e+03
1.119465942382812500e+03
1.127906127929687500e+03
1.312341186523437500e+03
1.927758789062500000e+03
1.823369506835937500e+03
1.202384399414062500e+03
1.100808349609375000e+03
1.335187377929687500e+03
1.916130126953125000e+03
1.568172851562500000e+03
1.176850341796875000e+03
1.165285766601562500e+03
1.493506103515625000e+03
2.016263183593750000e+03
1.516242431640625000e+03
1.199488769531250000e+03
1.133676513671875000e+03
1.195171386718750000e+03
1.376132690429687500e+03
1.724080688476562500e+03
1.600161132812500000e+03
1.306414916992187500e+03
1.110955200195312500e+03
1.166130371093750000e+03
1.654781494140625000e+03
1.962085449218750000e+03
1.152071533203125000e+03
1.130886108398437500e+03
1.692062011718750000e+03
1.954056640625000000e+03
1.331134033203125000e+03
1.116045776367187500e+03
1.137233764648437500e+03
1.296522338867187500e+03
1.744680664062500000e+03
1.704985351562500000e+03
1.235663085937500000e+03
1.082855957031250000e+03
1.053988037109375000e+03
1.052461914062500000e+03
1.057979370117187500e+03
1.100065429687500000e+03
1.268029785156250000e+03
1.919999267578125000e+03
1.723165527343750000e+03
1.181924682617187500e+03
1.102328857421875000e+03
1.488603637695312500e+03
2.046540161132812500e+03
1.300348754882812500e+03
1.068423095703125000e+03
1.114777221679687500e+03
1.441633300781250000e+03
2.026610595703125000e+03
1.449825805664062500e+03
1.149831787109375000e+03
1.118435424804687500e+03
1.159645019531250000e+03
1.268525878906250000e+03
1.575862426757812500e+03
1.658549194335937500e+03
1.325120971679687500e+03
1.099713012695312500e+03
1.045377075195312500e+03
1.038398193359375000e+03
1.056486572265625000e+03
1.214235595703125000e+03
1.878646118164062500e+03
1.509462036132812500e+03
1.250907470703125000e+03
1.304460205078125000e+03
1.277295776367187500e+03
1.344124633789062500e+03
1.183238769531250000e+03
1.136174682617187500e+03
1.130398193359375000e+03
1.334231445312500000e+03
1.937491455078125000e+03
1.289017700195312500e+03
1.119375366210937500e+03
1.169473388671875000e+03
1.303327026367187500e+03
1.656747192382812500e+03
1.425121459960937500e+03
1.235825317382812500e+03
1.069391601562500000e+03
1.129461181640625000e+03
1.794868774414062500e+03
1.914867431640625000e+03
1.056462890625000000e+03
1.193657958984375000e+03
2.040560180664062500e+03
1.247764770507812500e+03
1.035157714843750000e+03
1.355444091796875000e+03
2.044200683593750000e+03
1.326449218750000000e+03
1.052189941406250000e+03
1.125380981445312500e+03
1.445838989257812500e+03
1.891301513671875000e+03
1.368853393554687500e+03
1.154092773437500000e+03
1.093465209960937500e+03
1.179088012695312500e+03
1.388213867187500000e+03
1.658361938476562500e+03
1.433166503906250000e+03
1.219936889648437500e+03
1.052248657226562500e+03
1.025939697265625000e+03
1.116516479492187500e+03
1.489057006835937500e+03
1.865208007812500000e+03
1.381436157226562500e+03
1.155299316406250000e+03
1.102666625976562500e+03
1.194720825195312500e+03
1.256828002929687500e+03
1.424321166992187500e+03
1.334470947265625000e+03
1.271915039062500000e+03
1.155859008789062500e+03
1.182548706054687500e+03
1.297047851562500000e+03
1.651928100585937500e+03
1.583718261718750000e+03
1.203791259765625000e+03
1.024865844726562500e+03
1.053570190429687500e+03
1.428003540039062500e+03
1.717388671875000000e+03
1.259407104492187500e+03
1.049108276367187500e+03
9.981965942382812500e+02
9.910997924804687500e+02
1.045823120117187500e+03
1.358397094726562500e+03
1.863773803710937500e+03
1.173450195312500000e+03
9.909130859375000000e+02
1.247229858398437500e+03
2.091695556640625000e+03
1.309705444335937500e+03
1.025205810546875000e+03
1.069211914062500000e+03
1.315278198242187500e+03
1.947218872070312500e+03
1.327848632812500000e+03
1.077902343750000000e+03
1.020730895996093750e+03
1.095659790039062500e+03
1.279355224609375000e+03
1.739863769531250000e+03
1.505175292968750000e+03
1.175294311523437500e+03
1.004316101074218750e+03
1.068012207031250000e+03
1.542955688476562500e+03
1.769954833984375000e+03
1.099205688476562500e+03
9.655003051757812500e+02
1.221114624023437500e+03
2.030235961914062500e+03
1.315247192382812500e+03
1.044528808593750000e+03
9.951117553710937500e+02
1.077967163085937500e+03
1.503676513671875000e+03
1.742069946289062500e+03
1.150769287109375000e+03
9.682783813476562500e+02
1.074389526367187500e+03
1.718642089843750000e+03
1.732138793945312500e+03
1.053916748046875000e+03
1.053833129882812500e+03
1.570569824218750000e+03
1.777667114257812500e+03
1.168315917968750000e+03
1.006328796386718750e+03
9.745541381835937500e+02
1.033804687500000000e+03
1.433859008789062500e+03
1.793572265625000000e+03
1.094013183593750000e+03
9.744804687500000000e+02
1.344392700195312500e+03
2.106941162109375000e+03
1.100520629882812500e+03
1.010280090332031250e+03
1.487905517578125000e+03
1.614095947265625000e+03
1.215326416015625000e+03
9.729568481445312500e+02
1.252103515625000000e+03
2.192915039062500000e+03
1.063984741210937500e+03
1.002938049316406250e+03
1.736161010742187500e+03
1.763788696289062500e+03
1.030169311523437500e+03
1.142136108398437500e+03
1.579478637695312500e+03
1.561311767578125000e+03
1.118268554687500000e+03
1.003480468750000000e+03
9.603114013671875000e+02
9.713928833007812500e+02
1.049926879882812500e+03
1.422208862304687500e+03
1.785017822265625000e+03
1.079682373046875000e+03
9.796744995117187500e+02
1.448493530273437500e+03
1.992645141601562500e+03
1.050914306640625000e+03
1.070367553710937500e+03
1.750847534179687500e+03
1.381676513671875000e+03
1.088667846679687500e+03
9.517988281250000000e+02
1.201005493164062500e+03
2.060484863281250000e+03
1.182048706054687500e+03
9.480433959960937500e+02
9.520422973632812500e+02
1.167970825195312500e+03
1.808508300781250000e+03
1.368327514648437500e+03
1.113021484375000000e+03
9.724431762695312500e+02
1.166098022460937500e+03
1.900000610351562500e+03
1.311532714843750000e+03
1.035888183593750000e+03
9.423803100585937500e+02
9.553143920898437500e+02
1.015185424804687500e+03
1.256798950195312500e+03
1.645188354492187500e+03
1.268177001953125000e+03
9.867811279296875000e+02
9.380750732421875000e+02
9.302698974609375000e+02
9.232635498046875000e+02
9.176136474609375000e+02
1.025496582031250000e+03
1.547605468750000000e+03
1.884838989257812500e+03
9.272459106445312500e+02
1.234896850585937500e+03
2.010668945312500000e+03
9.732479248046875000e+02
1.206797729492187500e+03
1.981034790039062500e+03
9.624345703125000000e+02
1.159111938476562500e+03
2.232571777343750000e+03
9.255000000000000000e+02
2.400979736328125000e+03
1.196817993164062500e+03
9.221754760742187500e+02
1.359514770507812500e+03
1.697705932617187500e+03
1.157594970703125000e+03
9.243400878906250000e+02
1.360292358398437500e+03
2.184557373046875000e+03
9.451397094726562500e+02
1.378960449218750000e+03
2.424332519531250000e+03
9.333450927734375000e+02
2.756250488281250000e+03
1.098664794921875000e+03
4.054529541015625000e+03
3.211094970703125000e+03
2.708514404296875000e+03
3.186752197265625000e+03
1.481125610351562500e+03
2.255086914062500000e+03
1.638023925781250000e+03
1.049224609375000000e+03
1.845239501953125000e+03
1.211271362304687500e+03
9.347798461914062500e+02
9.940043945312500000e+02
1.297362915039062500e+03
1.815251098632812500e+03
1.085403686523437500e+03
9.316056518554687500e+02
9.644546508789062500e+02
1.129199218750000000e+03
1.468007934570312500e+03
1.167075927734375000e+03
1.040832275390625000e+03
9.335068359375000000e+02
9.738683471679687500e+02
1.227564208984375000e+03
1.528878295898437500e+03
1.258112182617187500e+03
1.047046264648437500e+03
1.058354858398437500e+03
1.056470947265625000e+03
1.217711791992187500e+03
1.135385131835937500e+03
1.208155151367187500e+03
1.080728271484375000e+03
1.121156250000000000e+03
1.170260375976562500e+03
1.473094482421875000e+03
1.414034301757812500e+03
1.166473510742187500e+03
9.464991455078125000e+02
9.152455444335937500e+02
9.207993164062500000e+02
9.730066528320312500e+02
1.182302124023437500e+03
1.731808349609375000e+03
1.318769775390625000e+03
1.047837280273437500e+03
9.582260131835937500e+02
9.739788818359375000e+02
1.057993530273437500e+03
1.432948120117187500e+03
1.502462646484375000e+03
1.109972045898437500e+03
9.173710937500000000e+02
8.970814819335937500e+02
8.830490722656250000e+02
8.767999267578125000e+02
8.901777343750000000e+02
9.601385498046875000e+02
1.370242919921875000e+03
1.832350463867187500e+03
9.234875488281250000e+02
1.051458984375000000e+03
1.722826660156250000e+03
1.233029785156250000e+03
9.406109619140625000e+02
9.118074340820312500e+02
9.511879882812500000e+02
1.192634033203125000e+03
1.705600830078125000e+03
1.089833007812500000e+03
8.978043823242187500e+02
8.632840576171875000e+02
8.881428833007812500e+02
1.032884155273437500e+03
1.789033813476562500e+03
1.473790161132812500e+03
9.770579833984375000e+02
8.794493408203125000e+02
9.639700927734375000e+02
1.568738647460937500e+03
1.696406005859375000e+03
9.192194213867187500e+02
9.780711669921875000e+02
1.683792480468750000e+03
1.320223999023437500e+03
1.102406127929687500e+03
1.157794189453125000e+03
1.371013916015625000e+03
1.379956787109375000e+03
1.094399780273437500e+03
9.984844970703125000e+02
9.506224975585937500e+02
9.992183837890625000e+02
1.252371459960937500e+03
1.691851196289062500e+03
1.303701416015625000e+03
1.025953979492187500e+03
9.875791015625000000e+02
1.189238769531250000e+03
1.351654052734375000e+03
1.368835937500000000e+03
9.809142456054687500e+02
8.985688476562500000e+02
8.871790771484375000e+02
1.006399414062500000e+03
1.630949951171875000e+03
1.558332763671875000e+03
9.328859863281250000e+02
8.950869750976562500e+02
1.282291748046875000e+03
1.865082153320312500e+03
9.989584350585937500e+02
9.767526855468750000e+02
1.389177001953125000e+03
1.147143310546875000e+03
1.093499023437500000e+03
9.419378051757812500e+02
1.006400878906250000e+03
1.299567749023437500e+03
1.602291625976562500e+03
1.224082153320312500e+03
1.058890747070312500e+03
1.038885131835937500e+03
1.304871704101562500e+03
1.170062133789062500e+03
1.163350952148437500e+03
9.448717651367187500e+02
8.772409057617187500e+02
8.632520141601562500e+02
8.936676025390625000e+02
1.009090881347656250e+03
1.506076538085937500e+03
1.629901000976562500e+03
9.175014648437500000e+02
9.137633056640625000e+02
1.463870483398437500e+03
1.636996337890625000e+03
9.851816406250000000e+02
8.731406860351562500e+02
1.079802734375000000e+03
1.385623046875000000e+03
1.474045776367187500e+03
1.185369750976562500e+03
1.134665405273437500e+03
1.175358642578125000e+03
1.379228759765625000e+03
1.210969116210937500e+03
1.193222778320312500e+03
9.643414916992187500e+02
8.975104980468750000e+02
8.959603881835937500e+02
1.010019470214843750e+03
1.372048095703125000e+03
1.525104003906250000e+03
1.200159790039062500e+03
1.090889038085937500e+03
1.080788208007812500e+03
1.314466064453125000e+03
1.121433959960937500e+03
1.117715820312500000e+03
9.229452514648437500e+02
8.635653076171875000e+02
8.516419067382812500e+02
8.541484375000000000e+02
8.738020019531250000e+02
8.827223510742187500e+02
1.029269653320312500e+03
1.687636474609375000e+03
1.340601440429687500e+03
1.074546142578125000e+03
9.064143066406250000e+02
1.228433105468750000e+03
2.105578369140625000e+03
8.370978393554687500e+02
1.758526000976562500e+03
1.544348022460937500e+03
9.109491577148437500e+02
8.381507568359375000e+02
8.796795043945312500e+02
1.138791992187500000e+03
1.860247192382812500e+03
1.033775146484375000e+03
8.746309204101562500e+02
8.554606323242187500e+02
8.316599731445312500e+02
8.364171752929687500e+02
9.505869750976562500e+02
1.394480224609375000e+03
1.574969848632812500e+03
1.168389892578125000e+03
1.044916137695312500e+03
1.024259765625000000e+03
1.343778198242187500e+03
1.193743041992187500e+03
1.212398559570312500e+03
9.359040527343750000e+02
8.715910034179687500e+02
8.488417358398437500e+02
8.912413330078125000e+02
1.189089233398437500e+03
1.747312011718750000e+03
1.179595703125000000e+03
9.485693969726562500e+02
8.851968994140625000e+02
9.604701538085937500e+02
1.114123535156250000e+03
1.667811279296875000e+03
1.133702636718750000e+03
9.484856567382812500e+02
8.675598144531250000e+02
8.316295776367187500e+02
8.345071411132812500e+02
9.257218017578125000e+02
1.275399780273437500e+03
1.611958129882812500e+03
1.206343750000000000e+03
9.802406005859375000e+02
8.969744262695312500e+02
1.025691040039062500e+03
1.194393066406250000e+03
1.577475463867187500e+03
1.138761352539062500e+03
9.757658081054687500e+02
8.974284667968750000e+02
8.826037597656250000e+02
9.397526855468750000e+02
1.478475952148437500e+03
1.605224121093750000e+03
8.973458251953125000e+02
1.036938110351562500e+03
1.676729492187500000e+03
1.045136352539062500e+03
8.120247192382812500e+02
9.045684814453125000e+02
1.529959350585937500e+03
1.560597290039062500e+03
9.015385742187500000e+02
9.262755737304687500e+02
1.532643798828125000e+03
1.396386474609375000e+03
9.744616699218750000e+02
9.602607421875000000e+02
1.059038085937500000e+03
1.484088623046875000e+03
1.318248657226562500e+03
1.020202209472656250e+03
8.527036743164062500e+02
8.189777221679687500e+02
8.088085937500000000e+02
8.428781738281250000e+02
1.019277893066406250e+03
1.549769531250000000e+03
1.188338989257812500e+03
1.005376464843750000e+03
1.147832397460937500e+03
1.206936035156250000e+03
1.352228271484375000e+03
9.661719360351562500e+02
9.389476318359375000e+02
9.435184326171875000e+02
1.338624023437500000e+03
1.552656616210937500e+03
9.278387451171875000e+02
7.976051025390625000e+02
9.058238525390625000e+02
1.552349487304687500e+03
1.483250488281250000e+03
9.226029052734375000e+02
8.509024658203125000e+02
1.291392578125000000e+03
1.906985961914062500e+03
8.479804077148437500e+02
1.073231201171875000e+03
2.281533447265625000e+03
8.336984863281250000e+02
2.644333740234375000e+03
1.130696289062500000e+03
4.300687500000000000e+03
4.309809082031250000e+03
8.974569702148437500e+02
3.837998291015625000e+03
2.866525634765625000e+03
2.448746093750000000e+03
2.589906250000000000e+03
1.968208129882812500e+03
1.742163818359375000e+03
2.752554687500000000e+03
2.183083251953125000e+03
2.550897460937500000e+03
2.505777099609375000e+03
2.002745971679687500e+03
2.476535644531250000e+03
1.342601440429687500e+03
1.467884521484375000e+03
2.238312255859375000e+03
1.352616210937500000e+03
2.779534179687500000e+03
2.190648925781250000e+03
2.637175292968750000e+03
2.451478759765625000e+03
2.229588134765625000e+03
2.288708007812500000e+03
1.846171142578125000e+03
1.366672119140625000e+03
2.659864746093750000e+03
2.085253173828125000e+03
2.596016845703125000e+03
2.407425292968750000e+03
1.990530273437500000e+03
1.871502685546875000e+03
2.255690185546875000e+03
2.548956054687500000e+03
1.241137084960937500e+03
2.381073730468750000e+03
1.025038696289062500e+03
1.729270874023437500e+03
1.290001098632812500e+03
9.782945556640625000e+02
1.445980957031250000e+03
1.114022094726562500e+03
9.278127441406250000e+02
1.003800659179687500e+03
9.844455566406250000e+02
9.364769897460937500e+02
9.583134155273437500e+02
9.482199707031250000e+02
9.123179321289062500e+02
8.722686767578125000e+02
8.921220703125000000e+02
1.010757629394531250e+03
1.028281860351562500e+03
1.110955444335937500e+03
1.040915893554687500e+03
1.063247802734375000e+03
8.848292236328125000e+02
8.498264160156250000e+02
8.259105834960937500e+02
8.001847534179687500e+02
8.170002441406250000e+02
9.103173828125000000e+02
1.284931274414062500e+03
1.476865112304687500e+03
1.103401611328125000e+03
1.007914550781250000e+03
9.503253784179687500e+02
1.191478515625000000e+03
1.085761840820312500e+03
1.259969238281250000e+03
1.057412109375000000e+03
1.155796020507812500e+03
1.166781127929687500e+03
1.261707885742187500e+03
1.211047851562500000e+03
1.116757690429687500e+03
1.034930786132812500e+03
1.198172485351562500e+03
1.167527221679687500e+03
1.178312011718750000e+03
9.886217651367187500e+02
1.119331176757812500e+03
1.141580810546875000e+03
1.283743041992187500e+03
1.150038452148437500e+03
1.108282348632812500e+03
9.811679687500000000e+02
1.130843261718750000e+03
1.097604858398437500e+03
1.216774291992187500e+03
1.045328857421875000e+03
1.114982421875000000e+03
1.010580993652343750e+03
1.146182373046875000e+03
1.072845458984375000e+03
1.153564331054687500e+03
1.022806884765625000e+03
1.095559814453125000e+03
1.005050842285156250e+03
1.120589233398437500e+03
1.024002685546875000e+03
1.107634155273437500e+03
9.912408447265625000e+02
1.055973510742187500e+03
9.900225830078125000e+02
1.098068481445312500e+03
1.014843322753906250e+03
1.120026123046875000e+03
9.931887207031250000e+02
1.070161621093750000e+03
9.592447509765625000e+02
1.001241210937500000e+03
9.375773925781250000e+02
1.009663146972656250e+03
1.018973754882812500e+03
1.197891967773437500e+03
1.118776123046875000e+03
1.108262084960937500e+03
9.052293090820312500e+02
8.897222290039062500e+02
8.759585571289062500e+02
9.605942993164062500e+02
1.044627441406250000e+03
1.328439331054687500e+03
1.170327880859375000e+03
1.008343261718750000e+03
8.710971679687500000e+02
8.510748901367187500e+02
8.846362304687500000e+02
1.093928466796875000e+03
1.220399169921875000e+03
1.169636596679687500e+03
9.794960937500000000e+02
1.037631591796875000e+03
1.036049926757812500e+03
1.229801635742187500e+03
1.075060424804687500e+03
1.073583862304687500e+03
8.978358154296875000e+02
9.279094848632812500e+02
9.439391479492187500e+02
1.221786621093750000e+03
1.293825073242187500e+03
1.026783325195312500e+03
8.398435058593750000e+02
8.644584350585937500e+02
9.187723999023437500e+02
1.239590820312500000e+03
1.227021850585937500e+03
1.060118041992187500e+03
8.340260009765625000e+02
7.820038452148437500e+02
7.679208374023437500e+02
7.967333374023437500e+02
8.286420898437500000e+02
1.097233276367187500e+03
1.458058959960937500e+03
9.567059326171875000e+02
7.625025634765625000e+02
7.881331787109375000e+02
1.014759216308593750e+03
1.395171997070312500e+03
1.088560668945312500e+03
8.883884277343750000e+02
9.845063476562500000e+02
1.213787475585937500e+03
1.313020263671875000e+03
1.033286865234375000e+03
1.046643676757812500e+03
9.539142456054687500e+02
1.177198608398437500e+03
1.101883300781250000e+03
1.170376342773437500e+03
1.041912719726562500e+03
1.149563476562500000e+03
1.097823486328125000e+03
1.192833984375000000e+03
1.070189941406250000e+03
1.119722167968750000e+03
9.866872558593750000e+02
1.105058959960937500e+03
1.001818481445312500e+03
1.132242553710937500e+03
1.059648437500000000e+03
1.144887573242187500e+03
1.052661254882812500e+03
1.102747436523437500e+03
9.744610595703125000e+02
1.044507934570312500e+03
9.568630981445312500e+02
1.071357666015625000e+03
1.012102233886718750e+03
1.132226928710937500e+03
1.020348388671875000e+03
1.104134521484375000e+03
9.655232543945312500e+02
1.021603576660156250e+03
9.403543090820312500e+02
1.020399963378906250e+03
9.803842163085937500e+02
1.122258178710937500e+03
1.060851074218750000e+03
1.117649780273437500e+03
9.493755493164062500e+02
9.615805664062500000e+02
8.876197509765625000e+02
9.322520141601562500e+02
9.459769897460937500e+02
1.165493530273437500e+03
1.163817871093750000e+03
1.101252441406250000e+03
9.034002685546875000e+02
9.450273437500000000e+02
9.317827148437500000e+02
1.125489624023437500e+03
1.090907348632812500e+03
1.124824707031250000e+03
9.637182617187500000e+02
9.983905639648437500e+02
9.727832641601562500e+02
1.163566284179687500e+03
1.076094970703125000e+03
1.078641845703125000e+03
9.132146606445312500e+02
9.485424804687500000e+02
9.341275024414062500e+02
1.147315185546875000e+03
1.168572875976562500e+03
1.099222778320312500e+03
9.276236572265625000e+02
9.905900878906250000e+02
9.704379272460937500e+02
1.155591308593750000e+03
1.041531127929687500e+03
1.072783691406250000e+03
9.181162109375000000e+02
9.678201293945312500e+02
9.676940917968750000e+02
1.170320312500000000e+03
1.115720092773437500e+03
1.083907958984375000e+03
8.942583007812500000e+02
9.087897949218750000e+02
9.148629760742187500e+02
1.133780395507812500e+03
1.131367919921875000e+03
1.099099853515625000e+03
9.174548950195312500e+02
9.543978271484375000e+02
9.381188964843750000e+02
1.142984741210937500e+03
1.075115844726562500e+03
1.100462768554687500e+03
9.131318359375000000e+02
9.698587646484375000e+02
9.378900146484375000e+02
1.126314453125000000e+03
1.112542602539062500e+03
1.099303710937500000e+03
9.252260131835937500e+02
9.852351684570312500e+02
9.606903076171875000e+02
1.104680664062500000e+03
1.014376159667968750e+03
1.065719604492187500e+03
9.454298095703125000e+02
1.048367309570312500e+03
9.735864868164062500e+02
1.109522216796875000e+03
1.017488464355468750e+03
1.100462402343750000e+03
9.612606811523437500e+02
1.040974487304687500e+03
9.667850952148437500e+02
1.090556274414062500e+03
9.959870605468750000e+02
1.065918090820312500e+03
9.687426757812500000e+02
1.069711547851562500e+03
9.540072631835937500e+02
1.048728027343750000e+03
9.653399658203125000e+02
1.049484863281250000e+03
9.744172973632812500e+02
1.083047119140625000e+03
9.923955688476562500e+02
1.084200317382812500e+03
9.465612182617187500e+02
1.016641418457031250e+03
9.517755126953125000e+02
1.061797119140625000e+03
9.723016357421875000e+02
1.071734619140625000e+03
9.666071777343750000e+02
1.063877075195312500e+03
9.652778320312500000e+02
1.080895385742187500e+03
9.642668457031250000e+02
1.036433105468750000e+03
9.145084228515625000e+02
9.910508422851562500e+02
9.405491333007812500e+02
1.079139404296875000e+03
1.032226196289062500e+03
1.131276123046875000e+03
9.395388183593750000e+02
9.765874023437500000e+02
8.789304809570312500e+02
9.907988281250000000e+02
9.798496704101562500e+02
1.161916381835937500e+03
1.068477783203125000e+03
1.070109130859375000e+03
8.958161621093750000e+02
9.812594604492187500e+02
9.400684204101562500e+02
1.108172119140625000e+03
1.058264038085937500e+03
1.102892578125000000e+03
9.194601440429687500e+02
9.495114746093750000e+02
9.022774658203125000e+02
1.049393310546875000e+03
1.042865356445312500e+03
1.156798828125000000e+03
9.899617309570312500e+02
1.034098022460937500e+03
9.008599243164062500e+02
9.985057983398437500e+02
9.526173095703125000e+02
1.085173461914062500e+03
1.013057495117187500e+03
1.096626708984375000e+03
9.724964599609375000e+02
1.018452087402343750e+03
9.194797973632812500e+02
1.004160644531250000e+03
9.430291748046875000e+02
1.081690917968750000e+03
1.001946472167968750e+03
1.093883178710937500e+03
9.549559326171875000e+02
9.901857299804687500e+02
9.082055664062500000e+02
1.025477783203125000e+03
9.816878051757812500e+02
1.113305664062500000e+03
9.975579833984375000e+02
1.058388183593750000e+03
9.377967529296875000e+02
1.027036621093750000e+03
9.382895507812500000e+02
1.043543823242187500e+03
9.427608032226562500e+02
1.029788696289062500e+03
9.645455932617187500e+02
1.079968261718750000e+03
9.899991455078125000e+02
1.064203613281250000e+03
9.251405029296875000e+02
1.004190002441406250e+03
9.063688964843750000e+02
1.032236938476562500e+03
9.694724731445312500e+02
1.086537719726562500e+03
9.880966796875000000e+02
1.046834106445312500e+03
9.197418212890625000e+02
1.002085388183593750e+03
9.270889282226562500e+02
1.052383422851562500e+03
9.712456665039062500e+02
1.068984863281250000e+03
9.718345947265625000e+02
1.024683105468750000e+03
9.179609985351562500e+02
1.005664672851562500e+03
9.305574951171875000e+02
1.055951293945312500e+03
9.869265136718750000e+02
1.074430175781250000e+03
9.596672363281250000e+02
1.058903076171875000e+03
9.372424926757812500e+02
1.030326904296875000e+03
9.165988769531250000e+02
1.008427673339843750e+03
9.316987304687500000e+02
1.050212036132812500e+03
1.003627075195312500e+03
1.093209350585937500e+03
9.674274291992187500e+02
1.022549926757812500e+03
9.072746582031250000e+02
9.688499145507812500e+02
9.141137695312500000e+02
1.056410522460937500e+03
1.013821838378906250e+03
1.105766357421875000e+03
9.597053833007812500e+02
1.016519348144531250e+03
8.925358276367187500e+02
9.714758300781250000e+02
9.287076416015625000e+02
1.090669677734375000e+03
1.008083129882812500e+03
1.063215576171875000e+03
9.054450683593750000e+02
9.583532104492187500e+02
8.896977539062500000e+02
1.028132812500000000e+03
1.000448974609375000e+03
1.102301513671875000e+03
9.623633422851562500e+02
1.003369934082031250e+03
8.962404785156250000e+02
9.775580444335937500e+02
9.298612670898437500e+02
1.082571289062500000e+03
9.855402221679687500e+02
1.060732055664062500e+03
9.314829711914062500e+02
1.024933593750000000e+03
9.395637207031250000e+02
1.053307250976562500e+03
9.363650512695312500e+02
1.041810058593750000e+03
9.467954711914062500e+02
1.030968017578125000e+03
9.496989746093750000e+02
1.053196655273437500e+03
9.433876342773437500e+02
1.031838867187500000e+03
9.406090087890625000e+02
1.034323364257812500e+03
9.211630859375000000e+02
1.032191040039062500e+03
9.318243408203125000e+02
1.025137939453125000e+03
9.432700195312500000e+02
1.059000244140625000e+03
9.527062988281250000e+02
1.015401000976562500e+03
9.061491699218750000e+02
1.008941589355468750e+03
9.319587402343750000e+02
1.057749633789062500e+03
9.621392211914062500e+02
1.052745361328125000e+03
9.190949096679687500e+02
9.757319946289062500e+02
9.011871337890625000e+02
1.007176391601562500e+03
9.582894287109375000e+02
1.107304931640625000e+03
9.842835083007812500e+02
1.027486816406250000e+03
8.852208251953125000e+02
9.406055908203125000e+02
8.793421630859375000e+02
1.065962646484375000e+03
1.013549072265625000e+03
1.082283691406250000e+03
9.280820922851562500e+02
9.778607177734375000e+02
8.918068237304687500e+02
1.013500793457031250e+03
9.319780883789062500e+02
1.041889160156250000e+03
9.508713378906250000e+02
1.016232421875000000e+03
9.379252319335937500e+02
1.051870483398437500e+03
9.516148071289062500e+02
1.013542724609375000e+03
8.969279785156250000e+02
9.689302368164062500e+02
9.201054077148437500e+02
1.065080322265625000e+03
9.898450927734375000e+02
1.053467285156250000e+03
9.023964233398437500e+02
9.608495483398437500e+02
8.889986572265625000e+02
1.007319091796875000e+03
9.354147338867187500e+02
1.059827880859375000e+03
9.491311645507812500e+02
1.025608764648437500e+03
9.075462646484375000e+02
1.028773681640625000e+03
9.402830200195312500e+02
1.034351928710937500e+03
9.389714965820312500e+02
1.022352661132812500e+03
9.063398437500000000e+02
9.752033081054687500e+02
9.122945556640625000e+02
1.046798461914062500e+03
9.791849365234375000e+02
1.053998779296875000e+03
8.956749267578125000e+02
9.668148193359375000e+02
8.794553222656250000e+02
9.963148193359375000e+02
9.478609619140625000e+02
1.089456298828125000e+03
9.469631347656250000e+02
1.001978576660156250e+03
8.990987548828125000e+02
9.788782348632812500e+02
9.087415771484375000e+02
1.034690307617187500e+03
9.441616821289062500e+02
1.043041625976562500e+03
9.118684082031250000e+02
1.004615600585937500e+03
9.138823852539062500e+02
1.045556640625000000e+03
9.476007690429687500e+02
1.019382995605468750e+03
8.934898071289062500e+02
9.678334350585937500e+02
8.877192382812500000e+02
1.040282958984375000e+03
9.826444702148437500e+02
1.075541259765625000e+03
9.151597290039062500e+02
9.685751342773437500e+02
8.773084106445312500e+02
1.001618103027343750e+03
9.359416503906250000e+02
1.053093261718750000e+03
9.316861572265625000e+02
1.000647338867187500e+03
9.132833862304687500e+02
1.013504516601562500e+03
9.268780517578125000e+02
1.022812255859375000e+03
9.161279907226562500e+02
9.984881591796875000e+02
9.112152099609375000e+02
9.985128784179687500e+02
9.171555175781250000e+02
1.052036010742187500e+03
9.404194335937500000e+02
1.055918212890625000e+03
8.814386596679687500e+02
9.626637573242187500e+02
8.763157958984375000e+02
1.010271667480468750e+03
9.470016479492187500e+02
1.066269531250000000e+03
9.544874877929687500e+02
1.003866333007812500e+03
8.798673095703125000e+02
9.532936401367187500e+02
8.745612182617187500e+02
1.017417053222656250e+03
9.553427124023437500e+02
1.079771362304687500e+03
9.313533935546875000e+02
9.974951782226562500e+02
8.703428344726562500e+02
9.761425781250000000e+02
9.005447998046875000e+02
1.017266296386718750e+03
9.291028442382812500e+02
1.031341918945312500e+03
9.395349731445312500e+02
1.032527465820312500e+03
8.856357421875000000e+02
9.597415161132812500e+02
8.780653076171875000e+02
9.737733764648437500e+02
9.316278076171875000e+02
1.048522949218750000e+03
9.498474121093750000e+02
1.040587280273437500e+03
8.806007690429687500e+02
9.365302124023437500e+02
8.538096313476562500e+02
9.716322631835937500e+02
9.496419067382812500e+02
1.077773925781250000e+03
9.744503784179687500e+02
1.014827819824218750e+03
8.815219726562500000e+02
9.660849609375000000e+02
8.648364257812500000e+02
9.726286010742187500e+02
9.320310058593750000e+02
1.057930786132812500e+03
9.745502929687500000e+02
1.030626464843750000e+03
8.765877685546875000e+02
9.530601806640625000e+02
8.821835937500000000e+02
1.008498413085937500e+03
9.237244873046875000e+02
1.032782104492187500e+03
9.206539916992187500e+02
9.843125000000000000e+02
8.947527465820312500e+02
9.886428222656250000e+02
9.123332519531250000e+02
1.032138305664062500e+03
9.235523071289062500e+02
1.004161315917968750e+03
8.853605957031250000e+02
9.573154907226562500e+02
8.790810546875000000e+02
9.930144042968750000e+02
9.345631713867187500e+02
1.030784790039062500e+03
9.136782226562500000e+02
9.867583007812500000e+02
8.681636352539062500e+02
9.687619018554687500e+02
8.816140747070312500e+02
1.012497741699218750e+03
9.301209106445312500e+02
1.045711425781250000e+03
9.100939941406250000e+02
9.609169311523437500e+02
8.574806518554687500e+02
9.529605102539062500e+02
9.037294921875000000e+02
1.048667602539062500e+03
9.462219848632812500e+02
1.012165344238281250e+03
8.826997680664062500e+02
9.591791381835937500e+02
8.716428833007812500e+02
9.893088378906250000e+02
9.130460815429687500e+02
1.008179748535156250e+03
9.220333862304687500e+02
1.031562744140625000e+03
8.824092407226562500e+02
9.697235717773437500e+02
8.687039794921875000e+02
9.696174316406250000e+02
9.160404663085937500e+02
1.051307617187500000e+03
9.267229614257812500e+02
1.000146545410156250e+03
8.793834838867187500e+02
9.667753295898437500e+02
8.757383422851562500e+02
9.846051635742187500e+02
9.009938964843750000e+02
1.023977478027343750e+03
9.202322387695312500e+02
9.977814941406250000e+02
8.816959228515625000e+02
9.723371582031250000e+02
8.659310913085937500e+02
9.871152343750000000e+02
9.217794799804687500e+02
1.028453735351562500e+03
8.981923217773437500e+02
9.651651000976562500e+02
8.455244140625000000e+02
9.344016723632812500e+02
8.681377563476562500e+02
1.003948547363281250e+03
9.338729858398437500e+02
1.034675048828125000e+03
9.026815795898437500e+02
9.789790039062500000e+02
8.622028198242187500e+02
9.520176391601562500e+02
8.652814331054687500e+02
9.561709594726562500e+02
9.194229736328125000e+02
1.049580444335937500e+03
9.436245727539062500e+02
1.000588928222656250e+03
8.494935913085937500e+02
9.112410888671875000e+02
8.516628417968750000e+02
9.757167968750000000e+02
9.275725708007812500e+02
1.055424316406250000e+03
9.149522705078125000e+02
9.518027343750000000e+02
8.475681762695312500e+02
9.380280761718750000e+02
8.729940185546875000e+02
1.001260253906250000e+03
9.176329956054687500e+02
1.030515380859375000e+03
9.085403442382812500e+02
9.738552246093750000e+02
8.534290771484375000e+02
9.234026489257812500e+02
8.834396362304687500e+02
1.031610351562500000e+03
9.429542236328125000e+02
1.013605163574218750e+03
8.517790527343750000e+02
9.049647216796875000e+02
8.544790649414062500e+02
9.983980102539062500e+02
9.504277954101562500e+02
1.045339965820312500e+03
8.872315673828125000e+02
9.248027343750000000e+02
8.430098876953125000e+02
9.511419067382812500e+02
9.100695800781250000e+02
1.063505004882812500e+03
9.067185668945312500e+02
9.381567382812500000e+02
8.321833496093750000e+02
9.174008178710937500e+02
8.829719238281250000e+02
1.049651733398437500e+03
9.806134033203125000e+02
1.024875366210937500e+03
8.502116699218750000e+02
8.881964721679687500e+02
8.301920166015625000e+02
9.799066772460937500e+02
9.453919067382812500e+02
1.057418701171875000e+03
9.070479736328125000e+02
9.431580810546875000e+02
8.476008911132812500e+02
9.327568359375000000e+02
8.809136352539062500e+02
1.014831054687500000e+03
9.149494018554687500e+02
9.864588012695312500e+02
8.621282348632812500e+02
9.328090820312500000e+02
8.613676757812500000e+02
9.823848876953125000e+02
9.204422607421875000e+02
1.029055419921875000e+03
8.760811767578125000e+02
9.301092529296875000e+02
8.310430908203125000e+02
9.489813842773437500e+02
8.868665771484375000e+02
1.009054748535156250e+03
9.053519897460937500e+02
9.782297973632812500e+02
8.756715087890625000e+02
9.693135986328125000e+02
8.615921020507812500e+02
9.543403320312500000e+02
8.761272583007812500e+02
9.605270996093750000e+02
8.879083251953125000e+02
9.841708374023437500e+02
9.154766845703125000e+02
1.010747924804687500e+03
8.598444213867187500e+02
9.372139892578125000e+02
8.412529296875000000e+02
9.241455688476562500e+02
8.658733520507812500e+02
9.974461669921875000e+02
9.331649780273437500e+02
1.011881347656250000e+03
8.757497558593750000e+02
9.312651367187500000e+02
8.257206420898437500e+02
9.210812988281250000e+02
8.902128295898437500e+02
1.034251464843750000e+03
9.394960937500000000e+02
9.949495849609375000e+02
8.481345825195312500e+02
9.173598022460937500e+02
8.360628051757812500e+02
9.304341430664062500e+02
8.796985473632812500e+02
1.012308837890625000e+03
9.294763183593750000e+02
1.004660644531250000e+03
8.517520751953125000e+02
9.089862670898437500e+02
8.222046508789062500e+02
9.151318359375000000e+02
8.859160766601562500e+02
1.049219116210937500e+03
9.614658813476562500e+02
9.900075073242187500e+02
8.301372680664062500e+02
8.897711791992187500e+02
8.326258544921875000e+02
9.487879638671875000e+02
9.133200683593750000e+02
1.068137207031250000e+03
9.088284912109375000e+02
9.381115722656250000e+02
8.007285156250000000e+02
8.547418212890625000e+02
8.415990600585937500e+02
9.863943481445312500e+02
9.499271850585937500e+02
1.023399719238281250e+03
8.811989135742187500e+02
9.221100463867187500e+02
8.397992553710937500e+02
9.654181518554687500e+02
8.734285888671875000e+02
9.875631713867187500e+02
8.758928833007812500e+02
9.730966796875000000e+02
8.678598022460937500e+02
9.627236328125000000e+02
8.694888916015625000e+02
9.629763183593750000e+02
8.651162109375000000e+02
9.712423095703125000e+02
8.956792602539062500e+02
9.801076660156250000e+02
8.689758911132812500e+02
9.453757324218750000e+02
8.546574707031250000e+02
9.446150512695312500e+02
8.776992187500000000e+02
9.712453002929687500e+02
8.856562500000000000e+02
9.731462402343750000e+02
8.472846679687500000e+02
8.921190795898437500e+02
8.338526000976562500e+02
9.239575805664062500e+02
9.009720458984375000e+02
1.028578613281250000e+03
8.835668334960937500e+02
9.343264770507812500e+02
8.121287231445312500e+02
8.591808471679687500e+02
8.299069213867187500e+02
1.020501098632812500e+03
9.701920166015625000e+02
9.993862304687500000e+02
8.125401000976562500e+02
8.392979125976562500e+02
8.123803100585937500e+02
9.753134155273437500e+02
9.431122436523437500e+02
1.055809814453125000e+03
8.695416870117187500e+02
9.044080810546875000e+02
8.248173828125000000e+02
9.118969726562500000e+02
8.707520751953125000e+02
1.013557556152343750e+03
9.280478515625000000e+02
1.012529968261718750e+03
8.561598510742187500e+02
8.904096679687500000e+02
8.123722534179687500e+02
9.308751831054687500e+02
8.986809692382812500e+02
1.031452636718750000e+03
9.157628173828125000e+02
9.587474365234375000e+02
8.128147583007812500e+02
8.628574829101562500e+02
8.267709960937500000e+02
9.769313964843750000e+02
9.259429321289062500e+02
9.902646484375000000e+02
8.617899169921875000e+02
9.235285034179687500e+02
8.283953857421875000e+02
9.142233276367187500e+02
8.604799804687500000e+02
1.004360473632812500e+03
8.980009155273437500e+02
9.773902587890625000e+02
8.388465576171875000e+02
8.862769165039062500e+02
8.270704956054687500e+02
9.306282348632812500e+02
8.977111816406250000e+02
1.045749389648437500e+03
8.998478393554687500e+02
9.336499633789062500e+02
8.099762573242187500e+02
8.647120971679687500e+02
8.294425659179687500e+02
9.681029052734375000e+02
9.407584838867187500e+02
1.025529663085937500e+03
8.587048339843750000e+02
8.740789184570312500e+02
7.980131835937500000e+02
9.018079223632812500e+02
8.849197387695312500e+02
1.047639038085937500e+03
9.150615844726562500e+02
9.476489868164062500e+02
8.298414916992187500e+02
8.873155517578125000e+02
8.221670532226562500e+02
9.564985961914062500e+02
8.943605957031250000e+02
9.999632568359375000e+02
8.890985107421875000e+02
9.397126464843750000e+02
8.274008178710937500e+02
8.989614257812500000e+02
8.580315551757812500e+02
1.010719238281250000e+03
9.175734252929687500e+02
9.874263916015625000e+02
8.340340576171875000e+02
8.722603149414062500e+02
8.025113525390625000e+02
9.148262939453125000e+02
8.958128051757812500e+02
1.039919311523437500e+03
9.092094116210937500e+02
9.390767211914062500e+02
7.949953002929687500e+02
8.272976684570312500e+02
7.981863403320312500e+02
9.117904052734375000e+02
9.187465820312500000e+02
1.051463134765625000e+03
8.946875610351562500e+02
9.223953857421875000e+02
7.974302368164062500e+02
8.361560668945312500e+02
8.268704833984375000e+02
9.864343261718750000e+02
9.598502197265625000e+02
1.027415405273437500e+03
8.570117187500000000e+02
8.873765869140625000e+02
7.877350463867187500e+02
8.653266601562500000e+02
8.409124755859375000e+02
1.004316101074218750e+03
9.576143188476562500e+02
1.006111877441406250e+03
8.393839721679687500e+02
8.792662353515625000e+02
7.987341308593750000e+02
9.109611816406250000e+02
8.755057983398437500e+02
1.010276062011718750e+03
9.163563842773437500e+02
9.688385009765625000e+02
8.321955566406250000e+02
8.856868286132812500e+02
8.274351806640625000e+02
9.687614135742187500e+02
8.960354614257812500e+02
9.769093017578125000e+02
8.519788818359375000e+02
8.789349975585937500e+02
8.180336303710937500e+02
9.236968994140625000e+02
8.780010986328125000e+02
9.898040771484375000e+02
8.659049072265625000e+02
9.210438842773437500e+02
8.214377441406250000e+02
9.106902465820312500e+02
8.504172973632812500e+02
9.450926513671875000e+02
9.053969116210937500e+02
9.868079833984375000e+02
8.584263916015625000e+02
9.142805175781250000e+02
8.199379882812500000e+02
9.093301391601562500e+02
8.437967529296875000e+02
9.386542358398437500e+02
8.948563842773437500e+02
9.875944213867187500e+02
8.598110961914062500e+02
9.273681030273437500e+02
8.073859252929687500e+02
8.846951293945312500e+02
8.211428222656250000e+02
9.415606689453125000e+02
9.136230468750000000e+02
1.029104370117187500e+03
8.777636718750000000e+02
9.023170776367187500e+02
7.891640014648437500e+02
8.561642456054687500e+02
8.267965087890625000e+02
9.862775878906250000e+02
9.345093994140625000e+02
9.866893310546875000e+02
8.347861328125000000e+02
8.672369995117187500e+02
7.979801025390625000e+02
9.038427124023437500e+02
8.806420898437500000e+02
1.032413574218750000e+03
8.891733398437500000e+02
9.306279296875000000e+02
8.122666015625000000e+02
8.621688232421875000e+02
8.299160766601562500e+02
9.669920654296875000e+02
8.966981811523437500e+02
1.002735168457031250e+03
8.351497192382812500e+02
8.776430053710937500e+02
8.056096801757812500e+02
8.885274047851562500e+02
8.481855468750000000e+02
1.002447570800781250e+03
9.103846435546875000e+02
9.628038940429687500e+02
8.029457397460937500e+02
8.237496337890625000e+02
7.887189331054687500e+02
8.948506469726562500e+02
9.156555175781250000e+02
1.045161987304687500e+03
8.842160644531250000e+02
9.040321655273437500e+02
7.930933837890625000e+02
8.656270141601562500e+02
8.339378051757812500e+02
1.005481018066406250e+03
9.051929321289062500e+02
9.647664794921875000e+02
8.193703002929687500e+02
8.695565185546875000e+02
8.075412597656250000e+02
9.218323974609375000e+02
8.703590698242187500e+02
9.867658081054687500e+02
8.913977661132812500e+02
9.401444702148437500e+02
8.206550903320312500e+02
8.902287597656250000e+02
8.189699707031250000e+02
8.957366333007812500e+02
8.526196289062500000e+02
1.007927673339843750e+03
8.798621826171875000e+02
9.379541625976562500e+02
7.982130126953125000e+02
8.305068359375000000e+02
7.845238037109375000e+02
8.731576538085937500e+02
8.750089721679687500e+02
1.030910400390625000e+03
9.109512939453125000e+02
9.419047241210937500e+02
7.742532348632812500e+02
7.711264038085937500e+02
7.515416870117187500e+02
8.681967163085937500e+02
8.952240600585937500e+02
1.078284179687500000e+03
9.269348144531250000e+02
9.026196289062500000e+02
7.700698242187500000e+02
8.025249633789062500e+02
7.841138305664062500e+02
9.776130981445312500e+02
9.684495849609375000e+02
9.991277465820312500e+02
8.254270629882812500e+02
8.604334106445312500e+02
7.964333496093750000e+02
9.113034057617187500e+02
8.752606811523437500e+02
1.018130798339843750e+03
8.878007202148437500e+02
9.175068969726562500e+02
8.109918823242187500e+02
8.905502319335937500e+02
8.348170166015625000e+02
9.816765747070312500e+02
8.873439941406250000e+02
9.611447143554687500e+02
8.329845581054687500e+02
8.786602172851562500e+02
8.076575927734375000e+02
8.880392456054687500e+02
8.596510620117187500e+02
9.911156005859375000e+02
8.744700927734375000e+02
9.291088867187500000e+02
8.119909667968750000e+02
8.588850097656250000e+02
7.862805175781250000e+02
8.688814697265625000e+02
8.665878295898437500e+02
1.012527893066406250e+03
8.914553833007812500e+02
9.298166503906250000e+02
7.903475952148437500e+02
8.019112548828125000e+02
7.629600830078125000e+02
8.708090209960937500e+02
8.922310791015625000e+02
1.053510131835937500e+03
8.953616333007812500e+02
9.105006713867187500e+02
7.683410034179687500e+02
7.884812622070312500e+02
7.740317382812500000e+02
8.928793334960937500e+02
9.148682250976562500e+02
1.054304199218750000e+03
8.930942382812500000e+02
9.108428955078125000e+02
7.826386718750000000e+02
8.396289672851562500e+02
8.102009277343750000e+02
9.428025512695312500e+02
9.180001831054687500e+02
9.999204711914062500e+02
8.661772460937500000e+02
9.205919799804687500e+02
8.078745727539062500e+02
8.993151855468750000e+02
8.195848999023437500e+02
9.221197509765625000e+02
8.490470581054687500e+02
9.514509887695312500e+02
8.678590087890625000e+02
9.401341552734375000e+02
8.404405517578125000e+02
9.226072998046875000e+02
8.282719726562500000e+02
8.703670043945312500e+02
7.848659057617187500e+02
8.535509643554687500e+02
8.313817138671875000e+02
9.765662231445312500e+02
8.992172241210937500e+02
9.454703369140625000e+02
7.916610717773437500e+02
7.878220214843750000e+02
7.544498901367187500e+02
8.285689697265625000e+02
8.256419067382812500e+02
1.005208496093750000e+03
9.382681274414062500e+02
9.544360961914062500e+02
7.910944824218750000e+02
8.090859375000000000e+02
7.770663452148437500e+02
9.190739135742187500e+02
9.109555664062500000e+02
1.057355834960937500e+03
8.879706420898437500e+02
8.995493164062500000e+02
7.843493041992187500e+02
8.465932617187500000e+02
8.191370849609375000e+02
9.500839233398437500e+02
8.961716308593750000e+02
9.803132934570312500e+02
8.450960083007812500e+02
8.948547363281250000e+02
8.056820068359375000e+02
8.613360595703125000e+02
8.140500488281250000e+02
9.245609130859375000e+02
8.659996337890625000e+02
9.768942260742187500e+02
8.632632446289062500e+02
9.034989624023437500e+02
7.911970214843750000e+02
8.171929931640625000e+02
7.645437622070312500e+02
8.293565063476562500e+02
8.222418212890625000e+02
9.725701293945312500e+02
9.128916625976562500e+02
9.769028320312500000e+02
8.047598266601562500e+02
8.475940551757812500e+02
7.787272949218750000e+02
8.897280883789062500e+02
8.748166503906250000e+02
1.012574340820312500e+03
8.876791381835937500e+02
9.174325561523437500e+02
7.896792602539062500e+02
8.024002685546875000e+02
7.618359375000000000e+02
8.776915893554687500e+02
8.731083984375000000e+02
1.026269287109375000e+03
8.735889892578125000e+02
8.894010009765625000e+02
7.745043334960937500e+02
7.923649902343750000e+02
7.629197998046875000e+02
8.766904907226562500e+02
8.714797973632812500e+02
1.012251647949218750e+03
8.757728881835937500e+02
9.039222412109375000e+02
7.960223388671875000e+02
8.422459106445312500e+02
7.856877441406250000e+02
8.835482177734375000e+02
8.700157470703125000e+02
1.016630981445312500e+03
8.722944946289062500e+02
9.198439941406250000e+02
7.812131347656250000e+02
8.149630126953125000e+02
7.743421630859375000e+02
8.811829833984375000e+02
8.594115600585937500e+02
1.010856018066406250e+03
8.978934326171875000e+02
9.185938110351562500e+02
7.817532348632812500e+02
7.934837646484375000e+02
7.516364135742187500e+02
8.200029296875000000e+02
8.166175537109375000e+02
9.853043212890625000e+02
9.308745727539062500e+02
9.628419189453125000e+02
7.695451049804687500e+02
7.688975830078125000e+02
7.321724243164062500e+02
8.026168212890625000e+02
8.278641357421875000e+02
1.057722778320312500e+03
9.818524780273437500e+02
9.044127197265625000e+02
7.404363403320312500e+02
7.278809204101562500e+02
7.106240844726562500e+02
7.667510986328125000e+02
7.967180786132812500e+02
1.042946166992187500e+03
9.960502319335937500e+02
9.090792236328125000e+02
7.322862548828125000e+02
7.072751464843750000e+02
6.890077514648437500e+02
7.238617553710937500e+02
7.796670532226562500e+02
1.053321533203125000e+03
1.043244262695312500e+03
8.974929809570312500e+02
7.067249755859375000e+02
6.783131713867187500e+02
6.668046875000000000e+02
6.707442016601562500e+02
6.976361694335937500e+02
8.383665161132812500e+02
1.012080383300781250e+03
1.118562500000000000e+03
8.287573242187500000e+02
8.322329101562500000e+02
8.220732421875000000e+02
1.083590698242187500e+03
1.026276489257812500e+03
8.727564086914062500e+02
7.294032592773437500e+02
7.378668823242187500e+02
7.838372192382812500e+02
1.053086669921875000e+03
1.032107421875000000e+03
9.040097656250000000e+02
7.149791870117187500e+02
6.872687377929687500e+02
6.677879638671875000e+02
6.947345581054687500e+02
7.162682495117187500e+02
8.932592163085937500e+02
9.977512207031250000e+02
1.063564575195312500e+03
8.096049804687500000e+02
8.131098022460937500e+02
7.949168090820312500e+02
1.018277648925781250e+03
1.010712097167968750e+03
9.180755615234375000e+02
7.525538940429687500e+02
7.671837158203125000e+02
7.735397338867187500e+02
9.845937500000000000e+02
9.712999877929687500e+02
9.593198242187500000e+02
7.760234375000000000e+02
7.975844726562500000e+02
7.821117553710937500e+02
9.381154785156250000e+02
9.080166625976562500e+02
1.007398986816406250e+03
8.245951538085937500e+02
8.605139160156250000e+02
7.857979125976562500e+02
9.015982666015625000e+02
8.618490600585937500e+02
9.698836669921875000e+02
8.254032592773437500e+02
9.033175048828125000e+02
8.060759887695312500e+02
8.636998291015625000e+02
8.237245483398437500e+02
8.957124633789062500e+02
8.415882568359375000e+02
9.254359741210937500e+02
8.349799804687500000e+02
9.183873291015625000e+02
7.840127563476562500e+02
8.339924316406250000e+02
7.735456542968750000e+02
8.339890136718750000e+02
8.193068237304687500e+02
9.503113403320312500e+02
8.939749755859375000e+02
9.648547973632812500e+02
8.144867553710937500e+02
8.642373046875000000e+02
7.798424682617187500e+02
8.592500610351562500e+02
8.251708374023437500e+02
9.503998413085937500e+02
8.902607421875000000e+02
9.594359130859375000e+02
8.130153808593750000e+02
8.595385742187500000e+02
7.815995483398437500e+02
8.743651733398437500e+02
8.330518798828125000e+02
9.436311645507812500e+02
8.810610961914062500e+02
9.484840087890625000e+02
8.181077270507812500e+02
8.744822387695312500e+02
7.783583984375000000e+02
8.423308105468750000e+02
7.929893798828125000e+02
9.036293334960937500e+02
8.699215087890625000e+02
9.868023071289062500e+02
8.491781005859375000e+02
8.810065917968750000e+02
7.528795166015625000e+02
7.675357666015625000e+02
7.245642700195312500e+02
7.478047485351562500e+02
7.275536499023437500e+02
7.793773803710937500e+02
7.867149658203125000e+02
9.719357299804687500e+02
9.258839721679687500e+02
9.720282592773437500e+02
8.017150878906250000e+02
8.359338989257812500e+02
8.182478027343750000e+02
9.948519897460937500e+02
9.442418823242187500e+02
9.524307250976562500e+02
7.738586425781250000e+02
8.061035766601562500e+02
7.781060791015625000e+02
9.073795776367187500e+02
9.111313476562500000e+02
1.007406250000000000e+03
8.515704956054687500e+02
8.816813354492187500e+02
7.865737304687500000e+02
8.401732177734375000e+02
8.116845092773437500e+02
9.366289672851562500e+02
8.657912597656250000e+02
9.516410522460937500e+02
8.179754638671875000e+02
8.450518798828125000e+02
7.787332153320312500e+02
8.178667602539062500e+02
7.837021484375000000e+02
8.752675170898437500e+02
8.319583129882812500e+02
9.297387695312500000e+02
8.299238891601562500e+02
8.991735839843750000e+02
8.065036010742187500e+02
8.680942993164062500e+02
8.111907958984375000e+02
9.114412231445312500e+02
8.420036621093750000e+02
9.272106323242187500e+02
8.367336425781250000e+02
9.231008300781250000e+02
8.088120727539062500e+02
8.635525512695312500e+02
7.862823486328125000e+02
8.606772460937500000e+02
8.209641723632812500e+02
9.240087280273437500e+02
8.577712402343750000e+02
9.453348999023437500e+02
8.043333129882812500e+02
8.390905761718750000e+02
7.778779296875000000e+02
8.531401367187500000e+02
8.111990966796875000e+02
9.050713500976562500e+02
8.601968383789062500e+02
9.712064208984375000e+02
8.273743286132812500e+02
8.620356445312500000e+02
7.603923339843750000e+02
8.073488159179687500e+02
7.667727661132812500e+02
8.607122192382812500e+02
8.396973266601562500e+02
9.874750976562500000e+02
8.524546508789062500e+02
9.227969360351562500e+02
7.704728393554687500e+02
8.005866699218750000e+02
7.600146484375000000e+02
8.305780029296875000e+02
8.150064086914062500e+02
9.433699951171875000e+02
8.899555664062500000e+02
9.689113159179687500e+02
8.004854125976562500e+02
8.416955566406250000e+02
7.866548461914062500e+02
8.938247680664062500e+02
8.643981323242187500e+02
9.803527221679687500e+02
8.472267456054687500e+02
9.016663818359375000e+02
7.934888916015625000e+02
8.264049682617187500e+02
7.528414306640625000e+02
8.077119750976562500e+02
7.818681030273437500e+02
8.612227172851562500e+02
8.217459106445312500e+02
9.728933105468750000e+02
8.345549926757812500e+02
8.795067138671875000e+02
7.745023193359375000e+02
8.204392700195312500e+02
7.936280517578125000e+02
9.117303466796875000e+02
8.920661010742187500e+02
9.987938232421875000e+02
8.239149780273437500e+02
8.549989013671875000e+02
7.759287719726562500e+02
8.442739868164062500e+02
7.969859008789062500e+02
9.056561279296875000e+02
8.680277709960937500e+02
9.569463500976562500e+02
8.413001708984375000e+02
8.792582397460937500e+02
7.746340942382812500e+02
8.189486694335937500e+02
7.722260742187500000e+02
8.584186401367187500e+02
8.242121582031250000e+02
9.376340942382812500e+02
8.554055175781250000e+02
9.423815917968750000e+02
7.934127197265625000e+02
8.163793334960937500e+02
7.523735961914062500e+02
8.153504638671875000e+02
7.946599731445312500e+02
9.094562988281250000e+02
8.543468017578125000e+02
9.769541015625000000e+02
8.220435180664062500e+02
8.423129272460937500e+02
7.525499877929687500e+02
7.794710693359375000e+02
7.489462280273437500e+02
8.086643066406250000e+02
8.003222656250000000e+02
9.498483886718750000e+02
8.786958007812500000e+02
9.674998168945312500e+02
7.994642333984375000e+02
8.265449218750000000e+02
7.740155029296875000e+02
8.587532348632812500e+02
8.536956787109375000e+02
1.016937988281250000e+03
8.711538085937500000e+02
9.209653930664062500e+02
7.718131713867187500e+02
7.998023071289062500e+02
7.388230590820312500e+02
7.801923828125000000e+02
7.644730834960937500e+02
8.703464355468750000e+02
8.450055541992187500e+02
1.009611999511718750e+03
8.262785034179687500e+02
8.534387207031250000e+02
7.664786376953125000e+02
8.111932373046875000e+02
7.859641723632812500e+02
9.168569335937500000e+02
8.943373413085937500e+02
1.008569641113281250e+03
8.061057128906250000e+02
8.038269653320312500e+02
7.366547241210937500e+02
7.734003295898437500e+02
7.569047241210937500e+02
8.419935913085937500e+02
8.433172607421875000e+02
1.031293945312500000e+03
8.493864746093750000e+02
8.778079223632812500e+02
7.608953247070312500e+02
7.986918945312500000e+02
7.547581787109375000e+02
8.630873413085937500e+02
8.652580566406250000e+02
1.028508544921875000e+03
8.610385742187500000e+02
8.833685913085937500e+02
7.450989990234375000e+02
7.333074951171875000e+02
7.048191528320312500e+02
7.271878051757812500e+02
6.940000610351562500e+02
7.129945068359375000e+02
7.139425659179687500e+02
8.540308837890625000e+02
8.843615722656250000e+02
1.096218383789062500e+03
8.877581787109375000e+02
8.654402465820312500e+02
7.871614990234375000e+02
9.221859741210937500e+02
9.175509643554687500e+02
1.009390930175781250e+03
8.220747680664062500e+02
8.595230102539062500e+02
7.951425170898437500e+02
9.258703002929687500e+02
9.065081787109375000e+02
9.846051025390625000e+02
8.237630615234375000e+02
8.404804687500000000e+02
7.566975097656250000e+02
8.241444702148437500e+02
7.825565185546875000e+02
9.007746582031250000e+02
8.199388427734375000e+02
9.056722412109375000e+02
8.257828369140625000e+02
8.785071411132812500e+02
7.637146606445312500e+02
7.899194335937500000e+02
7.207467651367187500e+02
7.347689819335937500e+02
6.793147583007812500e+02
6.531635742187500000e+02
6.298498535156250000e+02
6.262997436523437500e+02
6.198642578125000000e+02
6.159533081054687500e+02
6.156518554687500000e+02
6.122487182617187500e+02
6.096290283203125000e+02
6.162388916015625000e+02
6.334358520507812500e+02
7.004860229492187500e+02
9.365001831054687500e+02
1.333990600585937500e+03
7.676799316406250000e+02
6.794437866210937500e+02
7.004108276367187500e+02
9.449812622070312500e+02
1.267871459960937500e+03
6.750384521484375000e+02
6.282208862304687500e+02
1.011557678222656250e+03
1.413008544921875000e+03
6.758680419921875000e+02
6.466154174804687500e+02
1.090822753906250000e+03
1.204932006835937500e+03
6.654908447265625000e+02
6.591867675781250000e+02
1.080745361328125000e+03
1.253904052734375000e+03
7.258961791992187500e+02
6.171906738281250000e+02
6.070349121093750000e+02
6.631743774414062500e+02
9.393497314453125000e+02
1.066133178710937500e+03
9.096282348632812500e+02
7.354522705078125000e+02
8.148923950195312500e+02
9.444347534179687500e+02
1.168852539062500000e+03
8.206015014648437500e+02
7.800964965820312500e+02
7.205792236328125000e+02
8.723342285156250000e+02
9.422114257812500000e+02
1.081898681640625000e+03
8.340946655273437500e+02
7.916929321289062500e+02
7.063558349609375000e+02
7.636665039062500000e+02
7.855802612304687500e+02
9.968025512695312500e+02
8.888109130859375000e+02
9.029007568359375000e+02
7.934728393554687500e+02
8.668757324218750000e+02
8.231083374023437500e+02
9.819265136718750000e+02
8.295269165039062500e+02
8.877886352539062500e+02
7.762183837890625000e+02
8.370491333007812500e+02
8.069093017578125000e+02
9.067006835937500000e+02
8.423688354492187500e+02
9.564560546875000000e+02
8.123980712890625000e+02
8.358524169921875000e+02
7.513994750976562500e+02
8.077329711914062500e+02
7.742741699218750000e+02
8.768859252929687500e+02
8.610827636718750000e+02
9.886275024414062500e+02
8.282050170898437500e+02
8.523073120117187500e+02
7.573047485351562500e+02
8.216852416992187500e+02
7.836409912109375000e+02
9.285889282226562500e+02
9.050996704101562500e+02
9.658882446289062500e+02
8.039334716796875000e+02
8.188567504882812500e+02
7.442730712890625000e+02
7.978939208984375000e+02
7.758413085937500000e+02
9.291026611328125000e+02
8.959423828125000000e+02
9.875666503906250000e+02
8.180908203125000000e+02
8.310246582031250000e+02
7.493189697265625000e+02
8.111528930664062500e+02
7.802282714843750000e+02
9.248884887695312500e+02
8.992100830078125000e+02
9.733455810546875000e+02
8.030068969726562500e+02
7.999364013671875000e+02
7.277815551757812500e+02
7.224276733398437500e+02
6.795810546875000000e+02
6.765625610351562500e+02
6.462236328125000000e+02
6.385391845703125000e+02
6.352152709960937500e+02
6.400684814453125000e+02
6.516461791992187500e+02
7.238690185546875000e+02
8.659064331054687500e+02
1.307877197265625000e+03
8.006346435546875000e+02
6.939219360351562500e+02
6.597414550781250000e+02
6.874010620117187500e+02
7.829245605468750000e+02
1.249062622070312500e+03
9.383291625976562500e+02
7.869562988281250000e+02
7.355762329101562500e+02
9.077695922851562500e+02
1.094258422851562500e+03
8.684819946289062500e+02
7.256197509765625000e+02
7.727491455078125000e+02
8.730047607421875000e+02
1.194928588867187500e+03
8.701099243164062500e+02
8.057183227539062500e+02
7.250709228515625000e+02
8.423989257812500000e+02
9.053659667968750000e+02
1.095979736328125000e+03
8.654866333007812500e+02
8.468535766601562500e+02
7.442282714843750000e+02
8.155089721679687500e+02
7.993175048828125000e+02
9.577741699218750000e+02
8.875228881835937500e+02
9.513914794921875000e+02
7.930108032226562500e+02
8.064425048828125000e+02
7.340554809570312500e+02
7.449429321289062500e+02
7.140508422851562500e+02
7.418643188476562500e+02
7.061076049804687500e+02
7.155905151367187500e+02
6.983208618164062500e+02
7.424058227539062500e+02
7.586692504882812500e+02
9.820114746093750000e+02
9.460632324218750000e+02
9.583197631835937500e+02
7.977484741210937500e+02
8.953142700195312500e+02
8.884275512695312500e+02
1.041625610351562500e+03
8.711403198242187500e+02
8.948767700195312500e+02
7.909730834960937500e+02
9.135657348632812500e+02
8.969806518554687500e+02
9.951221313476562500e+02
8.470981445312500000e+02
8.983898925781250000e+02
7.991779785156250000e+02
8.968150634765625000e+02
7.980684204101562500e+02
8.804165649414062500e+02
8.047181396484375000e+02
8.700924682617187500e+02
7.817990722656250000e+02
8.387351684570312500e+02
7.580684814453125000e+02
8.097381591796875000e+02
7.610863037109375000e+02
8.316311645507812500e+02
8.055231323242187500e+02
9.334917602539062500e+02
8.487030029296875000e+02
9.123054809570312500e+02
7.971354370117187500e+02
8.665290527343750000e+02
7.819857177734375000e+02
8.721981811523437500e+02
8.046849365234375000e+02
9.097368164062500000e+02
8.317374877929687500e+02
9.090844116210937500e+02
8.012251586914062500e+02
8.403901367187500000e+02
7.584649658203125000e+02
8.092927246093750000e+02
7.830234375000000000e+02
9.025151367187500000e+02
8.655079345703125000e+02
9.663994140625000000e+02
8.215287475585937500e+02
8.488925781250000000e+02
7.666277465820312500e+02
8.188065185546875000e+02
7.859096679687500000e+02
9.040339965820312500e+02
8.578959960937500000e+02
9.753615112304687500e+02
8.120570678710937500e+02
8.207367553710937500e+02
7.309224853515625000e+02
7.508143310546875000e+02
7.244039916992187500e+02
7.546680908203125000e+02
7.252316284179687500e+02
8.106218261718750000e+02
8.078538208007812500e+02
9.890766601562500000e+02
9.003919067382812500e+02
9.287798461914062500e+02
7.897214965820312500e+02
8.491400146484375000e+02
8.074872436523437500e+02
9.641549682617187500e+02
8.916950073242187500e+02
9.678699951171875000e+02
7.850029296875000000e+02
7.728943481445312500e+02
7.182957153320312500e+02
7.164056396484375000e+02
6.744301147460937500e+02
6.653261718750000000e+02
6.596481933593750000e+02
6.713893432617187500e+02
6.932413940429687500e+02
8.437091674804687500e+02
9.362918090820312500e+02
1.091272705078125000e+03
8.672575073242187500e+02
8.409966430664062500e+02
7.911802978515625000e+02
9.838742675781250000e+02
9.261770629882812500e+02
9.430865478515625000e+02
7.845362548828125000e+02
8.547621459960937500e+02
8.550527343750000000e+02
1.059509033203125000e+03
8.954923095703125000e+02
8.638652954101562500e+02
7.376252441406250000e+02
7.335659179687500000e+02
7.042118530273437500e+02
7.601010131835937500e+02
7.773728027343750000e+02
9.574281616210937500e+02
9.082851562500000000e+02
9.359765014648437500e+02
7.467506713867187500e+02
7.280463256835937500e+02
6.851813354492187500e+02
6.651712646484375000e+02
6.337504272460937500e+02
6.106821289062500000e+02
6.103750610351562500e+02
6.121478881835937500e+02
6.137504272460937500e+02
6.280302734375000000e+02
6.732338256835937500e+02
8.266993408203125000e+02
1.314229492187500000e+03
8.187294921875000000e+02
7.206480102539062500e+02
7.092144165039062500e+02
9.359415893554687500e+02
1.090877563476562500e+03
8.262777709960937500e+02
6.863805541992187500e+02
7.172785644531250000e+02
8.240517578125000000e+02
1.259365356445312500e+03
8.648557128906250000e+02
7.780475463867187500e+02
7.438473510742187500e+02
9.528624267578125000e+02
1.075974487304687500e+03
8.262721557617187500e+02
6.874010009765625000e+02
6.501435546875000000e+02
6.300814819335937500e+02
6.575362548828125000e+02
6.999364013671875000e+02
1.028725952148437500e+03
1.034557617187500000e+03
8.356364135742187500e+02
6.998790893554687500e+02
6.970566406250000000e+02
6.999732666015625000e+02
8.587897338867187500e+02
9.650690917968750000e+02
1.063653442382812500e+03
7.855803833007812500e+02
8.182563476562500000e+02
8.141284179687500000e+02
1.071204101562500000e+03
9.346914062500000000e+02
8.789548339843750000e+02
7.379186401367187500e+02
7.797865600585937500e+02
7.838147583007812500e+02
9.872697143554687500e+02
9.128786010742187500e+02
9.152946777343750000e+02
7.405543823242187500e+02
7.359467163085937500e+02
7.036435546875000000e+02
7.164244384765625000e+02
7.125095214843750000e+02
7.854657592773437500e+02
7.919290161132812500e+02
1.015135559082031250e+03
8.968581542968750000e+02
9.162516479492187500e+02
7.608408203125000000e+02
7.881525878906250000e+02
7.631426391601562500e+02
9.265402221679687500e+02
9.070814208984375000e+02
9.834274902343750000e+02
8.026921386718750000e+02
8.432185058593750000e+02
7.726489257812500000e+02
9.056770019531250000e+02
8.570554199218750000e+02
9.610504760742187500e+02
8.112760620117187500e+02
8.468130493164062500e+02
7.669582519531250000e+02
8.407583007812500000e+02
7.862015991210937500e+02
9.192840576171875000e+02
8.257604370117187500e+02
9.280296020507812500e+02
7.952719116210937500e+02
8.305753784179687500e+02
7.400666503906250000e+02
7.869086303710937500e+02
7.448300170898437500e+02
7.578734741210937500e+02
7.144005126953125000e+02
7.557021484375000000e+02
7.415668334960937500e+02
8.716644287109375000e+02
8.854790039062500000e+02
1.042088623046875000e+03
8.409417114257812500e+02
8.703944702148437500e+02
7.872410888671875000e+02
9.009635009765625000e+02
8.623143310546875000e+02
9.636720581054687500e+02
8.674135742187500000e+02
9.410442504882812500e+02
7.993540039062500000e+02
8.344660034179687500e+02
7.576997680664062500e+02
8.309580688476562500e+02
7.817692260742187500e+02
8.632720947265625000e+02
8.050378417968750000e+02
9.119639892578125000e+02
8.029439086914062500e+02
8.611765747070312500e+02
7.907354736328125000e+02
8.703009643554687500e+02
8.109899291992187500e+02
9.220504760742187500e+02
8.336343994140625000e+02
8.943040161132812500e+02
7.661854248046875000e+02
7.820757446289062500e+02
7.123108520507812500e+02
7.042203369140625000e+02
6.493800048828125000e+02
6.230208129882812500e+02
6.151423950195312500e+02
6.123805541992187500e+02
6.429436645507812500e+02
7.166918334960937500e+02
1.082882812500000000e+03
1.044363037109375000e+03
7.695654907226562500e+02
6.180673217773437500e+02
6.103676757812500000e+02
7.021293334960937500e+02
9.424996337890625000e+02
1.260334228515625000e+03
7.344073486328125000e+02
6.393545532226562500e+02
6.067207641601562500e+02
6.053671264648437500e+02
5.986671142578125000e+02
5.954885253906250000e+02
5.912166137695312500e+02
6.255112915039062500e+02
7.264675903320312500e+02
1.300781616210937500e+03
9.487998046875000000e+02
7.306930541992187500e+02
6.593971557617187500e+02
6.895625610351562500e+02
8.560618896484375000e+02
1.323494140625000000e+03
8.052653198242187500e+02
6.649025268554687500e+02
6.297260742187500000e+02
6.927954101562500000e+02
8.656893920898437500e+02
1.303332275390625000e+03
7.773464355468750000e+02
6.482382812500000000e+02
5.958825073242187500e+02
6.127446899414062500e+02
7.592449951171875000e+02
1.007670471191406250e+03
1.113319946289062500e+03
7.972117309570312500e+02
7.816961669921875000e+02
8.222927246093750000e+02
1.149906616210937500e+03
8.969066772460937500e+02
8.209893188476562500e+02
6.919375610351562500e+02
7.258880615234375000e+02
7.984528198242187500e+02
1.102943481445312500e+03
9.516282348632812500e+02
7.996951293945312500e+02
6.712399902343750000e+02
6.720149536132812500e+02
6.762036132812500000e+02
8.154364624023437500e+02
9.274619750976562500e+02
1.102026855468750000e+03
8.208772583007812500e+02
8.084546508789062500e+02
7.409738159179687500e+02
9.129388427734375000e+02
8.897313232421875000e+02
9.993948974609375000e+02
7.999503173828125000e+02
8.225433349609375000e+02
7.674938964843750000e+02
9.130666503906250000e+02
8.914200439453125000e+02
9.951131591796875000e+02
7.656614379882812500e+02
7.546332397460937500e+02
7.086753540039062500e+02
7.426140747070312500e+02
7.368814086914062500e+02
8.024954833984375000e+02
8.211472167968750000e+02
1.023305297851562500e+03
8.473596801757812500e+02
8.453344116210937500e+02
7.548040771484375000e+02
8.445857543945312500e+02
8.238117675781250000e+02
9.862415161132812500e+02
8.805878906250000000e+02
9.015175781250000000e+02
7.552625122070312500e+02
7.755402221679687500e+02
7.396619262695312500e+02
8.426076660156250000e+02
8.377398071289062500e+02
1.009836425781250000e+03
8.624557495117187500e+02
8.910226440429687500e+02
7.478145751953125000e+02
7.499966430664062500e+02
7.142532958984375000e+02
7.362972412109375000e+02
7.031832275390625000e+02
7.260844116210937500e+02
7.213252563476562500e+02
8.828679199218750000e+02
8.841729736328125000e+02
1.055837890625000000e+03
8.542969360351562500e+02
8.625189208984375000e+02
7.785319213867187500e+02
9.344849243164062500e+02
8.683138427734375000e+02
9.728412475585937500e+02
7.950488891601562500e+02
8.454906616210937500e+02
7.979790039062500000e+02
9.365849609375000000e+02
8.733258056640625000e+02
9.466968994140625000e+02
7.699701538085937500e+02
7.761102294921875000e+02
7.080051879882812500e+02
7.100748901367187500e+02
6.566837768554687500e+02
6.336107788085937500e+02
6.063742065429687500e+02
5.994296875000000000e+02
6.194321899414062500e+02
6.575809326171875000e+02
8.089304199218750000e+02
9.783121337890625000e+02
1.082026123046875000e+03
8.233512573242187500e+02
7.710130615234375000e+02
7.204760131835937500e+02
9.284003906250000000e+02
9.076070556640625000e+02
9.892794189453125000e+02
7.783403320312500000e+02
8.053656616210937500e+02
8.656403198242187500e+02
1.140816650390625000e+03
8.932717285156250000e+02
8.112229614257812500e+02
7.102748413085937500e+02
7.735476684570312500e+02
8.118162231445312500e+02
1.073198730468750000e+03
9.187061767578125000e+02
7.944804687500000000e+02
6.800695190429687500e+02
6.705551757812500000e+02
6.410573120117187500e+02
6.511149902343750000e+02
6.365276489257812500e+02
6.661461791992187500e+02
7.089587402343750000e+02
9.357053222656250000e+02
1.018560913085937500e+03
8.782459716796875000e+02
7.183519897460937500e+02
7.257176513671875000e+02
7.444667968750000000e+02
1.051958740234375000e+03
9.964649658203125000e+02
8.285080566406250000e+02
6.746629638671875000e+02
6.701010742187500000e+02
6.787407226562500000e+02
7.571578369140625000e+02
8.672573242187500000e+02
1.195515380859375000e+03
8.267828979492187500e+02
7.812803955078125000e+02
7.436596679687500000e+02
9.724671630859375000e+02
9.917208862304687500e+02
8.831066284179687500e+02
7.431743164062500000e+02
7.758499145507812500e+02
7.815529785156250000e+02
1.049512939453125000e+03
8.565255737304687500e+02
8.563741455078125000e+02
7.403835449218750000e+02
7.742100830078125000e+02
7.610490722656250000e+02
9.018663940429687500e+02
8.694821777343750000e+02
9.822386474609375000e+02
7.672183837890625000e+02
7.952183227539062500e+02
7.499769287109375000e+02
8.573301391601562500e+02
8.385755004882812500e+02
1.000537292480468750e+03
8.354320068359375000e+02
8.508807983398437500e+02
7.367667236328125000e+02
7.347276000976562500e+02
6.907387695312500000e+02
6.800987548828125000e+02
6.517622680664062500e+02
6.300593261718750000e+02
6.093770141601562500e+02
6.113201904296875000e+02
6.024285888671875000e+02
6.010844726562500000e+02
6.193864746093750000e+02
6.601430053710937500e+02
7.601607666015625000e+02
1.257220092773437500e+03
9.016000976562500000e+02
7.647190551757812500e+02
7.373861694335937500e+02
1.052707885742187500e+03
1.107272705078125000e+03
6.939708862304687500e+02
5.900183105468750000e+02
6.123948974609375000e+02
8.204215087890625000e+02
1.196189453125000000e+03
7.488625488281250000e+02
5.910772705078125000e+02
6.216965332031250000e+02
8.959138793945312500e+02
1.234065185546875000e+03
6.759832153320312500e+02
5.869066772460937500e+02
8.309857177734375000e+02
1.553484375000000000e+03
5.959753417968750000e+02
1.172564453125000000e+03
1.362275146484375000e+03
5.992606811523437500e+02
1.406258300781250000e+03
8.902605590820312500e+02
5.882601928710937500e+02
8.793230590820312500e+02
1.641568115234375000e+03
6.075288696289062500e+02
1.673713256835937500e+03
6.027597656250000000e+02
1.124662353515625000e+03
1.253616699218750000e+03
6.020734252929687500e+02
8.297254028320312500e+02
1.365377197265625000e+03
6.421108398437500000e+02
8.761891479492187500e+02
1.565564208984375000e+03
6.202913818359375000e+02
1.917804687500000000e+03
7.281485595703125000e+02
2.598593261718750000e+03
1.937104614257812500e+03
2.086138916015625000e+03
2.129267578125000000e+03
1.461516601562500000e+03
1.359488281250000000e+03
2.076387207031250000e+03
1.574759643554687500e+03
2.343807861328125000e+03
2.489058349609375000e+03
9.470189208984375000e+02
1.460813842773437500e+03
1.278334594726562500e+03
6.522978515625000000e+02
1.576558837890625000e+03
6.442941894531250000e+02
1.131824707031250000e+03
1.472492309570312500e+03
7.625173950195312500e+02
2.142224853515625000e+03
1.184441894531250000e+03
3.027098388671875000e+03
3.264297363281250000e+03
6.310853881835937500e+02
3.178110595703125000e+03
2.874781250000000000e+03
8.472608032226562500e+02
1.800575439453125000e+03
8.549273071289062500e+02
6.995370483398437500e+02
1.232848510742187500e+03
7.220808105468750000e+02
6.591951293945312500e+02
8.432947998046875000e+02
7.817453002929687500e+02
8.296864013671875000e+02
7.178334350585937500e+02
6.304678955078125000e+02
6.969817504882812500e+02
8.457970581054687500e+02
1.229238525390625000e+03
6.168723144531250000e+02
1.105721191406250000e+03
1.463674316406250000e+03
6.081393432617187500e+02
1.733468505859375000e+03
5.969413452148437500e+02
1.715082763671875000e+03
6.059727172851562500e+02
1.207924560546875000e+03
1.318553466796875000e+03
6.321961059570312500e+02
1.727612182617187500e+03
5.905578613281250000e+02
1.649068481445312500e+03
6.608725585937500000e+02
7.482929077148437500e+02
1.780947265625000000e+03
6.453272094726562500e+02
2.313896728515625000e+03
1.458321044921875000e+03
2.659332275390625000e+03
2.813487060546875000e+03
7.360949096679687500e+02
1.315668945312500000e+03
1.343062500000000000e+03
6.969192504882812500e+02
2.019723632812500000e+03
1.008179931640625000e+03
3.222918701171875000e+03
3.444988037109375000e+03
6.797172241210937500e+02
3.357437011718750000e+03
3.398408935546875000e+03
6.347861328125000000e+02
3.210651611328125000e+03
2.899343017578125000e+03
9.300252685546875000e+02
1.480759155273437500e+03
1.279295410156250000e+03
1.051828125000000000e+03
1.810632934570312500e+03
1.137041259765625000e+03
2.660232421875000000e+03
2.556533691406250000e+03
1.145293334960937500e+03
1.758199951171875000e+03
1.025505004882812500e+03
1.122986816406250000e+03
1.494767333984375000e+03
9.032342529296875000e+02
1.440830444335937500e+03
9.689934692382812500e+02
1.725566040039062500e+03
8.124931030273437500e+02
1.879864624023437500e+03
1.127231933593750000e+03
1.970606323242187500e+03
1.243620605468750000e+03
2.676968994140625000e+03
2.732854736328125000e+03
9.316147460937500000e+02
2.651469238281250000e+03
1.444884521484375000e+03
2.791749023437500000e+03
3.177843261718750000e+03
8.075833129882812500e+02
3.583955322265625000e+03
3.804586669921875000e+03
1.076762451171875000e+03
4.375115234375000000e+03
5.797753417968750000e+03
3.889048339843750000e+03
1.374960693359375000e+03
3.039988525390625000e+03
1.755139160156250000e+03
2.649291259765625000e+03
3.208895751953125000e+03
8.664666748046875000e+02
3.082698974609375000e+03
3.124247558593750000e+03
8.575166015625000000e+02
2.144239990234375000e+03
1.318004028320312500e+03
2.074721435546875000e+03
1.797659179687500000e+03
1.667013183593750000e+03
1.619609497070312500e+03
1.551651855468750000e+03
1.287630126953125000e+03
1.955422973632812500e+03
1.548643676757812500e+03
1.953687622070312500e+03
1.921074096679687500e+03
1.358326782226562500e+03
1.657690429687500000e+03
1.020323486328125000e+03
9.590807495117187500e+02
1.436573852539062500e+03
9.021731567382812500e+02
1.746544677734375000e+03
9.261068115234375000e+02
1.952736206054687500e+03
1.178442626953125000e+03
2.255095214843750000e+03
2.143096923828125000e+03
1.200697509765625000e+03
1.582143798828125000e+03
1.190330932617187500e+03
8.077676391601562500e+02
1.513188476562500000e+03
8.194432373046875000e+02
1.942623168945312500e+03
1.025952270507812500e+03
2.625030029296875000e+03
2.547905517578125000e+03
9.519060668945312500e+02
1.538651977539062500e+03
1.108850463867187500e+03
9.831830444335937500e+02
1.516707641601562500e+03
7.371266479492187500e+02
1.660870971679687500e+03
7.010508422851562500e+02
1.937569091796875000e+03
8.783873901367187500e+02
2.685096923828125000e+03
2.493678466796875000e+03
1.059612548828125000e+03
1.227342529296875000e+03
1.736212768554687500e+03
1.528471313476562500e+03
1.470023681640625000e+03
1.010532043457031250e+03
2.438851074218750000e+03
2.176100830078125000e+03
1.419929199218750000e+03
1.502046875000000000e+03
1.572971923828125000e+03
1.131040283203125000e+03
1.978302612304687500e+03
1.608867675781250000e+03
1.874689331054687500e+03
1.735729492187500000e+03
1.606338989257812500e+03
1.470201660156250000e+03
1.814904785156250000e+03
1.828487304687500000e+03
1.148213989257812500e+03
9.156149291992187500e+02
1.646659667968750000e+03
1.049673706054687500e+03
1.923605590820312500e+03
1.405861206054687500e+03
2.187508056640625000e+03
2.162443603515625000e+03
1.195661010742187500e+03
1.569347778320312500e+03
1.195513793945312500e+03
1.078336059570312500e+03
1.413007812500000000e+03
7.686979370117187500e+02
1.354181762695312500e+03
8.622650146484375000e+02
1.713735961914062500e+03
8.091950683593750000e+02
1.766971679687500000e+03
8.923858032226562500e+02
1.890436279296875000e+03
1.101669677734375000e+03
2.589182861328125000e+03
2.620203125000000000e+03
8.318411865234375000e+02
2.296737548828125000e+03
9.230508422851562500e+02
2.672649658203125000e+03
2.563249755859375000e+03
8.851959838867187500e+02
1.566217163085937500e+03
1.033664306640625000e+03
1.028728027343750000e+03
1.398726318359375000e+03
7.898208007812500000e+02
1.304133422851562500e+03
7.155806884765625000e+02
1.082049194335937500e+03
1.349359497070312500e+03
1.061903564453125000e+03
1.659515014648437500e+03
8.475636596679687500e+02
2.483533691406250000e+03
2.130184570312500000e+03
1.490815795898437500e+03
1.640101196289062500e+03
1.352515258789062500e+03
1.017480651855468750e+03
1.858799316406250000e+03
1.313804199218750000e+03
2.326553222656250000e+03
2.308042724609375000e+03
1.046481689453125000e+03
1.064637084960937500e+03
1.942418457031250000e+03
1.400849975585937500e+03
1.881889282226562500e+03
1.699368530273437500e+03
1.592664306640625000e+03
1.573502807617187500e+03
1.477792114257812500e+03
1.154283203125000000e+03
2.199544677734375000e+03
1.964381958007812500e+03
1.483703857421875000e+03
1.512328369140625000e+03
1.558378295898437500e+03
1.453503173828125000e+03
1.435716308593750000e+03
1.011046997070312500e+03
2.026836669921875000e+03
1.510834472656250000e+03
1.952093627929687500e+03
1.998601440429687500e+03
1.123705688476562500e+03
1.508909667968750000e+03
1.079344360351562500e+03
9.093992309570312500e+02
1.326947387695312500e+03
8.069360961914062500e+02
1.584388183593750000e+03
7.427506713867187500e+02
1.483729858398437500e+03
7.422432250976562500e+02
1.801460937500000000e+03
7.966419067382812500e+02
2.013252807617187500e+03
1.245664184570312500e+03
2.139940917968750000e+03
2.091179931640625000e+03
1.094693115234375000e+03
1.427040283203125000e+03
1.316357543945312500e+03
8.415354003906250000e+02
1.818354492187500000e+03
9.942390747070312500e+02
2.183267578125000000e+03
1.909742675781250000e+03
1.440009277343750000e+03
1.409369873046875000e+03
1.641872192382812500e+03
1.342176147460937500e+03
2.005787963867187500e+03
1.797122314453125000e+03
1.557722534179687500e+03
1.519694946289062500e+03
1.598249267578125000e+03
1.663022460937500000e+03
1.165948608398437500e+03
8.110405883789062500e+02
1.654086181640625000e+03
8.487553100585937500e+02
2.019675781250000000e+03
1.418470458984375000e+03
2.195370117187500000e+03
2.241049316406250000e+03
1.000716674804687500e+03
1.365295410156250000e+03
1.291688354492187500e+03
9.674058227539062500e+02
1.635004516601562500e+03
8.782815551757812500e+02
2.146266601562500000e+03
1.627935180664062500e+03
1.824056518554687500e+03
1.886841186523437500e+03
1.215610229492187500e+03
1.535896484375000000e+03
1.028992431640625000e+03
7.873626708984375000e+02
1.202971191406250000e+03
6.976848144531250000e+02
1.186042846679687500e+03
9.989177246093750000e+02
8.277183837890625000e+02
1.349360107421875000e+03
6.728189697265625000e+02
1.135359008789062500e+03
8.412365112304687500e+02
6.480362548828125000e+02
8.606333007812500000e+02
7.318364868164062500e+02
6.408272094726562500e+02
6.152164306640625000e+02
6.574323120117187500e+02
6.696492919921875000e+02
6.182564697265625000e+02
5.925628662109375000e+02
6.161007690429687500e+02
6.669391479492187500e+02
8.334476318359375000e+02
7.962374267578125000e+02
9.160570678710937500e+02
8.344122314453125000e+02
8.354672241210937500e+02
7.446373901367187500e+02
8.425467529296875000e+02
8.480639038085937500e+02
8.973099365234375000e+02
7.568968505859375000e+02
8.046460571289062500e+02
8.288884887695312500e+02
9.262687988281250000e+02
8.612855834960937500e+02
8.132142944335937500e+02
7.172755126953125000e+02
7.635859375000000000e+02
7.575643310546875000e+02
9.049932250976562500e+02
8.132631835937500000e+02
8.109234619140625000e+02
6.988473510742187500e+02
6.603880615234375000e+02
5.958873901367187500e+02
5.916730346679687500e+02
6.135289306640625000e+02
6.685868530273437500e+02
8.461119995117187500e+02
8.025004882812500000e+02
8.399418334960937500e+02
7.087002563476562500e+02
6.496557617187500000e+02
5.966452636718750000e+02
6.073955688476562500e+02
7.471060180664062500e+02
8.479180908203125000e+02
1.041366210937500000e+03
6.794774169921875000e+02
5.954278564453125000e+02
6.375992431640625000e+02
7.461096801757812500e+02
1.069881591796875000e+03
7.271863403320312500e+02
6.664771118164062500e+02
6.151908569335937500e+02
6.065774536132812500e+02
5.905960083007812500e+02
5.800395507812500000e+02
5.824039306640625000e+02
6.039456787109375000e+02
7.109313964843750000e+02
8.512936401367187500e+02
1.098439697265625000e+03
7.623291625976562500e+02
6.922647094726562500e+02
6.156841430664062500e+02
6.079795532226562500e+02
5.972604370117187500e+02
6.119559936523437500e+02
6.587706298828125000e+02
9.544357299804687500e+02
9.819316406250000000e+02
7.324925537109375000e+02
6.008859252929687500e+02
5.787233276367187500e+02
6.703252563476562500e+02
8.789133300781250000e+02
1.112590454101562500e+03
6.824887084960937500e+02
5.911562500000000000e+02
5.720814819335937500e+02
5.891042480468750000e+02
6.454914550781250000e+02
7.530191650390625000e+02
1.167481079101562500e+03
7.798391723632812500e+02
6.909442138671875000e+02
6.427175292968750000e+02
6.643759765625000000e+02
6.756394653320312500e+02
8.269724121093750000e+02
9.161699829101562500e+02
8.930770874023437500e+02
7.039320678710937500e+02
7.340693359375000000e+02
7.244765014648437500e+02
9.122584228515625000e+02
8.409710693359375000e+02
8.547235717773437500e+02
7.072819824218750000e+02
6.807116699218750000e+02
6.292960205078125000e+02
6.140198974609375000e+02
5.947119750976562500e+02
5.741306152343750000e+02
5.765289916992187500e+02
5.880714721679687500e+02
5.996765136718750000e+02
6.286051635742187500e+02
7.618114624023437500e+02
8.800388793945312500e+02
9.969831542968750000e+02
7.709635009765625000e+02
7.351796875000000000e+02
6.916967163085937500e+02
8.499641723632812500e+02
8.698378906250000000e+02
8.883934936523437500e+02
7.462675781250000000e+02
7.762720947265625000e+02
7.734298095703125000e+02
9.587026367187500000e+02
8.464057617187500000e+02
8.320933837890625000e+02
6.777391357421875000e+02
6.769237670898437500e+02
6.318117675781250000e+02
6.275277709960937500e+02
6.092433471679687500e+02
6.149915161132812500e+02
6.062188110351562500e+02
6.324881591796875000e+02
6.455523071289062500e+02
7.371824340820312500e+02
8.125513916015625000e+02
1.051992187500000000e+03
8.053325195312500000e+02
7.587075805664062500e+02
6.916929931640625000e+02
7.949468994140625000e+02
8.194727172851562500e+02
1.002568481445312500e+03
7.913996582031250000e+02
7.664555053710937500e+02
6.967479858398437500e+02
7.663049926757812500e+02
7.752845458984375000e+02
9.326535644531250000e+02
7.875851440429687500e+02
7.636212158203125000e+02
6.873992309570312500e+02
7.052429809570312500e+02
6.574614257812500000e+02
6.613103637695312500e+02
6.431470947265625000e+02
6.317839965820312500e+02
6.309106445312500000e+02
6.569049682617187500e+02
6.583541870117187500e+02
7.387684936523437500e+02
7.760098266601562500e+02
9.912635498046875000e+02
8.502374877929687500e+02
8.147873535156250000e+02
7.042226562500000000e+02
7.636425170898437500e+02
7.640344238281250000e+02
9.930076293945312500e+02
8.314428100585937500e+02
8.005758056640625000e+02
6.974166870117187500e+02
7.406984252929687500e+02
7.126929931640625000e+02
8.312069091796875000e+02
7.965842285156250000e+02
9.070476684570312500e+02
7.635344238281250000e+02
7.832580566406250000e+02
7.032796630859375000e+02
7.272083129882812500e+02
6.848733520507812500e+02
7.178103027343750000e+02
6.926435546875000000e+02
7.311444091796875000e+02
7.061785888671875000e+02
7.639114379882812500e+02
7.314356689453125000e+02
8.490443115234375000e+02
8.091929321289062500e+02
8.964452514648437500e+02
7.421311035156250000e+02
7.620540771484375000e+02
6.977723388671875000e+02
7.314993896484375000e+02
6.927190551757812500e+02
7.597438964843750000e+02
7.499268188476562500e+02
9.027270507812500000e+02
8.034443359375000000e+02
8.478704223632812500e+02
7.270750122070312500e+02
7.327514648437500000e+02
6.748827514648437500e+02
6.843784790039062500e+02
6.521936035156250000e+02
6.515332641601562500e+02
6.480739135742187500e+02
6.896815185546875000e+02
7.088111572265625000e+02
8.915952148437500000e+02
8.974238281250000000e+02
8.574213867187500000e+02
7.030358276367187500e+02
7.052851562500000000e+02
6.824924316406250000e+02
7.588547973632812500e+02
7.929561767578125000e+02
9.915073852539062500e+02
8.191345825195312500e+02
7.865836791992187500e+02
6.963367309570312500e+02
6.934690551757812500e+02
6.629825439453125000e+02
6.704122314453125000e+02
6.823033447265625000e+02
8.163692626953125000e+02
8.314467163085937500e+02
9.597374877929687500e+02
7.826667480468750000e+02
7.625071411132812500e+02
6.804627685546875000e+02
6.538662719726562500e+02
6.272901000976562500e+02
6.320492553710937500e+02
6.299774780273437500e+02
6.612446289062500000e+02
6.947431030273437500e+02
8.625695800781250000e+02
8.970139770507812500e+02
9.018961791992187500e+02
7.280935668945312500e+02
7.748638305664062500e+02
7.530189819335937500e+02
9.674013061523437500e+02
8.270526733398437500e+02
8.253450927734375000e+02
7.258869628906250000e+02
7.587081298828125000e+02
7.449882202148437500e+02
8.785133056640625000e+02
8.113157348632812500e+02
8.945021362304687500e+02
7.175604858398437500e+02
7.056851806640625000e+02
6.459097900390625000e+02
6.202542724609375000e+02
5.890474243164062500e+02
5.843801879882812500e+02
5.812183837890625000e+02
5.786425781250000000e+02
6.064937744140625000e+02
6.284782714843750000e+02
7.662310180664062500e+02
8.942906494140625000e+02
1.012370666503906250e+03
7.751638183593750000e+02
7.634470214843750000e+02
7.717062377929687500e+02
1.008189636230468750e+03
8.348847656250000000e+02
8.083245849609375000e+02
7.127152709960937500e+02
8.058538208007812500e+02
8.706781005859375000e+02
9.928322143554687500e+02
7.768295898437500000e+02
7.598155517578125000e+02
6.855327148437500000e+02
7.628403930664062500e+02
7.717538452148437500e+02
9.597995605468750000e+02
7.943804321289062500e+02
7.664071044921875000e+02
6.816597900390625000e+02
6.536687622070312500e+02
6.125748901367187500e+02
5.930003051757812500e+02
5.737678833007812500e+02
5.779454956054687500e+02
5.738666381835937500e+02
5.773746337890625000e+02
5.831029052734375000e+02
5.909827270507812500e+02
6.210897216796875000e+02
6.542333984375000000e+02
8.643978881835937500e+02
1.004273010253906250e+03
8.123168334960937500e+02
6.891567382812500000e+02
7.922561645507812500e+02
9.487471313476562500e+02
9.352785644531250000e+02
7.685623168945312500e+02
8.787514648437500000e+02
8.669094848632812500e+02
9.176455688476562500e+02
8.472203979492187500e+02
9.068256835937500000e+02
8.271333007812500000e+02
8.936079101562500000e+02
7.809622192382812500e+02
8.657910766601562500e+02
7.724179687500000000e+02
8.624624633789062500e+02
7.577897949218750000e+02
8.292272338867187500e+02
7.249752197265625000e+02
7.801766357421875000e+02
7.086321411132812500e+02
7.254815673828125000e+02
6.786432495117187500e+02
6.874205932617187500e+02
6.501545410156250000e+02
6.487370605468750000e+02
6.232955932617187500e+02
5.997770996093750000e+02
5.872308959960937500e+02
5.715825195312500000e+02
5.740134887695312500e+02
5.741140136718750000e+02
5.662210083007812500e+02
5.591195068359375000e+02
5.625050048828125000e+02
5.591158447265625000e+02
5.546234741210937500e+02
5.689595336914062500e+02
5.660551147460937500e+02
5.754966430664062500e+02
6.453697509765625000e+02
1.078331542968750000e+03
1.148488037109375000e+03
5.709705200195312500e+02
7.946983032226562500e+02
1.508978027343750000e+03
6.065259399414062500e+02
2.194957763671875000e+03
1.075237915039062500e+03
3.092405029296875000e+03
3.606711181640625000e+03
1.174911499023437500e+03
4.228123046875000000e+03
5.625870117187500000e+03
3.696013671875000000e+03
1.467041503906250000e+03
2.941307617187500000e+03
1.400600463867187500e+03
3.132751708984375000e+03
3.826877929687500000e+03
1.336761596679687500e+03
3.715992675781250000e+03
5.024980468750000000e+03
3.223932373046875000e+03
1.582100952148437500e+03
2.684403076171875000e+03
7.394485473632812500e+02
3.086416992187500000e+03
3.264509033203125000e+03
7.288122558593750000e+02
3.675168701171875000e+03
4.210012207031250000e+03
1.588503662109375000e+03
3.824806884765625000e+03
5.554634277343750000e+03
4.119714843750000000e+03
8.011265869140625000e+02
3.130212402343750000e+03
2.591712890625000000e+03
1.163769042968750000e+03
1.584949340820312500e+03
1.152973266601562500e+03
9.788630981445312500e+02
1.570891845703125000e+03
8.187117309570312500e+02
1.972755371093750000e+03
1.443217773437500000e+03
1.635095703125000000e+03
1.248170776367187500e+03
2.113654785156250000e+03
1.990276123046875000e+03
1.257880371093750000e+03
1.173208007812500000e+03
1.888768798828125000e+03
1.590791503906250000e+03
1.492044311523437500e+03
1.233139648437500000e+03
2.000183959960937500e+03
1.743924804687500000e+03
1.573509765625000000e+03
1.538237670898437500e+03
1.549160034179687500e+03
1.599900268554687500e+03
1.203141235351562500e+03
9.402579956054687500e+02
1.528943115234375000e+03
9.592709960937500000e+02
1.734645507812500000e+03
1.052956542968750000e+03
2.067452880859375000e+03
1.665906372070312500e+03
1.738123168945312500e+03
1.796367431640625000e+03
1.236480712890625000e+03
1.502366821289062500e+03
1.084290527343750000e+03
8.947200927734375000e+02
1.395052856445312500e+03
8.584564208984375000e+02
1.667010498046875000e+03
8.573683471679687500e+02
1.910136474609375000e+03
1.177457031250000000e+03
2.083470947265625000e+03
1.980120971679687500e+03
1.197540527343750000e+03
1.481758178710937500e+03
1.243067871093750000e+03
8.241395874023437500e+02
1.693845336914062500e+03
9.494685058593750000e+02
1.974883178710937500e+03
1.441795288085937500e+03
2.090794677734375000e+03
2.108101562500000000e+03
1.087764648437500000e+03
1.076809326171875000e+03
1.846638671875000000e+03
1.374229858398437500e+03
1.697093994140625000e+03
1.427887817382812500e+03
1.852127929687500000e+03
1.728809326171875000e+03
1.415339355468750000e+03
1.256010620117187500e+03
1.900585815429687500e+03
1.692181274414062500e+03
1.361261108398437500e+03
1.136496948242187500e+03
1.964616333007812500e+03
1.702061523437500000e+03
1.394874633789062500e+03
1.210557617187500000e+03
1.883987670898437500e+03
1.652745117187500000e+03
1.405011474609375000e+03
1.199581542968750000e+03
1.858507812500000000e+03
1.574562255859375000e+03
1.493468994140625000e+03
1.284092529296875000e+03
1.798539672851562500e+03
1.565194824218750000e+03
1.438912597656250000e+03
1.222822387695312500e+03
1.743165283203125000e+03
1.510260375976562500e+03
1.381477539062500000e+03
1.106790161132812500e+03
1.597431640625000000e+03
1.251698242187500000e+03
1.474118164062500000e+03
1.034311523437500000e+03
1.570026611328125000e+03
1.096965454101562500e+03
1.582549926757812500e+03
1.025217407226562500e+03
1.743568847656250000e+03
1.272966918945312500e+03
1.598472656250000000e+03
1.203629028320312500e+03
1.919191162109375000e+03
1.676053833007812500e+03
1.509303955078125000e+03
1.429707275390625000e+03
1.605708129882812500e+03
1.595156616210937500e+03
1.194243041992187500e+03
9.940080566406250000e+02
1.475870605468750000e+03
1.050874877929687500e+03
1.591544189453125000e+03
9.987007446289062500e+02
1.822816772460937500e+03
1.285583251953125000e+03
1.872421630859375000e+03
1.742254150390625000e+03
1.345063720703125000e+03
1.566558959960937500e+03
1.087502929687500000e+03
9.006301269531250000e+02
1.425481201171875000e+03
9.640360107421875000e+02
1.643499267578125000e+03
9.705470581054687500e+02
1.968599609375000000e+03
1.472555175781250000e+03
1.901494628906250000e+03
1.994984252929687500e+03
9.940253906250000000e+02
1.432547973632812500e+03
9.941951293945312500e+02
7.732172241210937500e+02
1.232912475585937500e+03
7.284018554687500000e+02
1.603550537109375000e+03
7.002813110351562500e+02
1.614671264648437500e+03
7.068092651367187500e+02
1.941193359375000000e+03
1.096674194335937500e+03
2.641399658203125000e+03
2.865546630859375000e+03
6.722017211914062500e+02
3.074891601562500000e+03
2.989549560546875000e+03
6.196191406250000000e+02
2.566057373046875000e+03
1.849514648437500000e+03
1.934201293945312500e+03
2.359217529296875000e+03
6.333526611328125000e+02
1.795974609375000000e+03
6.493639526367187500e+02
2.134581542968750000e+03
1.381436889648437500e+03
2.305187744140625000e+03
2.487005126953125000e+03
6.774797973632812500e+02
1.795518920898437500e+03
6.339312133789062500e+02
1.279476196289062500e+03
6.377599487304687500e+02
9.981474609375000000e+02
1.376772094726562500e+03
6.739932250976562500e+02
1.713538452148437500e+03
7.607087402343750000e+02
2.478536621093750000e+03
2.160669921875000000e+03
1.264592895507812500e+03
1.457172363281250000e+03
1.368060546875000000e+03
1.369437377929687500e+03
1.258978149414062500e+03
7.643843383789062500e+02
1.897708618164062500e+03
1.094791625976562500e+03
2.364774414062500000e+03
2.497231445312500000e+03
6.707316894531250000e+02
1.873680175781250000e+03
6.796000366210937500e+02
2.218407714843750000e+03
1.610865112304687500e+03
1.920572631835937500e+03
1.991441772460937500e+03
1.087497436523437500e+03
1.021128417968750000e+03
1.826521850585937500e+03
1.379993041992187500e+03
1.648428100585937500e+03
1.407838989257812500e+03
1.750743164062500000e+03
1.554527099609375000e+03
1.611901977539062500e+03
1.533715820312500000e+03
1.472371704101562500e+03
1.362353027343750000e+03
1.458187622070312500e+03
1.088300048828125000e+03
2.092619873046875000e+03
1.873047485351562500e+03
1.385489257812500000e+03
1.399973266601562500e+03
1.515490600585937500e+03
1.521844116210937500e+03
1.159332519531250000e+03
8.431234130859375000e+02
1.488485839843750000e+03
8.804286499023437500e+02
1.758717041015625000e+03
1.111524291992187500e+03
2.184007080078125000e+03
2.076227539062500000e+03
1.085232055664062500e+03
1.286705322265625000e+03
1.416914306640625000e+03
1.247061767578125000e+03
1.356670776367187500e+03
8.731272583007812500e+02
1.603830200195312500e+03
9.714152221679687500e+02
1.763851318359375000e+03
1.250601440429687500e+03
2.076184570312500000e+03
2.061938232421875000e+03
1.041737792968750000e+03
1.264370971679687500e+03
1.407218505859375000e+03
1.261634765625000000e+03
1.328709960937500000e+03
8.473486328125000000e+02
1.521352172851562500e+03
8.707965087890625000e+02
1.758838256835937500e+03
1.098852783203125000e+03
2.218987304687500000e+03
2.168324951171875000e+03
9.445765991210937500e+02
1.314449462890625000e+03
1.318725219726562500e+03
1.292086059570312500e+03
1.131583251953125000e+03
7.398198852539062500e+02
1.148187622070312500e+03
6.846044921875000000e+02
1.083412597656250000e+03
1.064539672851562500e+03
8.759013061523437500e+02
1.376525390625000000e+03
6.584686889648437500e+02
1.295257446289062500e+03
6.359942016601562500e+02
1.141466796875000000e+03
1.102686767578125000e+03
8.177689819335937500e+02
1.557430297851562500e+03
7.352814331054687500e+02
2.109016113281250000e+03
1.473885375976562500e+03
2.140327880859375000e+03
2.455485839843750000e+03
6.017543334960937500e+02
1.986977172851562500e+03
8.521571655273437500e+02
2.422620361328125000e+03
2.346903564453125000e+03
7.755825195312500000e+02
1.446080688476562500e+03
9.880047607421875000e+02
6.151254882812500000e+02
1.058956787109375000e+03
7.728164062500000000e+02
6.541805419921875000e+02
5.874450073242187500e+02
6.299965820312500000e+02
7.571672363281250000e+02
7.051083374023437500e+02
6.514261474609375000e+02
5.816173706054687500e+02
5.990944824218750000e+02
7.335830688476562500e+02
7.506213989257812500e+02
8.953927612304687500e+02
6.740521850585937500e+02
5.979558105468750000e+02
5.690949707031250000e+02
6.154511718750000000e+02
7.865330810546875000e+02
8.020071411132812500e+02
8.920484619140625000e+02
6.760170898437500000e+02
6.342413940429687500e+02
5.828880615234375000e+02
5.573524780273437500e+02
5.822022705078125000e+02
6.764431762695312500e+02
9.956737670898437500e+02
7.728088378906250000e+02
7.186970825195312500e+02
6.462856445312500000e+02
6.351068725585937500e+02
5.932719726562500000e+02
5.956591796875000000e+02
6.177800292968750000e+02
7.472185058593750000e+02
8.183402709960937500e+02
9.528008422851562500e+02
7.619341430664062500e+02
7.165095825195312500e+02
6.270533447265625000e+02
5.943978881835937500e+02
5.893048706054687500e+02
6.384799804687500000e+02
7.053410034179687500e+02
9.632158203125000000e+02
8.241007690429687500e+02
7.210046386718750000e+02
6.000864257812500000e+02
5.545385131835937500e+02
5.753702392578125000e+02
6.511912841796875000e+02
9.138526000976562500e+02
7.849534912109375000e+02
7.617830810546875000e+02
6.524213867187500000e+02
5.830278320312500000e+02
5.562802734375000000e+02
6.050845336914062500e+02
7.766732177734375000e+02
7.858540649414062500e+02
9.239548950195312500e+02
7.155778808593750000e+02
6.452444458007812500e+02
5.735160522460937500e+02
5.733655395507812500e+02
6.535800170898437500e+02
7.948012695312500000e+02
1.089370361328125000e+03
6.391209716796875000e+02
5.681993408203125000e+02
6.119790649414062500e+02
7.306560668945312500e+02
1.108599975585937500e+03
6.706962280273437500e+02
5.733704223632812500e+02
5.571760253906250000e+02
5.899260864257812500e+02
7.083152465820312500e+02
7.958294067382812500e+02
9.967078857421875000e+02
7.306652221679687500e+02
6.863391723632812500e+02
6.197051391601562500e+02
6.049128417968750000e+02
5.973201293945312500e+02
6.085847167968750000e+02
6.149254760742187500e+02
6.833123779296875000e+02
7.388210449218750000e+02
9.792115478515625000e+02
7.869495849609375000e+02
7.372164916992187500e+02
6.343623657226562500e+02
6.281043090820312500e+02
5.961800537109375000e+02
6.114312133789062500e+02
6.210585937500000000e+02
6.688068237304687500e+02
7.353535156250000000e+02
1.012287841796875000e+03
7.843347167968750000e+02
7.041916503906250000e+02
6.183966064453125000e+02
5.950642089843750000e+02
5.784068603515625000e+02
5.776191406250000000e+02
5.809130249023437500e+02
6.148583984375000000e+02
6.788490600585937500e+02
9.775026855468750000e+02
8.618260498046875000e+02
7.316791381835937500e+02
6.165889282226562500e+02
5.915299682617187500e+02
5.931646118164062500e+02
6.332403564453125000e+02
7.204881591796875000e+02
1.075992309570312500e+03
7.773590698242187500e+02
7.096124267578125000e+02
6.409170532226562500e+02
6.471229248046875000e+02
6.371995239257812500e+02
7.483574218750000000e+02
7.936263427734375000e+02
9.421488037109375000e+02
7.349884643554687500e+02
7.362090454101562500e+02
6.767745361328125000e+02
7.190606689453125000e+02
7.091902465820312500e+02
8.733638916015625000e+02
7.742970581054687500e+02
8.280646362304687500e+02
6.872977294921875000e+02
6.731364746093750000e+02
6.357247314453125000e+02
6.134844360351562500e+02
5.880168457031250000e+02
5.652470092773437500e+02
5.578472290039062500e+02
5.527062988281250000e+02
5.710549316406250000e+02
5.839220581054687500e+02
6.374804687500000000e+02
7.134492187500000000e+02
1.056976196289062500e+03
8.004486694335937500e+02
7.130926513671875000e+02
6.367457885742187500e+02
6.501817626953125000e+02
6.611352539062500000e+02
8.953424072265625000e+02
9.013593139648437500e+02
7.664732666015625000e+02
6.384220581054687500e+02
6.438933105468750000e+02
6.415959472656250000e+02
7.396943359375000000e+02
8.199912109375000000e+02
9.844460449218750000e+02
7.241266479492187500e+02
7.155246582031250000e+02
6.810879516601562500e+02
8.315570068359375000e+02
8.295882568359375000e+02
8.845460815429687500e+02
7.053430786132812500e+02
7.000364379882812500e+02
6.565475463867187500e+02
7.025567626953125000e+02
6.760975341796875000e+02
7.795800781250000000e+02
7.326473388671875000e+02
8.457883300781250000e+02
7.126502685546875000e+02
7.067870483398437500e+02
6.547553100585937500e+02
6.660294799804687500e+02
6.240860595703125000e+02
6.126791992187500000e+02
5.935474243164062500e+02
5.933317871093750000e+02
5.963376464843750000e+02
6.047160644531250000e+02
6.294459228515625000e+02
7.427922973632812500e+02
8.604423217773437500e+02
9.548985595703125000e+02
7.411370849609375000e+02
7.445795898437500000e+02
7.125494995117187500e+02
9.094137573242187500e+02
8.387287597656250000e+02
8.129550781250000000e+02
7.123586425781250000e+02
7.942310180664062500e+02
7.869553222656250000e+02
9.392762451171875000e+02
7.546649169921875000e+02
7.483827514648437500e+02
6.723969726562500000e+02
7.238410034179687500e+02
6.971112670898437500e+02
7.976973876953125000e+02
7.449708251953125000e+02
8.319088134765625000e+02
7.104530639648437500e+02
7.142372436523437500e+02
6.418468627929687500e+02
6.190604248046875000e+02
5.907675170898437500e+02
5.717095947265625000e+02
5.599320068359375000e+02
5.610656127929687500e+02
5.581572265625000000e+02
5.671178588867187500e+02
5.808915405273437500e+02
6.081491699218750000e+02
7.040847167968750000e+02
8.383699951171875000e+02
1.032486938476562500e+03
7.501002197265625000e+02
7.273367309570312500e+02
7.431633911132812500e+02
9.973970947265625000e+02
8.363170776367187500e+02
7.685302124023437500e+02
7.047177124023437500e+02
8.519353027343750000e+02
8.842586669921875000e+02
8.416019897460937500e+02
6.753851318359375000e+02
6.780220947265625000e+02
6.457362670898437500e+02
7.614946289062500000e+02
7.917231445312500000e+02
9.564484252929687500e+02
7.194455566406250000e+02
7.117324829101562500e+02
6.583008422851562500e+02
6.860650634765625000e+02
6.828138427734375000e+02
7.724829101562500000e+02
7.344633789062500000e+02
8.851855468750000000e+02
7.272718505859375000e+02
7.574959106445312500e+02
6.632169189453125000e+02
6.731365966796875000e+02
6.313876342773437500e+02
6.134641723632812500e+02
5.961510620117187500e+02
5.931200561523437500e+02
5.892980957031250000e+02
6.011660766601562500e+02
6.305793457031250000e+02
7.912495727539062500e+02
8.738086547851562500e+02
9.278621826171875000e+02
7.484989624023437500e+02
7.788952636718750000e+02
7.729496459960937500e+02
9.322175903320312500e+02
7.695911865234375000e+02
8.264310913085937500e+02
7.364498901367187500e+02
8.582043457031250000e+02
8.205257568359375000e+02
8.756484375000000000e+02
7.192347412109375000e+02
7.445577392578125000e+02
6.779173583984375000e+02
7.361564941406250000e+02
7.100066528320312500e+02
8.282011718750000000e+02
7.620744628906250000e+02
8.202158203125000000e+02
6.961513061523437500e+02
7.116419677734375000e+02
6.455650634765625000e+02
6.515233764648437500e+02
6.131035156250000000e+02
5.940167236328125000e+02
5.737529296875000000e+02
5.618464965820312500e+02
5.564182739257812500e+02
5.501368408203125000e+02
5.553310546875000000e+02
5.656011962890625000e+02
5.947844848632812500e+02
6.547645874023437500e+02
9.260358886718750000e+02
9.992065429687500000e+02
6.624166870117187500e+02
5.608838500976562500e+02
5.519298095703125000e+02
6.516134033203125000e+02
9.597407226562500000e+02
9.457630615234375000e+02
7.368076782226562500e+02
7.683469238281250000e+02
8.713643798828125000e+02
9.361071777343750000e+02
7.876957397460937500e+02
8.079168090820312500e+02
7.790903930664062500e+02
9.390988769531250000e+02
8.086005859375000000e+02
8.168068847656250000e+02
7.138673095703125000e+02
8.633175048828125000e+02
8.076321411132812500e+02
8.747215576171875000e+02
6.964151000976562500e+02
7.154932250976562500e+02
6.552285156250000000e+02
6.870851440429687500e+02
6.631897583007812500e+02
7.024025878906250000e+02
6.721494750976562500e+02
7.649230957031250000e+02
7.249710083007812500e+02
8.222541503906250000e+02
7.201217651367187500e+02
7.632427978515625000e+02
7.074585571289062500e+02
8.168136596679687500e+02
7.475737304687500000e+02
8.461271362304687500e+02
7.037156372070312500e+02
7.397462158203125000e+02
6.827500610351562500e+02
7.273617553710937500e+02
6.821840209960937500e+02
7.540663452148437500e+02
7.416693115234375000e+02
9.150144653320312500e+02
7.475025024414062500e+02
7.520635986328125000e+02
6.930407714843750000e+02
7.675206298828125000e+02
7.410005493164062500e+02
8.884545898437500000e+02
7.491923828125000000e+02
8.225753784179687500e+02
7.130233154296875000e+02
7.764379272460937500e+02
7.077098999023437500e+02
8.227449340820312500e+02
7.450128173828125000e+02
8.449779663085937500e+02
7.256161499023437500e+02
7.567760620117187500e+02
6.828948974609375000e+02
7.441657714843750000e+02
6.942484741210937500e+02
7.542849121093750000e+02
7.214756469726562500e+02
8.318993530273437500e+02
7.291735839843750000e+02
8.228690185546875000e+02
7.097373046875000000e+02
7.402982177734375000e+02
6.706051025390625000e+02
6.591403808593750000e+02
6.203223876953125000e+02
6.009615478515625000e+02
5.710422973632812500e+02
5.678122558593750000e+02
5.516476440429687500e+02
5.600740966796875000e+02
5.688092651367187500e+02
5.727733154296875000e+02
6.072232666015625000e+02
7.330597534179687500e+02
9.422144775390625000e+02
9.053843994140625000e+02
7.591412963867187500e+02
8.457630004882812500e+02
8.847861328125000000e+02
8.667476806640625000e+02
7.438998413085937500e+02
8.845661010742187500e+02
8.880442504882812500e+02
8.351829223632812500e+02
7.197178344726562500e+02
8.510889282226562500e+02
8.361380615234375000e+02
8.947940673828125000e+02
6.883950195312500000e+02
6.954551391601562500e+02
6.681871337890625000e+02
7.690319824218750000e+02
7.810684814453125000e+02
9.361640625000000000e+02
7.139341430664062500e+02
6.942054443359375000e+02
6.315635986328125000e+02
6.282464599609375000e+02
6.092600097656250000e+02
5.905377197265625000e+02
5.827678833007812500e+02
5.824777832031250000e+02
5.846779785156250000e+02
6.222286376953125000e+02
6.848519287109375000e+02
1.016876098632812500e+03
8.552810058593750000e+02
7.495142211914062500e+02
6.560554199218750000e+02
6.931488037109375000e+02
7.371149902343750000e+02
1.067089599609375000e+03
7.909086303710937500e+02
7.446567382812500000e+02
6.743332519531250000e+02
8.125878906250000000e+02
8.599335937500000000e+02
9.300430908203125000e+02
7.234598388671875000e+02
7.562840576171875000e+02
7.169494018554687500e+02
8.865634155273437500e+02
7.604172973632812500e+02
8.247918090820312500e+02
7.053992309570312500e+02
7.242226562500000000e+02
6.809721679687500000e+02
7.493903198242187500e+02
7.196146850585937500e+02
8.872589721679687500e+02
7.361030883789062500e+02
7.828637695312500000e+02
6.973952636718750000e+02
7.238572998046875000e+02
6.953654174804687500e+02
7.756168212890625000e+02
7.109624633789062500e+02
8.330764160156250000e+02
7.331249389648437500e+02
8.373352661132812500e+02
7.228362426757812500e+02
7.913823242187500000e+02
7.214281616210937500e+02
8.220869140625000000e+02
7.303944702148437500e+02
8.455979003906250000e+02
7.339354248046875000e+02
7.952671508789062500e+02
7.201724853515625000e+02
8.001163940429687500e+02
7.331343383789062500e+02
8.273474121093750000e+02
7.271256713867187500e+02
8.065521850585937500e+02
7.080340576171875000e+02
7.556251831054687500e+02
6.983511352539062500e+02
7.485714721679687500e+02
7.098048095703125000e+02
8.324144287109375000e+02
7.454030761718750000e+02
8.399978027343750000e+02
7.292584838867187500e+02
7.770671386718750000e+02
7.049341430664062500e+02
7.911532592773437500e+02
7.276035156250000000e+02
8.611167602539062500e+02
7.289475097656250000e+02
7.754630126953125000e+02
6.970877685546875000e+02
7.467420654296875000e+02
7.002177124023437500e+02
7.568317260742187500e+02
7.149505004882812500e+02
8.547458496093750000e+02
7.520848388671875000e+02
8.472892456054687500e+02
7.130532226562500000e+02
7.410523071289062500e+02
6.784072265625000000e+02
7.147429199218750000e+02
6.731758422851562500e+02
7.484762573242187500e+02
7.262978515625000000e+02
9.088580932617187500e+02
7.604281005859375000e+02
8.146796875000000000e+02
7.006835937500000000e+02
7.414719848632812500e+02
7.004915161132812500e+02
8.093071289062500000e+02
7.629711303710937500e+02
9.061475830078125000e+02
7.164724731445312500e+02
7.319571533203125000e+02
6.738311767578125000e+02
6.959694824218750000e+02
6.586301879882812500e+02
6.711998901367187500e+02
6.575254516601562500e+02
7.438540649414062500e+02
7.643736572265625000e+02
9.867660522460937500e+02
7.507030639648437500e+02
7.394171752929687500e+02
6.786475219726562500e+02
7.590832519531250000e+02
7.438804931640625000e+02
9.359140014648437500e+02
7.665283203125000000e+02
7.816560058593750000e+02
6.857602539062500000e+02
7.475857543945312500e+02
7.219304809570312500e+02
8.629763793945312500e+02
7.756176757812500000e+02
8.530670166015625000e+02
7.125090942382812500e+02
7.413887329101562500e+02
6.886069946289062500e+02
7.312335205078125000e+02
7.131734619140625000e+02
8.042984008789062500e+02
7.478377685546875000e+02
8.660421752929687500e+02
7.064436035156250000e+02
7.464567260742187500e+02
6.879843139648437500e+02
7.496612548828125000e+02
7.118558959960937500e+02
8.536357421875000000e+02
7.582847290039062500e+02
8.509036865234375000e+02
7.221284179687500000e+02
7.602601318359375000e+02
7.041343994140625000e+02
8.247137451171875000e+02
7.469389648437500000e+02
8.655905761718750000e+02
7.177243041992187500e+02
7.603099975585937500e+02
6.845167846679687500e+02
7.170985107421875000e+02
6.857050170898437500e+02
7.611835937500000000e+02
7.215551757812500000e+02
8.561381835937500000e+02
