8.453775000000000000e+04
7.292720312500000000e+04
6.186980078125000000e+04
5.155331640625000000e+04
4.257764062500000000e+04
3.525371875000000000e+04
2.999084960937500000e+04
2.704572851562500000e+04
2.624592968750000000e+04
2.731609570312500000e+04
2.950400195312500000e+04
3.199492187500000000e+04
3.348564843750000000e+04
3.417566796875000000e+04
3.357227343750000000e+04
3.254412500000000000e+04
3.095819726562500000e+04
2.939328320312500000e+04
2.800925781250000000e+04
2.691114062500000000e+04
2.639561328125000000e+04
2.615135937500000000e+04
2.644216992187500000e+04
2.687789648437500000e+04
2.731086132812500000e+04
2.778513085937500000e+04
2.812993554687500000e+04
2.800151757812500000e+04
2.796831640625000000e+04
2.778890039062500000e+04
2.726776562500000000e+04
2.708239257812500000e+04
2.662223437500000000e+04
2.645180468750000000e+04
2.630103125000000000e+04
2.617075781250000000e+04
2.618038085937500000e+04
2.640428320312500000e+04
2.656500976562500000e+04
2.662784765625000000e+04
2.666295507812500000e+04
2.659333007812500000e+04
2.653308593750000000e+04
2.649191796875000000e+04
2.648491796875000000e+04
2.617484765625000000e+04
2.619832226562500000e+04
2.623131445312500000e+04
2.613895507812500000e+04
2.616865234375000000e+04
2.617228515625000000e+04
2.627306054687500000e+04
2.622616210937500000e+04
2.638573046875000000e+04
2.630988867187500000e+04
2.628802929687500000e+04
2.605339453125000000e+04
2.621248828125000000e+04
2.621967187500000000e+04
2.605929101562500000e+04
2.610302148437500000e+04
2.628084179687500000e+04
2.612734960937500000e+04
2.612664453125000000e+04
2.603461132812500000e+04
2.615541015625000000e+04
2.602233789062500000e+04
2.613483398437500000e+04
2.621741796875000000e+04
2.599345507812500000e+04
2.608515625000000000e+04
2.600210937500000000e+04
2.599176171875000000e+04
2.599030468750000000e+04
2.602978710937500000e+04
2.612016015625000000e+04
2.609291992187500000e+04
2.598691210937500000e+04
2.607726171875000000e+04
2.609388867187500000e+04
2.603350976562500000e+04
2.599695507812500000e+04
2.598539453125000000e+04
2.590630468750000000e+04
2.585387890625000000e+04
2.591161328125000000e+04
2.585689843750000000e+04
2.584408593750000000e+04
2.590916601562500000e+04
2.588630859375000000e+04
2.589716210937500000e+04
2.584819921875000000e+04
2.577108789062500000e+04
2.592793359375000000e+04
2.582592578125000000e+04
2.561346093750000000e+04
2.586669921875000000e+04
2.558767382812500000e+04
2.564361523437500000e+04
2.564891796875000000e+04
2.553036328125000000e+04
2.558241210937500000e+04
2.557005859375000000e+04
2.559108007812500000e+04
2.546742382812500000e+04
2.539346093750000000e+04
2.556098046875000000e+04
2.547759179687500000e+04
2.530846289062500000e+04
2.532719140625000000e+04
2.524966406250000000e+04
2.518662109375000000e+04
2.514365039062500000e+04
2.510813867187500000e+04
2.501784179687500000e+04
2.501653125000000000e+04
2.490254296875000000e+04
2.478773046875000000e+04
2.485344726562500000e+04
2.481415234375000000e+04
2.476587500000000000e+04
2.466917382812500000e+04
2.453273828125000000e+04
2.444629296875000000e+04
2.440173242187500000e+04
2.421401757812500000e+04
2.419538867187500000e+04
2.405761523437500000e+04
2.392729882812500000e+04
2.388154296875000000e+04
2.385427929687500000e+04
2.361256054687500000e+04
2.349597656250000000e+04
2.325493554687500000e+04
2.307050390625000000e+04
2.299505664062500000e+04
2.279174609375000000e+04
2.256655664062500000e+04
2.242509765625000000e+04
2.226914843750000000e+04
2.193193359375000000e+04
2.168852148437500000e+04
2.147678710937500000e+04
2.115049218750000000e+04
2.100419140625000000e+04
2.063827539062500000e+04
2.035924414062500000e+04
1.986779492187500000e+04
1.959950781250000000e+04
1.918356835937500000e+04
1.887842578125000000e+04
1.844496875000000000e+04
1.791065625000000000e+04
1.749927148437500000e+04
1.699759765625000000e+04
1.654549023437500000e+04
1.596666406250000000e+04
1.542205761718750000e+04
1.482980078125000000e+04
1.418516015625000000e+04
1.357198632812500000e+04
1.288535156250000000e+04
1.235497753906250000e+04
1.159358398437500000e+04
1.104638183593750000e+04
1.055681835937500000e+04
1.010672558593750000e+04
9.705488281250000000e+03
9.424617187500000000e+03
9.255034179687500000e+03
9.032351562500000000e+03
8.939259765625000000e+03
8.793738281250000000e+03
8.700534179687500000e+03
8.592695312500000000e+03
8.434416015625000000e+03
8.237593750000000000e+03
8.064057128906250000e+03
7.839686523437500000e+03
7.552872558593750000e+03
7.437729492187500000e+03
7.153086425781250000e+03
7.104075683593750000e+03
6.857174804687500000e+03
6.766936035156250000e+03
6.736149414062500000e+03
6.695056640625000000e+03
6.676090820312500000e+03
6.556424804687500000e+03
6.457396484375000000e+03
6.279434570312500000e+03
6.130312500000000000e+03
6.068873046875000000e+03
6.021108398437500000e+03
5.924420410156250000e+03
5.872223144531250000e+03
5.790533203125000000e+03
5.691919433593750000e+03
5.598030761718750000e+03
5.488454589843750000e+03
5.415206542968750000e+03
5.316567382812500000e+03
5.225708007812500000e+03
5.204187500000000000e+03
5.168267089843750000e+03
5.086725585937500000e+03
5.072919433593750000e+03
5.077449218750000000e+03
5.154920410156250000e+03
5.026815429687500000e+03
4.840191406250000000e+03
4.752013183593750000e+03
4.878677734375000000e+03
4.863018554687500000e+03
4.616880371093750000e+03
4.617945800781250000e+03
4.627059082031250000e+03
4.568441406250000000e+03
4.500366210937500000e+03
4.388651367187500000e+03
4.452627441406250000e+03
4.383008300781250000e+03
4.351146972656250000e+03
4.313430175781250000e+03
4.259476074218750000e+03
4.225225097656250000e+03
4.202807617187500000e+03
4.182130859375000000e+03
4.161496093750000000e+03
4.171393066406250000e+03
4.137048828125000000e+03
4.191006347656250000e+03
4.208805175781250000e+03
4.218109863281250000e+03
4.156617187500000000e+03
4.077035888671875000e+03
3.993437744140625000e+03
3.925447265625000000e+03
3.966757568359375000e+03
4.050296630859375000e+03
4.021845703125000000e+03
3.947256347656250000e+03
3.858216552734375000e+03
3.811274414062500000e+03
3.835938232421875000e+03
3.862987548828125000e+03
3.893986572265625000e+03
3.863634277343750000e+03
3.783427978515625000e+03
3.692060058593750000e+03
3.711462646484375000e+03
3.667979003906250000e+03
3.724020507812500000e+03
3.751387695312500000e+03
3.748519042968750000e+03
3.714654296875000000e+03
3.680664550781250000e+03
3.638123291015625000e+03
3.568920410156250000e+03
3.569634033203125000e+03
3.563076904296875000e+03
3.576917724609375000e+03
3.612614013671875000e+03
3.668457275390625000e+03
3.670927246093750000e+03
3.667695556640625000e+03
3.570328857421875000e+03
3.449174316406250000e+03
3.456412597656250000e+03
3.393503417968750000e+03
3.382595947265625000e+03
3.439698242187500000e+03
3.478619628906250000e+03
3.558546386718750000e+03
3.730437988281250000e+03
3.755044189453125000e+03
3.543511962890625000e+03
3.349522705078125000e+03
3.288350341796875000e+03
3.405470703125000000e+03
3.544196044921875000e+03
3.497507568359375000e+03
3.398732910156250000e+03
3.266467041015625000e+03
3.193702636718750000e+03
3.244464355468750000e+03
3.216557373046875000e+03
3.263844970703125000e+03
3.336160888671875000e+03
3.429457031250000000e+03
3.339910644531250000e+03
3.227756591796875000e+03
3.150046386718750000e+03
3.112709960937500000e+03
3.098742675781250000e+03
3.119849853515625000e+03
3.203899414062500000e+03
3.338723632812500000e+03
3.498058593750000000e+03
3.345369384765625000e+03
3.173393310546875000e+03
3.062480224609375000e+03
3.043013671875000000e+03
3.020293701171875000e+03
3.135357177734375000e+03
3.257085937500000000e+03
3.283545898437500000e+03
3.221471191406250000e+03
3.086799560546875000e+03
3.017359619140625000e+03
2.968112304687500000e+03
2.934687744140625000e+03
2.910186523437500000e+03
2.934344238281250000e+03
2.918104980468750000e+03
2.925983886718750000e+03
2.928663085937500000e+03
3.023274902343750000e+03
3.279244384765625000e+03
3.268047363281250000e+03
3.242328857421875000e+03
2.936247314453125000e+03
2.858961914062500000e+03
2.864632324218750000e+03
2.941632324218750000e+03
3.055117675781250000e+03
3.155025878906250000e+03
3.187330078125000000e+03
2.981523193359375000e+03
2.883914550781250000e+03
2.825337646484375000e+03
2.791439697265625000e+03
2.790473388671875000e+03
2.771221923828125000e+03
2.763737548828125000e+03
2.763217041015625000e+03
2.798492919921875000e+03
2.871377197265625000e+03
3.131249511718750000e+03
3.106325683593750000e+03
3.065874755859375000e+03
2.872921386718750000e+03
2.766293945312500000e+03
2.721457031250000000e+03
2.719904541015625000e+03
2.707977539062500000e+03
2.828517578125000000e+03
3.017580322265625000e+03
3.068818847656250000e+03
3.086693603515625000e+03
2.783213134765625000e+03
2.696867187500000000e+03
2.701460693359375000e+03
2.726655517578125000e+03
2.902574218750000000e+03
2.976121582031250000e+03
3.019542968750000000e+03
2.784562255859375000e+03
2.690758056640625000e+03
2.662057617187500000e+03
2.721706787109375000e+03
2.866416015625000000e+03
2.922109619140625000e+03
2.931101074218750000e+03
2.731377929687500000e+03
2.663533203125000000e+03
2.594086425781250000e+03
2.630376220703125000e+03
2.704861328125000000e+03
2.762152832031250000e+03
2.904717285156250000e+03
2.837270019531250000e+03
2.755720703125000000e+03
2.677265869140625000e+03
2.663364257812500000e+03
2.660561523437500000e+03
2.659572021484375000e+03
2.637458740234375000e+03
2.685000732421875000e+03
2.712824707031250000e+03
2.736267333984375000e+03
2.715906982421875000e+03
2.744236328125000000e+03
2.686572998046875000e+03
2.631741699218750000e+03
2.622131835937500000e+03
2.631224853515625000e+03
2.624174072265625000e+03
2.669332031250000000e+03
2.643971923828125000e+03
2.668863037109375000e+03
2.674571044921875000e+03
2.696697998046875000e+03
2.658272216796875000e+03
2.633775146484375000e+03
2.643626708984375000e+03
2.601812744140625000e+03
2.610674560546875000e+03
2.592878417968750000e+03
2.613473388671875000e+03
2.671703369140625000e+03
2.659285156250000000e+03
2.683896240234375000e+03
2.656794677734375000e+03
2.623503906250000000e+03
2.552414306640625000e+03
2.574596923828125000e+03
2.540749511718750000e+03
2.565711425781250000e+03
2.628306884765625000e+03
2.668129638671875000e+03
2.694355712890625000e+03
2.694023925781250000e+03
2.582992919921875000e+03
2.543014404296875000e+03
2.496996337890625000e+03
2.452076904296875000e+03
2.494775390625000000e+03
2.470223876953125000e+03
2.428718750000000000e+03
2.481371093750000000e+03
2.483794921875000000e+03
2.464587890625000000e+03
2.483112060546875000e+03
2.567724121093750000e+03
2.691759033203125000e+03
2.874052246093750000e+03
2.652284667968750000e+03
2.473463378906250000e+03
2.415595458984375000e+03
2.455416992187500000e+03
2.561442626953125000e+03
2.694966552734375000e+03
2.885978271484375000e+03
2.547787353515625000e+03
2.448480712890625000e+03
2.404380859375000000e+03
2.504456054687500000e+03
2.673809326171875000e+03
2.698677001953125000e+03
2.665411376953125000e+03
2.551212890625000000e+03
2.435930419921875000e+03
2.401893554687500000e+03
2.383088867187500000e+03
2.454613525390625000e+03
2.503847412109375000e+03
2.630803222656250000e+03
2.690803466796875000e+03
2.683092773437500000e+03
2.505525634765625000e+03
2.421967529296875000e+03
2.403871337890625000e+03
2.409987304687500000e+03
2.457343750000000000e+03
2.559324218750000000e+03
2.678673583984375000e+03
2.583124023437500000e+03
2.537115234375000000e+03
2.463990478515625000e+03
2.459662353515625000e+03
2.421459716796875000e+03
2.431752685546875000e+03
2.429362792968750000e+03
2.457659423828125000e+03
2.500023925781250000e+03
2.567188964843750000e+03
2.534383544921875000e+03
2.525216308593750000e+03
2.510519775390625000e+03
2.481689697265625000e+03
2.407862060546875000e+03
2.396938720703125000e+03
2.411421630859375000e+03
2.357407226562500000e+03
2.381514160156250000e+03
2.420420410156250000e+03
2.463051025390625000e+03
2.537475585937500000e+03
2.530395507812500000e+03
2.514856201171875000e+03
2.455322509765625000e+03
2.408450195312500000e+03
2.369924560546875000e+03
2.318712402343750000e+03
2.330919189453125000e+03
2.326077880859375000e+03
2.331005859375000000e+03
2.310420898437500000e+03
2.337045410156250000e+03
2.294785156250000000e+03
2.300144287109375000e+03
2.310218750000000000e+03
2.300911376953125000e+03
2.298983886718750000e+03
2.300915527343750000e+03
2.316893554687500000e+03
2.318409912109375000e+03
2.306088378906250000e+03
2.336705810546875000e+03
2.455293212890625000e+03
2.605580078125000000e+03
2.772547119140625000e+03
2.485784912109375000e+03
2.338121826171875000e+03
2.312825683593750000e+03
2.286220458984375000e+03
2.306691894531250000e+03
2.311444091796875000e+03
2.428333740234375000e+03
2.612583251953125000e+03
2.809242675781250000e+03
2.403128906250000000e+03
2.269842041015625000e+03
2.296325195312500000e+03
2.500403320312500000e+03
2.762189453125000000e+03
2.461198730468750000e+03
2.311284179687500000e+03
2.256161376953125000e+03
2.280801513671875000e+03
2.420364746093750000e+03
2.579124755859375000e+03
2.691958740234375000e+03
2.443173095703125000e+03
2.267303466796875000e+03
2.260621582031250000e+03
2.306404296875000000e+03
2.391113281250000000e+03
2.550342041015625000e+03
2.608957031250000000e+03
2.377848388671875000e+03
2.288586181640625000e+03
2.239305664062500000e+03
2.266730468750000000e+03
2.341001953125000000e+03
2.413728027343750000e+03
2.577997070312500000e+03
2.408875732421875000e+03
2.296115722656250000e+03
2.269256591796875000e+03
2.250844238281250000e+03
2.222931884765625000e+03
2.225881835937500000e+03
2.234270019531250000e+03
2.240366210937500000e+03
2.301623046875000000e+03
2.394783447265625000e+03
2.523314208984375000e+03
2.472137695312500000e+03
2.370266845703125000e+03
2.314001220703125000e+03
2.279431152343750000e+03
2.278460693359375000e+03
2.252271972656250000e+03
2.291570068359375000e+03
2.303024169921875000e+03
2.408799316406250000e+03
2.504456787109375000e+03
2.444821044921875000e+03
2.383113037109375000e+03
2.312776855468750000e+03
2.259912353515625000e+03
2.258360595703125000e+03
2.273232421875000000e+03
2.270748291015625000e+03
2.311675781250000000e+03
2.344540039062500000e+03
2.476202636718750000e+03
2.404498046875000000e+03
2.349787353515625000e+03
2.282205078125000000e+03
2.243322021484375000e+03
2.250991210937500000e+03
2.303642089843750000e+03
2.323200439453125000e+03
2.398420898437500000e+03
2.370024658203125000e+03
2.416824951171875000e+03
2.313293212890625000e+03
2.287146240234375000e+03
2.281641357421875000e+03
2.245244384765625000e+03
2.264539550781250000e+03
2.300400634765625000e+03
2.356247314453125000e+03
2.365426513671875000e+03
2.331572753906250000e+03
2.301040771484375000e+03
2.271202880859375000e+03
2.275736816406250000e+03
2.260357177734375000e+03
2.259652587890625000e+03
2.271398193359375000e+03
2.345969970703125000e+03
2.320033935546875000e+03
2.331665039062500000e+03
2.346318847656250000e+03
2.290995361328125000e+03
2.264781005859375000e+03
2.261446533203125000e+03
2.243588623046875000e+03
2.224125488281250000e+03
2.243046630859375000e+03
2.280721191406250000e+03
2.337788818359375000e+03
2.358567138671875000e+03
2.306279541015625000e+03
2.284318359375000000e+03
2.252273925781250000e+03
2.251704589843750000e+03
2.223176757812500000e+03
2.241749267578125000e+03
2.257749755859375000e+03
2.280622558593750000e+03
2.290222900390625000e+03
2.336393066406250000e+03
2.305323242187500000e+03
2.282485595703125000e+03
2.227462890625000000e+03
2.199577880859375000e+03
2.192799804687500000e+03
2.203111816406250000e+03
2.206692382812500000e+03
2.204920898437500000e+03
2.253848632812500000e+03
2.332518066406250000e+03
2.337313964843750000e+03
2.324950439453125000e+03
2.277609130859375000e+03
2.206978027343750000e+03
2.209013427734375000e+03
2.178949462890625000e+03
2.220917236328125000e+03
2.216528808593750000e+03
2.267176269531250000e+03
2.279943847656250000e+03
2.295132568359375000e+03
2.298698486328125000e+03
2.229313232421875000e+03
2.220706298828125000e+03
2.185223632812500000e+03
2.212774414062500000e+03
2.181256103515625000e+03
2.176887451171875000e+03
2.189778076171875000e+03
2.203360351562500000e+03
2.253306152343750000e+03
2.308690673828125000e+03
2.317927734375000000e+03
2.276831054687500000e+03
2.200828857421875000e+03
2.183745849609375000e+03
2.170018310546875000e+03
2.171685058593750000e+03
2.235833984375000000e+03
2.236969238281250000e+03
2.237301269531250000e+03
2.244380371093750000e+03
2.208911376953125000e+03
2.213055664062500000e+03
2.243435546875000000e+03
2.190082031250000000e+03
2.234030273437500000e+03
2.226707031250000000e+03
2.224209960937500000e+03
2.209005859375000000e+03
2.230649414062500000e+03
2.227995361328125000e+03
2.178405029296875000e+03
2.175965087890625000e+03
2.185198242187500000e+03
2.169108154296875000e+03
2.215671142578125000e+03
2.254713623046875000e+03
2.203156250000000000e+03
2.215516601562500000e+03
2.191755859375000000e+03
2.170200439453125000e+03
2.183267578125000000e+03
2.217959228515625000e+03
2.195382080078125000e+03
2.229387451171875000e+03
2.200524414062500000e+03
2.178832031250000000e+03
2.178072021484375000e+03
2.178997314453125000e+03
2.164150390625000000e+03
2.183359619140625000e+03
2.136976806640625000e+03
2.160533935546875000e+03
2.190645263671875000e+03
2.204249755859375000e+03
2.200400878906250000e+03
2.180887207031250000e+03
2.191137695312500000e+03
2.178941406250000000e+03
2.182673583984375000e+03
2.195696533203125000e+03
2.185257812500000000e+03
2.219503417968750000e+03
2.192678222656250000e+03
2.177293701171875000e+03
2.175297363281250000e+03
2.125931884765625000e+03
2.155649169921875000e+03
2.173993408203125000e+03
2.194371582031250000e+03
2.202397216796875000e+03
2.202045654296875000e+03
2.172198974609375000e+03
2.140196044921875000e+03
2.122490234375000000e+03
2.088457031250000000e+03
2.098937011718750000e+03
2.080243164062500000e+03
2.086210937500000000e+03
2.110014892578125000e+03
2.141914062500000000e+03
2.249785400390625000e+03
2.307256835937500000e+03
2.238648193359375000e+03
2.153951904296875000e+03
2.087244140625000000e+03
2.066151855468750000e+03
2.050586914062500000e+03
2.041029418945312500e+03
2.065605224609375000e+03
2.122152343750000000e+03
2.185830566406250000e+03
2.276996582031250000e+03
2.268135009765625000e+03
2.211235595703125000e+03
2.114570068359375000e+03
2.071451904296875000e+03
2.067501708984375000e+03
2.065819580078125000e+03
2.104383544921875000e+03
2.143761718750000000e+03
2.216922851562500000e+03
2.314767089843750000e+03
2.197170410156250000e+03
2.140131347656250000e+03
2.086028076171875000e+03
2.043964111328125000e+03
2.064440673828125000e+03
2.106613769531250000e+03
2.125463134765625000e+03
2.215374755859375000e+03
2.270016357421875000e+03
2.250347656250000000e+03
2.186990234375000000e+03
2.098851562500000000e+03
2.070170654296875000e+03
2.060119873046875000e+03
2.079757568359375000e+03
2.086497558593750000e+03
2.166585205078125000e+03
2.226004150390625000e+03
2.258815429687500000e+03
2.228502441406250000e+03
2.109751220703125000e+03
2.068610839843750000e+03
2.065223388671875000e+03
2.042293701171875000e+03
2.035782470703125000e+03
2.066651367187500000e+03
2.140174072265625000e+03
2.246690917968750000e+03
2.243326660156250000e+03
2.192321777343750000e+03
2.125644042968750000e+03
2.096227539062500000e+03
2.095954589843750000e+03
2.084366699218750000e+03
2.099472412109375000e+03
2.154279785156250000e+03
2.205025878906250000e+03
2.195704589843750000e+03
2.139357910156250000e+03
2.124085205078125000e+03
2.084569580078125000e+03
2.095856689453125000e+03
2.091146972656250000e+03
2.115666748046875000e+03
2.135274414062500000e+03
2.161208007812500000e+03
2.169759521484375000e+03
2.129875488281250000e+03
2.098612548828125000e+03
2.082050781250000000e+03
2.091618896484375000e+03
2.087304931640625000e+03
2.131608398437500000e+03
2.156689697265625000e+03
2.169236816406250000e+03
2.170615722656250000e+03
2.114558349609375000e+03
2.093457275390625000e+03
2.065527343750000000e+03
2.043527465820312500e+03
2.021610473632812500e+03
2.048483398437500000e+03
2.080968261718750000e+03
2.146502685546875000e+03
2.143429687500000000e+03
2.157291015625000000e+03
2.108026367187500000e+03
2.079866943359375000e+03
2.040957763671875000e+03
2.044765869140625000e+03
2.066989746093750000e+03
2.103709228515625000e+03
2.132501708984375000e+03
2.171067382812500000e+03
2.128486572265625000e+03
2.082702636718750000e+03
2.115739257812500000e+03
2.108097656250000000e+03
2.088626220703125000e+03
2.111217285156250000e+03
2.147706298828125000e+03
2.092335937500000000e+03
2.125588867187500000e+03
2.116519042968750000e+03
2.108927001953125000e+03
2.114531494140625000e+03
2.128181884765625000e+03
2.116743164062500000e+03
2.100643798828125000e+03
2.075134521484375000e+03
2.094523193359375000e+03
2.081967041015625000e+03
2.047378173828125000e+03
2.052037597656250000e+03
2.061463378906250000e+03
2.120743896484375000e+03
2.107489013671875000e+03
2.113208740234375000e+03
2.089384277343750000e+03
2.072662841796875000e+03
2.062926757812500000e+03
2.054414062500000000e+03
2.072066894531250000e+03
2.076694091796875000e+03
2.094932128906250000e+03
2.110283203125000000e+03
2.091805664062500000e+03
2.064628417968750000e+03
2.100729492187500000e+03
2.119083007812500000e+03
2.091054931640625000e+03
2.061004638671875000e+03
2.063381591796875000e+03
2.053074218750000000e+03
2.084771240234375000e+03
2.079401611328125000e+03
2.105099609375000000e+03
2.107184082031250000e+03
2.065976074218750000e+03
2.078925292968750000e+03
2.068788818359375000e+03
2.082987548828125000e+03
2.091769531250000000e+03
2.084713623046875000e+03
2.066604248046875000e+03
2.037500000000000000e+03
2.055510742187500000e+03
2.057046875000000000e+03
2.092526611328125000e+03
2.123154052734375000e+03
2.110761474609375000e+03
2.098976074218750000e+03
2.058631103515625000e+03
2.028758422851562500e+03
1.992839965820312500e+03
2.005315185546875000e+03
2.007609008789062500e+03
2.030965698242187500e+03
2.065819824218750000e+03
2.107348144531250000e+03
2.133075439453125000e+03
2.104858398437500000e+03
2.046218139648437500e+03
2.035981445312500000e+03
1.998807617187500000e+03
2.008234863281250000e+03
1.984643188476562500e+03
2.042466186523437500e+03
2.052533691406250000e+03
2.135321044921875000e+03
2.116676513671875000e+03
2.090563964843750000e+03
2.021452148437500000e+03
1.982661621093750000e+03
1.926961425781250000e+03
1.953419799804687500e+03
1.960720825195312500e+03
1.966065429687500000e+03
2.003849365234375000e+03
2.066685058593750000e+03
2.143529541015625000e+03
2.147821044921875000e+03
2.096189697265625000e+03
2.026916992187500000e+03
1.981094604492187500e+03
1.980713989257812500e+03
1.969276367187500000e+03
1.974019287109375000e+03
2.090758056640625000e+03
2.157865478515625000e+03
2.127967529296875000e+03
2.069331542968750000e+03
2.031475585937500000e+03
1.987387939453125000e+03
2.014834594726562500e+03
2.041671508789062500e+03
2.102982421875000000e+03
2.125927001953125000e+03
2.078822265625000000e+03
2.017518188476562500e+03
1.992558349609375000e+03
2.000477539062500000e+03
1.979817626953125000e+03
1.998574462890625000e+03
2.081428710937500000e+03
2.100137939453125000e+03
2.096271240234375000e+03
2.038612182617187500e+03
2.028060668945312500e+03
2.006901855468750000e+03
2.026747314453125000e+03
2.045667846679687500e+03
2.053345703125000000e+03
2.067203125000000000e+03
2.048825683593750000e+03
2.032077758789062500e+03
1.995713012695312500e+03
1.995421264648437500e+03
1.983770507812500000e+03
1.998229614257812500e+03
1.997565917968750000e+03
2.072850097656250000e+03
2.067273925781250000e+03
2.064886962890625000e+03
2.018974853515625000e+03
1.992949096679687500e+03
1.975486450195312500e+03
1.996521850585937500e+03
2.042436035156250000e+03
2.046309204101562500e+03
2.066002929687500000e+03
2.062895263671875000e+03
2.037678955078125000e+03
2.005160644531250000e+03
1.985939819335937500e+03
1.978571289062500000e+03
1.989469482421875000e+03
2.017535766601562500e+03
2.026948364257812500e+03
2.043816162109375000e+03
2.046510986328125000e+03
2.065620361328125000e+03
2.004655151367187500e+03
2.001319458007812500e+03
1.987139038085937500e+03
1.964879638671875000e+03
1.973697998046875000e+03
2.004592529296875000e+03
2.060386230468750000e+03
2.057263183593750000e+03
2.052931884765625000e+03
2.041094604492187500e+03
2.018599365234375000e+03
1.987075195312500000e+03
1.973704833984375000e+03
1.967263427734375000e+03
1.946018310546875000e+03
1.993804199218750000e+03
1.993360839843750000e+03
2.027078857421875000e+03
2.034799682617187500e+03
2.041916503906250000e+03
2.032156860351562500e+03
1.996509155273437500e+03
1.966507812500000000e+03
1.933084350585937500e+03
1.948105957031250000e+03
1.973978759765625000e+03
1.985507446289062500e+03
2.072985107421875000e+03
2.063086181640625000e+03
2.023959472656250000e+03
1.999334472656250000e+03
1.950268188476562500e+03
1.932120483398437500e+03
1.958594848632812500e+03
1.957688842773437500e+03
1.987960937500000000e+03
2.043078857421875000e+03
2.084806152343750000e+03
2.086552978515625000e+03
2.018289794921875000e+03
1.966557006835937500e+03
1.933728515625000000e+03
1.979009033203125000e+03
1.937874633789062500e+03
1.999648803710937500e+03
2.066611083984375000e+03
2.064716064453125000e+03
2.026325683593750000e+03
1.990589355468750000e+03
1.958924194335937500e+03
1.946118774414062500e+03
1.943747436523437500e+03
1.965946166992187500e+03
2.006645507812500000e+03
2.047653686523437500e+03
2.034975341796875000e+03
2.021849121093750000e+03
2.002741943359375000e+03
1.936012329101562500e+03
1.932463623046875000e+03
1.918985473632812500e+03
1.933376342773437500e+03
1.936306274414062500e+03
1.951846801757812500e+03
2.014727172851562500e+03
2.106552001953125000e+03
2.061565917968750000e+03
2.004939819335937500e+03
1.958217529296875000e+03
1.922533935546875000e+03
1.947624633789062500e+03
1.961679199218750000e+03
1.966286987304687500e+03
1.990713989257812500e+03
2.004512451171875000e+03
2.055620361328125000e+03
2.013650024414062500e+03
1.962230834960937500e+03
1.968362670898437500e+03
1.948630981445312500e+03
1.981679931640625000e+03
2.009869506835937500e+03
2.003618774414062500e+03
2.010427612304687500e+03
1.990025512695312500e+03
1.975869018554687500e+03
1.961144165039062500e+03
1.974032470703125000e+03
1.958685302734375000e+03
1.975939697265625000e+03
1.965437255859375000e+03
1.962121826171875000e+03
2.008278198242187500e+03
2.041963989257812500e+03
2.033245849609375000e+03
1.980163940429687500e+03
1.968406860351562500e+03
1.935920776367187500e+03
1.947538696289062500e+03
1.941446777343750000e+03
1.954639038085937500e+03
2.004986206054687500e+03
1.998530761718750000e+03
2.016033691406250000e+03
1.982726806640625000e+03
1.942431030273437500e+03
1.911102539062500000e+03
1.916152954101562500e+03
1.925063110351562500e+03
1.952546142578125000e+03
1.995131347656250000e+03
1.998315795898437500e+03
2.002262329101562500e+03
1.975441162109375000e+03
1.973567260742187500e+03
1.958820190429687500e+03
1.950518920898437500e+03
1.944549804687500000e+03
1.951148803710937500e+03
1.987796264648437500e+03
1.968971313476562500e+03
1.953752197265625000e+03
1.970751098632812500e+03
1.955464355468750000e+03
1.932975097656250000e+03
1.927339111328125000e+03
1.941023925781250000e+03
1.947074829101562500e+03
1.959370361328125000e+03
1.975933105468750000e+03
1.963764160156250000e+03
1.941409790039062500e+03
1.932564086914062500e+03
1.930382812500000000e+03
1.932594848632812500e+03
1.937113525390625000e+03
1.971607788085937500e+03
1.998919677734375000e+03
1.972367797851562500e+03
1.943974609375000000e+03
1.924721923828125000e+03
1.928134765625000000e+03
1.903663452148437500e+03
1.947010986328125000e+03
1.996539794921875000e+03
2.019856445312500000e+03
1.973739990234375000e+03
1.940123779296875000e+03
1.904410156250000000e+03
1.880248168945312500e+03
1.891981933593750000e+03
1.903152343750000000e+03
1.944302001953125000e+03
1.990010253906250000e+03
2.021889770507812500e+03
1.958325317382812500e+03
1.925115112304687500e+03
1.908614013671875000e+03
1.900761962890625000e+03
1.933249267578125000e+03
1.906042114257812500e+03
1.945551635742187500e+03
2.001469482421875000e+03
2.013951782226562500e+03
1.952656616210937500e+03
1.913903320312500000e+03
1.854827514648437500e+03
1.858700317382812500e+03
1.876791259765625000e+03
1.906895141601562500e+03
1.982496704101562500e+03
2.027075439453125000e+03
1.985537353515625000e+03
1.919350830078125000e+03
1.887872802734375000e+03
1.884480957031250000e+03
1.906048095703125000e+03
1.950916015625000000e+03
1.959842773437500000e+03
1.977258300781250000e+03
1.950090332031250000e+03
1.899082031250000000e+03
1.913883178710937500e+03
1.941049926757812500e+03
1.960854125976562500e+03
1.981661010742187500e+03
1.964585327148437500e+03
1.924749145507812500e+03
1.903777832031250000e+03
1.912901367187500000e+03
1.944780273437500000e+03
1.942448608398437500e+03
1.980299438476562500e+03
1.967269653320312500e+03
1.952390136718750000e+03
1.935589965820312500e+03
1.882879760742187500e+03
1.895517456054687500e+03
1.892827758789062500e+03
1.925169799804687500e+03
1.966040161132812500e+03
2.004986694335937500e+03
1.946149169921875000e+03
1.917361816406250000e+03
1.865804931640625000e+03
1.883254028320312500e+03
1.862278686523437500e+03
1.891803344726562500e+03
1.912575317382812500e+03
1.936355957031250000e+03
1.902773437500000000e+03
1.926228759765625000e+03
1.916774291992187500e+03
1.938753173828125000e+03
1.939178588867187500e+03
1.925845947265625000e+03
1.910728271484375000e+03
1.888800537109375000e+03
1.901682617187500000e+03
1.900677490234375000e+03
1.922843261718750000e+03
1.912122680664062500e+03
1.930251464843750000e+03
1.918680175781250000e+03
1.936981323242187500e+03
1.926694091796875000e+03
1.935652954101562500e+03
1.916458007812500000e+03
1.907713256835937500e+03
1.899969848632812500e+03
1.889204467773437500e+03
1.910163452148437500e+03
1.903857177734375000e+03
1.957271972656250000e+03
1.929923461914062500e+03
1.924119995117187500e+03
1.875374023437500000e+03
1.876964599609375000e+03
1.898397094726562500e+03
1.895371459960937500e+03
1.929341674804687500e+03
1.973013183593750000e+03
1.958807983398437500e+03
1.942402954101562500e+03
1.899422607421875000e+03
1.889344482421875000e+03
1.888359252929687500e+03
1.899545532226562500e+03
1.910761108398437500e+03
1.922708129882812500e+03
1.944791015625000000e+03
1.931704467773437500e+03
1.939741943359375000e+03
1.924887329101562500e+03
1.882948974609375000e+03
1.894535766601562500e+03
1.867621704101562500e+03
1.913999633789062500e+03
1.881977539062500000e+03
1.865862182617187500e+03
1.920104370117187500e+03
1.894757812500000000e+03
1.930993652343750000e+03
1.942510253906250000e+03
1.889255126953125000e+03
1.869405029296875000e+03
1.860560791015625000e+03
1.873694458007812500e+03
1.870615966796875000e+03
1.912840820312500000e+03
1.898041137695312500e+03
1.912724609375000000e+03
1.901872680664062500e+03
1.891591796875000000e+03
1.857556762695312500e+03
1.850114013671875000e+03
1.866460937500000000e+03
1.898844970703125000e+03
1.916203613281250000e+03
1.948028808593750000e+03
1.895120605468750000e+03
1.891164794921875000e+03
1.860512329101562500e+03
1.828620117187500000e+03
1.859531005859375000e+03
1.900072753906250000e+03
1.917598999023437500e+03
1.908092773437500000e+03
1.927514160156250000e+03
1.925606201171875000e+03
1.878041015625000000e+03
1.868556640625000000e+03
1.868365112304687500e+03
1.894940673828125000e+03
1.908087280273437500e+03
1.916057006835937500e+03
1.894508178710937500e+03
1.876996826171875000e+03
1.830661499023437500e+03
1.861180419921875000e+03
1.890384521484375000e+03
1.932433959960937500e+03
1.938805664062500000e+03
1.910750000000000000e+03
1.855257690429687500e+03
1.837651855468750000e+03
1.842728027343750000e+03
1.848556518554687500e+03
1.851228149414062500e+03
1.937038085937500000e+03
1.961067260742187500e+03
1.958020263671875000e+03
1.868287841796875000e+03
1.830645874023437500e+03
1.818011840820312500e+03
1.803599975585937500e+03
1.849427001953125000e+03
1.909038452148437500e+03
1.973887939453125000e+03
1.948968505859375000e+03
1.866227783203125000e+03
1.820889770507812500e+03
1.782346923828125000e+03
1.774458374023437500e+03
1.806236328125000000e+03
1.867162475585937500e+03
1.926999145507812500e+03
1.989422485351562500e+03
1.955124267578125000e+03
1.880556030273437500e+03
1.833149780273437500e+03
1.812422607421875000e+03
1.797308471679687500e+03
1.845890136718750000e+03
1.864759521484375000e+03
1.950391967773437500e+03
1.969933349609375000e+03
1.924203369140625000e+03
1.866684204101562500e+03
1.820711791992187500e+03
1.837905761718750000e+03
1.851822631835937500e+03
1.863593505859375000e+03
1.902851440429687500e+03
1.936670166015625000e+03
1.897948486328125000e+03
1.872193603515625000e+03
1.852883789062500000e+03
1.840728637695312500e+03
1.838023193359375000e+03
1.827187011718750000e+03
1.862437622070312500e+03
1.877075683593750000e+03
1.944145141601562500e+03
1.872678588867187500e+03
1.857038452148437500e+03
1.831997436523437500e+03
1.820630615234375000e+03
1.848900268554687500e+03
1.869499511718750000e+03
1.901585693359375000e+03
1.880037597656250000e+03
1.860916625976562500e+03
1.861475585937500000e+03
1.847869140625000000e+03
1.865677978515625000e+03
1.870498535156250000e+03
1.877929809570312500e+03
1.851153686523437500e+03
1.841130126953125000e+03
1.813646118164062500e+03
1.852636962890625000e+03
1.839298706054687500e+03
1.885782470703125000e+03
1.907727783203125000e+03
1.938504638671875000e+03
1.858542114257812500e+03
1.798296020507812500e+03
1.786398437500000000e+03
1.789984130859375000e+03
1.814733642578125000e+03
1.863588500976562500e+03
1.940353515625000000e+03
1.977297485351562500e+03
1.892405029296875000e+03
1.835924926757812500e+03
1.806746704101562500e+03
1.787783325195312500e+03
1.800688110351562500e+03
1.859148437500000000e+03
1.925075195312500000e+03
1.944908935546875000e+03
1.896333862304687500e+03
1.831720825195312500e+03
1.800452148437500000e+03
1.823564941406250000e+03
1.856091308593750000e+03
1.889056518554687500e+03
1.879207519531250000e+03
1.866222778320312500e+03
1.873375854492187500e+03
1.847808959960937500e+03
1.832091674804687500e+03
1.828479980468750000e+03
1.845267944335937500e+03
1.846923706054687500e+03
1.866118530273437500e+03
1.892723632812500000e+03
1.867852294921875000e+03
1.856128662109375000e+03
1.839336669921875000e+03
1.820151489257812500e+03
1.839429809570312500e+03
1.857845947265625000e+03
1.865662597656250000e+03
1.860933105468750000e+03
1.843864501953125000e+03
1.833946655273437500e+03
1.836793823242187500e+03
1.856229858398437500e+03
1.861236694335937500e+03
1.890869018554687500e+03
1.870658203125000000e+03
1.843839599609375000e+03
1.815429443359375000e+03
1.804716674804687500e+03
1.819308349609375000e+03
1.848848022460937500e+03
1.874806640625000000e+03
1.890595336914062500e+03
1.844958496093750000e+03
1.821404663085937500e+03
1.807986328125000000e+03
1.794440307617187500e+03
1.834408691406250000e+03
1.897279663085937500e+03
1.885886352539062500e+03
1.867739135742187500e+03
1.824925781250000000e+03
1.794849609375000000e+03
1.797764160156250000e+03
1.821420532226562500e+03
1.854938842773437500e+03
1.922953857421875000e+03
1.853361450195312500e+03
1.843425170898437500e+03
1.808947998046875000e+03
1.787986694335937500e+03
1.814307983398437500e+03
1.867308471679687500e+03
1.866780761718750000e+03
1.867929199218750000e+03
1.819411132812500000e+03
1.820326660156250000e+03
1.803628662109375000e+03
1.793288696289062500e+03
1.846567260742187500e+03
1.840903320312500000e+03
1.891486206054687500e+03
1.885823974609375000e+03
1.807476684570312500e+03
1.778991699218750000e+03
1.778005981445312500e+03
1.753074340820312500e+03
1.781370605468750000e+03
1.847630859375000000e+03
1.926116333007812500e+03
1.932385498046875000e+03
1.824120361328125000e+03
1.763819946289062500e+03
1.751563842773437500e+03
1.729551513671875000e+03
1.745451660156250000e+03
1.759924926757812500e+03
1.832822998046875000e+03
1.919719970703125000e+03
1.893267456054687500e+03
1.852156860351562500e+03
1.793053466796875000e+03
1.777042480468750000e+03
1.764200195312500000e+03
1.784405151367187500e+03
1.852695800781250000e+03
1.923351928710937500e+03
1.893259155273437500e+03
1.806177978515625000e+03
1.794511474609375000e+03
1.789423095703125000e+03
1.790054931640625000e+03
1.809350708007812500e+03
1.859080444335937500e+03
1.878273803710937500e+03
1.847238281250000000e+03
1.803397094726562500e+03
1.775165649414062500e+03
1.783209594726562500e+03
1.814978515625000000e+03
1.863490356445312500e+03
1.879523803710937500e+03
1.868547119140625000e+03
1.805197631835937500e+03
1.772953125000000000e+03
1.780425781250000000e+03
1.820157470703125000e+03
1.866140014648437500e+03
1.889064086914062500e+03
1.846610473632812500e+03
1.802782348632812500e+03
1.778935180664062500e+03
1.772031860351562500e+03
1.805138183593750000e+03
1.841292480468750000e+03
1.849897827148437500e+03
1.846599121093750000e+03
1.808611206054687500e+03
1.792819702148437500e+03
1.788964843750000000e+03
1.801036499023437500e+03
1.807897949218750000e+03
1.836322631835937500e+03
1.826994262695312500e+03
1.810086303710937500e+03
1.770682128906250000e+03
1.791688354492187500e+03
1.823297485351562500e+03
1.834117431640625000e+03
1.833071533203125000e+03
1.850000000000000000e+03
1.815652954101562500e+03
1.794734619140625000e+03
1.776959594726562500e+03
1.826834838867187500e+03
1.801287841796875000e+03
1.813549194335937500e+03
1.816791870117187500e+03
1.814618530273437500e+03
1.829406127929687500e+03
1.813574462890625000e+03
1.841214599609375000e+03
1.815348144531250000e+03
1.810056030273437500e+03
1.811118652343750000e+03
1.780775146484375000e+03
1.818839477539062500e+03
1.789152954101562500e+03
1.807074829101562500e+03
1.786622314453125000e+03
1.810839111328125000e+03
1.820324462890625000e+03
1.813941040039062500e+03
1.802899169921875000e+03
1.820225463867187500e+03
1.795405517578125000e+03
1.796042114257812500e+03
1.783616088867187500e+03
1.789267089843750000e+03
1.791232421875000000e+03
1.800371704101562500e+03
1.837468994140625000e+03
1.839333862304687500e+03
1.831198974609375000e+03
1.824372802734375000e+03
1.801314697265625000e+03
1.805756835937500000e+03
1.790565307617187500e+03
1.772479370117187500e+03
1.776787597656250000e+03
1.790100952148437500e+03
1.831786865234375000e+03
1.816335205078125000e+03
1.819460449218750000e+03
1.803390014648437500e+03
1.770201660156250000e+03
1.765219604492187500e+03
1.783415283203125000e+03
1.788879028320312500e+03
1.807744018554687500e+03
1.812649536132812500e+03
1.828994262695312500e+03
1.799257934570312500e+03
1.769568481445312500e+03
1.786051025390625000e+03
1.777121826171875000e+03
1.815684814453125000e+03
1.795620971679687500e+03
1.816736450195312500e+03
1.794281372070312500e+03
1.778557617187500000e+03
1.747309814453125000e+03
1.784136352539062500e+03
1.775767089843750000e+03
1.817631103515625000e+03
1.818576660156250000e+03
1.803458984375000000e+03
1.766712158203125000e+03
1.750709350585937500e+03
1.775951293945312500e+03
1.790103759765625000e+03
1.825683349609375000e+03
1.833756103515625000e+03
1.800484619140625000e+03
1.777641357421875000e+03
1.750304931640625000e+03
1.772298339843750000e+03
1.795753662109375000e+03
1.862339111328125000e+03
1.805442504882812500e+03
1.767641601562500000e+03
1.732053100585937500e+03
1.730606201171875000e+03
1.736245605468750000e+03
1.803760864257812500e+03
1.814445678710937500e+03
1.852946655273437500e+03
1.783880859375000000e+03
1.760615844726562500e+03
1.737381347656250000e+03
1.742965698242187500e+03
1.766301147460937500e+03
1.801063842773437500e+03
1.826433349609375000e+03
1.843686035156250000e+03
1.795769165039062500e+03
1.749599487304687500e+03
1.751280029296875000e+03
1.726311157226562500e+03
1.749041503906250000e+03
1.791333007812500000e+03
1.819775756835937500e+03
1.846333496093750000e+03
1.824413940429687500e+03
1.764911987304687500e+03
1.745846801757812500e+03
1.746343994140625000e+03
1.759475830078125000e+03
1.808694824218750000e+03
1.795844116210937500e+03
1.815054199218750000e+03
1.772249755859375000e+03
1.760374633789062500e+03
1.733669799804687500e+03
1.739707763671875000e+03
1.746448120117187500e+03
1.794359375000000000e+03
1.788213012695312500e+03
1.803304443359375000e+03
1.744960205078125000e+03
1.762151367187500000e+03
1.738180541992187500e+03
1.740839111328125000e+03
1.751335449218750000e+03
1.798327758789062500e+03
1.782364624023437500e+03
1.768046142578125000e+03
1.768730468750000000e+03
1.812009155273437500e+03
1.776643432617187500e+03
1.763636108398437500e+03
1.748224487304687500e+03
1.760197753906250000e+03
1.773053344726562500e+03
1.823435424804687500e+03
1.785266845703125000e+03
1.784490966796875000e+03
1.746239135742187500e+03
1.754274536132812500e+03
1.756056274414062500e+03
1.795006347656250000e+03
1.821672851562500000e+03
1.815379516601562500e+03
1.777802001953125000e+03
1.719356689453125000e+03
1.731086181640625000e+03
1.722189208984375000e+03
1.758614868164062500e+03
1.816203613281250000e+03
1.833714599609375000e+03
1.814307495117187500e+03
1.744003295898437500e+03
1.723290161132812500e+03
1.726640136718750000e+03
1.713424804687500000e+03
1.756507202148437500e+03
1.801400024414062500e+03
1.821491088867187500e+03
1.795394165039062500e+03
1.745380004882812500e+03
1.726579467773437500e+03
1.734673339843750000e+03
1.763847290039062500e+03
1.770051147460937500e+03
1.801209594726562500e+03
1.772069824218750000e+03
1.765155639648437500e+03
1.727609985351562500e+03
1.715978759765625000e+03
1.735093872070312500e+03
1.758526367187500000e+03
1.792980102539062500e+03
1.838371826171875000e+03
1.774102172851562500e+03
1.739299804687500000e+03
1.731183105468750000e+03
1.727050781250000000e+03
1.763316284179687500e+03
1.816179321289062500e+03
1.801923828125000000e+03
1.751667358398437500e+03
1.717084594726562500e+03
1.739098144531250000e+03
1.756549682617187500e+03
1.787437622070312500e+03
1.788134765625000000e+03
1.750149291992187500e+03
1.729188476562500000e+03
1.735302124023437500e+03
1.731766601562500000e+03
1.743412841796875000e+03
1.755664184570312500e+03
1.777666870117187500e+03
1.751416992187500000e+03
1.759832031250000000e+03
1.752364990234375000e+03
1.762807617187500000e+03
1.755802856445312500e+03
1.757558105468750000e+03
1.738512329101562500e+03
1.745776000976562500e+03
1.758476684570312500e+03
1.757017333984375000e+03
1.770781127929687500e+03
1.797195922851562500e+03
1.750880981445312500e+03
1.748081420898437500e+03
1.752662353515625000e+03
1.780533813476562500e+03
1.767836425781250000e+03
1.745413208007812500e+03
1.770725341796875000e+03
1.749831665039062500e+03
1.755852661132812500e+03
1.780362182617187500e+03
1.768210693359375000e+03
1.747203002929687500e+03
1.762828613281250000e+03
1.763618774414062500e+03
1.740717163085937500e+03
1.720277954101562500e+03
1.713589111328125000e+03
1.744923339843750000e+03
1.722004638671875000e+03
1.735833984375000000e+03
1.745492309570312500e+03
1.741786254882812500e+03
1.743175537109375000e+03
1.778091430664062500e+03
1.775145629882812500e+03
1.780874023437500000e+03
1.716900146484375000e+03
1.695437866210937500e+03
1.685101684570312500e+03
1.723785156250000000e+03
1.782133789062500000e+03
1.822772094726562500e+03
1.801253662109375000e+03
1.734992309570312500e+03
1.692807495117187500e+03
1.669843261718750000e+03
1.651128540039062500e+03
1.682198364257812500e+03
1.710475830078125000e+03
1.801623535156250000e+03
1.779381958007812500e+03
1.794580932617187500e+03
1.692203979492187500e+03
1.674916015625000000e+03
1.643905151367187500e+03
1.695538208007812500e+03
1.729347534179687500e+03
1.808640625000000000e+03
1.816618164062500000e+03
1.777495483398437500e+03
1.709606933593750000e+03
1.689007446289062500e+03
1.692003784179687500e+03
1.733210937500000000e+03
1.765740844726562500e+03
1.797204956054687500e+03
1.764068115234375000e+03
1.734011352539062500e+03
1.710120605468750000e+03
1.706618041992187500e+03
1.715702026367187500e+03
1.777046142578125000e+03
1.780273925781250000e+03
1.765185180664062500e+03
1.741646118164062500e+03
1.714520263671875000e+03
1.684183349609375000e+03
1.690408325195312500e+03
1.716223144531250000e+03
1.766241088867187500e+03
1.787195434570312500e+03
1.757090698242187500e+03
1.739377441406250000e+03
1.746651611328125000e+03
1.702695190429687500e+03
1.690502807617187500e+03
1.716420532226562500e+03
1.734550292968750000e+03
1.745399169921875000e+03
1.761127807617187500e+03
1.747734130859375000e+03
1.741926147460937500e+03
1.712747802734375000e+03
1.701622802734375000e+03
1.685044433593750000e+03
1.695432128906250000e+03
1.699072998046875000e+03
1.729595825195312500e+03
1.764234863281250000e+03
1.779055175781250000e+03
1.744325439453125000e+03
1.702404174804687500e+03
1.669772094726562500e+03
1.703384033203125000e+03
1.699791015625000000e+03
1.749264038085937500e+03
1.766469360351562500e+03
1.767463867187500000e+03
1.739857177734375000e+03
1.700742309570312500e+03
1.684025024414062500e+03
1.698199096679687500e+03
1.705161254882812500e+03
1.703026611328125000e+03
1.772528686523437500e+03
1.785225830078125000e+03
1.722611328125000000e+03
1.713144165039062500e+03
1.689212036132812500e+03
1.710475830078125000e+03
1.701626953125000000e+03
1.728983032226562500e+03
1.720031982421875000e+03
1.744150268554687500e+03
1.724948852539062500e+03
1.699633178710937500e+03
1.701234130859375000e+03
1.688906005859375000e+03
1.714115478515625000e+03
1.749842529296875000e+03
1.740276489257812500e+03
1.760851318359375000e+03
1.733272338867187500e+03
1.710340332031250000e+03
1.694855957031250000e+03
1.717155273437500000e+03
1.733408813476562500e+03
1.761076538085937500e+03
1.724439819335937500e+03
1.693166870117187500e+03
1.663257446289062500e+03
1.696126831054687500e+03
1.712505493164062500e+03
1.751411132812500000e+03
1.764788940429687500e+03
1.744010253906250000e+03
1.708126098632812500e+03
1.688142089843750000e+03
1.653112792968750000e+03
1.679749511718750000e+03
1.701747192382812500e+03
1.732251953125000000e+03
1.744379516601562500e+03
1.724169799804687500e+03
1.701421875000000000e+03
1.674051147460937500e+03
1.672989501953125000e+03
1.702217773437500000e+03
1.720639770507812500e+03
1.732696289062500000e+03
1.716078369140625000e+03
1.713842285156250000e+03
1.700256591796875000e+03
1.699289428710937500e+03
1.701573120117187500e+03
1.705582519531250000e+03
1.729628540039062500e+03
1.752800170898437500e+03
1.722984985351562500e+03
1.708449829101562500e+03
1.682979125976562500e+03
1.683488525390625000e+03
1.698971923828125000e+03
1.702730590820312500e+03
1.681025024414062500e+03
1.709283203125000000e+03
1.717411621093750000e+03
1.720829833984375000e+03
1.684912597656250000e+03
1.713481933593750000e+03
1.679396362304687500e+03
1.710276123046875000e+03
1.723435180664062500e+03
1.722532836914062500e+03
1.711544311523437500e+03
1.703305664062500000e+03
1.693207519531250000e+03
1.697165039062500000e+03
1.693268310546875000e+03
1.694329956054687500e+03
1.686996826171875000e+03
1.712654663085937500e+03
1.715377319335937500e+03
1.737771484375000000e+03
1.724299438476562500e+03
1.700366455078125000e+03
1.697579101562500000e+03
1.705834350585937500e+03
1.726375976562500000e+03
1.718606811523437500e+03
1.665398803710937500e+03
1.693352539062500000e+03
1.701146606445312500e+03
1.703953979492187500e+03
1.739213256835937500e+03
1.733658325195312500e+03
1.703079345703125000e+03
1.695866333007812500e+03
1.675890258789062500e+03
1.657636596679687500e+03
1.680258300781250000e+03
1.702325439453125000e+03
1.763631835937500000e+03
1.747403930664062500e+03
1.724352661132812500e+03
1.662260986328125000e+03
1.625598266601562500e+03
1.649325927734375000e+03
1.624821166992187500e+03
1.650885864257812500e+03
1.666949462890625000e+03
1.736464843750000000e+03
1.729462036132812500e+03
1.734832031250000000e+03
1.685577758789062500e+03
1.648177368164062500e+03
1.645800170898437500e+03
1.669591186523437500e+03
1.699241455078125000e+03
1.727992309570312500e+03
1.714019165039062500e+03
1.704651123046875000e+03
1.654129272460937500e+03
1.652257446289062500e+03
1.672692504882812500e+03
1.698440673828125000e+03
1.727679321289062500e+03
1.751212524414062500e+03
1.712829345703125000e+03
1.695336791992187500e+03
1.660225708007812500e+03
1.676651489257812500e+03
1.667636352539062500e+03
1.696697265625000000e+03
1.701010864257812500e+03
1.730381347656250000e+03
1.691755615234375000e+03
1.692819702148437500e+03
1.673871459960937500e+03
1.671819946289062500e+03
1.647688110351562500e+03
1.647620483398437500e+03
1.657119506835937500e+03
1.701820678710937500e+03
1.755188476562500000e+03
1.751047119140625000e+03
1.713354125976562500e+03
1.680598022460937500e+03
1.672936157226562500e+03
1.663006469726562500e+03
1.649393798828125000e+03
1.696819335937500000e+03
1.680809204101562500e+03
1.677431152343750000e+03
1.681081176757812500e+03
1.675645263671875000e+03
1.664927978515625000e+03
1.680924194335937500e+03
1.664608032226562500e+03
1.655049438476562500e+03
1.715118774414062500e+03
1.731953857421875000e+03
1.696968505859375000e+03
1.657565185546875000e+03
1.646973144531250000e+03
1.635671997070312500e+03
1.646298706054687500e+03
1.668945922851562500e+03
1.693116333007812500e+03
1.704078491210937500e+03
1.676799438476562500e+03
1.630005981445312500e+03
1.626967651367187500e+03
1.646626342773437500e+03
1.641936157226562500e+03
1.719749023437500000e+03
1.707830932617187500e+03
1.703261962890625000e+03
1.682422851562500000e+03
1.634918090820312500e+03
1.618831176757812500e+03
1.656831176757812500e+03
1.693995849609375000e+03
1.708663940429687500e+03
1.696594970703125000e+03
1.673046875000000000e+03
1.656475708007812500e+03
1.650755981445312500e+03
1.650955932617187500e+03
1.671895019531250000e+03
1.678610107421875000e+03
1.693689331054687500e+03
1.674753662109375000e+03
1.684985473632812500e+03
1.658193115234375000e+03
1.679226196289062500e+03
1.696353637695312500e+03
1.682356689453125000e+03
1.690813354492187500e+03
1.660949829101562500e+03
1.642059448242187500e+03
1.655699829101562500e+03
1.683954345703125000e+03
1.706262451171875000e+03
1.690078979492187500e+03
1.683371704101562500e+03
1.662749633789062500e+03
1.698400512695312500e+03
1.655358032226562500e+03
1.645250366210937500e+03
1.645842285156250000e+03
1.682816040039062500e+03
1.673950805664062500e+03
1.678574096679687500e+03
1.676625366210937500e+03
1.674596923828125000e+03
1.639905151367187500e+03
1.632214599609375000e+03
1.638840209960937500e+03
1.679353515625000000e+03
1.684622802734375000e+03
1.680584472656250000e+03
1.657430786132812500e+03
1.648574707031250000e+03
1.627279174804687500e+03
1.647822143554687500e+03
1.661787353515625000e+03
1.729237304687500000e+03
1.703496459960937500e+03
1.670715332031250000e+03
1.626628173828125000e+03
1.615293701171875000e+03
1.637218017578125000e+03
1.665979003906250000e+03
1.691015258789062500e+03
1.723550292968750000e+03
1.668226440429687500e+03
1.657407104492187500e+03
1.619230468750000000e+03
1.612700927734375000e+03
1.636448974609375000e+03
1.678655517578125000e+03
1.696587646484375000e+03
1.698685424804687500e+03
1.648230957031250000e+03
1.634140014648437500e+03
1.627455444335937500e+03
1.629652343750000000e+03
1.634393188476562500e+03
1.669529785156250000e+03
1.683419311523437500e+03
1.689078002929687500e+03
1.684094482421875000e+03
1.677500488281250000e+03
1.650866333007812500e+03
1.651823120117187500e+03
1.652884033203125000e+03
1.685205322265625000e+03
1.667692260742187500e+03
1.653287963867187500e+03
1.628011962890625000e+03
1.602586181640625000e+03
1.623566528320312500e+03
1.652991943359375000e+03
1.688116821289062500e+03
1.700079833984375000e+03
1.651669799804687500e+03
1.644810668945312500e+03
1.618683837890625000e+03
1.621660644531250000e+03
1.669175781250000000e+03
1.668585327148437500e+03
1.670186645507812500e+03
1.667719604492187500e+03
1.657183837890625000e+03
1.637238159179687500e+03
1.644634033203125000e+03
1.672385620117187500e+03
1.692164794921875000e+03
1.694234130859375000e+03
1.642508300781250000e+03
1.626854003906250000e+03
1.602755004882812500e+03
1.608697509765625000e+03
1.603793090820312500e+03
1.664628295898437500e+03
1.683924194335937500e+03
1.701323364257812500e+03
1.629383666992187500e+03
1.617148681640625000e+03
1.582293457031250000e+03
1.576654296875000000e+03
1.610515258789062500e+03
1.648674926757812500e+03
1.680629150390625000e+03
1.692132690429687500e+03
1.646589965820312500e+03
1.626808959960937500e+03
1.621369995117187500e+03
1.655538696289062500e+03
1.643157836914062500e+03
1.654564208984375000e+03
1.609399780273437500e+03
1.621183471679687500e+03
1.648751831054687500e+03
1.662077026367187500e+03
1.669257446289062500e+03
1.650811157226562500e+03
1.614775634765625000e+03
1.612323486328125000e+03
1.614874267578125000e+03
1.648765258789062500e+03
1.658172973632812500e+03
1.684206298828125000e+03
1.669150512695312500e+03
1.643098632812500000e+03
1.612262939453125000e+03
1.603959472656250000e+03
1.603067871093750000e+03
1.612264160156250000e+03
1.644608276367187500e+03
1.687624267578125000e+03
1.636805664062500000e+03
1.643533447265625000e+03
1.604725097656250000e+03
1.600455810546875000e+03
1.586294433593750000e+03
1.594178588867187500e+03
1.634906616210937500e+03
1.715385986328125000e+03
1.684332763671875000e+03
1.623552978515625000e+03
1.588854003906250000e+03
1.552257812500000000e+03
1.601621826171875000e+03
1.658335449218750000e+03
1.694886962890625000e+03
1.690194824218750000e+03
1.605023315429687500e+03
1.569730346679687500e+03
1.584467163085937500e+03
1.613323974609375000e+03
1.644212524414062500e+03
1.690765991210937500e+03
1.684425292968750000e+03
1.650729370117187500e+03
1.589563964843750000e+03
1.554881591796875000e+03
1.558511962890625000e+03
1.606328979492187500e+03
1.650922119140625000e+03
1.688900268554687500e+03
1.649109130859375000e+03
1.627823974609375000e+03
1.582560668945312500e+03
1.595553100585937500e+03
1.608337280273437500e+03
1.655349609375000000e+03
1.670394653320312500e+03
1.632928344726562500e+03
1.613079589843750000e+03
1.597938110351562500e+03
1.590406860351562500e+03
1.631183959960937500e+03
1.628769287109375000e+03
1.635251831054687500e+03
1.647798706054687500e+03
1.650624511718750000e+03
1.631977783203125000e+03
1.622944946289062500e+03
1.617342163085937500e+03
1.647403442382812500e+03
1.645251464843750000e+03
1.623948364257812500e+03
1.619454101562500000e+03
1.631566528320312500e+03
1.600783935546875000e+03
1.621299194335937500e+03
1.614238159179687500e+03
1.637797363281250000e+03
1.652433471679687500e+03
1.629460693359375000e+03
1.624472167968750000e+03
1.629652954101562500e+03
1.606858764648437500e+03
1.599746459960937500e+03
1.624806030273437500e+03
1.654349853515625000e+03
1.654183349609375000e+03
1.644524291992187500e+03
1.613126342773437500e+03
1.612039184570312500e+03
1.597718017578125000e+03
1.592182617187500000e+03
1.634319702148437500e+03
1.640267822265625000e+03
1.627122192382812500e+03
1.612795288085937500e+03
1.579362426757812500e+03
1.614501098632812500e+03
1.605871948242187500e+03
1.625461791992187500e+03
1.630292968750000000e+03
1.615197021484375000e+03
1.604474365234375000e+03
1.609249511718750000e+03
1.585571533203125000e+03
1.603580932617187500e+03
1.642004760742187500e+03
1.665052978515625000e+03
1.670355590820312500e+03
1.620794677734375000e+03
1.582067626953125000e+03
1.553682495117187500e+03
1.550140014648437500e+03
1.580482543945312500e+03
1.622745605468750000e+03
1.670705322265625000e+03
1.671114990234375000e+03
1.604452148437500000e+03
1.567843627929687500e+03
1.576045043945312500e+03
1.586899169921875000e+03
1.632746093750000000e+03
1.653972778320312500e+03
1.653081665039062500e+03
1.613127197265625000e+03
1.587723144531250000e+03
1.572800170898437500e+03
1.584428344726562500e+03
1.618269531250000000e+03
1.655678955078125000e+03
1.649425292968750000e+03
1.635550659179687500e+03
1.566203857421875000e+03
1.547979980468750000e+03
1.547052856445312500e+03
1.575662353515625000e+03
1.602453979492187500e+03
1.647171508789062500e+03
1.647216186523437500e+03
1.645147827148437500e+03
1.594984863281250000e+03
1.576562866210937500e+03
1.577800292968750000e+03
1.587658691406250000e+03
1.611846679687500000e+03
1.652971191406250000e+03
1.627461669921875000e+03
1.609667846679687500e+03
1.571218017578125000e+03
1.573812500000000000e+03
1.624333496093750000e+03
1.615669189453125000e+03
1.646584594726562500e+03
1.638089965820312500e+03
1.609400268554687500e+03
1.590901123046875000e+03
1.569011596679687500e+03
1.583530273437500000e+03
1.608325439453125000e+03
1.647238525390625000e+03
1.624015991210937500e+03
1.612704833984375000e+03
1.594290771484375000e+03
1.570917358398437500e+03
1.574145263671875000e+03
1.583201293945312500e+03
1.628842285156250000e+03
1.642743652343750000e+03
1.598363037109375000e+03
1.573182006835937500e+03
1.562848876953125000e+03
1.570881591796875000e+03
1.614838500976562500e+03
1.625148803710937500e+03
1.609146362304687500e+03
1.609817504882812500e+03
1.610833374023437500e+03
1.578202514648437500e+03
1.584420776367187500e+03
1.587056518554687500e+03
1.615121826171875000e+03
1.627309936523437500e+03
1.613866943359375000e+03
1.605987182617187500e+03
1.591776000976562500e+03
1.591294677734375000e+03
1.595406127929687500e+03
1.592560668945312500e+03
1.581932861328125000e+03
1.578955932617187500e+03
1.566442504882812500e+03
1.569035034179687500e+03
1.586364135742187500e+03
1.612843505859375000e+03
1.632529541015625000e+03
1.613298095703125000e+03
1.609214965820312500e+03
1.598067504882812500e+03
1.568397460937500000e+03
1.586937866210937500e+03
1.565717529296875000e+03
1.609138427734375000e+03
1.594884033203125000e+03
1.614309814453125000e+03
1.603203979492187500e+03
1.583653198242187500e+03
1.553396484375000000e+03
1.561900634765625000e+03
1.564773315429687500e+03
1.600192504882812500e+03
1.625767700195312500e+03
1.611865966796875000e+03
1.582400268554687500e+03
1.576869506835937500e+03
1.580525268554687500e+03
1.577354125976562500e+03
1.602504028320312500e+03
1.633003295898437500e+03
1.602446289062500000e+03
1.578831542968750000e+03
1.574298095703125000e+03
1.568721313476562500e+03
1.581118041992187500e+03
1.587575927734375000e+03
1.592304443359375000e+03
1.584922119140625000e+03
1.580214111328125000e+03
1.586389160156250000e+03
1.558990966796875000e+03
1.557961181640625000e+03
1.556210327148437500e+03
1.605415161132812500e+03
1.612929809570312500e+03
1.594650512695312500e+03
1.536283203125000000e+03
1.550514160156250000e+03
1.542772705078125000e+03
1.564092773437500000e+03
1.599584350585937500e+03
1.634131958007812500e+03
1.596315795898437500e+03
1.567598632812500000e+03
1.540513427734375000e+03
1.515303100585937500e+03
1.520809814453125000e+03
1.567104980468750000e+03
1.592574951171875000e+03
1.667424804687500000e+03
1.601294799804687500e+03
1.576233154296875000e+03
1.509652832031250000e+03
1.521809326171875000e+03
1.513223144531250000e+03
1.571344360351562500e+03
1.649441162109375000e+03
1.667539428710937500e+03
1.581749023437500000e+03
1.519104125976562500e+03
1.491952758789062500e+03
1.468684814453125000e+03
1.486406494140625000e+03
1.521927001953125000e+03
1.580026489257812500e+03
1.663179199218750000e+03
1.628661010742187500e+03
1.563646972656250000e+03
1.525471923828125000e+03
1.488856201171875000e+03
1.492995605468750000e+03
1.498756347656250000e+03
1.533264770507812500e+03
1.605785034179687500e+03
1.633355102539062500e+03
1.609590942382812500e+03
1.559056518554687500e+03
1.525119018554687500e+03
1.511587524414062500e+03
1.514356933593750000e+03
1.520897827148437500e+03
1.585957519531250000e+03
1.639875366210937500e+03
1.607579833984375000e+03
1.581088867187500000e+03
1.548081665039062500e+03
1.520465942382812500e+03
1.519690673828125000e+03
1.549959106445312500e+03
1.623162475585937500e+03
1.604139160156250000e+03
1.582772827148437500e+03
1.553148437500000000e+03
1.544945190429687500e+03
1.561375610351562500e+03
1.578565307617187500e+03
1.575481323242187500e+03
1.590119873046875000e+03
1.604064819335937500e+03
1.601388671875000000e+03
1.565533203125000000e+03
1.561844360351562500e+03
1.573410278320312500e+03
1.574419433593750000e+03
1.575065429687500000e+03
1.574012207031250000e+03
1.567936157226562500e+03
1.564357543945312500e+03
1.581781982421875000e+03
1.600409423828125000e+03
1.558773803710937500e+03
1.557056030273437500e+03
1.518804931640625000e+03
1.548962646484375000e+03
1.578159179687500000e+03
1.620472167968750000e+03
1.580338134765625000e+03
1.576829101562500000e+03
1.549171630859375000e+03
1.525872924804687500e+03
1.535863647460937500e+03
1.549354858398437500e+03
1.605839111328125000e+03
1.598467529296875000e+03
1.594190673828125000e+03
1.553291992187500000e+03
1.537948852539062500e+03
1.535712524414062500e+03
1.558296997070312500e+03
1.582773681640625000e+03
1.572220825195312500e+03
1.569655761718750000e+03
1.542196166992187500e+03
1.531258300781250000e+03
1.567173339843750000e+03
1.574809448242187500e+03
1.570703125000000000e+03
1.546606445312500000e+03
1.534457275390625000e+03
1.519647460937500000e+03
1.554815429687500000e+03
1.555443359375000000e+03
1.580072143554687500e+03
1.568626464843750000e+03
1.575859130859375000e+03
1.546265991210937500e+03
1.538985351562500000e+03
1.542545654296875000e+03
1.545631469726562500e+03
1.568423461914062500e+03
1.568434814453125000e+03
1.546510864257812500e+03
1.544760620117187500e+03
1.521104370117187500e+03
1.536124145507812500e+03
1.578164794921875000e+03
1.569716308593750000e+03
1.565560302734375000e+03
1.537249755859375000e+03
1.536929809570312500e+03
1.524774536132812500e+03
1.531935180664062500e+03
1.559777099609375000e+03
1.585974853515625000e+03
1.557808349609375000e+03
1.548825805664062500e+03
1.526774291992187500e+03
1.517069946289062500e+03
1.525036010742187500e+03
1.530765136718750000e+03
1.587806030273437500e+03
1.599034179687500000e+03
1.571316040039062500e+03
1.530557128906250000e+03
1.514504760742187500e+03
1.490704101562500000e+03
1.497137207031250000e+03
1.540157958984375000e+03
1.568925659179687500e+03
1.585936157226562500e+03
1.567519653320312500e+03
1.543168823242187500e+03
1.537200683593750000e+03
1.531861938476562500e+03
1.520922485351562500e+03
1.525657470703125000e+03
1.547509643554687500e+03
1.600282104492187500e+03
1.596663940429687500e+03
1.571688842773437500e+03
1.511967041015625000e+03
1.491299316406250000e+03
1.482607177734375000e+03
1.517250122070312500e+03
1.567809326171875000e+03
1.632803955078125000e+03
1.576071166992187500e+03
1.508247802734375000e+03
1.469534301757812500e+03
1.469495849609375000e+03
1.500117797851562500e+03
1.539855346679687500e+03
1.597150268554687500e+03
1.608239257812500000e+03
1.551946777343750000e+03
1.511441528320312500e+03
1.527843627929687500e+03
1.519761108398437500e+03
1.546261352539062500e+03
1.564031860351562500e+03
1.606350463867187500e+03
1.560465820312500000e+03
1.526618286132812500e+03
1.513158935546875000e+03
1.491544677734375000e+03
1.510628540039062500e+03
1.530813598632812500e+03
1.554214965820312500e+03
1.566468627929687500e+03
1.558976806640625000e+03
1.528488647460937500e+03
1.505027465820312500e+03
1.539648925781250000e+03
1.569618286132812500e+03
1.549536376953125000e+03
1.540211181640625000e+03
1.498601928710937500e+03
1.480885986328125000e+03
1.506529663085937500e+03
1.524484497070312500e+03
1.559979003906250000e+03
1.571369018554687500e+03
1.557398803710937500e+03
1.526205200195312500e+03
1.510885620117187500e+03
1.511800537109375000e+03
1.530905639648437500e+03
1.554416259765625000e+03
1.564057861328125000e+03
1.540537841796875000e+03
1.517856811523437500e+03
1.494747192382812500e+03
1.490622436523437500e+03
1.537997192382812500e+03
1.548103759765625000e+03
1.549898193359375000e+03
1.553121093750000000e+03
1.526539428710937500e+03
1.521914306640625000e+03
1.518986816406250000e+03
1.531692138671875000e+03
1.541970336914062500e+03
1.530243652343750000e+03
1.531294799804687500e+03
1.537761962890625000e+03
1.541299804687500000e+03
1.507252319335937500e+03
1.498437377929687500e+03
1.495652954101562500e+03
1.526984375000000000e+03
1.533644287109375000e+03
1.539874633789062500e+03
1.520565185546875000e+03
1.535128540039062500e+03
1.512298706054687500e+03
1.519332153320312500e+03
1.508234008789062500e+03
1.521513671875000000e+03
1.543151367187500000e+03
1.523287597656250000e+03
1.513179809570312500e+03
1.525830200195312500e+03
1.503041625976562500e+03
1.518428100585937500e+03
1.525071289062500000e+03
1.530286987304687500e+03
1.526232177734375000e+03
1.517149169921875000e+03
1.512977783203125000e+03
1.517626342773437500e+03
1.514451171875000000e+03
1.525869873046875000e+03
1.529497436523437500e+03
1.514605957031250000e+03
1.482641113281250000e+03
1.501778198242187500e+03
1.487612426757812500e+03
1.514482299804687500e+03
1.514579467773437500e+03
1.536347656250000000e+03
1.548779541015625000e+03
1.556048339843750000e+03
1.529617187500000000e+03
1.498517333984375000e+03
1.491384521484375000e+03
1.502180786132812500e+03
1.513928100585937500e+03
1.551182617187500000e+03
1.559622924804687500e+03
1.549480590820312500e+03
1.536533203125000000e+03
1.524499023437500000e+03
1.506596191406250000e+03
1.512835327148437500e+03
1.504942993164062500e+03
1.524064941406250000e+03
1.533036621093750000e+03
1.527291137695312500e+03
1.528994628906250000e+03
1.515143676757812500e+03
1.504330444335937500e+03
1.503871826171875000e+03
1.473296875000000000e+03
1.475720336914062500e+03
1.502297119140625000e+03
1.513136840820312500e+03
1.532273315429687500e+03
1.556192016601562500e+03
1.527667846679687500e+03
1.505655273437500000e+03
1.494525024414062500e+03
1.493652832031250000e+03
1.513134155273437500e+03
1.523807861328125000e+03
1.543599609375000000e+03
1.528179321289062500e+03
1.506970458984375000e+03
1.486568481445312500e+03
1.482945312500000000e+03
1.522354614257812500e+03
1.530048706054687500e+03
1.528439819335937500e+03
1.484654296875000000e+03
1.484393432617187500e+03
1.470084106445312500e+03
1.473234008789062500e+03
1.498746826171875000e+03
1.550511596679687500e+03
1.511480834960937500e+03
1.498757202148437500e+03
1.492466308593750000e+03
1.497653442382812500e+03
1.507623779296875000e+03
1.527464965820312500e+03
1.540181762695312500e+03
1.538156494140625000e+03
1.506059326171875000e+03
1.489125854492187500e+03
1.497296630859375000e+03
1.512136596679687500e+03
1.506566650390625000e+03
1.513998657226562500e+03
1.517744873046875000e+03
1.479172363281250000e+03
1.484512207031250000e+03
1.488815673828125000e+03
1.505138305664062500e+03
1.522528686523437500e+03
1.537174194335937500e+03
1.508139648437500000e+03
1.499638183593750000e+03
1.485984375000000000e+03
1.470892944335937500e+03
1.492819946289062500e+03
1.502176513671875000e+03
1.512088012695312500e+03
1.499921142578125000e+03
1.492284179687500000e+03
1.497310668945312500e+03
1.523796142578125000e+03
1.503393432617187500e+03
1.509533813476562500e+03
1.525353027343750000e+03
1.501716674804687500e+03
1.478757324218750000e+03
1.492631958007812500e+03
1.481347167968750000e+03
1.494224853515625000e+03
1.470483642578125000e+03
1.487516601562500000e+03
1.500218017578125000e+03
1.521658691406250000e+03
1.507515136718750000e+03
1.488977172851562500e+03
1.482492431640625000e+03
1.458593627929687500e+03
1.483345458984375000e+03
1.508835449218750000e+03
1.558976196289062500e+03
1.537029174804687500e+03
1.494063598632812500e+03
1.461765869140625000e+03
1.453754760742187500e+03
1.462370605468750000e+03
1.496435424804687500e+03
1.543766845703125000e+03
1.536557128906250000e+03
1.506312011718750000e+03
1.470858032226562500e+03
1.463174926757812500e+03
1.461647338867187500e+03
1.476057983398437500e+03
1.505497802734375000e+03
1.531814453125000000e+03
1.506191284179687500e+03
1.475756347656250000e+03
1.490067016601562500e+03
1.498213500976562500e+03
1.483974121093750000e+03
1.510336181640625000e+03
1.505449462890625000e+03
1.480969848632812500e+03
1.482680297851562500e+03
1.478473999023437500e+03
1.510804809570312500e+03
1.519747680664062500e+03
1.509481323242187500e+03
1.491892944335937500e+03
1.481089111328125000e+03
1.461557495117187500e+03
1.445837280273437500e+03
1.484322631835937500e+03
1.496588989257812500e+03
1.521061767578125000e+03
1.505822143554687500e+03
1.468894531250000000e+03
1.455463012695312500e+03
1.468008789062500000e+03
1.473646850585937500e+03
1.478395019531250000e+03
1.492240112304687500e+03
1.500101684570312500e+03
1.494543457031250000e+03
1.480202514648437500e+03
1.474645507812500000e+03
1.454324340820312500e+03
1.480389770507812500e+03
1.519993041992187500e+03
1.510756958007812500e+03
1.492484008789062500e+03
1.450941040039062500e+03
1.475965820312500000e+03
1.468132690429687500e+03
1.449995117187500000e+03
1.458069946289062500e+03
1.484166259765625000e+03
1.471323120117187500e+03
1.473282836914062500e+03
1.466544311523437500e+03
1.470747314453125000e+03
1.511519775390625000e+03
1.504333007812500000e+03
1.469883666992187500e+03
1.457127319335937500e+03
1.453863525390625000e+03
1.457628784179687500e+03
1.459905761718750000e+03
1.487511840820312500e+03
1.485115844726562500e+03
1.484418701171875000e+03
1.484951782226562500e+03
1.486595336914062500e+03
1.456078613281250000e+03
1.458911987304687500e+03
1.472691284179687500e+03
1.482056274414062500e+03
1.497858032226562500e+03
1.506239868164062500e+03
1.464751098632812500e+03
1.480333496093750000e+03
1.461901123046875000e+03
1.471026000976562500e+03
1.468517944335937500e+03
1.477610595703125000e+03
1.471599121093750000e+03
1.450672973632812500e+03
1.485837036132812500e+03
1.502283447265625000e+03
1.492764770507812500e+03
1.470465332031250000e+03
1.463216796875000000e+03
1.440822021484375000e+03
1.450602172851562500e+03
1.460470703125000000e+03
1.485293823242187500e+03
1.482601196289062500e+03
1.478224487304687500e+03
1.488130981445312500e+03
1.485975097656250000e+03
1.480075683593750000e+03
1.449646606445312500e+03
1.442687622070312500e+03
1.410907592773437500e+03
1.407222167968750000e+03
1.435919433593750000e+03
1.479746337890625000e+03
1.510844482421875000e+03
1.500313842773437500e+03
1.468631591796875000e+03
1.437833862304687500e+03
1.409512695312500000e+03
1.412032470703125000e+03
1.462433471679687500e+03
1.509678344726562500e+03
1.517568481445312500e+03
1.513377807617187500e+03
1.456719604492187500e+03
1.416723876953125000e+03
1.421241821289062500e+03
1.431376953125000000e+03
1.460457031250000000e+03
1.504693847656250000e+03
1.517203125000000000e+03
1.491881958007812500e+03
1.467703857421875000e+03
1.425896118164062500e+03
1.424510864257812500e+03
1.442654785156250000e+03
1.460885864257812500e+03
1.478019653320312500e+03
1.481776123046875000e+03
1.495981323242187500e+03
1.461819702148437500e+03
1.449035156250000000e+03
1.448031860351562500e+03
1.448414184570312500e+03
1.472567504882812500e+03
1.462606201171875000e+03
1.455759643554687500e+03
1.471787597656250000e+03
1.457447875976562500e+03
1.449333129882812500e+03
1.459141479492187500e+03
1.464973876953125000e+03
1.462836425781250000e+03
1.465234863281250000e+03
1.451333374023437500e+03
1.478902709960937500e+03
1.466477172851562500e+03
1.463725463867187500e+03
1.460867797851562500e+03
1.438570312500000000e+03
1.456007202148437500e+03
1.450772460937500000e+03
1.453598632812500000e+03
1.456119018554687500e+03
1.440385009765625000e+03
1.434744018554687500e+03
1.457002319335937500e+03
1.479405761718750000e+03
1.457875122070312500e+03
1.460669433593750000e+03
1.456353271484375000e+03
1.462462646484375000e+03
1.450149780273437500e+03
1.462422973632812500e+03
1.438343261718750000e+03
1.429417602539062500e+03
1.427294677734375000e+03
1.445739501953125000e+03
1.459733154296875000e+03
1.464585449218750000e+03
1.474879028320312500e+03
1.464343139648437500e+03
1.414952148437500000e+03
1.413974487304687500e+03
1.418947998046875000e+03
1.450154785156250000e+03
1.492273803710937500e+03
1.485984863281250000e+03
1.478058593750000000e+03
1.442400024414062500e+03
1.429119995117187500e+03
1.432560302734375000e+03
1.471736450195312500e+03
1.477095336914062500e+03
1.483688110351562500e+03
1.460547973632812500e+03
1.445119018554687500e+03
1.419848144531250000e+03
1.424440307617187500e+03
1.463675659179687500e+03
1.450870849609375000e+03
1.462930297851562500e+03
1.445224853515625000e+03
1.438454345703125000e+03
1.419006591796875000e+03
1.426502929687500000e+03
1.445416625976562500e+03
1.485335693359375000e+03
1.486903442382812500e+03
1.454955810546875000e+03
1.418067260742187500e+03
1.403344604492187500e+03
1.407334838867187500e+03
1.404014770507812500e+03
1.432336303710937500e+03
1.476338012695312500e+03
1.504127929687500000e+03
1.464344970703125000e+03
1.419717285156250000e+03
1.398876831054687500e+03
1.416063354492187500e+03
1.432826293945312500e+03
1.455543701171875000e+03
1.481187866210937500e+03
1.477108154296875000e+03
1.429667114257812500e+03
1.413653686523437500e+03
1.420075805664062500e+03
1.430765136718750000e+03
1.431564819335937500e+03
1.474678710937500000e+03
1.456827514648437500e+03
1.464819824218750000e+03
1.419596191406250000e+03
1.430524658203125000e+03
1.438251708984375000e+03
1.445865844726562500e+03
1.453472167968750000e+03
1.439487426757812500e+03
1.412507812500000000e+03
1.424783691406250000e+03
1.448554321289062500e+03
1.473936279296875000e+03
1.447820678710937500e+03
1.438763793945312500e+03
1.396966918945312500e+03
1.412061767578125000e+03
1.437296875000000000e+03
1.446106811523437500e+03
1.461401611328125000e+03
1.462145874023437500e+03
1.440365844726562500e+03
1.444656127929687500e+03
1.422689941406250000e+03
1.458260620117187500e+03
1.500026489257812500e+03
1.456748291015625000e+03
1.417251464843750000e+03
1.406684326171875000e+03
1.401443603515625000e+03
1.430251342773437500e+03
1.463752685546875000e+03
1.455282470703125000e+03
1.461030029296875000e+03
1.422930297851562500e+03
1.404630615234375000e+03
1.413774169921875000e+03
1.437934326171875000e+03
1.461083618164062500e+03
1.468365478515625000e+03
1.443083374023437500e+03
1.405296020507812500e+03
1.416784423828125000e+03
1.413886474609375000e+03
1.436075195312500000e+03
1.441991210937500000e+03
1.444423339843750000e+03
1.438117675781250000e+03
1.429900146484375000e+03
1.392108764648437500e+03
1.416885864257812500e+03
1.407946533203125000e+03
1.435355834960937500e+03
1.457347534179687500e+03
1.441537109375000000e+03
1.435948974609375000e+03
1.389972900390625000e+03
1.393701293945312500e+03
1.393745849609375000e+03
1.418596923828125000e+03
1.445475830078125000e+03
1.470448608398437500e+03
1.440761108398437500e+03
1.398885864257812500e+03
1.414172607421875000e+03
1.388906494140625000e+03
1.392061523437500000e+03
1.444358520507812500e+03
1.456398925781250000e+03
1.492933959960937500e+03
1.450416503906250000e+03
1.417595947265625000e+03
1.370050048828125000e+03
1.357455200195312500e+03
1.371932373046875000e+03
1.413236206054687500e+03
1.442282592773437500e+03
1.488801147460937500e+03
1.469022827148437500e+03
1.429471313476562500e+03
1.377376098632812500e+03
1.360053100585937500e+03
1.361669677734375000e+03
1.399046875000000000e+03
1.464434326171875000e+03
1.502471313476562500e+03
1.435652099609375000e+03
1.393558105468750000e+03
1.372357177734375000e+03
1.373129516601562500e+03
1.372016357421875000e+03
1.421008178710937500e+03
1.477832519531250000e+03
1.460849609375000000e+03
1.403410278320312500e+03
1.378483764648437500e+03
1.379215576171875000e+03
1.386642578125000000e+03
1.392185424804687500e+03
1.425212036132812500e+03
1.462237304687500000e+03
1.465359985351562500e+03
1.431113525390625000e+03
1.396319702148437500e+03
1.361281127929687500e+03
1.353300415039062500e+03
1.376183349609375000e+03
1.420262695312500000e+03
1.461040283203125000e+03
1.488044799804687500e+03
1.422989257812500000e+03
1.371548828125000000e+03
1.372431884765625000e+03
1.356508544921875000e+03
1.414572875976562500e+03
1.452385131835937500e+03
1.445313964843750000e+03
1.427847778320312500e+03
1.393759155273437500e+03
1.402932495117187500e+03
1.388410034179687500e+03
1.417635375976562500e+03
1.431328979492187500e+03
1.453800659179687500e+03
1.429192138671875000e+03
1.406062622070312500e+03
1.419749511718750000e+03
1.396772094726562500e+03
1.417999023437500000e+03
1.430529785156250000e+03
1.433815795898437500e+03
1.450187133789062500e+03
1.410925292968750000e+03
1.384740356445312500e+03
1.362330810546875000e+03
1.375630004882812500e+03
1.389543212890625000e+03
1.425191040039062500e+03
1.427012329101562500e+03
1.428519287109375000e+03
1.424626708984375000e+03
1.398546630859375000e+03
1.401557128906250000e+03
1.386174194335937500e+03
1.407764038085937500e+03
1.431871826171875000e+03
1.439221679687500000e+03
1.438862182617187500e+03
1.425721435546875000e+03
1.385007324218750000e+03
1.391475952148437500e+03
1.416259277343750000e+03
1.417505615234375000e+03
1.428111450195312500e+03
1.407531005859375000e+03
1.390309326171875000e+03
1.385279541015625000e+03
1.371969848632812500e+03
1.377551757812500000e+03
1.434732788085937500e+03
1.421088378906250000e+03
1.426062377929687500e+03
1.390449462890625000e+03
1.367740844726562500e+03
1.361854858398437500e+03
1.385941040039062500e+03
1.408023437500000000e+03
1.431714477539062500e+03
1.394743408203125000e+03
1.397939941406250000e+03
1.409319458007812500e+03
1.398606201171875000e+03
1.412530273437500000e+03
1.412633544921875000e+03
1.386675415039062500e+03
1.398285156250000000e+03
1.413693481445312500e+03
1.415615600585937500e+03
1.423790161132812500e+03
1.411255493164062500e+03
1.407481689453125000e+03
1.381266113281250000e+03
1.376311523437500000e+03
1.383421386718750000e+03
1.400279663085937500e+03
1.408759765625000000e+03
1.417922119140625000e+03
1.442075439453125000e+03
1.405797851562500000e+03
1.384264038085937500e+03
1.373224609375000000e+03
1.357959716796875000e+03
1.396636108398437500e+03
1.415847290039062500e+03
1.427215209960937500e+03
1.416494995117187500e+03
1.408237426757812500e+03
1.383330810546875000e+03
1.382440795898437500e+03
1.378217041015625000e+03
1.396708496093750000e+03
1.421454956054687500e+03
1.433176025390625000e+03
1.417625610351562500e+03
1.375210449218750000e+03
1.381119873046875000e+03
1.378462768554687500e+03
1.419795532226562500e+03
1.411718139648437500e+03
1.417424194335937500e+03
1.413457763671875000e+03
1.371499023437500000e+03
1.365996704101562500e+03
1.386196777343750000e+03
1.383502441406250000e+03
1.379804443359375000e+03
1.390851196289062500e+03
1.408106201171875000e+03
1.398502929687500000e+03
1.407660522460937500e+03
1.376241455078125000e+03
1.387461425781250000e+03
1.396363281250000000e+03
1.412749023437500000e+03
1.429288208007812500e+03
1.399624511718750000e+03
1.365141113281250000e+03
1.347215454101562500e+03
1.390477416992187500e+03
1.410263671875000000e+03
1.409359863281250000e+03
1.393515869140625000e+03
1.361380859375000000e+03
1.356332275390625000e+03
1.364980712890625000e+03
1.376474121093750000e+03
1.389913574218750000e+03
1.421051513671875000e+03
1.418618652343750000e+03
1.384965576171875000e+03
1.351269409179687500e+03
1.374205688476562500e+03
1.371681274414062500e+03
1.396066772460937500e+03
1.393185913085937500e+03
1.381385986328125000e+03
1.372522460937500000e+03
1.358247680664062500e+03
1.368985595703125000e+03
1.365487670898437500e+03
1.400510864257812500e+03
1.418513427734375000e+03
1.398604614257812500e+03
1.372644287109375000e+03
1.365257568359375000e+03
1.344242797851562500e+03
1.364657958984375000e+03
1.393458007812500000e+03
1.411322021484375000e+03
1.399328613281250000e+03
1.391130493164062500e+03
1.349586425781250000e+03
1.346310302734375000e+03
1.351759643554687500e+03
1.380599853515625000e+03
1.402086425781250000e+03
1.417637817382812500e+03
1.407695434570312500e+03
1.373042480468750000e+03
1.353414672851562500e+03
1.353731689453125000e+03
1.374763549804687500e+03
1.376520629882812500e+03
1.389480346679687500e+03
1.382178955078125000e+03
1.384747680664062500e+03
1.354376098632812500e+03
1.361126586914062500e+03
1.376084472656250000e+03
1.385916381835937500e+03
1.368970703125000000e+03
1.368128051757812500e+03
1.366971435546875000e+03
1.359139038085937500e+03
1.392269042968750000e+03
1.406662475585937500e+03
1.399936523437500000e+03
1.387665283203125000e+03
1.352412353515625000e+03
1.336697265625000000e+03
1.334004028320312500e+03
1.372295776367187500e+03
1.415098999023437500e+03
1.416432617187500000e+03
1.366113159179687500e+03
1.345005859375000000e+03
1.331710693359375000e+03
1.328988769531250000e+03
1.382295776367187500e+03
1.435270874023437500e+03
1.402012939453125000e+03
1.366793090820312500e+03
1.343138916015625000e+03
1.326962036132812500e+03
1.336938598632812500e+03
1.364918457031250000e+03
1.386267456054687500e+03
1.420469848632812500e+03
1.387986450195312500e+03
1.357147460937500000e+03
1.356322753906250000e+03
1.350882202148437500e+03
1.362795410156250000e+03
1.380668090820312500e+03
1.391073608398437500e+03
1.386587280273437500e+03
1.377580688476562500e+03
1.351760009765625000e+03
1.355106079101562500e+03
1.355106201171875000e+03
1.379365966796875000e+03
1.381759521484375000e+03
1.358811035156250000e+03
1.364304199218750000e+03
1.357948364257812500e+03
1.349219116210937500e+03
1.357961914062500000e+03
1.372776733398437500e+03
1.389942504882812500e+03
1.388500244140625000e+03
1.365933105468750000e+03
1.368278320312500000e+03
1.351611572265625000e+03
1.362629760742187500e+03
1.350993530273437500e+03
1.352673461914062500e+03
1.372925537109375000e+03
1.390632934570312500e+03
1.384372436523437500e+03
1.376687866210937500e+03
1.352924560546875000e+03
1.361777343750000000e+03
1.368852783203125000e+03
1.369477905273437500e+03
1.384447631835937500e+03
1.366176757812500000e+03
1.340644409179687500e+03
1.323406005859375000e+03
1.331757202148437500e+03
1.370749511718750000e+03
1.391210815429687500e+03
1.386676513671875000e+03
1.370392700195312500e+03
1.345146240234375000e+03
1.339480346679687500e+03
1.349884765625000000e+03
1.356608642578125000e+03
1.369585449218750000e+03
1.381690307617187500e+03
1.378415039062500000e+03
1.371840454101562500e+03
1.351815551757812500e+03
1.340553466796875000e+03
1.332306030273437500e+03
1.341413208007812500e+03
1.365886596679687500e+03
1.381085205078125000e+03
1.344810668945312500e+03
1.360305664062500000e+03
1.366935424804687500e+03
1.358875854492187500e+03
1.347545043945312500e+03
1.348407470703125000e+03
1.371865112304687500e+03
1.343243530273437500e+03
1.344071899414062500e+03
1.339299926757812500e+03
1.340178588867187500e+03
1.366889282226562500e+03
1.369346069335937500e+03
1.382950195312500000e+03
1.365530517578125000e+03
1.349943115234375000e+03
1.353935791015625000e+03
1.367278930664062500e+03
1.359507446289062500e+03
1.379623779296875000e+03
1.375102661132812500e+03
1.364619262695312500e+03
1.340733276367187500e+03
1.317549926757812500e+03
1.331081176757812500e+03
1.351129150390625000e+03
1.376647094726562500e+03
1.369711425781250000e+03
1.350669799804687500e+03
1.347094360351562500e+03
1.331683593750000000e+03
1.319467041015625000e+03
1.331453979492187500e+03
1.370987670898437500e+03
1.396175903320312500e+03
1.396354125976562500e+03
1.357186645507812500e+03
1.343106689453125000e+03
1.340043457031250000e+03
1.336657836914062500e+03
1.345612304687500000e+03
1.363006591796875000e+03
1.381547729492187500e+03
1.344277099609375000e+03
1.328373901367187500e+03
1.331262084960937500e+03
1.333283813476562500e+03
1.346318481445312500e+03
1.355532958984375000e+03
1.363303710937500000e+03
1.350929931640625000e+03
1.324257690429687500e+03
1.324599609375000000e+03
1.315441406250000000e+03
1.317108276367187500e+03
1.346519531250000000e+03
1.371040649414062500e+03
1.347710815429687500e+03
1.347176269531250000e+03
1.327266601562500000e+03
1.307845581054687500e+03
1.303762695312500000e+03
1.329234985351562500e+03
1.339433349609375000e+03
1.389115844726562500e+03
1.381141357421875000e+03
1.357935180664062500e+03
1.336630859375000000e+03
1.312501098632812500e+03
1.319279785156250000e+03
1.326291259765625000e+03
1.340583374023437500e+03
1.348394897460937500e+03
1.355218627929687500e+03
1.344489013671875000e+03
1.338024291992187500e+03
1.331812133789062500e+03
1.332420166015625000e+03
1.313862792968750000e+03
1.360433837890625000e+03
1.359684692382812500e+03
1.367431030273437500e+03
1.323740600585937500e+03
1.320524536132812500e+03
1.323688232421875000e+03
1.328616821289062500e+03
1.352231689453125000e+03
1.374593261718750000e+03
1.353479614257812500e+03
1.344073730468750000e+03
1.345837158203125000e+03
1.340530517578125000e+03
1.335571289062500000e+03
1.334659179687500000e+03
1.338977905273437500e+03
1.320098388671875000e+03
1.335277954101562500e+03
1.326822875976562500e+03
1.325349609375000000e+03
1.341805664062500000e+03
1.370402587890625000e+03
1.351188354492187500e+03
1.310187622070312500e+03
1.329423950195312500e+03
1.326120239257812500e+03
1.337903198242187500e+03
1.325322875976562500e+03
1.329063110351562500e+03
1.327433959960937500e+03
1.356919311523437500e+03
1.336455566406250000e+03
1.333563232421875000e+03
1.339093139648437500e+03
1.322574707031250000e+03
1.334534545898437500e+03
1.345342285156250000e+03
1.350291625976562500e+03
1.348669189453125000e+03
1.328779541015625000e+03
1.328423583984375000e+03
1.325469604492187500e+03
1.299152343750000000e+03
1.318245727539062500e+03
1.322972290039062500e+03
1.330117675781250000e+03
1.332689086914062500e+03
1.334192626953125000e+03
1.318296875000000000e+03
1.321107543945312500e+03
1.309081176757812500e+03
1.340750000000000000e+03
1.331114746093750000e+03
1.343352294921875000e+03
1.359946899414062500e+03
1.341822631835937500e+03
1.311400756835937500e+03
1.298921020507812500e+03
1.290172119140625000e+03
1.300931640625000000e+03
1.312045776367187500e+03
1.359011962890625000e+03
1.352795166015625000e+03
1.338344116210937500e+03
1.309655029296875000e+03
1.290011352539062500e+03
1.302968505859375000e+03
1.307126098632812500e+03
1.355203735351562500e+03
1.359771362304687500e+03
1.329698608398437500e+03
1.311607910156250000e+03
1.317912109375000000e+03
1.305089965820312500e+03
1.331787353515625000e+03
1.324658325195312500e+03
1.330916015625000000e+03
1.336135253906250000e+03
1.317907958984375000e+03
1.299887573242187500e+03
1.312028930664062500e+03
1.335381591796875000e+03
1.326456176757812500e+03
1.341190307617187500e+03
1.341748413085937500e+03
1.319743774414062500e+03
1.320466186523437500e+03
1.310383789062500000e+03
1.288052856445312500e+03
1.294863403320312500e+03
1.310736938476562500e+03
1.327874389648437500e+03
1.321106323242187500e+03
1.318863403320312500e+03
1.307584350585937500e+03
1.300101196289062500e+03
1.300915771484375000e+03
1.334570556640625000e+03
1.348236572265625000e+03
1.339084472656250000e+03
1.338909545898437500e+03
1.293793457031250000e+03
1.276269897460937500e+03
1.279651367187500000e+03
1.305255859375000000e+03
1.361428100585937500e+03
1.356132446289062500e+03
1.355897705078125000e+03
1.291425048828125000e+03
1.253859985351562500e+03
1.243413330078125000e+03
1.266423217773437500e+03
1.316388427734375000e+03
1.376302490234375000e+03
1.367921264648437500e+03
1.298036743164062500e+03
1.297338623046875000e+03
1.284201538085937500e+03
1.269055175781250000e+03
1.326110595703125000e+03
1.349013183593750000e+03
1.353821411132812500e+03
1.312823608398437500e+03
1.296847290039062500e+03
1.275085571289062500e+03
1.284119018554687500e+03
1.304977416992187500e+03
1.334269165039062500e+03
1.324053955078125000e+03
1.335619750976562500e+03
1.308188232421875000e+03
1.293293701171875000e+03
1.299915771484375000e+03
1.331215087890625000e+03
1.345648925781250000e+03
1.334157592773437500e+03
1.302512573242187500e+03
1.284399536132812500e+03
1.293145629882812500e+03
1.273789306640625000e+03
1.291045776367187500e+03
1.316954345703125000e+03
1.353906494140625000e+03
1.349090454101562500e+03
1.314742553710937500e+03
1.295619995117187500e+03
1.267592285156250000e+03
1.277707153320312500e+03
1.296782592773437500e+03
1.338234252929687500e+03
1.352881591796875000e+03
1.340593994140625000e+03
1.299476196289062500e+03
1.295294189453125000e+03
1.299297119140625000e+03
1.302708129882812500e+03
1.313170043945312500e+03
1.327204345703125000e+03
1.313469116210937500e+03
1.317301879882812500e+03
1.286096923828125000e+03
1.290629394531250000e+03
1.305246215820312500e+03
1.309470703125000000e+03
1.309187500000000000e+03
1.322445556640625000e+03
1.337531494140625000e+03
1.316055297851562500e+03
1.288651367187500000e+03
1.279816040039062500e+03
1.275924804687500000e+03
1.297642822265625000e+03
1.305479003906250000e+03
1.324183837890625000e+03
1.337153686523437500e+03
1.342875122070312500e+03
1.280584838867187500e+03
1.269267456054687500e+03
1.245229370117187500e+03
1.256997436523437500e+03
1.308192382812500000e+03
1.348538940429687500e+03
1.338046630859375000e+03
1.305948852539062500e+03
1.250932006835937500e+03
1.267296875000000000e+03
1.251704345703125000e+03
1.286644531250000000e+03
1.344630737304687500e+03
1.364241577148437500e+03
1.318958129882812500e+03
1.289241699218750000e+03
1.252723144531250000e+03
1.269630615234375000e+03
1.257380615234375000e+03
1.288246215820312500e+03
1.301678955078125000e+03
1.334785766601562500e+03
1.311530883789062500e+03
1.282562622070312500e+03
1.270256958007812500e+03
1.258617431640625000e+03
1.278282226562500000e+03
1.312920654296875000e+03
1.330762695312500000e+03
1.321761596679687500e+03
1.298918945312500000e+03
1.298422119140625000e+03
1.296629394531250000e+03
1.298933349609375000e+03
1.305404907226562500e+03
1.325440551757812500e+03
1.292919311523437500e+03
1.268442016601562500e+03
1.255897827148437500e+03
1.258975585937500000e+03
1.288696166992187500e+03
1.331766845703125000e+03
1.350236694335937500e+03
1.324501831054687500e+03
1.268681518554687500e+03
1.259276000976562500e+03
1.253322021484375000e+03
1.274767211914062500e+03
1.299236938476562500e+03
1.333904418945312500e+03
1.322656738281250000e+03
1.300839355468750000e+03
1.260492919921875000e+03
1.254840209960937500e+03
1.244498535156250000e+03
1.275750122070312500e+03
1.312126464843750000e+03
1.344386596679687500e+03
1.325034545898437500e+03
1.297497924804687500e+03
1.262804931640625000e+03
1.268980957031250000e+03
1.289692626953125000e+03
1.303530273437500000e+03
1.323050170898437500e+03
1.306111083984375000e+03
1.284536499023437500e+03
1.277848510742187500e+03
1.270713867187500000e+03
1.272622070312500000e+03
1.285857299804687500e+03
1.309719116210937500e+03
1.306035522460937500e+03
1.305851440429687500e+03
1.291244873046875000e+03
1.304510864257812500e+03
1.264131591796875000e+03
1.267637451171875000e+03
1.294188842773437500e+03
1.309060180664062500e+03
1.305058105468750000e+03
1.305305786132812500e+03
1.255173339843750000e+03
1.242453369140625000e+03
1.255519531250000000e+03
1.287474243164062500e+03
1.324198242187500000e+03
1.307700927734375000e+03
1.292824462890625000e+03
1.265519531250000000e+03
1.261250976562500000e+03
1.284015136718750000e+03
1.313930175781250000e+03
1.336100952148437500e+03
1.298058593750000000e+03
1.285731933593750000e+03
1.248145263671875000e+03
1.259139404296875000e+03
1.281141479492187500e+03
1.293224121093750000e+03
1.320540039062500000e+03
1.297705444335937500e+03
1.251091430664062500e+03
1.236385864257812500e+03
1.238749877929687500e+03
1.275848510742187500e+03
1.285417114257812500e+03
1.304323242187500000e+03
1.296718750000000000e+03
1.291690429687500000e+03
1.279972167968750000e+03
1.253693115234375000e+03
1.276881103515625000e+03
1.292468261718750000e+03
1.298473754882812500e+03
1.280383911132812500e+03
1.296747192382812500e+03
1.288181762695312500e+03
1.292906982421875000e+03
1.273137207031250000e+03
1.292770385742187500e+03
1.289729614257812500e+03
1.277268554687500000e+03
1.266549438476562500e+03
1.256580688476562500e+03
1.245681274414062500e+03
1.275793579101562500e+03
1.304632202148437500e+03
1.322937011718750000e+03
1.311848022460937500e+03
1.276498779296875000e+03
1.262466186523437500e+03
1.253902465820312500e+03
1.268160400390625000e+03
1.261352539062500000e+03
1.294560913085937500e+03
1.310834350585937500e+03
1.299559204101562500e+03
1.259382202148437500e+03
1.232437255859375000e+03
1.226067993164062500e+03
1.228040527343750000e+03
1.278799926757812500e+03
1.339454711914062500e+03
1.327230102539062500e+03
1.271090087890625000e+03
1.239669311523437500e+03
1.223596069335937500e+03
1.218294189453125000e+03
1.256313354492187500e+03
1.299626342773437500e+03
1.311064941406250000e+03
1.305270507812500000e+03
1.262984375000000000e+03
1.234658935546875000e+03
1.245951293945312500e+03
1.240839599609375000e+03
1.251145629882812500e+03
1.292933105468750000e+03
1.316228149414062500e+03
1.291670776367187500e+03
1.258410278320312500e+03
1.256024414062500000e+03
1.247015258789062500e+03
1.255547363281250000e+03
1.276015258789062500e+03
1.291621704101562500e+03
1.303712524414062500e+03
1.276191650390625000e+03
1.249841064453125000e+03
1.221354858398437500e+03
1.252108764648437500e+03
1.288598510742187500e+03
1.297642578125000000e+03
1.302040283203125000e+03
1.260811889648437500e+03
1.237856445312500000e+03
1.243814086914062500e+03
1.270288696289062500e+03
1.305452880859375000e+03
1.312908935546875000e+03
1.294852905273437500e+03
1.254859619140625000e+03
1.231938842773437500e+03
1.250597290039062500e+03
1.255331176757812500e+03
1.290990356445312500e+03
1.308124023437500000e+03
1.300243652343750000e+03
1.275992309570312500e+03
1.243965942382812500e+03
1.216298706054687500e+03
1.216124511718750000e+03
1.217900634765625000e+03
1.256775878906250000e+03
1.282082275390625000e+03
1.292252075195312500e+03
1.268072875976562500e+03
1.268841552734375000e+03
1.266007446289062500e+03
1.253083862304687500e+03
1.246311401367187500e+03
1.251314208984375000e+03
1.262182373046875000e+03
1.267608276367187500e+03
1.247046020507812500e+03
1.267220703125000000e+03
1.258466186523437500e+03
1.274306030273437500e+03
1.284321899414062500e+03
1.269502441406250000e+03
1.253084228515625000e+03
1.235531127929687500e+03
1.247143432617187500e+03
1.270871948242187500e+03
1.282520385742187500e+03
1.280315795898437500e+03
1.258413452148437500e+03
1.256590820312500000e+03
1.253487915039062500e+03
1.258143676757812500e+03
1.245677246093750000e+03
1.256926513671875000e+03
1.275961791992187500e+03
1.273484497070312500e+03
1.254864868164062500e+03
1.250485961914062500e+03
1.243017211914062500e+03
1.254598754882812500e+03
1.252974365234375000e+03
1.253467773437500000e+03
1.273835083007812500e+03
1.269094970703125000e+03
1.261922119140625000e+03
1.245957763671875000e+03
1.241030517578125000e+03
1.239337158203125000e+03
1.256743286132812500e+03
1.253630371093750000e+03
1.267405639648437500e+03
1.268516845703125000e+03
1.230042358398437500e+03
1.243959228515625000e+03
1.260295043945312500e+03
1.257732543945312500e+03
1.271149780273437500e+03
1.289127319335937500e+03
1.274608764648437500e+03
1.267745361328125000e+03
1.238489135742187500e+03
1.226247436523437500e+03
1.230632202148437500e+03
1.264850952148437500e+03
1.281265258789062500e+03
1.282114501953125000e+03
1.256410644531250000e+03
1.224090454101562500e+03
1.205129028320312500e+03
1.229774658203125000e+03
1.256733398437500000e+03
1.299379516601562500e+03
1.310525146484375000e+03
1.249468017578125000e+03
1.229432861328125000e+03
1.213658325195312500e+03
1.222161865234375000e+03
1.253080200195312500e+03
1.264537597656250000e+03
1.263704467773437500e+03
1.261299682617187500e+03
1.244784912109375000e+03
1.230649536132812500e+03
1.216250122070312500e+03
1.215654296875000000e+03
1.244741455078125000e+03
1.293384399414062500e+03
1.324375610351562500e+03
1.287099121093750000e+03
1.250721313476562500e+03
1.210761108398437500e+03
1.204332153320312500e+03
1.221766357421875000e+03
1.253851928710937500e+03
1.288412109375000000e+03
1.265608398437500000e+03
1.259710205078125000e+03
1.227306152343750000e+03
1.200064697265625000e+03
1.218296264648437500e+03
1.253607666015625000e+03
1.269168701171875000e+03
1.270352661132812500e+03
1.273114624023437500e+03
1.252990112304687500e+03
1.218226684570312500e+03
1.218783935546875000e+03
1.225886840820312500e+03
1.245120849609375000e+03
1.267038940429687500e+03
1.280454833984375000e+03
1.264736572265625000e+03
1.233447509765625000e+03
1.210872680664062500e+03
1.199459960937500000e+03
1.225271118164062500e+03
1.256764160156250000e+03
1.275314208984375000e+03
1.269186523437500000e+03
1.243208618164062500e+03
1.231642456054687500e+03
1.232960205078125000e+03
1.221034423828125000e+03
1.225836181640625000e+03
1.260832519531250000e+03
1.283609497070312500e+03
1.271573242187500000e+03
1.262072509765625000e+03
1.235459960937500000e+03
1.238610595703125000e+03
1.228967163085937500e+03
1.230933959960937500e+03
1.238078735351562500e+03
1.247452270507812500e+03
1.247429809570312500e+03
1.263100952148437500e+03
1.242014526367187500e+03
1.233802856445312500e+03
1.246020019531250000e+03
1.219011474609375000e+03
1.220048950195312500e+03
1.201785522460937500e+03
1.227773559570312500e+03
1.258365112304687500e+03
1.263827636718750000e+03
1.269824462890625000e+03
1.245737915039062500e+03
1.212762573242187500e+03
1.203518554687500000e+03
1.205703247070312500e+03
1.231083984375000000e+03
1.259862426757812500e+03
1.275686035156250000e+03
1.252975708007812500e+03
1.219157592773437500e+03
1.214387817382812500e+03
1.229276123046875000e+03
1.235708374023437500e+03
1.234187866210937500e+03
1.223490844726562500e+03
1.225263427734375000e+03
1.220109619140625000e+03
1.214193237304687500e+03
1.229843505859375000e+03
1.235380859375000000e+03
1.267763183593750000e+03
1.252811767578125000e+03
1.247475341796875000e+03
1.213343017578125000e+03
1.198438354492187500e+03
1.199155029296875000e+03
1.211613647460937500e+03
1.239585449218750000e+03
1.266018554687500000e+03
1.258628784179687500e+03
1.222130004882812500e+03
1.182458007812500000e+03
1.192006958007812500e+03
1.221734985351562500e+03
1.238338012695312500e+03
1.245928588867187500e+03
1.255755371093750000e+03
1.231148803710937500e+03
1.201643920898437500e+03
1.213774780273437500e+03
1.210004150390625000e+03
1.227865356445312500e+03
1.244383544921875000e+03
1.251962036132812500e+03
1.224653198242187500e+03
1.201031616210937500e+03
1.211071411132812500e+03
1.223592285156250000e+03
1.228733642578125000e+03
1.242697875976562500e+03
1.241215454101562500e+03
1.222049560546875000e+03
1.211351928710937500e+03
1.214502319335937500e+03
1.218223022460937500e+03
1.224131713867187500e+03
1.225924438476562500e+03
1.237202026367187500e+03
1.223324462890625000e+03
1.229453369140625000e+03
1.213973266601562500e+03
1.200136474609375000e+03
1.215275634765625000e+03
1.237726928710937500e+03
1.253690185546875000e+03
1.236433227539062500e+03
1.227010620117187500e+03
1.201566894531250000e+03
1.191335083007812500e+03
1.187225708007812500e+03
1.205796508789062500e+03
1.230641113281250000e+03
1.242891967773437500e+03
1.248486450195312500e+03
1.208351074218750000e+03
1.183477050781250000e+03
1.174466064453125000e+03
1.177331420898437500e+03
1.194277709960937500e+03
1.253270629882812500e+03
1.286827026367187500e+03
1.271892700195312500e+03
1.233326782226562500e+03
1.204437866210937500e+03
1.182090454101562500e+03
1.178964233398437500e+03
1.198954101562500000e+03
1.222286010742187500e+03
1.259471435546875000e+03
1.257213500976562500e+03
1.228456542968750000e+03
1.210242431640625000e+03
1.205963623046875000e+03
1.229537231445312500e+03
1.244976440429687500e+03
1.246867553710937500e+03
1.240859130859375000e+03
1.211801269531250000e+03
1.200454101562500000e+03
1.187763427734375000e+03
1.198204223632812500e+03
1.239413574218750000e+03
1.275430541992187500e+03
1.240539672851562500e+03
1.203452148437500000e+03
1.173566772460937500e+03
1.166145629882812500e+03
1.181877929687500000e+03
1.229900146484375000e+03
1.257653808593750000e+03
1.271777832031250000e+03
1.200170776367187500e+03
1.172020263671875000e+03
1.155219726562500000e+03
1.165654541015625000e+03
1.197509643554687500e+03
1.240883422851562500e+03
1.253766479492187500e+03
1.245219604492187500e+03
1.220584106445312500e+03
1.212553100585937500e+03
1.191210327148437500e+03
1.218563110351562500e+03
1.237009277343750000e+03
1.207938964843750000e+03
1.241341308593750000e+03
1.212403808593750000e+03
1.212757080078125000e+03
1.194469360351562500e+03
1.208305175781250000e+03
1.214625854492187500e+03
1.220713134765625000e+03
1.228911010742187500e+03
1.219735229492187500e+03
1.207971069335937500e+03
1.201183471679687500e+03
1.207019287109375000e+03
1.211700195312500000e+03
1.244836791992187500e+03
1.235881713867187500e+03
1.210667846679687500e+03
1.180754272460937500e+03
1.184128906250000000e+03
1.201476318359375000e+03
1.245877197265625000e+03
1.246290039062500000e+03
1.224510375976562500e+03
1.187856201171875000e+03
1.183829711914062500e+03
1.195869873046875000e+03
1.198759277343750000e+03
1.221150512695312500e+03
1.234424926757812500e+03
1.229496459960937500e+03
1.197824218750000000e+03
1.178848144531250000e+03
1.173464111328125000e+03
1.176134277343750000e+03
1.193222412109375000e+03
1.225774414062500000e+03
1.250433593750000000e+03
1.254912963867187500e+03
1.211502197265625000e+03
1.167345825195312500e+03
1.163546875000000000e+03
1.163721679687500000e+03
1.200376464843750000e+03
1.216921875000000000e+03
1.245206542968750000e+03
1.211487182617187500e+03
1.187037597656250000e+03
1.155403930664062500e+03
1.172520019531250000e+03
1.180674438476562500e+03
1.238578857421875000e+03
1.260435668945312500e+03
1.227585815429687500e+03
1.182343872070312500e+03
1.158782592773437500e+03
1.152591796875000000e+03
1.179111328125000000e+03
1.222535766601562500e+03
1.248251586914062500e+03
1.239676391601562500e+03
1.210273071289062500e+03
1.176933227539062500e+03
1.181744628906250000e+03
1.183799804687500000e+03
1.217687866210937500e+03
1.238670654296875000e+03
1.237077026367187500e+03
1.213271972656250000e+03
1.193845947265625000e+03
1.184313720703125000e+03
1.177461425781250000e+03
1.182965576171875000e+03
1.205978027343750000e+03
1.222227783203125000e+03
1.195178344726562500e+03
1.203471069335937500e+03
1.177310180664062500e+03
1.182241455078125000e+03
1.182134521484375000e+03
1.204460449218750000e+03
1.218032714843750000e+03
1.231824707031250000e+03
1.220760253906250000e+03
1.191829833984375000e+03
1.170531738281250000e+03
1.183774291992187500e+03
1.183687866210937500e+03
1.192503906250000000e+03
1.206085449218750000e+03
1.210826293945312500e+03
1.208288696289062500e+03
1.192313476562500000e+03
1.182879516601562500e+03
1.182126953125000000e+03
1.187570556640625000e+03
1.181910644531250000e+03
1.204755981445312500e+03
1.214241455078125000e+03
1.191238769531250000e+03
1.183922607421875000e+03
1.176987915039062500e+03
1.170274047851562500e+03
1.190576538085937500e+03
1.213698852539062500e+03
1.242414550781250000e+03
1.231482299804687500e+03
1.207579101562500000e+03
1.169402465820312500e+03
1.137412353515625000e+03
1.145135131835937500e+03
1.167408203125000000e+03
1.210885986328125000e+03
1.233911010742187500e+03
1.243963745117187500e+03
1.216395141601562500e+03
1.173014770507812500e+03
1.156851196289062500e+03
1.153093261718750000e+03
1.167635375976562500e+03
1.199423461914062500e+03
1.245446533203125000e+03
1.236951416015625000e+03
1.206235839843750000e+03
1.168948974609375000e+03
1.136874267578125000e+03
1.142257446289062500e+03
1.143755249023437500e+03
1.191604125976562500e+03
1.254412719726562500e+03
1.252432128906250000e+03
1.206428100585937500e+03
1.170172363281250000e+03
1.139735595703125000e+03
1.162974365234375000e+03
1.167218261718750000e+03
1.210865112304687500e+03
1.246172485351562500e+03
1.218097167968750000e+03
1.200704833984375000e+03
1.183690551757812500e+03
1.173836181640625000e+03
1.166159179687500000e+03
1.157511840820312500e+03
1.176823852539062500e+03
1.185925170898437500e+03
1.192495361328125000e+03
1.191328002929687500e+03
1.181936157226562500e+03
1.169536865234375000e+03
1.173225952148437500e+03
1.180820312500000000e+03
1.197316284179687500e+03
1.222991821289062500e+03
1.215632568359375000e+03
1.197528076171875000e+03
1.178696777343750000e+03
1.156226562500000000e+03
1.158749755859375000e+03
1.181044189453125000e+03
1.200727783203125000e+03
1.206199829101562500e+03
1.197935546875000000e+03
1.170106567382812500e+03
1.169727539062500000e+03
1.167383789062500000e+03
1.190450805664062500e+03
1.180559448242187500e+03
1.181440429687500000e+03
1.183814086914062500e+03
1.199260864257812500e+03
1.209094116210937500e+03
1.188901123046875000e+03
1.170174072265625000e+03
1.154386962890625000e+03
1.162585937500000000e+03
1.182043457031250000e+03
1.198771606445312500e+03
1.215358764648437500e+03
1.191697998046875000e+03
1.183538330078125000e+03
1.178900024414062500e+03
1.161688598632812500e+03
1.167411132812500000e+03
1.179140625000000000e+03
1.190552001953125000e+03
1.203892456054687500e+03
1.186321289062500000e+03
1.183798461914062500e+03
1.166872192382812500e+03
1.172647460937500000e+03
1.159510253906250000e+03
1.181423339843750000e+03
1.201921020507812500e+03
1.208952270507812500e+03
1.195484497070312500e+03
1.168515502929687500e+03
1.160134277343750000e+03
1.152077026367187500e+03
1.184598022460937500e+03
1.221966186523437500e+03
1.206548461914062500e+03
1.173325561523437500e+03
1.141596191406250000e+03
1.135186401367187500e+03
1.150892333984375000e+03
1.197931274414062500e+03
1.218588623046875000e+03
1.203978393554687500e+03
1.181611450195312500e+03
1.144326538085937500e+03
1.145781494140625000e+03
1.150543701171875000e+03
1.176203491210937500e+03
1.187315673828125000e+03
1.211107299804687500e+03
1.189695434570312500e+03
1.152586914062500000e+03
1.139325439453125000e+03
1.146538818359375000e+03
1.176419677734375000e+03
1.200552246093750000e+03
1.199695434570312500e+03
1.185195434570312500e+03
1.140497924804687500e+03
1.130455566406250000e+03
1.134208618164062500e+03
1.164495239257812500e+03
1.202093627929687500e+03
1.207817993164062500e+03
1.202243530273437500e+03
1.156006713867187500e+03
1.143550292968750000e+03
1.147372436523437500e+03
1.149795532226562500e+03
1.179363281250000000e+03
1.220834106445312500e+03
1.189377197265625000e+03
1.162103637695312500e+03
1.143461425781250000e+03
1.144113037109375000e+03
1.140764770507812500e+03
1.183557861328125000e+03
1.177035644531250000e+03
1.177807373046875000e+03
1.186482055664062500e+03
1.175543701171875000e+03
1.165041870117187500e+03
1.153982421875000000e+03
1.169534301757812500e+03
1.171379760742187500e+03
1.166889648437500000e+03
1.157175292968750000e+03
1.166852050781250000e+03
1.168557373046875000e+03
1.180145263671875000e+03
1.176306518554687500e+03
1.174841308593750000e+03
1.172345214843750000e+03
1.189579833984375000e+03
1.194311035156250000e+03
1.196196289062500000e+03
1.177694213867187500e+03
1.156698364257812500e+03
1.135823974609375000e+03
1.149162963867187500e+03
1.179226196289062500e+03
1.200799194335937500e+03
1.181928955078125000e+03
1.123959472656250000e+03
1.114337036132812500e+03
1.119316162109375000e+03
1.126479980468750000e+03
1.168109008789062500e+03
1.228817749023437500e+03
1.203634155273437500e+03
1.174738281250000000e+03
1.123447265625000000e+03
1.123190307617187500e+03
1.121606689453125000e+03
1.127628784179687500e+03
1.153947265625000000e+03
1.198063964843750000e+03
1.199024536132812500e+03
1.175075683593750000e+03
1.158797363281250000e+03
1.152093261718750000e+03
1.157675292968750000e+03
1.182759765625000000e+03
1.198544921875000000e+03
1.169250976562500000e+03
1.148534790039062500e+03
1.126086059570312500e+03
1.141571899414062500e+03
1.144546875000000000e+03
1.184542236328125000e+03
1.219505615234375000e+03
1.194889770507812500e+03
1.141345458984375000e+03
1.107534301757812500e+03
1.096966186523437500e+03
1.109352172851562500e+03
1.146906860351562500e+03
1.193988891601562500e+03
1.209821777343750000e+03
1.201402099609375000e+03
1.163114624023437500e+03
1.129387817382812500e+03
1.109560424804687500e+03
1.117957397460937500e+03
1.132063110351562500e+03
1.164242309570312500e+03
1.208767578125000000e+03
1.204873657226562500e+03
1.163486206054687500e+03
1.124011718750000000e+03
1.125825073242187500e+03
1.123066772460937500e+03
1.157440429687500000e+03
1.182147705078125000e+03
1.203745849609375000e+03
1.188376708984375000e+03
1.144605224609375000e+03
1.125552490234375000e+03
1.123931274414062500e+03
1.130672363281250000e+03
1.149936279296875000e+03
1.155979614257812500e+03
1.186993896484375000e+03
1.177844360351562500e+03
1.162822509765625000e+03
1.176728271484375000e+03
1.168244873046875000e+03
1.153245605468750000e+03
1.157047973632812500e+03
1.155016113281250000e+03
1.153647094726562500e+03
1.151113769531250000e+03
1.156603881835937500e+03
1.153544677734375000e+03
1.167237915039062500e+03
1.181514526367187500e+03
1.178056396484375000e+03
1.143766601562500000e+03
1.140895141601562500e+03
1.121805297851562500e+03
1.157072509765625000e+03
1.174797851562500000e+03
1.188944213867187500e+03
1.194773315429687500e+03
1.173728271484375000e+03
1.135847656250000000e+03
1.123381225585937500e+03
1.131030395507812500e+03
1.158674072265625000e+03
1.188636962890625000e+03
1.195248046875000000e+03
1.168038208007812500e+03
1.151257690429687500e+03
1.137213623046875000e+03
1.129523681640625000e+03
1.149214599609375000e+03
1.179186767578125000e+03
1.187182128906250000e+03
1.166276733398437500e+03
1.143774536132812500e+03
1.137645263671875000e+03
1.147837890625000000e+03
1.160327270507812500e+03
1.180081787109375000e+03
1.156050292968750000e+03
1.131003540039062500e+03
1.138207031250000000e+03
1.151759643554687500e+03
1.172594116210937500e+03
1.170302856445312500e+03
1.162785888671875000e+03
1.144428955078125000e+03
1.134744873046875000e+03
1.136160522460937500e+03
1.149365600585937500e+03
1.167798095703125000e+03
1.180535278320312500e+03
1.164379760742187500e+03
1.142314575195312500e+03
1.131797607421875000e+03
1.125379150390625000e+03
1.122809936523437500e+03
1.133839477539062500e+03
1.134933593750000000e+03
1.173697021484375000e+03
1.170192016601562500e+03
1.162027221679687500e+03
1.136075317382812500e+03
1.135782958984375000e+03
1.129417846679687500e+03
1.148765747070312500e+03
1.184585571289062500e+03
1.188130493164062500e+03
1.137570190429687500e+03
1.123844238281250000e+03
1.109289916992187500e+03
1.114629882812500000e+03
1.147571289062500000e+03
1.170448120117187500e+03
1.173344848632812500e+03
1.153299072265625000e+03
1.109580688476562500e+03
1.096244140625000000e+03
1.102740112304687500e+03
1.133284301757812500e+03
1.166896362304687500e+03
1.194054931640625000e+03
1.166600830078125000e+03
1.103667602539062500e+03
1.080795776367187500e+03
1.083923583984375000e+03
1.114741821289062500e+03
1.176619873046875000e+03
1.197244140625000000e+03
1.158423950195312500e+03
1.129111816406250000e+03
1.098244262695312500e+03
1.093445190429687500e+03
1.110750610351562500e+03
1.126679321289062500e+03
1.166087524414062500e+03
1.197898559570312500e+03
1.170240966796875000e+03
1.106400390625000000e+03
1.091209594726562500e+03
1.099526855468750000e+03
1.130049926757812500e+03
1.168868774414062500e+03
1.191948120117187500e+03
1.155730346679687500e+03
1.123741699218750000e+03
1.083964355468750000e+03
1.088856811523437500e+03
1.091077148437500000e+03
1.108547119140625000e+03
1.182999511718750000e+03
1.197639160156250000e+03
1.159144165039062500e+03
1.107092041015625000e+03
1.088972290039062500e+03
1.115183593750000000e+03
1.139152221679687500e+03
1.168840942382812500e+03
1.189660522460937500e+03
1.156143188476562500e+03
1.110955200195312500e+03
1.094054931640625000e+03
1.114895263671875000e+03
1.143704711914062500e+03
1.163583251953125000e+03
1.176853515625000000e+03
1.148059204101562500e+03
1.104157104492187500e+03
1.087029785156250000e+03
1.108366455078125000e+03
1.156312500000000000e+03
1.197252563476562500e+03
1.175189575195312500e+03
1.141044189453125000e+03
1.117168212890625000e+03
1.103816528320312500e+03
1.144674438476562500e+03
1.143478027343750000e+03
1.146454833984375000e+03
1.146028808593750000e+03
1.132606811523437500e+03
1.125956298828125000e+03
1.125528198242187500e+03
1.126052978515625000e+03
1.135547363281250000e+03
1.157534423828125000e+03
1.169249511718750000e+03
1.151089965820312500e+03
1.113754394531250000e+03
1.099224365234375000e+03
1.092273925781250000e+03
1.104059570312500000e+03
1.155349487304687500e+03
1.178911132812500000e+03
1.180129760742187500e+03
1.135783081054687500e+03
1.090705444335937500e+03
1.082636352539062500e+03
1.076681030273437500e+03
1.118000366210937500e+03
1.162980712890625000e+03
1.202417358398437500e+03
1.178231445312500000e+03
1.116520996093750000e+03
1.075743408203125000e+03
1.070658447265625000e+03
1.109012573242187500e+03
1.184008789062500000e+03
1.181026367187500000e+03
1.138509033203125000e+03
1.088935668945312500e+03
1.076089599609375000e+03
1.086916625976562500e+03
1.134868286132812500e+03
1.178595581054687500e+03
1.189133422851562500e+03
1.137897705078125000e+03
1.100225463867187500e+03
1.084372436523437500e+03
1.072257202148437500e+03
1.098877197265625000e+03
1.137224853515625000e+03
1.161303710937500000e+03
1.147023193359375000e+03
1.126043457031250000e+03
1.107310180664062500e+03
1.111400268554687500e+03
1.130912597656250000e+03
1.135729614257812500e+03
1.149336669921875000e+03
1.143029418945312500e+03
1.121098022460937500e+03
1.115507324218750000e+03
1.124747924804687500e+03
1.109675415039062500e+03
1.105617919921875000e+03
1.133728637695312500e+03
1.144459350585937500e+03
1.159529541015625000e+03
1.128937377929687500e+03
1.105394531250000000e+03
1.089805786132812500e+03
1.097083740234375000e+03
1.140227783203125000e+03
1.157777099609375000e+03
1.159342285156250000e+03
1.107925781250000000e+03
1.083459716796875000e+03
1.087884521484375000e+03
1.108056152343750000e+03
1.119825073242187500e+03
1.130238281250000000e+03
1.132946533203125000e+03
1.140373046875000000e+03
1.116764526367187500e+03
1.110822875976562500e+03
1.103314453125000000e+03
1.125667602539062500e+03
1.126398925781250000e+03
1.121772094726562500e+03
1.116178100585937500e+03
1.106751708984375000e+03
1.106430175781250000e+03
1.124713378906250000e+03
1.149658081054687500e+03
1.151689086914062500e+03
1.115794799804687500e+03
1.109404663085937500e+03
1.109738403320312500e+03
1.120879516601562500e+03
1.139777587890625000e+03
1.146286865234375000e+03
1.125939453125000000e+03
1.112500122070312500e+03
1.104161743164062500e+03
1.110474121093750000e+03
1.147448486328125000e+03
1.153688964843750000e+03
1.134230468750000000e+03
1.119771118164062500e+03
1.110658081054687500e+03
1.115531372070312500e+03
1.125576660156250000e+03
1.125322021484375000e+03
1.116545654296875000e+03
1.114145874023437500e+03
1.097438110351562500e+03
1.089955444335937500e+03
1.111127807617187500e+03
1.124103271484375000e+03
1.139157836914062500e+03
1.136135986328125000e+03
1.099716918945312500e+03
1.081840454101562500e+03
1.101094116210937500e+03
1.118085937500000000e+03
1.141033935546875000e+03
1.148634155273437500e+03
1.118226440429687500e+03
1.097376831054687500e+03
1.091186645507812500e+03
1.095526245117187500e+03
1.116650390625000000e+03
1.143019287109375000e+03
1.148146118164062500e+03
1.126478881835937500e+03
1.099706787109375000e+03
1.084937255859375000e+03
1.095098510742187500e+03
1.106311035156250000e+03
1.117983032226562500e+03
1.133727050781250000e+03
1.123792846679687500e+03
1.117767822265625000e+03
1.102472656250000000e+03
1.089597045898437500e+03
1.088039672851562500e+03
1.095057250976562500e+03
1.122869262695312500e+03
1.144171508789062500e+03
1.135938720703125000e+03
1.115894775390625000e+03
1.101364868164062500e+03
1.110958374023437500e+03
1.126361206054687500e+03
1.114073364257812500e+03
1.122328247070312500e+03
1.108661376953125000e+03
1.107811889648437500e+03
1.098472167968750000e+03
1.105015625000000000e+03
1.118532836914062500e+03
1.122314086914062500e+03
1.131479125976562500e+03
1.126895263671875000e+03
1.126132202148437500e+03
1.108276123046875000e+03
1.100502685546875000e+03
1.104515625000000000e+03
1.101763183593750000e+03
1.128030029296875000e+03
1.129274291992187500e+03
1.127902954101562500e+03
1.099286376953125000e+03
1.096886108398437500e+03
1.082885131835937500e+03
1.091040405273437500e+03
1.112996948242187500e+03
1.151284790039062500e+03
1.127219360351562500e+03
1.100567504882812500e+03
1.077070678710937500e+03
1.077635986328125000e+03
1.092250122070312500e+03
1.115165039062500000e+03
1.125521484375000000e+03
1.131374877929687500e+03
1.109257934570312500e+03
1.091411621093750000e+03
1.073758911132812500e+03
1.096878540039062500e+03
1.108109863281250000e+03
1.110866455078125000e+03
1.113497192382812500e+03
1.071060302734375000e+03
1.060416259765625000e+03
1.077349853515625000e+03
1.071974853515625000e+03
1.094599731445312500e+03
1.117599853515625000e+03
1.123427612304687500e+03
1.135812622070312500e+03
1.109287231445312500e+03
1.079646362304687500e+03
1.081689208984375000e+03
1.089841430664062500e+03
1.127394042968750000e+03
1.146973266601562500e+03
1.112767089843750000e+03
1.075273193359375000e+03
1.064800781250000000e+03
1.055669921875000000e+03
1.076725585937500000e+03
1.112406250000000000e+03
1.131629272460937500e+03
1.116443847656250000e+03
1.106098266601562500e+03
1.076066894531250000e+03
1.053786132812500000e+03
1.065747192382812500e+03
1.100193847656250000e+03
1.140204101562500000e+03
1.122896484375000000e+03
1.098300903320312500e+03
1.085601806640625000e+03
1.067414184570312500e+03
1.084324218750000000e+03
1.105393188476562500e+03
1.105891845703125000e+03
1.119288208007812500e+03
1.109722778320312500e+03
1.092069091796875000e+03
1.088036865234375000e+03
1.078055541992187500e+03
1.090212280273437500e+03
1.102944824218750000e+03
1.089914550781250000e+03
1.082045043945312500e+03
1.100530883789062500e+03
1.105508544921875000e+03
1.105761718750000000e+03
1.104644775390625000e+03
1.086033569335937500e+03
1.085457275390625000e+03
1.073872192382812500e+03
1.081533691406250000e+03
1.093294311523437500e+03
1.115784912109375000e+03
1.099777832031250000e+03
1.096477416992187500e+03
1.096464721679687500e+03
1.082826049804687500e+03
1.083680297851562500e+03
1.089778198242187500e+03
1.100285034179687500e+03
1.073872436523437500e+03
1.093418823242187500e+03
1.091412353515625000e+03
1.116107421875000000e+03
1.100951293945312500e+03
1.101776123046875000e+03
1.081130859375000000e+03
1.065163452148437500e+03
1.064567382812500000e+03
1.091616455078125000e+03
1.128539062500000000e+03
1.113781494140625000e+03
1.094911865234375000e+03
1.082236328125000000e+03
1.089577148437500000e+03
1.091271240234375000e+03
1.079488159179687500e+03
1.100648681640625000e+03
1.109811035156250000e+03
1.117036010742187500e+03
1.102414184570312500e+03
1.081416503906250000e+03
1.064031860351562500e+03
1.063594482421875000e+03
1.091427856445312500e+03
1.085982543945312500e+03
1.096826538085937500e+03
1.098590942382812500e+03
1.112121948242187500e+03
1.108694824218750000e+03
1.099257080078125000e+03
1.083716918945312500e+03
1.075892456054687500e+03
1.069539428710937500e+03
1.082762451171875000e+03
1.094259887695312500e+03
1.100325683593750000e+03
1.114959838867187500e+03
1.103171386718750000e+03
1.084030517578125000e+03
1.082322509765625000e+03
1.096809448242187500e+03
1.108392700195312500e+03
1.112315673828125000e+03
1.095482543945312500e+03
1.069356689453125000e+03
1.066285888671875000e+03
1.076199829101562500e+03
1.090952514648437500e+03
1.097978759765625000e+03
1.104940673828125000e+03
1.101248901367187500e+03
1.080541870117187500e+03
1.093151489257812500e+03
1.100816772460937500e+03
1.094089355468750000e+03
1.114703857421875000e+03
1.092980346679687500e+03
1.088709472656250000e+03
1.097364135742187500e+03
1.091603515625000000e+03
1.086773925781250000e+03
1.085525512695312500e+03
1.085018188476562500e+03
1.080668823242187500e+03
1.087470947265625000e+03
1.094290039062500000e+03
1.088230102539062500e+03
1.087641723632812500e+03
1.097069946289062500e+03
1.098907836914062500e+03
1.086078491210937500e+03
1.066401123046875000e+03
1.082168457031250000e+03
1.085682617187500000e+03
1.078340820312500000e+03
1.072808959960937500e+03
1.084047241210937500e+03
1.082984619140625000e+03
1.099184692382812500e+03
1.102365600585937500e+03
1.096152221679687500e+03
1.070069091796875000e+03
1.070123901367187500e+03
1.076540283203125000e+03
1.099012451171875000e+03
1.128557128906250000e+03
1.110806030273437500e+03
1.084401611328125000e+03
1.065941040039062500e+03
1.050994628906250000e+03
1.089138549804687500e+03
1.081762695312500000e+03
1.081126098632812500e+03
1.089228027343750000e+03
1.094005493164062500e+03
1.067877685546875000e+03
1.063271240234375000e+03
1.069234863281250000e+03
1.067868896484375000e+03
1.083677612304687500e+03
1.089388549804687500e+03
1.099449584960937500e+03
1.075093505859375000e+03
1.065296020507812500e+03
1.058715454101562500e+03
1.071714355468750000e+03
1.066785156250000000e+03
1.070483886718750000e+03
1.092192626953125000e+03
1.106173706054687500e+03
1.099994384765625000e+03
1.089979492187500000e+03
1.099606689453125000e+03
1.077177368164062500e+03
1.072483520507812500e+03
1.074316772460937500e+03
1.060106445312500000e+03
1.062089355468750000e+03
1.061958984375000000e+03
1.079885620117187500e+03
1.103335571289062500e+03
1.107386108398437500e+03
1.089773437500000000e+03
1.057075927734375000e+03
1.043640502929687500e+03
1.057412963867187500e+03
1.090012451171875000e+03
1.138539916992187500e+03
1.117763793945312500e+03
1.074872558593750000e+03
1.035173828125000000e+03
1.030059326171875000e+03
1.038741088867187500e+03
1.074640380859375000e+03
1.114909057617187500e+03
1.119905761718750000e+03
1.108384521484375000e+03
1.052588012695312500e+03
1.028744628906250000e+03
1.044420043945312500e+03
1.072251953125000000e+03
1.115855590820312500e+03
1.110509765625000000e+03
1.071264648437500000e+03
1.036072631835937500e+03
1.023788330078125000e+03
1.034467041015625000e+03
1.092335693359375000e+03
1.120212402343750000e+03
1.140009033203125000e+03
1.103283203125000000e+03
1.047177856445312500e+03
1.013358215332031250e+03
1.008683898925781250e+03
1.044268188476562500e+03
1.107279907226562500e+03
1.132612426757812500e+03
1.121487426757812500e+03
1.061288208007812500e+03
9.957084350585937500e+02
9.775945434570312500e+02
9.916088256835937500e+02
1.033174682617187500e+03
1.121282958984375000e+03
1.156374023437500000e+03
1.095341186523437500e+03
1.037676635742187500e+03
1.008010559082031250e+03
1.002831298828125000e+03
1.026665161132812500e+03
1.086000122070312500e+03
1.132367675781250000e+03
1.140657836914062500e+03
1.064947753906250000e+03
1.020039550781250000e+03
1.019052062988281250e+03
1.052446166992187500e+03
1.078541992187500000e+03
1.106220214843750000e+03
1.102994506835937500e+03
1.066956787109375000e+03
1.041997924804687500e+03
1.029153564453125000e+03
1.057860961914062500e+03
1.059386352539062500e+03
1.075940185546875000e+03
1.104044433593750000e+03
1.101039062500000000e+03
1.057360961914062500e+03
1.026024902343750000e+03
1.028885009765625000e+03
1.057492553710937500e+03
1.085066528320312500e+03
1.103371948242187500e+03
1.083681640625000000e+03
1.084417602539062500e+03
1.078176269531250000e+03
1.062362060546875000e+03
1.059021362304687500e+03
1.066469604492187500e+03
1.076379516601562500e+03
1.072508789062500000e+03
1.065805786132812500e+03
1.071249023437500000e+03
1.063124145507812500e+03
1.052803344726562500e+03
1.059229125976562500e+03
1.049648681640625000e+03
1.062166992187500000e+03
1.072498291015625000e+03
1.075144531250000000e+03
1.077221679687500000e+03
1.088657836914062500e+03
1.076723632812500000e+03
1.053415161132812500e+03
1.053422485351562500e+03
1.037816528320312500e+03
1.074184936523437500e+03
1.099632568359375000e+03
1.099494018554687500e+03
1.068339599609375000e+03
1.041114013671875000e+03
1.036551513671875000e+03
1.048143188476562500e+03
1.070642456054687500e+03
1.087479370117187500e+03
1.079933349609375000e+03
1.060691650390625000e+03
1.074168945312500000e+03
1.063044433593750000e+03
1.077985595703125000e+03
1.075984375000000000e+03
1.074129272460937500e+03
1.066970214843750000e+03
1.067712280273437500e+03
1.065549438476562500e+03
1.056270507812500000e+03
1.059644165039062500e+03
1.047480468750000000e+03
1.056360229492187500e+03
1.067384765625000000e+03
1.075415771484375000e+03
1.092233032226562500e+03
1.065895629882812500e+03
1.028107910156250000e+03
1.013103576660156250e+03
1.019697387695312500e+03
1.046573608398437500e+03
1.074019653320312500e+03
1.093275146484375000e+03
1.073237304687500000e+03
1.035005981445312500e+03
1.028633789062500000e+03
1.031082153320312500e+03
1.044385009765625000e+03
1.072167114257812500e+03
1.101594970703125000e+03
1.076430297851562500e+03
1.047288208007812500e+03
1.029394409179687500e+03
1.038210693359375000e+03
1.043466430664062500e+03
1.078480712890625000e+03
1.080386840820312500e+03
1.070557128906250000e+03
1.037235839843750000e+03
1.041883300781250000e+03
1.044355102539062500e+03
1.067212036132812500e+03
1.067816406250000000e+03
1.079910156250000000e+03
1.073905273437500000e+03
1.050097412109375000e+03
1.047116210937500000e+03
1.043723876953125000e+03
1.069177734375000000e+03
1.072451538085937500e+03
1.053512939453125000e+03
1.027874267578125000e+03
1.017242004394531250e+03
1.035733032226562500e+03
1.055837768554687500e+03
1.076566772460937500e+03
1.085564331054687500e+03
1.073911254882812500e+03
1.042905517578125000e+03
1.029121582031250000e+03
1.027673217773437500e+03
1.054614624023437500e+03
1.089619262695312500e+03
1.082648071289062500e+03
1.061469360351562500e+03
1.038584350585937500e+03
1.021731323242187500e+03
1.022191101074218750e+03
1.042637939453125000e+03
1.055531372070312500e+03
1.090873291015625000e+03
1.088609130859375000e+03
1.052074829101562500e+03
1.031477172851562500e+03
1.026657714843750000e+03
1.030710937500000000e+03
1.066407836914062500e+03
1.063792114257812500e+03
1.061816528320312500e+03
1.052755126953125000e+03
1.033912475585937500e+03
1.032461547851562500e+03
1.044674926757812500e+03
1.071621582031250000e+03
1.086741455078125000e+03
1.061802368164062500e+03
1.040277587890625000e+03
1.019578796386718750e+03
1.023323181152343750e+03
1.047572875976562500e+03
1.081947265625000000e+03
1.073680297851562500e+03
1.058224365234375000e+03
1.036505981445312500e+03
1.025251464843750000e+03
1.040730590820312500e+03
1.082632690429687500e+03
1.074282714843750000e+03
1.050162109375000000e+03
1.020239379882812500e+03
1.006158569335937500e+03
1.010500549316406250e+03
1.038824707031250000e+03
1.057689819335937500e+03
1.074063354492187500e+03
1.055885864257812500e+03
1.038044921875000000e+03
1.033111816406250000e+03
1.042111206054687500e+03
1.044012939453125000e+03
1.036474853515625000e+03
1.062820434570312500e+03
1.080010253906250000e+03
1.090726684570312500e+03
1.062147216796875000e+03
1.025545654296875000e+03
1.011263427734375000e+03
1.019994323730468750e+03
1.042394897460937500e+03
1.067391357421875000e+03
1.061958251953125000e+03
1.067486328125000000e+03
1.049056884765625000e+03
1.044477294921875000e+03
1.028464355468750000e+03
1.027433593750000000e+03
1.047908325195312500e+03
1.035344360351562500e+03
1.045765136718750000e+03
1.058176025390625000e+03
1.062058349609375000e+03
1.054885986328125000e+03
1.047938232421875000e+03
1.039752807617187500e+03
1.034762939453125000e+03
1.049649291992187500e+03
1.048674194335937500e+03
1.031366699218750000e+03
1.025771728515625000e+03
1.036844482421875000e+03
1.051006958007812500e+03
1.053611206054687500e+03
1.047855346679687500e+03
1.035565429687500000e+03
1.016117492675781250e+03
1.020862182617187500e+03
1.043250244140625000e+03
1.063229736328125000e+03
1.086941284179687500e+03
1.062388427734375000e+03
1.034419433593750000e+03
1.001865295410156250e+03
9.874032592773437500e+02
1.012502563476562500e+03
1.051804565429687500e+03
1.057196655273437500e+03
1.063698852539062500e+03
1.038338989257812500e+03
1.025974243164062500e+03
1.045474487304687500e+03
1.045730346679687500e+03
1.044502075195312500e+03
1.053747924804687500e+03
1.053913330078125000e+03
1.036488037109375000e+03
1.031468017578125000e+03
1.027149291992187500e+03
1.040177612304687500e+03
1.037023071289062500e+03
1.040713867187500000e+03
1.044843627929687500e+03
1.046371337890625000e+03
1.044964355468750000e+03
1.042245117187500000e+03
1.030822509765625000e+03
1.032971191406250000e+03
1.027525634765625000e+03
1.052478271484375000e+03
1.053630371093750000e+03
1.052665405273437500e+03
1.021492065429687500e+03
1.032713012695312500e+03
1.026183959960937500e+03
1.046121215820312500e+03
1.051382202148437500e+03
1.043976928710937500e+03
1.051060668945312500e+03
1.025579345703125000e+03
1.038228515625000000e+03
1.036699462890625000e+03
1.030481933593750000e+03
1.033652954101562500e+03
1.027053344726562500e+03
1.023325317382812500e+03
1.004162963867187500e+03
1.043213012695312500e+03
1.056837890625000000e+03
1.049085571289062500e+03
1.030217773437500000e+03
1.012305908203125000e+03
1.018269897460937500e+03
1.027825927734375000e+03
1.067642944335937500e+03
1.066168701171875000e+03
1.032810791015625000e+03
1.016807800292968750e+03
1.030844970703125000e+03
1.019902832031250000e+03
1.048679077148437500e+03
1.042004516601562500e+03
1.036285156250000000e+03
1.033948242187500000e+03
1.026052612304687500e+03
1.041017333984375000e+03
1.043948242187500000e+03
1.036937866210937500e+03
1.024134155273437500e+03
1.015777160644531250e+03
1.018399902343750000e+03
1.010472412109375000e+03
1.029787353515625000e+03
1.034113037109375000e+03
1.047264404296875000e+03
1.057382812500000000e+03
1.045376342773437500e+03
1.028106201171875000e+03
1.011558959960937500e+03
1.033289672851562500e+03
1.038421264648437500e+03
1.043193359375000000e+03
1.057569213867187500e+03
1.045924560546875000e+03
1.022876831054687500e+03
1.016092834472656250e+03
1.026421875000000000e+03
1.029105712890625000e+03
1.023684814453125000e+03
1.040288452148437500e+03
1.049826782226562500e+03
1.065695556640625000e+03
1.044829101562500000e+03
1.042736938476562500e+03
1.023115600585937500e+03
1.024827148437500000e+03
1.022639465332031250e+03
1.044467773437500000e+03
1.042300781250000000e+03
1.045573608398437500e+03
1.039060791015625000e+03
1.030492187500000000e+03
1.027556640625000000e+03
1.031266845703125000e+03
1.040111083984375000e+03
1.038391723632812500e+03
1.021285766601562500e+03
1.005003234863281250e+03
9.983962402343750000e+02
1.021218811035156250e+03
1.045508666992187500e+03
1.061218627929687500e+03
1.058679931640625000e+03
1.031358886718750000e+03
1.000990661621093750e+03
9.875326538085937500e+02
9.875490112304687500e+02
9.999959106445312500e+02
1.037615112304687500e+03
1.066171752929687500e+03
1.059971313476562500e+03
1.022967224121093750e+03
1.001044555664062500e+03
9.839660034179687500e+02
9.983059692382812500e+02
1.032434570312500000e+03
1.062317382812500000e+03
1.050945922851562500e+03
1.008165466308593750e+03
1.000067749023437500e+03
1.022435913085937500e+03
1.025600708007812500e+03
1.036320434570312500e+03
1.042602661132812500e+03
1.016809387207031250e+03
9.957778320312500000e+02
1.015352050781250000e+03
1.024220703125000000e+03
1.040257202148437500e+03
1.041788452148437500e+03
1.017169250488281250e+03
1.007541015625000000e+03
1.010264831542968750e+03
1.016915893554687500e+03
1.023914978027343750e+03
1.031134765625000000e+03
1.032332031250000000e+03
1.037686279296875000e+03
1.034380493164062500e+03
1.017817382812500000e+03
1.016962158203125000e+03
1.017468811035156250e+03
1.015460815429687500e+03
1.028155029296875000e+03
1.017580627441406250e+03
1.014256164550781250e+03
1.027179443359375000e+03
1.008369506835937500e+03
1.001533508300781250e+03
9.913805541992187500e+02
1.010848083496093750e+03
1.039343261718750000e+03
1.052622192382812500e+03
1.029937377929687500e+03
1.012778076171875000e+03
9.962534179687500000e+02
9.927637939453125000e+02
1.024659545898437500e+03
1.045789794921875000e+03
1.059493530273437500e+03
1.032050537109375000e+03
9.997740478515625000e+02
9.884572143554687500e+02
1.009502319335937500e+03
1.004932312011718750e+03
1.020555419921875000e+03
1.028250122070312500e+03
1.030197143554687500e+03
1.038567382812500000e+03
1.024367065429687500e+03
1.009379821777343750e+03
1.015597473144531250e+03
1.027246337890625000e+03
1.025733032226562500e+03
1.023202880859375000e+03
1.008362060546875000e+03
9.906422119140625000e+02
9.958125610351562500e+02
1.013149047851562500e+03
1.027425048828125000e+03
1.038934692382812500e+03
1.029521362304687500e+03
1.001839965820312500e+03
9.844650878906250000e+02
9.893996582031250000e+02
9.932990722656250000e+02
1.013755493164062500e+03
1.013622497558593750e+03
1.018466674804687500e+03
1.007471557617187500e+03
9.994384155273437500e+02
1.016878601074218750e+03
1.030053344726562500e+03
1.035706054687500000e+03
1.014776794433593750e+03
9.912642211914062500e+02
9.990253906250000000e+02
9.991246337890625000e+02
1.011487060546875000e+03
1.026956665039062500e+03
1.031725097656250000e+03
1.031340942382812500e+03
1.018369506835937500e+03
1.007040405273437500e+03
1.003770080566406250e+03
1.002825927734375000e+03
1.021828063964843750e+03
1.036190917968750000e+03
1.030969970703125000e+03
1.008482482910156250e+03
9.821791381835937500e+02
9.822407226562500000e+02
9.906809692382812500e+02
1.012098999023437500e+03
1.036858520507812500e+03
1.022007995605468750e+03
1.014371154785156250e+03
1.006909179687500000e+03
9.971445922851562500e+02
9.918983154296875000e+02
1.003133239746093750e+03
1.038748291015625000e+03
1.054481811523437500e+03
1.024676513671875000e+03
9.862502441406250000e+02
9.681807250976562500e+02
9.821043090820312500e+02
1.001177917480468750e+03
1.047899047851562500e+03
1.072501098632812500e+03
1.041052978515625000e+03
9.911772460937500000e+02
9.650846557617187500e+02
9.703795776367187500e+02
9.752692260742187500e+02
1.006739074707031250e+03
1.059148315429687500e+03
1.048559692382812500e+03
1.014041564941406250e+03
9.853305053710937500e+02
9.670121459960937500e+02
9.695559082031250000e+02
1.006308166503906250e+03
1.046500488281250000e+03
1.038889648437500000e+03
1.011913513183593750e+03
9.759258422851562500e+02
9.637854614257812500e+02
9.743818359375000000e+02
1.017919250488281250e+03
1.069389160156250000e+03
1.070592407226562500e+03
1.014307128906250000e+03
9.632169189453125000e+02
9.477500000000000000e+02
9.561217651367187500e+02
1.000466674804687500e+03
1.085074829101562500e+03
1.068028808593750000e+03
1.012971435546875000e+03
9.473876342773437500e+02
9.251931762695312500e+02
9.438008422851562500e+02
9.874183959960937500e+02
1.051316528320312500e+03
1.092452880859375000e+03
1.030706054687500000e+03
9.738419799804687500e+02
9.571793212890625000e+02
9.275866699218750000e+02
9.619505615234375000e+02
1.013250305175781250e+03
1.047877319335937500e+03
1.047020019531250000e+03
9.907206420898437500e+02
9.783882446289062500e+02
9.757613525390625000e+02
9.854008789062500000e+02
9.999760742187500000e+02
1.018216674804687500e+03
1.015956726074218750e+03
1.007506347656250000e+03
1.000676391601562500e+03
1.004644897460937500e+03
1.022061401367187500e+03
1.030299804687500000e+03
1.014973632812500000e+03
9.960727539062500000e+02
9.790657958984375000e+02
1.014193542480468750e+03
1.041127319335937500e+03
1.033498291015625000e+03
1.005888000488281250e+03
9.950072631835937500e+02
9.956608886718750000e+02
1.011722900390625000e+03
1.001439086914062500e+03
1.031270019531250000e+03
1.038136352539062500e+03
1.037601318359375000e+03
9.998497314453125000e+02
9.591975097656250000e+02
9.644265747070312500e+02
9.700057983398437500e+02
1.028374511718750000e+03
1.036543701171875000e+03
1.026554321289062500e+03
1.003066650390625000e+03
9.824039916992187500e+02
9.954968261718750000e+02
9.918601684570312500e+02
1.002325317382812500e+03
1.018017395019531250e+03
1.026957641601562500e+03
1.005073059082031250e+03
9.821533203125000000e+02
9.754226684570312500e+02
9.853157348632812500e+02
1.011107482910156250e+03
1.030766357421875000e+03
1.025614868164062500e+03
9.798543090820312500e+02
9.633318481445312500e+02
9.632897338867187500e+02
9.739200439453125000e+02
1.001195800781250000e+03
1.030659667968750000e+03
1.019635742187500000e+03
9.849083251953125000e+02
9.663677368164062500e+02
9.846181640625000000e+02
1.007192993164062500e+03
1.029866699218750000e+03
1.027429199218750000e+03
9.996502685546875000e+02
9.856824951171875000e+02
9.662584228515625000e+02
9.867836303710937500e+02
1.023467590332031250e+03
1.026506225585937500e+03
1.019218505859375000e+03
9.776718139648437500e+02
9.671298828125000000e+02
9.815567626953125000e+02
9.807588500976562500e+02
1.005993408203125000e+03
1.008202392578125000e+03
1.007235717773437500e+03
1.011469970703125000e+03
9.942611694335937500e+02
9.789934082031250000e+02
9.695643310546875000e+02
9.709368896484375000e+02
1.006873413085937500e+03
1.026536499023437500e+03
1.010974975585937500e+03
9.739750976562500000e+02
9.821635742187500000e+02
9.930925903320312500e+02
1.004038757324218750e+03
9.911715698242187500e+02
9.943315429687500000e+02
9.843040161132812500e+02
9.897147216796875000e+02
9.885613403320312500e+02
1.007583557128906250e+03
1.009881835937500000e+03
9.981703491210937500e+02
9.967625122070312500e+02
9.886257934570312500e+02
9.913497924804687500e+02
9.986481323242187500e+02
1.006271972656250000e+03
1.027576904296875000e+03
1.015666992187500000e+03
9.764973144531250000e+02
9.620886840820312500e+02
9.730859985351562500e+02
1.000474243164062500e+03
1.040746704101562500e+03
1.029111206054687500e+03
9.764082641601562500e+02
9.403889160156250000e+02
9.280004272460937500e+02
9.386732177734375000e+02
9.691771850585937500e+02
1.037762939453125000e+03
1.049233032226562500e+03
9.966436767578125000e+02
9.534829101562500000e+02
9.404345092773437500e+02
9.536763305664062500e+02
9.789035034179687500e+02
1.029007446289062500e+03
1.011259155273437500e+03
1.004824462890625000e+03
9.572254028320312500e+02
9.475625610351562500e+02
9.699929809570312500e+02
1.000884826660156250e+03
1.028623779296875000e+03
1.021896545410156250e+03
9.800326538085937500e+02
9.455298461914062500e+02
9.509632568359375000e+02
9.683582153320312500e+02
1.008740966796875000e+03
1.014029907226562500e+03
1.004901062011718750e+03
9.901012573242187500e+02
9.802904052734375000e+02
9.878353271484375000e+02
9.963114624023437500e+02
1.002370300292968750e+03
9.900956420898437500e+02
9.753958129882812500e+02
9.592075195312500000e+02
9.441975097656250000e+02
9.569553222656250000e+02
1.010953308105468750e+03
1.029216552734375000e+03
1.032663208007812500e+03
9.955778198242187500e+02
9.549486694335937500e+02
9.459272460937500000e+02
9.704180908203125000e+02
1.017114746093750000e+03
1.037202270507812500e+03
1.015677246093750000e+03
9.784454956054687500e+02
9.373414916992187500e+02
9.293352661132812500e+02
9.390242309570312500e+02
9.852511596679687500e+02
1.064417602539062500e+03
1.055088256835937500e+03
9.729796752929687500e+02
9.210983276367187500e+02
9.105857543945312500e+02
9.225898437500000000e+02
9.672374877929687500e+02
1.054780517578125000e+03
1.064211181640625000e+03
1.005130798339843750e+03
9.490302124023437500e+02
9.286560058593750000e+02
9.370444946289062500e+02
9.815794067382812500e+02
1.062137084960937500e+03
1.056720214843750000e+03
9.728285522460937500e+02
9.090399169921875000e+02
9.091311645507812500e+02
9.362477416992187500e+02
9.894114990234375000e+02
1.076462646484375000e+03
1.055547851562500000e+03
9.603659667968750000e+02
9.109323120117187500e+02
9.018488769531250000e+02
9.148590698242187500e+02
9.773449707031250000e+02
1.058508422851562500e+03
1.065059692382812500e+03
9.696416625976562500e+02
9.154751586914062500e+02
9.115935058593750000e+02
9.498273925781250000e+02
1.014488647460937500e+03
1.049413452148437500e+03
9.994442138671875000e+02
9.537506713867187500e+02
9.363985595703125000e+02
9.588241577148437500e+02
9.909562988281250000e+02
1.019691101074218750e+03
1.024654785156250000e+03
9.995004882812500000e+02
9.431120605468750000e+02
9.417830810546875000e+02
9.580123901367187500e+02
9.854948120117187500e+02
1.028998901367187500e+03
1.033986450195312500e+03
9.843807983398437500e+02
9.496813354492187500e+02
9.525380859375000000e+02
1.001990966796875000e+03
1.033218627929687500e+03
1.012526916503906250e+03
9.758034667968750000e+02
9.556821289062500000e+02
9.493556518554687500e+02
9.758180541992187500e+02
1.018164550781250000e+03
1.035436523437500000e+03
1.004917419433593750e+03
9.814576416015625000e+02
9.401804809570312500e+02
9.390023193359375000e+02
9.768553466796875000e+02
1.008420410156250000e+03
1.027083862304687500e+03
9.992155151367187500e+02
9.651072387695312500e+02
9.447327270507812500e+02
9.497869262695312500e+02
9.608234863281250000e+02
9.975930786132812500e+02
1.015592712402343750e+03
9.946610107421875000e+02
9.723759155273437500e+02
9.632490844726562500e+02
9.717481689453125000e+02
9.806574096679687500e+02
9.976060791015625000e+02
1.003296142578125000e+03
9.843701782226562500e+02
9.575408325195312500e+02
9.521352539062500000e+02
9.673075561523437500e+02
9.975469970703125000e+02
1.005395935058593750e+03
9.966474609375000000e+02
9.865798339843750000e+02
9.656897583007812500e+02
9.524310913085937500e+02
9.530719604492187500e+02
9.733649902343750000e+02
9.955287475585937500e+02
1.016409484863281250e+03
9.994576416015625000e+02
9.778052978515625000e+02
9.534564819335937500e+02
9.621107177734375000e+02
9.818878173828125000e+02
1.004164306640625000e+03
9.998499145507812500e+02
9.800812988281250000e+02
9.674527587890625000e+02
9.689370117187500000e+02
9.992563476562500000e+02
9.952230834960937500e+02
9.780662231445312500e+02
9.579951782226562500e+02
9.637253417968750000e+02
9.710698852539062500e+02
9.786364746093750000e+02
9.866483764648437500e+02
9.886082153320312500e+02
9.535101318359375000e+02
9.653075561523437500e+02
9.821085815429687500e+02
9.916414794921875000e+02
1.006091003417968750e+03
1.014595764160156250e+03
9.699088134765625000e+02
9.711517944335937500e+02
9.622185058593750000e+02
9.604019165039062500e+02
9.790655517578125000e+02
9.936200561523437500e+02
9.888996582031250000e+02
9.837221679687500000e+02
9.566084594726562500e+02
9.511103515625000000e+02
9.602865600585937500e+02
9.818308105468750000e+02
9.833962402343750000e+02
9.974984130859375000e+02
9.547731323242187500e+02
9.377404785156250000e+02
9.472188110351562500e+02
9.692849731445312500e+02
1.004414794921875000e+03
1.014322326660156250e+03
9.800415039062500000e+02
9.587803955078125000e+02
9.448382568359375000e+02
9.610769653320312500e+02
9.794122314453125000e+02
9.994081420898437500e+02
1.012307312011718750e+03
9.768847656250000000e+02
9.511286621093750000e+02
9.609945678710937500e+02
9.624952392578125000e+02
1.000719726562500000e+03
1.011694396972656250e+03
9.897644042968750000e+02
9.301117553710937500e+02
9.249769897460937500e+02
9.325370483398437500e+02
9.583397216796875000e+02
1.002519836425781250e+03
1.017752685546875000e+03
9.792932128906250000e+02
9.339452514648437500e+02
9.290726318359375000e+02
9.590643310546875000e+02
9.840267944335937500e+02
1.005559875488281250e+03
1.000676574707031250e+03
9.689917602539062500e+02
9.423239135742187500e+02
9.365552978515625000e+02
9.494375610351562500e+02
9.812470092773437500e+02
9.942346801757812500e+02
9.816149291992187500e+02
9.481033325195312500e+02
9.407522583007812500e+02
9.425271606445312500e+02
9.760517578125000000e+02
9.774237670898437500e+02
9.911323242187500000e+02
9.667840576171875000e+02
9.567738037109375000e+02
9.568184204101562500e+02
9.730789184570312500e+02
9.791690673828125000e+02
9.625960693359375000e+02
9.555675659179687500e+02
9.505696411132812500e+02
9.503549804687500000e+02
9.490556030273437500e+02
9.704673461914062500e+02
9.826688842773437500e+02
9.827021484375000000e+02
9.682438964843750000e+02
9.447347412109375000e+02
9.516524658203125000e+02
9.680388793945312500e+02
9.710780639648437500e+02
9.890679931640625000e+02
9.779118041992187500e+02
9.448009643554687500e+02
9.400335083007812500e+02
9.535128173828125000e+02
9.726747436523437500e+02
9.926140747070312500e+02
9.947819213867187500e+02
9.670018920898437500e+02
9.520112304687500000e+02
9.480792236328125000e+02
9.693520507812500000e+02
9.880080566406250000e+02
9.910078125000000000e+02
9.601142578125000000e+02
9.516829833984375000e+02
9.374626464843750000e+02
9.578282470703125000e+02
9.770095825195312500e+02
9.885317993164062500e+02
9.659017944335937500e+02
9.275942993164062500e+02
9.273805541992187500e+02
9.362652587890625000e+02
9.586419677734375000e+02
9.969003295898437500e+02
1.013602478027343750e+03
9.699063110351562500e+02
9.283805541992187500e+02
9.132019653320312500e+02
9.187015991210937500e+02
9.521824951171875000e+02
1.004297424316406250e+03
1.010233154296875000e+03
9.771867675781250000e+02
9.197220458984375000e+02
9.258154296875000000e+02
9.387916870117187500e+02
9.629423217773437500e+02
1.004244934082031250e+03
9.748887939453125000e+02
9.370975952148437500e+02
9.397532958984375000e+02
9.393241577148437500e+02
9.618074340820312500e+02
9.822169189453125000e+02
9.755527343750000000e+02
9.540972290039062500e+02
9.369389648437500000e+02
9.448820800781250000e+02
9.714338989257812500e+02
9.762123413085937500e+02
9.722647094726562500e+02
9.513074951171875000e+02
9.334420166015625000e+02
9.389296264648437500e+02
9.668786010742187500e+02
9.760084838867187500e+02
9.630575561523437500e+02
9.466533203125000000e+02
9.368446655273437500e+02
9.377352294921875000e+02
9.664741821289062500e+02
9.916115722656250000e+02
9.788975830078125000e+02
9.690655517578125000e+02
9.250584106445312500e+02
9.155592651367187500e+02
9.262023925781250000e+02
9.578627929687500000e+02
9.825070190429687500e+02
9.962792968750000000e+02
9.610438842773437500e+02
9.399409179687500000e+02
9.279113159179687500e+02
9.407056274414062500e+02
9.610748291015625000e+02
9.569758300781250000e+02
9.532371826171875000e+02
9.586056518554687500e+02
9.731188354492187500e+02
9.690534667968750000e+02
9.677229614257812500e+02
9.574766845703125000e+02
9.515109863281250000e+02
9.499030151367187500e+02
9.496678466796875000e+02
9.598636474609375000e+02
9.734783325195312500e+02
9.752946777343750000e+02
9.651231689453125000e+02
9.383215942382812500e+02
9.264690551757812500e+02
9.281177368164062500e+02
9.502737426757812500e+02
9.950590820312500000e+02
9.956323242187500000e+02
9.481282348632812500e+02
9.199621582031250000e+02
9.194940795898437500e+02
9.501418457031250000e+02
9.585802612304687500e+02
9.587252197265625000e+02
9.581421508789062500e+02
9.255601806640625000e+02
9.168563232421875000e+02
9.428061523437500000e+02
9.716969604492187500e+02
9.907122192382812500e+02
9.530367431640625000e+02
9.115225830078125000e+02
8.955789184570312500e+02
9.121199951171875000e+02
9.432478027343750000e+02
9.959051513671875000e+02
1.003838317871093750e+03
9.586167602539062500e+02
9.217786865234375000e+02
9.046305541992187500e+02
9.277294921875000000e+02
9.738814086914062500e+02
1.010013549804687500e+03
9.697157592773437500e+02
9.443363037109375000e+02
9.107213134765625000e+02
8.979370117187500000e+02
9.186928100585937500e+02
9.582421264648437500e+02
9.785907592773437500e+02
9.876051025390625000e+02
9.419968261718750000e+02
9.231272583007812500e+02
9.197680053710937500e+02
9.276715698242187500e+02
9.506340942382812500e+02
9.907937622070312500e+02
9.818814086914062500e+02
9.467879638671875000e+02
9.393594360351562500e+02
9.076788940429687500e+02
9.087338867187500000e+02
9.506681518554687500e+02
9.921348266601562500e+02
9.888763427734375000e+02
9.476270751953125000e+02
9.142539672851562500e+02
9.070458374023437500e+02
9.337849731445312500e+02
9.722840576171875000e+02
9.762041015625000000e+02
9.349938964843750000e+02
9.045213012695312500e+02
9.043955688476562500e+02
9.215791625976562500e+02
9.574003295898437500e+02
9.802236328125000000e+02
9.784336547851562500e+02
9.378045654296875000e+02
9.131761474609375000e+02
9.136115112304687500e+02
9.547824707031250000e+02
1.001991577148437500e+03
9.856119995117187500e+02
9.453474121093750000e+02
9.103861694335937500e+02
9.070971679687500000e+02
9.301000976562500000e+02
9.639417114257812500e+02
9.872072143554687500e+02
9.810039062500000000e+02
9.327828369140625000e+02
9.139205932617187500e+02
9.110760498046875000e+02
9.447831420898437500e+02
9.866737670898437500e+02
9.981277465820312500e+02
9.531118164062500000e+02
9.188336791992187500e+02
8.979188842773437500e+02
9.120858154296875000e+02
9.566841430664062500e+02
9.869692993164062500e+02
9.646237182617187500e+02
9.541934814453125000e+02
9.193900756835937500e+02
9.100076293945312500e+02
9.201599731445312500e+02
9.416083374023437500e+02
9.633916625976562500e+02
9.559815673828125000e+02
9.328494262695312500e+02
9.294849853515625000e+02
9.319536743164062500e+02
9.636939086914062500e+02
9.676229248046875000e+02
9.367334594726562500e+02
9.089697265625000000e+02
9.175134277343750000e+02
9.383921508789062500e+02
9.484115600585937500e+02
9.572850952148437500e+02
9.664202270507812500e+02
9.539922485351562500e+02
9.147102661132812500e+02
9.216332397460937500e+02
9.565203247070312500e+02
9.789343872070312500e+02
9.712206420898437500e+02
9.378187255859375000e+02
9.320874633789062500e+02
9.372367553710937500e+02
9.402813110351562500e+02
9.496257324218750000e+02
9.787080078125000000e+02
9.658380737304687500e+02
9.354407348632812500e+02
9.132271728515625000e+02
9.191246337890625000e+02
9.443107299804687500e+02
9.716206665039062500e+02
9.664136352539062500e+02
9.535427246093750000e+02
9.277593383789062500e+02
9.271104125976562500e+02
9.388768920898437500e+02
9.597830810546875000e+02
9.810999145507812500e+02
9.597680664062500000e+02
9.229680786132812500e+02
9.021822509765625000e+02
9.063615112304687500e+02
9.571923217773437500e+02
9.834899291992187500e+02
9.747276000976562500e+02
9.255740966796875000e+02
8.997041015625000000e+02
9.106268920898437500e+02
9.358822631835937500e+02
9.498426513671875000e+02
9.765867309570312500e+02
9.474111328125000000e+02
9.312977294921875000e+02
9.257365722656250000e+02
9.226162109375000000e+02
9.379888305664062500e+02
9.605176391601562500e+02
9.602425537109375000e+02
9.607349243164062500e+02
9.394502563476562500e+02
9.176665039062500000e+02
8.952826538085937500e+02
9.084539794921875000e+02
9.632445678710937500e+02
1.002564636230468750e+03
9.768241577148437500e+02
9.366758422851562500e+02
8.942384643554687500e+02
8.894872436523437500e+02
9.122007446289062500e+02
9.524732666015625000e+02
9.766861572265625000e+02
9.789259643554687500e+02
9.338013916015625000e+02
8.990153198242187500e+02
8.980084228515625000e+02
9.441427612304687500e+02
9.797435913085937500e+02
9.735921020507812500e+02
9.244283447265625000e+02
8.826508178710937500e+02
8.688067626953125000e+02
8.836145629882812500e+02
9.203843994140625000e+02
9.889038085937500000e+02
9.909437255859375000e+02
9.400135498046875000e+02
8.887191772460937500e+02
8.850538940429687500e+02
8.926788330078125000e+02
9.498951416015625000e+02
9.980014648437500000e+02
9.637416381835937500e+02
9.252864990234375000e+02
9.075696411132812500e+02
9.076742553710937500e+02
9.273595581054687500e+02
9.404650878906250000e+02
9.573182983398437500e+02
9.505424804687500000e+02
9.239428100585937500e+02
9.198934326171875000e+02
9.261490478515625000e+02
9.355597534179687500e+02
9.417778930664062500e+02
9.483109130859375000e+02
9.370641479492187500e+02
9.354722290039062500e+02
9.336511840820312500e+02
9.355331420898437500e+02
9.351558227539062500e+02
9.317644653320312500e+02
9.087851562500000000e+02
9.107675170898437500e+02
9.222111816406250000e+02
9.516051025390625000e+02
9.675650024414062500e+02
9.405786743164062500e+02
9.278503417968750000e+02
9.112839355468750000e+02
9.144459838867187500e+02
9.366654052734375000e+02
9.578956298828125000e+02
9.685762939453125000e+02
9.564816284179687500e+02
9.218054199218750000e+02
9.037429199218750000e+02
9.093565063476562500e+02
9.318049926757812500e+02
9.562545776367187500e+02
9.614024658203125000e+02
9.173383178710937500e+02
8.885513305664062500e+02
8.913659667968750000e+02
9.177817993164062500e+02
9.667842407226562500e+02
9.669027099609375000e+02
9.269665527343750000e+02
8.918781738281250000e+02
8.918973999023437500e+02
9.165150756835937500e+02
9.549094848632812500e+02
9.828034667968750000e+02
9.421174316406250000e+02
8.953526000976562500e+02
8.714055175781250000e+02
8.856749877929687500e+02
9.302124023437500000e+02
9.832594604492187500e+02
9.738919677734375000e+02
9.383834228515625000e+02
8.968790893554687500e+02
9.061028442382812500e+02
9.351631469726562500e+02
9.613920898437500000e+02
9.652908935546875000e+02
9.452180175781250000e+02
9.059282226562500000e+02
8.964569702148437500e+02
9.022250976562500000e+02
9.174888916015625000e+02
9.390258789062500000e+02
9.602677612304687500e+02
9.349053344726562500e+02
9.207634887695312500e+02
9.137451782226562500e+02
9.019618530273437500e+02
9.102360839843750000e+02
9.129403076171875000e+02
9.269382934570312500e+02
9.410767211914062500e+02
9.385392456054687500e+02
9.280003051757812500e+02
9.220961303710937500e+02
9.284593505859375000e+02
9.198693237304687500e+02
9.257514038085937500e+02
9.317655029296875000e+02
9.382910766601562500e+02
9.472310180664062500e+02
9.414370117187500000e+02
9.218054199218750000e+02
9.157866821289062500e+02
8.983463134765625000e+02
9.083394775390625000e+02
9.360906372070312500e+02
9.646810913085937500e+02
9.565286865234375000e+02
9.213244018554687500e+02
8.989663085937500000e+02
9.093754882812500000e+02
9.374958496093750000e+02
9.402615966796875000e+02
9.122294921875000000e+02
9.216453857421875000e+02
9.178143310546875000e+02
9.285048217773437500e+02
9.453745117187500000e+02
9.341795654296875000e+02
9.110064086914062500e+02
9.125970458984375000e+02
9.047376708984375000e+02
9.087899780273437500e+02
9.392420043945312500e+02
9.426772460937500000e+02
9.464270629882812500e+02
9.361419677734375000e+02
9.106296386718750000e+02
8.964904174804687500e+02
9.126524658203125000e+02
9.178156738281250000e+02
9.402260131835937500e+02
9.408646850585937500e+02
9.211765136718750000e+02
9.044416503906250000e+02
8.903237304687500000e+02
9.029945068359375000e+02
9.408626708984375000e+02
9.678743896484375000e+02
9.305243530273437500e+02
9.042988281250000000e+02
8.854315185546875000e+02
8.977753295898437500e+02
9.320146484375000000e+02
9.546103515625000000e+02
9.479714355468750000e+02
9.069028320312500000e+02
8.806528320312500000e+02
8.649642333984375000e+02
8.875237426757812500e+02
9.199661865234375000e+02
9.599133300781250000e+02
9.632890625000000000e+02
9.098358764648437500e+02
8.673470458984375000e+02
8.642547607421875000e+02
8.976575927734375000e+02
9.549642333984375000e+02
9.840326538085937500e+02
9.408357543945312500e+02
8.855608520507812500e+02
8.607982177734375000e+02
8.715255737304687500e+02
9.074673461914062500e+02
9.361021728515625000e+02
9.624231567382812500e+02
9.346378784179687500e+02
8.973713378906250000e+02
8.768095092773437500e+02
8.964806518554687500e+02
9.378132934570312500e+02
9.581705932617187500e+02
9.504854736328125000e+02
9.181842651367187500e+02
8.923058471679687500e+02
9.049263305664062500e+02
9.238251342773437500e+02
9.327443847656250000e+02
9.333328857421875000e+02
9.194432983398437500e+02
9.200121459960937500e+02
9.268050537109375000e+02
9.382108154296875000e+02
9.149254760742187500e+02
9.103967285156250000e+02
8.991515502929687500e+02
9.052268066406250000e+02
9.120866699218750000e+02
9.220195922851562500e+02
9.263018188476562500e+02
9.291434326171875000e+02
9.211257324218750000e+02
9.364448852539062500e+02
9.244151611328125000e+02
9.105515136718750000e+02
8.939427490234375000e+02
9.119945678710937500e+02
9.303009643554687500e+02
9.362861328125000000e+02
9.160499267578125000e+02
9.047614135742187500e+02
9.147272949218750000e+02
9.287379150390625000e+02
9.407785034179687500e+02
9.239633178710937500e+02
9.034010620117187500e+02
8.993784790039062500e+02
8.992479248046875000e+02
9.359860839843750000e+02
9.304067382812500000e+02
9.360950927734375000e+02
9.009750976562500000e+02
8.811725463867187500e+02
8.689719848632812500e+02
8.898506469726562500e+02
9.199299316406250000e+02
9.418571777343750000e+02
9.403993530273437500e+02
9.198900756835937500e+02
9.025592651367187500e+02
9.128752441406250000e+02
9.288435668945312500e+02
9.201547241210937500e+02
9.062828979492187500e+02
9.061618041992187500e+02
9.126693115234375000e+02
9.237188110351562500e+02
9.337142333984375000e+02
9.291521606445312500e+02
9.097424926757812500e+02
8.931577148437500000e+02
8.944156494140625000e+02
8.902924804687500000e+02
9.234275512695312500e+02
9.530930786132812500e+02
9.309461669921875000e+02
9.081307983398437500e+02
8.865244140625000000e+02
8.766665649414062500e+02
9.075140991210937500e+02
9.401192626953125000e+02
9.520394287109375000e+02
9.263704833984375000e+02
8.823375854492187500e+02
8.663369750976562500e+02
8.793364868164062500e+02
9.292487182617187500e+02
9.722379760742187500e+02
9.547719726562500000e+02
8.886713867187500000e+02
8.577949829101562500e+02
8.586512451171875000e+02
9.082008056640625000e+02
9.816640625000000000e+02
9.836959838867187500e+02
9.127728271484375000e+02
8.560859375000000000e+02
8.536022949218750000e+02
8.637749633789062500e+02
8.952253417968750000e+02
9.440845947265625000e+02
9.619685668945312500e+02
9.194494628906250000e+02
8.755392456054687500e+02
8.645012207031250000e+02
8.765798950195312500e+02
9.243407592773437500e+02
9.613593139648437500e+02
9.422005004882812500e+02
8.955260009765625000e+02
8.789364624023437500e+02
8.879719848632812500e+02
9.085632934570312500e+02
9.357076416015625000e+02
9.521909790039062500e+02
8.984425048828125000e+02
8.796943359375000000e+02
8.623291015625000000e+02
8.735441284179687500e+02
9.196120605468750000e+02
9.478541870117187500e+02
9.310729980468750000e+02
9.092743530273437500e+02
8.803435668945312500e+02
8.851322631835937500e+02
9.040906372070312500e+02
9.359117431640625000e+02
9.261101684570312500e+02
9.099060668945312500e+02
8.932656860351562500e+02
8.905338134765625000e+02
8.869218139648437500e+02
9.055949096679687500e+02
9.119584960937500000e+02
9.238504028320312500e+02
9.022838134765625000e+02
8.873198242187500000e+02
9.029854736328125000e+02
9.132325439453125000e+02
9.226788940429687500e+02
9.061489257812500000e+02
8.691307983398437500e+02
8.550734252929687500e+02
8.798820190429687500e+02
9.284459838867187500e+02
9.629511718750000000e+02
9.318684692382812500e+02
8.769167480468750000e+02
8.535676879882812500e+02
8.637926635742187500e+02
8.852203369140625000e+02
9.375118408203125000e+02
9.585028076171875000e+02
9.150399169921875000e+02
8.756517333984375000e+02
8.697381591796875000e+02
8.993256835937500000e+02
9.223798828125000000e+02
9.533399047851562500e+02
9.336666870117187500e+02
9.044633178710937500e+02
8.904367675781250000e+02
8.873464965820312500e+02
9.055187377929687500e+02
9.175305786132812500e+02
9.139988403320312500e+02
9.170183105468750000e+02
9.059384155273437500e+02
9.012944335937500000e+02
8.887178344726562500e+02
8.900125732421875000e+02
8.929920654296875000e+02
9.202370605468750000e+02
9.275368041992187500e+02
9.262180786132812500e+02
8.982707519531250000e+02
8.892575683593750000e+02
8.949243164062500000e+02
9.088251342773437500e+02
9.243045654296875000e+02
9.108250732421875000e+02
9.058389892578125000e+02
8.901640625000000000e+02
8.859142456054687500e+02
8.863754882812500000e+02
9.034599609375000000e+02
9.201967163085937500e+02
9.180987548828125000e+02
8.977879638671875000e+02
8.685882568359375000e+02
8.835692138671875000e+02
8.999270629882812500e+02
9.174681396484375000e+02
9.404584350585937500e+02
9.329078979492187500e+02
8.997313232421875000e+02
8.834450683593750000e+02
8.709589233398437500e+02
8.943504028320312500e+02
9.327901611328125000e+02
9.129832153320312500e+02
8.876955566406250000e+02
8.744315185546875000e+02
8.817256469726562500e+02
9.113416748046875000e+02
9.541242675781250000e+02
9.119546508789062500e+02
8.786896362304687500e+02
8.719453125000000000e+02
8.636103515625000000e+02
8.844749755859375000e+02
9.317553100585937500e+02
9.427500610351562500e+02
9.175922241210937500e+02
8.850593261718750000e+02
8.634867553710937500e+02
8.910802612304687500e+02
9.221806030273437500e+02
9.354133911132812500e+02
8.989124145507812500e+02
8.632579345703125000e+02
8.565629882812500000e+02
8.744352416992187500e+02
9.259725952148437500e+02
9.285679321289062500e+02
9.040655517578125000e+02
8.678088989257812500e+02
8.540485839843750000e+02
8.643727416992187500e+02
8.933881835937500000e+02
9.221507568359375000e+02
9.218093261718750000e+02
8.957490844726562500e+02
8.662830810546875000e+02
8.607910766601562500e+02
8.768248291015625000e+02
9.036868896484375000e+02
9.320705566406250000e+02
9.292349243164062500e+02
8.966086425781250000e+02
8.731635742187500000e+02
8.770128173828125000e+02
9.052863159179687500e+02
9.230331420898437500e+02
9.246337280273437500e+02
8.903336791992187500e+02
8.584656372070312500e+02
8.638572387695312500e+02
8.947092285156250000e+02
9.317708129882812500e+02
9.369104003906250000e+02
8.881033325195312500e+02
8.651503295898437500e+02
8.621640014648437500e+02
9.157211303710937500e+02
9.578942260742187500e+02
9.379101562500000000e+02
8.705355834960937500e+02
8.512886352539062500e+02
8.535915527343750000e+02
8.784149169921875000e+02
9.386409912109375000e+02
9.705971679687500000e+02
9.044157104492187500e+02
8.513357543945312500e+02
8.432888793945312500e+02
8.530059814453125000e+02
9.021536865234375000e+02
9.637958984375000000e+02
9.337127685546875000e+02
8.930272216796875000e+02
8.520064086914062500e+02
8.637308959960937500e+02
8.880710449218750000e+02
9.313355712890625000e+02
9.311015014648437500e+02
8.895620727539062500e+02
8.698353271484375000e+02
8.619631347656250000e+02
8.815567626953125000e+02
9.175218505859375000e+02
9.219042358398437500e+02
9.049990844726562500e+02
8.808665771484375000e+02
8.785534667968750000e+02
8.951245117187500000e+02
8.951727294921875000e+02
8.804553833007812500e+02
8.767246704101562500e+02
8.673973999023437500e+02
8.805331420898437500e+02
9.002192993164062500e+02
8.995499877929687500e+02
8.907437133789062500e+02
8.806447143554687500e+02
8.725679931640625000e+02
8.751978149414062500e+02
8.934234619140625000e+02
8.989594116210937500e+02
9.064506835937500000e+02
9.145043334960937500e+02
8.976149902343750000e+02
9.037281494140625000e+02
8.861966552734375000e+02
8.918960571289062500e+02
9.039929809570312500e+02
8.889802246093750000e+02
8.859083251953125000e+02
9.008186035156250000e+02
8.940746459960937500e+02
8.975180664062500000e+02
8.808077392578125000e+02
8.838373413085937500e+02
8.875180664062500000e+02
8.866971435546875000e+02
9.116729736328125000e+02
9.281376342773437500e+02
9.038380126953125000e+02
8.799575195312500000e+02
8.741366577148437500e+02
8.776581420898437500e+02
8.745531005859375000e+02
8.897066650390625000e+02
8.934804077148437500e+02
9.034506835937500000e+02
8.952313842773437500e+02
8.910926513671875000e+02
8.814459838867187500e+02
8.735908813476562500e+02
8.868125000000000000e+02
9.055107421875000000e+02
9.039573974609375000e+02
9.028686523437500000e+02
9.100937500000000000e+02
8.904753417968750000e+02
8.689431762695312500e+02
8.662442626953125000e+02
8.800992431640625000e+02
9.101638183593750000e+02
9.069330444335937500e+02
9.148585205078125000e+02
8.868869018554687500e+02
8.734620971679687500e+02
8.684163818359375000e+02
8.698177490234375000e+02
9.054062500000000000e+02
9.204364013671875000e+02
9.112050781250000000e+02
8.749652709960937500e+02
8.565310058593750000e+02
8.584288940429687500e+02
8.766915893554687500e+02
9.207303466796875000e+02
9.125139160156250000e+02
8.926138916015625000e+02
8.627975463867187500e+02
8.620996704101562500e+02
8.760567626953125000e+02
9.115689697265625000e+02
9.084108276367187500e+02
8.923546752929687500e+02
8.623767700195312500e+02
8.355245971679687500e+02
8.551774291992187500e+02
8.930178222656250000e+02
9.162458496093750000e+02
9.064697265625000000e+02
8.980108032226562500e+02
8.790183105468750000e+02
8.704514160156250000e+02
8.677230834960937500e+02
8.830116577148437500e+02
8.933283081054687500e+02
9.001593017578125000e+02
9.012208862304687500e+02
8.972737426757812500e+02
8.757530517578125000e+02
8.593543090820312500e+02
8.489075927734375000e+02
8.622295532226562500e+02
8.903843383789062500e+02
9.044440917968750000e+02
9.109461669921875000e+02
8.917148437500000000e+02
8.720634155273437500e+02
8.600974731445312500e+02
8.558734741210937500e+02
8.794462280273437500e+02
8.768264160156250000e+02
8.800944213867187500e+02
8.902286376953125000e+02
8.727602539062500000e+02
8.705189208984375000e+02
8.778275756835937500e+02
8.889843139648437500e+02
9.011997680664062500e+02
8.939055786132812500e+02
8.821047973632812500e+02
8.766422119140625000e+02
8.858515014648437500e+02
8.772368774414062500e+02
8.817123413085937500e+02
8.928616333007812500e+02
8.914342651367187500e+02
8.757071533203125000e+02
8.576434326171875000e+02
8.531425781250000000e+02
8.612416381835937500e+02
8.758835449218750000e+02
9.112265625000000000e+02
9.092418212890625000e+02
8.911495971679687500e+02
8.631743774414062500e+02
8.550877685546875000e+02
8.579071655273437500e+02
8.715379638671875000e+02
9.040233154296875000e+02
9.037116699218750000e+02
8.861936645507812500e+02
8.658729858398437500e+02
8.659099731445312500e+02
8.701902465820312500e+02
8.871528930664062500e+02
8.939187622070312500e+02
8.875603027343750000e+02
8.668745727539062500e+02
8.577930908203125000e+02
8.683209838867187500e+02
8.984144897460937500e+02
9.097791748046875000e+02
8.882408447265625000e+02
8.616033935546875000e+02
8.592244873046875000e+02
8.698229980468750000e+02
8.951239624023437500e+02
9.166385498046875000e+02
9.121735839843750000e+02
8.596106567382812500e+02
8.395645141601562500e+02
8.465703125000000000e+02
8.727897949218750000e+02
9.152160034179687500e+02
9.221923217773437500e+02
8.792138061523437500e+02
8.669403076171875000e+02
8.447789916992187500e+02
8.686304931640625000e+02
8.955223388671875000e+02
9.180166015625000000e+02
8.830996704101562500e+02
8.449400024414062500e+02
8.413710937500000000e+02
8.673811035156250000e+02
9.098334960937500000e+02
9.212285766601562500e+02
8.680283813476562500e+02
8.583959960937500000e+02
8.414072265625000000e+02
8.601548461914062500e+02
8.845169677734375000e+02
9.116828002929687500e+02
8.821412353515625000e+02
8.516170654296875000e+02
8.495251464843750000e+02
8.739482421875000000e+02
9.052861328125000000e+02
9.068745727539062500e+02
8.738214721679687500e+02
8.510538330078125000e+02
8.518004150390625000e+02
8.556733398437500000e+02
8.956533203125000000e+02
9.140119018554687500e+02
8.967892456054687500e+02
8.535481567382812500e+02
8.487026367187500000e+02
8.641115722656250000e+02
8.854779052734375000e+02
8.985113525390625000e+02
8.685975952148437500e+02
8.653192138671875000e+02
8.619146728515625000e+02
8.851889038085937500e+02
8.972996826171875000e+02
8.980344848632812500e+02
8.672852172851562500e+02
8.405794677734375000e+02
8.526313476562500000e+02
8.686423339843750000e+02
8.865364990234375000e+02
9.053195190429687500e+02
8.740910644531250000e+02
8.505264892578125000e+02
8.372799072265625000e+02
8.350786743164062500e+02
8.697084350585937500e+02
9.116721801757812500e+02
8.999057617187500000e+02
8.812268066406250000e+02
8.590985717773437500e+02
8.422945556640625000e+02
8.572725830078125000e+02
8.774850463867187500e+02
8.952451782226562500e+02
8.919603881835937500e+02
8.746647338867187500e+02
8.521422119140625000e+02
8.458552246093750000e+02
8.496207275390625000e+02
8.709667968750000000e+02
9.140950927734375000e+02
9.093521728515625000e+02
8.755115966796875000e+02
8.494147338867187500e+02
8.450187988281250000e+02
8.599677124023437500e+02
8.884692382812500000e+02
9.037379760742187500e+02
8.961261596679687500e+02
8.575086669921875000e+02
8.375764160156250000e+02
8.397132568359375000e+02
8.540531616210937500e+02
8.961567993164062500e+02
9.041045532226562500e+02
8.821063232421875000e+02
8.765187377929687500e+02
8.696001586914062500e+02
8.699090576171875000e+02
8.742999267578125000e+02
8.956251831054687500e+02
8.978892211914062500e+02
8.854667968750000000e+02
8.598873291015625000e+02
8.490145874023437500e+02
8.575194091796875000e+02
8.714141845703125000e+02
8.808275146484375000e+02
8.776781616210937500e+02
8.659576416015625000e+02
8.526289672851562500e+02
8.625113525390625000e+02
8.629573974609375000e+02
8.746369018554687500e+02
8.824457397460937500e+02
8.952274780273437500e+02
8.869210205078125000e+02
8.774120483398437500e+02
8.561109008789062500e+02
8.531384277343750000e+02
8.509710693359375000e+02
8.790130615234375000e+02
8.970821533203125000e+02
8.931195678710937500e+02
8.750424194335937500e+02
8.496390991210937500e+02
8.502267456054687500e+02
8.579014282226562500e+02
8.803716430664062500e+02
8.863445434570312500e+02
8.870919189453125000e+02
8.573513183593750000e+02
8.556688232421875000e+02
8.578266601562500000e+02
8.847926635742187500e+02
9.076852416992187500e+02
8.983640747070312500e+02
8.505251464843750000e+02
8.264755859375000000e+02
8.424195556640625000e+02
8.676569824218750000e+02
8.825193481445312500e+02
8.861044311523437500e+02
8.603640747070312500e+02
8.562686767578125000e+02
8.652792358398437500e+02
8.660538940429687500e+02
8.535342407226562500e+02
8.717968139648437500e+02
8.857977294921875000e+02
9.048157958984375000e+02
9.030492553710937500e+02
8.734165039062500000e+02
8.300636596679687500e+02
8.168515014648437500e+02
8.310004882812500000e+02
8.526206665039062500e+02
8.905045776367187500e+02
9.003896484375000000e+02
8.790814819335937500e+02
8.483402709960937500e+02
8.380338134765625000e+02
8.452634887695312500e+02
8.772907104492187500e+02
9.105376586914062500e+02
8.896643066406250000e+02
8.546405029296875000e+02
8.466965942382812500e+02
8.678074340820312500e+02
8.765394287109375000e+02
8.803259887695312500e+02
8.621490478515625000e+02
8.540607299804687500e+02
8.493419799804687500e+02
8.592352294921875000e+02
8.719046630859375000e+02
8.872727661132812500e+02
8.777173461914062500e+02
8.747149658203125000e+02
8.651533203125000000e+02
8.757244262695312500e+02
8.672672119140625000e+02
8.620218505859375000e+02
8.634909057617187500e+02
8.533789672851562500e+02
8.545812377929687500e+02
8.728428955078125000e+02
8.714830932617187500e+02
8.726241455078125000e+02
8.661697387695312500e+02
8.528978271484375000e+02
8.460809326171875000e+02
8.548652954101562500e+02
8.795342407226562500e+02
8.842365722656250000e+02
8.674531860351562500e+02
8.443491821289062500e+02
8.476510009765625000e+02
8.631876831054687500e+02
8.841740112304687500e+02
8.742669677734375000e+02
8.633974609375000000e+02
8.567359008789062500e+02
8.502371826171875000e+02
8.562447509765625000e+02
8.660429077148437500e+02
8.711539916992187500e+02
8.536126708984375000e+02
8.608479614257812500e+02
8.538627319335937500e+02
8.646451416015625000e+02
8.663487548828125000e+02
8.739238281250000000e+02
8.637142944335937500e+02
8.456359863281250000e+02
8.311268920898437500e+02
8.490228271484375000e+02
8.562902221679687500e+02
8.763408813476562500e+02
8.855789184570312500e+02
8.733768310546875000e+02
8.480765991210937500e+02
8.510937500000000000e+02
8.526170043945312500e+02
8.700159301757812500e+02
8.730864868164062500e+02
8.824575805664062500e+02
8.630187988281250000e+02
8.452318115234375000e+02
8.339240112304687500e+02
8.574555053710937500e+02
8.963386840820312500e+02
8.976512451171875000e+02
8.492114257812500000e+02
8.142752685546875000e+02
7.939769287109375000e+02
8.274097290039062500e+02
8.982201538085937500e+02
9.330091552734375000e+02
8.751820678710937500e+02
8.252786865234375000e+02
7.944663085937500000e+02
7.995792236328125000e+02
8.335868530273437500e+02
9.005317382812500000e+02
9.247803955078125000e+02
8.756254272460937500e+02
8.161853027343750000e+02
7.889227294921875000e+02
8.148833007812500000e+02
8.437896728515625000e+02
9.025732421875000000e+02
9.144267578125000000e+02
8.675626831054687500e+02
8.095419311523437500e+02
7.991042480468750000e+02
8.028236694335937500e+02
8.588034667968750000e+02
9.111026611328125000e+02
9.019095458984375000e+02
8.581618041992187500e+02
8.172009277343750000e+02
8.142508544921875000e+02
8.376427612304687500e+02
8.800458374023437500e+02
9.078292236328125000e+02
8.667161865234375000e+02
8.227880859375000000e+02
8.254154052734375000e+02
8.573764038085937500e+02
8.825215454101562500e+02
8.918316040039062500e+02
8.687258911132812500e+02
8.404147949218750000e+02
8.367202148437500000e+02
8.470282592773437500e+02
8.820475463867187500e+02
8.849490966796875000e+02
8.739028930664062500e+02
8.505277709960937500e+02
8.265162353515625000e+02
8.412705078125000000e+02
8.569592285156250000e+02
8.690772705078125000e+02
8.807023315429687500e+02
8.688859863281250000e+02
8.610104980468750000e+02
8.560873413085937500e+02
8.544895019531250000e+02
8.657026367187500000e+02
8.596321411132812500e+02
8.404832153320312500e+02
8.458997192382812500e+02
8.500131835937500000e+02
8.602970581054687500e+02
8.732106323242187500e+02
8.674539184570312500e+02
8.413373413085937500e+02
8.310490112304687500e+02
8.398163452148437500e+02
8.727810668945312500e+02
8.789655761718750000e+02
8.795881347656250000e+02
8.519232177734375000e+02
8.397369995117187500e+02
8.424135742187500000e+02
8.394423217773437500e+02
8.512100830078125000e+02
8.683636474609375000e+02
8.704372558593750000e+02
8.625657958984375000e+02
8.509981689453125000e+02
8.437927246093750000e+02
8.396047973632812500e+02
8.595159912109375000e+02
8.842597656250000000e+02
8.689395751953125000e+02
8.583604125976562500e+02
8.247185058593750000e+02
8.234320068359375000e+02
8.447365112304687500e+02
8.535700683593750000e+02
8.792035522460937500e+02
8.602983398437500000e+02
8.689539794921875000e+02
8.426731567382812500e+02
8.371476440429687500e+02
8.402988891601562500e+02
8.564307250976562500e+02
8.810976562500000000e+02
8.664210205078125000e+02
8.341641845703125000e+02
8.134182128906250000e+02
8.246505126953125000e+02
8.553322143554687500e+02
8.981227416992187500e+02
9.053796386718750000e+02
8.346271362304687500e+02
8.008925170898437500e+02
7.976007690429687500e+02
8.318331298828125000e+02
8.952177124023437500e+02
9.173321533203125000e+02
8.548645019531250000e+02
8.093975830078125000e+02
7.898866577148437500e+02
8.222174682617187500e+02
8.876091308593750000e+02
9.260822143554687500e+02
8.549623413085937500e+02
7.860848999023437500e+02
7.875257568359375000e+02
8.138383178710937500e+02
8.699165649414062500e+02
9.105413208007812500e+02
8.623610839843750000e+02
8.229323120117187500e+02
8.154637451171875000e+02
8.218232421875000000e+02
8.475734252929687500e+02
8.795861816406250000e+02
8.782246704101562500e+02
8.670742187500000000e+02
8.515194091796875000e+02
8.568623046875000000e+02
8.570997314453125000e+02
8.649830932617187500e+02
8.642557373046875000e+02
8.558885498046875000e+02
8.505876464843750000e+02
8.381002197265625000e+02
8.357474975585937500e+02
8.388471679687500000e+02
8.487192382812500000e+02
8.549819946289062500e+02
8.721578979492187500e+02
8.598157348632812500e+02
8.421721801757812500e+02
8.396539916992187500e+02
8.460251464843750000e+02
8.634913330078125000e+02
8.775677490234375000e+02
8.496878051757812500e+02
8.188599243164062500e+02
8.134466552734375000e+02
8.350201416015625000e+02
8.733786621093750000e+02
8.906451416015625000e+02
8.782402343750000000e+02
8.337482299804687500e+02
8.122254028320312500e+02
8.207527465820312500e+02
8.502128906250000000e+02
8.736314697265625000e+02
8.787470703125000000e+02
8.505816650390625000e+02
8.233838500976562500e+02
8.383346557617187500e+02
8.660727539062500000e+02
8.780621337890625000e+02
8.796964111328125000e+02
8.254364624023437500e+02
8.090608520507812500e+02
8.329242553710937500e+02
8.680565795898437500e+02
8.899900512695312500e+02
8.526168823242187500e+02
8.031875610351562500e+02
7.984575195312500000e+02
8.114936523437500000e+02
8.581669311523437500e+02
8.928388061523437500e+02
8.880855102539062500e+02
8.350280761718750000e+02
8.109372558593750000e+02
8.162564697265625000e+02
8.247089233398437500e+02
8.558930053710937500e+02
8.939647216796875000e+02
8.580830688476562500e+02
8.262634887695312500e+02
8.093698120117187500e+02
8.308312377929687500e+02
8.533323974609375000e+02
8.751605834960937500e+02
8.511378784179687500e+02
8.472474975585937500e+02
8.389861450195312500e+02
8.306331787109375000e+02
8.361236572265625000e+02
8.553985595703125000e+02
8.549265747070312500e+02
8.575696411132812500e+02
8.247825927734375000e+02
8.289277954101562500e+02
8.341600952148437500e+02
8.517319946289062500e+02
8.608182373046875000e+02
8.653547973632812500e+02
8.398392333984375000e+02
8.228170166015625000e+02
8.364696655273437500e+02
8.551336669921875000e+02
8.787384033203125000e+02
8.520306396484375000e+02
8.329963989257812500e+02
8.362965087890625000e+02
8.503395996093750000e+02
8.623602294921875000e+02
8.563885498046875000e+02
8.231530151367187500e+02
8.140196533203125000e+02
8.164674682617187500e+02
8.463344726562500000e+02
8.727711791992187500e+02
8.795265502929687500e+02
8.399614257812500000e+02
8.117138061523437500e+02
8.178309936523437500e+02
8.492886352539062500e+02
8.822973022460937500e+02
8.803412475585937500e+02
8.426055908203125000e+02
8.023890991210937500e+02
8.105463867187500000e+02
8.328422241210937500e+02
8.645745849609375000e+02
8.666900024414062500e+02
8.469195556640625000e+02
8.264166870117187500e+02
8.320917358398437500e+02
8.458566284179687500e+02
8.738309326171875000e+02
8.673797607421875000e+02
8.350061035156250000e+02
8.154769287109375000e+02
8.378603515625000000e+02
8.663428955078125000e+02
8.818958129882812500e+02
8.398590698242187500e+02
7.987150878906250000e+02
7.958792114257812500e+02
8.215650634765625000e+02
8.745494995117187500e+02
8.910358276367187500e+02
8.379714355468750000e+02
7.833654174804687500e+02
7.828369140625000000e+02
7.996685180664062500e+02
8.509940795898437500e+02
8.845679321289062500e+02
8.478721313476562500e+02
8.203598022460937500e+02
8.100896606445312500e+02
8.323479614257812500e+02
8.636775512695312500e+02
8.734593505859375000e+02
8.439258422851562500e+02
8.187092285156250000e+02
8.039505004882812500e+02
8.209165649414062500e+02
8.510000610351562500e+02
8.725373535156250000e+02
8.535767211914062500e+02
8.348779296875000000e+02
8.115682373046875000e+02
8.400109863281250000e+02
8.571098022460937500e+02
8.572128295898437500e+02
8.550587158203125000e+02
8.458577270507812500e+02
8.134982299804687500e+02
8.298581542968750000e+02
8.412251586914062500e+02
8.595978393554687500e+02
8.539844360351562500e+02
8.386184692382812500e+02
8.281325683593750000e+02
8.265014038085937500e+02
8.441457519531250000e+02
8.493372192382812500e+02
8.500068969726562500e+02
8.528608398437500000e+02
8.467608032226562500e+02
8.317310791015625000e+02
8.402398071289062500e+02
8.355531005859375000e+02
8.365965576171875000e+02
8.334498901367187500e+02
8.288620605468750000e+02
8.569802246093750000e+02
8.436140136718750000e+02
8.440582275390625000e+02
8.291796875000000000e+02
8.138041381835937500e+02
8.308363037109375000e+02
8.540253906250000000e+02
8.555990600585937500e+02
8.485346679687500000e+02
8.368852539062500000e+02
8.189913330078125000e+02
8.143952636718750000e+02
8.411370849609375000e+02
8.511129760742187500e+02
8.668583374023437500e+02
8.569600830078125000e+02
8.408302612304687500e+02
8.288287963867187500e+02
8.171768798828125000e+02
8.284620971679687500e+02
8.414940185546875000e+02
8.512226562500000000e+02
8.381284790039062500e+02
8.348699951171875000e+02
8.260809936523437500e+02
8.365050659179687500e+02
8.443482666015625000e+02
8.424945068359375000e+02
8.619113769531250000e+02
8.488248291015625000e+02
8.274407958984375000e+02
8.172980957031250000e+02
8.375565185546875000e+02
8.484309692382812500e+02
8.580772705078125000e+02
8.429968872070312500e+02
8.244706420898437500e+02
8.028226318359375000e+02
8.092229614257812500e+02
8.274260864257812500e+02
8.479286499023437500e+02
8.622379760742187500e+02
8.509557495117187500e+02
8.187358398437500000e+02
8.092236328125000000e+02
8.144203491210937500e+02
8.368356323242187500e+02
8.532119750976562500e+02
8.521252441406250000e+02
8.483725585937500000e+02
8.456090698242187500e+02
8.394115600585937500e+02
8.317647705078125000e+02
8.203668823242187500e+02
8.282372436523437500e+02
8.474594726562500000e+02
8.349448242187500000e+02
8.254769897460937500e+02
8.337712402343750000e+02
8.509463500976562500e+02
8.428417968750000000e+02
8.352616577148437500e+02
8.192753295898437500e+02
8.133866577148437500e+02
8.190137329101562500e+02
8.400303344726562500e+02
8.449046630859375000e+02
8.336201782226562500e+02
8.445087280273437500e+02
8.213018798828125000e+02
8.174948120117187500e+02
8.218781738281250000e+02
8.430150146484375000e+02
8.575203857421875000e+02
8.477520141601562500e+02
8.187949829101562500e+02
8.111817626953125000e+02
8.232210083007812500e+02
8.438157348632812500e+02
8.415327148437500000e+02
8.351029052734375000e+02
8.289377441406250000e+02
8.313070068359375000e+02
8.402075195312500000e+02
8.536961669921875000e+02
8.411751708984375000e+02
8.165848999023437500e+02
8.034201660156250000e+02
8.170275878906250000e+02
8.260718383789062500e+02
8.455805664062500000e+02
8.442022705078125000e+02
8.337958984375000000e+02
8.373642578125000000e+02
8.210680541992187500e+02
8.037600097656250000e+02
8.077498168945312500e+02
8.349216308593750000e+02
8.610351562500000000e+02
8.559466552734375000e+02
8.333059692382812500e+02
8.012921752929687500e+02
7.935712280273437500e+02
8.214345092773437500e+02
8.555230712890625000e+02
8.716633300781250000e+02
8.505330200195312500e+02
8.195272216796875000e+02
7.932396850585937500e+02
7.841873168945312500e+02
8.164050903320312500e+02
8.484484863281250000e+02
8.684259033203125000e+02
8.566813354492187500e+02
8.382830200195312500e+02
8.003138427734375000e+02
7.998746337890625000e+02
8.250457153320312500e+02
8.671625976562500000e+02
8.555841674804687500e+02
8.304548339843750000e+02
7.961385498046875000e+02
7.847653198242187500e+02
7.930980834960937500e+02
8.172014160156250000e+02
8.668941650390625000e+02
8.889347534179687500e+02
8.317379150390625000e+02
7.808125000000000000e+02
7.653916015625000000e+02
7.790664672851562500e+02
8.225933227539062500e+02
8.656115112304687500e+02
8.537116699218750000e+02
8.208813476562500000e+02
8.093813476562500000e+02
8.103966674804687500e+02
8.421005859375000000e+02
8.675750122070312500e+02
8.283369140625000000e+02
8.108234252929687500e+02
8.049696044921875000e+02
8.262189941406250000e+02
8.528314819335937500e+02
8.702731323242187500e+02
8.207167358398437500e+02
8.006843261718750000e+02
7.967603149414062500e+02
8.084123535156250000e+02
8.387443847656250000e+02
8.733043823242187500e+02
8.495454711914062500e+02
8.163056030273437500e+02
8.096174316406250000e+02
8.158204345703125000e+02
8.417926025390625000e+02
8.502196044921875000e+02
8.283421630859375000e+02
8.184471435546875000e+02
8.109186401367187500e+02
8.142239379882812500e+02
8.229783935546875000e+02
8.406210937500000000e+02
8.451868286132812500e+02
8.260949096679687500e+02
8.063529663085937500e+02
7.865888061523437500e+02
7.785280761718750000e+02
8.135093994140625000e+02
8.646929321289062500e+02
8.621658935546875000e+02
8.246317138671875000e+02
7.890734863281250000e+02
7.994360961914062500e+02
8.161320190429687500e+02
8.476782226562500000e+02
8.607584228515625000e+02
8.336802368164062500e+02
8.041390991210937500e+02
7.879129028320312500e+02
8.198715820312500000e+02
8.600353393554687500e+02
8.725228881835937500e+02
8.204539184570312500e+02
7.842836303710937500e+02
7.728715820312500000e+02
8.064685668945312500e+02
8.520716552734375000e+02
8.828754272460937500e+02
8.533321533203125000e+02
8.145732421875000000e+02
7.921734008789062500e+02
7.754402465820312500e+02
7.976411743164062500e+02
8.479578247070312500e+02
8.605609741210937500e+02
8.420668945312500000e+02
8.136463012695312500e+02
8.064912109375000000e+02
8.064234619140625000e+02
8.212005004882812500e+02
8.548219604492187500e+02
8.640677490234375000e+02
8.288994750976562500e+02
7.937103881835937500e+02
7.895848999023437500e+02
8.102060546875000000e+02
8.332871704101562500e+02
8.494938964843750000e+02
8.412136840820312500e+02
8.255479736328125000e+02
7.939815063476562500e+02
7.842696533203125000e+02
8.237703247070312500e+02
8.562487182617187500e+02
8.483969726562500000e+02
8.156815795898437500e+02
7.987999267578125000e+02
7.898554687500000000e+02
8.082058105468750000e+02
8.371123046875000000e+02
8.429724731445312500e+02
8.526172485351562500e+02
8.186735839843750000e+02
8.004222412109375000e+02
7.874035034179687500e+02
7.994017944335937500e+02
8.240969848632812500e+02
8.419347534179687500e+02
8.262000122070312500e+02
8.237882690429687500e+02
8.222224731445312500e+02
8.301268310546875000e+02
8.147441406250000000e+02
7.960888061523437500e+02
7.958629760742187500e+02
8.065791625976562500e+02
8.365513916015625000e+02
8.590096435546875000e+02
8.376623535156250000e+02
8.074730834960937500e+02
7.957953491210937500e+02
8.195638427734375000e+02
8.408839111328125000e+02
8.481210937500000000e+02
8.309350585937500000e+02
8.116992187500000000e+02
8.106959228515625000e+02
8.251683349609375000e+02
8.474567260742187500e+02
8.379197998046875000e+02
8.147484741210937500e+02
8.022078247070312500e+02
7.996372680664062500e+02
8.040455932617187500e+02
8.153695068359375000e+02
8.521216430664062500e+02
8.396802978515625000e+02
8.216643066406250000e+02
8.131550903320312500e+02
8.182441406250000000e+02
8.291208496093750000e+02
8.287114868164062500e+02
8.164835205078125000e+02
7.904234008789062500e+02
8.048117675781250000e+02
8.197771606445312500e+02
8.181327514648437500e+02
8.338951416015625000e+02
8.230583496093750000e+02
8.210454711914062500e+02
8.168440551757812500e+02
8.347983398437500000e+02
8.338198242187500000e+02
8.278250732421875000e+02
8.222869873046875000e+02
8.308695678710937500e+02
8.302876586914062500e+02
8.054854736328125000e+02
7.963289794921875000e+02
8.090337524414062500e+02
8.368318481445312500e+02
8.332536621093750000e+02
8.205686645507812500e+02
7.933250122070312500e+02
7.727116699218750000e+02
8.110045776367187500e+02
8.515518798828125000e+02
8.518416748046875000e+02
8.314387207031250000e+02
8.074860839843750000e+02
7.865405883789062500e+02
8.061553344726562500e+02
8.192720947265625000e+02
8.353825073242187500e+02
8.310999755859375000e+02
8.247728271484375000e+02
8.058964233398437500e+02
8.058275146484375000e+02
8.105445556640625000e+02
8.137670898437500000e+02
8.193513183593750000e+02
8.212625732421875000e+02
8.219556274414062500e+02
8.151223144531250000e+02
8.032124633789062500e+02
7.882019042968750000e+02
7.964201049804687500e+02
8.237400512695312500e+02
8.452228393554687500e+02
8.434348144531250000e+02
8.080113525390625000e+02
7.823922119140625000e+02
7.789075927734375000e+02
8.084035644531250000e+02
8.540741577148437500e+02
8.600004272460937500e+02
8.200438232421875000e+02
7.932075195312500000e+02
7.778937988281250000e+02
7.936907348632812500e+02
8.293363037109375000e+02
8.568816528320312500e+02
8.251292114257812500e+02
7.926956787109375000e+02
7.779941406250000000e+02
7.833939819335937500e+02
8.257708129882812500e+02
8.446617431640625000e+02
8.242210083007812500e+02
8.106408081054687500e+02
7.914951782226562500e+02
8.094071655273437500e+02
8.175364990234375000e+02
8.378063964843750000e+02
8.307937622070312500e+02
8.065828247070312500e+02
7.910134887695312500e+02
7.926705932617187500e+02
8.242271728515625000e+02
8.462941284179687500e+02
8.260574951171875000e+02
7.925491333007812500e+02
7.930789184570312500e+02
8.018446655273437500e+02
8.281060180664062500e+02
8.299287109375000000e+02
8.052672119140625000e+02
7.881094970703125000e+02
7.945103149414062500e+02
8.189904174804687500e+02
8.360283813476562500e+02
8.404331665039062500e+02
8.124824829101562500e+02
7.932894287109375000e+02
7.908554077148437500e+02
7.860198364257812500e+02
8.161537475585937500e+02
8.367440795898437500e+02
8.266906738281250000e+02
8.078314208984375000e+02
8.106218261718750000e+02
8.038070068359375000e+02
8.064893188476562500e+02
8.111484985351562500e+02
8.070857543945312500e+02
8.030013427734375000e+02
8.020614624023437500e+02
8.098864135742187500e+02
8.266668090820312500e+02
8.204108886718750000e+02
8.293853149414062500e+02
8.095125732421875000e+02
8.020152587890625000e+02
8.006179809570312500e+02
8.082998046875000000e+02
8.245657958984375000e+02
8.340679931640625000e+02
8.219037475585937500e+02
8.014950561523437500e+02
7.939689941406250000e+02
8.024042968750000000e+02
8.049490966796875000e+02
8.192933349609375000e+02
8.272338256835937500e+02
8.140079345703125000e+02
7.902606811523437500e+02
7.910664062500000000e+02
7.971392211914062500e+02
8.234133300781250000e+02
8.420552368164062500e+02
8.267108154296875000e+02
7.958698120117187500e+02
7.834281005859375000e+02
7.784732666015625000e+02
7.910312500000000000e+02
8.167828369140625000e+02
8.266575927734375000e+02
8.231262207031250000e+02
8.174732666015625000e+02
8.138738403320312500e+02
8.081766357421875000e+02
8.015678100585937500e+02
8.008578491210937500e+02
8.139850463867187500e+02
8.133881835937500000e+02
8.049973144531250000e+02
8.052016601562500000e+02
8.072707519531250000e+02
8.222570800781250000e+02
8.201123046875000000e+02
8.094265136718750000e+02
7.906052246093750000e+02
7.935265502929687500e+02
7.890083007812500000e+02
8.152671508789062500e+02
8.273085937500000000e+02
8.133448486328125000e+02
7.971912231445312500e+02
7.835842285156250000e+02
7.822201538085937500e+02
8.114120483398437500e+02
8.424124755859375000e+02
8.267392578125000000e+02
8.075972290039062500e+02
7.953455810546875000e+02
7.863572998046875000e+02
8.085473022460937500e+02
8.182525634765625000e+02
8.099675903320312500e+02
8.112947998046875000e+02
8.034423828125000000e+02
8.040913085937500000e+02
8.113234863281250000e+02
8.100255737304687500e+02
8.125907592773437500e+02
8.093607177734375000e+02
8.102615966796875000e+02
8.021775512695312500e+02
8.044979858398437500e+02
8.136627197265625000e+02
8.079014282226562500e+02
7.982388305664062500e+02
8.013839111328125000e+02
8.204588012695312500e+02
8.148478393554687500e+02
8.059414672851562500e+02
7.867202148437500000e+02
7.757263793945312500e+02
7.961757202148437500e+02
8.193240966796875000e+02
8.095189208984375000e+02
8.086354980468750000e+02
8.091113891601562500e+02
7.859445190429687500e+02
7.706831665039062500e+02
7.694157714843750000e+02
8.020657348632812500e+02
8.259723510742187500e+02
8.421599731445312500e+02
8.189703369140625000e+02
7.673549194335937500e+02
7.508850708007812500e+02
7.707127685546875000e+02
8.119411621093750000e+02
8.313981323242187500e+02
8.358407592773437500e+02
8.081736450195312500e+02
7.785565795898437500e+02
7.768225708007812500e+02
7.747607421875000000e+02
7.939464111328125000e+02
8.226555786132812500e+02
8.312362670898437500e+02
8.159899291992187500e+02
7.953870849609375000e+02
7.801774902343750000e+02
7.807775878906250000e+02
7.938203125000000000e+02
8.252875976562500000e+02
8.369754638671875000e+02
8.248357543945312500e+02
8.141112670898437500e+02
7.895736694335937500e+02
7.797808227539062500e+02
7.920515747070312500e+02
8.286306762695312500e+02
8.250862426757812500e+02
8.097219238281250000e+02
7.927121582031250000e+02
7.728074340820312500e+02
7.785782470703125000e+02
7.949884033203125000e+02
8.148406372070312500e+02
8.440256347656250000e+02
8.354780883789062500e+02
7.893896484375000000e+02
7.631127319335937500e+02
7.561004638671875000e+02
7.750678100585937500e+02
8.123722534179687500e+02
8.477778320312500000e+02
8.186788940429687500e+02
7.773820800781250000e+02
7.538345947265625000e+02
7.551216430664062500e+02
7.890191650390625000e+02
8.397567138671875000e+02
8.587086791992187500e+02
8.143720703125000000e+02
7.689619750976562500e+02
7.641439208984375000e+02
7.723186035156250000e+02
7.969826660156250000e+02
8.363906860351562500e+02
8.203558349609375000e+02
7.980048217773437500e+02
7.861320190429687500e+02
7.817509155273437500e+02
7.798699951171875000e+02
7.883023071289062500e+02
8.034683227539062500e+02
8.070746459960937500e+02
8.183107299804687500e+02
8.156331787109375000e+02
7.910401611328125000e+02
7.860889282226562500e+02
8.095642700195312500e+02
8.186920776367187500e+02
8.048800048828125000e+02
7.935625000000000000e+02
7.910510864257812500e+02
8.026309204101562500e+02
7.956054077148437500e+02
7.854592285156250000e+02
7.880518798828125000e+02
7.881105957031250000e+02
8.014537353515625000e+02
8.147043457031250000e+02
8.137736816406250000e+02
8.039605712890625000e+02
7.920107421875000000e+02
7.926148071289062500e+02
8.110936279296875000e+02
8.220176391601562500e+02
7.946508789062500000e+02
7.736987304687500000e+02
7.866590576171875000e+02
8.128281860351562500e+02
8.374287109375000000e+02
8.200181274414062500e+02
7.865150146484375000e+02
7.717719726562500000e+02
7.858413085937500000e+02
8.174639892578125000e+02
8.227311401367187500e+02
8.146323852539062500e+02
7.852388305664062500e+02
7.741567993164062500e+02
7.827767333984375000e+02
8.003197631835937500e+02
8.156124267578125000e+02
8.241451416015625000e+02
8.045175170898437500e+02
7.886367187500000000e+02
7.727913818359375000e+02
7.936239624023437500e+02
8.168875122070312500e+02
8.159803466796875000e+02
8.034937133789062500e+02
7.917438354492187500e+02
7.803551025390625000e+02
7.918679809570312500e+02
8.164854736328125000e+02
8.186190185546875000e+02
7.966396484375000000e+02
7.706715698242187500e+02
7.608939208984375000e+02
7.759385986328125000e+02
8.100222167968750000e+02
8.311235961914062500e+02
8.163779907226562500e+02
7.839936523437500000e+02
7.783474121093750000e+02
7.916791381835937500e+02
8.029927978515625000e+02
8.196542968750000000e+02
7.931945190429687500e+02
7.633517456054687500e+02
7.688153076171875000e+02
7.935130615234375000e+02
8.241967163085937500e+02
8.301967163085937500e+02
7.976532592773437500e+02
7.630786743164062500e+02
7.575328979492187500e+02
7.963668212890625000e+02
8.415915527343750000e+02
8.366569824218750000e+02
7.953829956054687500e+02
7.677921752929687500e+02
7.796363525390625000e+02
7.972703857421875000e+02
8.150385742187500000e+02
8.188790893554687500e+02
7.952504272460937500e+02
7.822727661132812500e+02
7.866793212890625000e+02
7.903522338867187500e+02
8.032881469726562500e+02
8.068193359375000000e+02
8.038855590820312500e+02
7.958414306640625000e+02
7.958195190429687500e+02
7.819154663085937500e+02
7.897328491210937500e+02
7.969078979492187500e+02
8.009733886718750000e+02
7.944989013671875000e+02
7.898572998046875000e+02
7.862402954101562500e+02
7.824404907226562500e+02
7.811560668945312500e+02
7.939879760742187500e+02
7.916134643554687500e+02
7.975668334960937500e+02
7.997175903320312500e+02
8.010098266601562500e+02
8.017811279296875000e+02
7.935206298828125000e+02
7.899479370117187500e+02
7.822411499023437500e+02
7.987606811523437500e+02
8.109377441406250000e+02
7.984245605468750000e+02
7.921127319335937500e+02
7.852376708984375000e+02
7.898765869140625000e+02
7.922625732421875000e+02
7.957359008789062500e+02
8.082383422851562500e+02
8.042730102539062500e+02
7.758248291015625000e+02
7.745850219726562500e+02
7.729608154296875000e+02
7.997595825195312500e+02
8.048349609375000000e+02
8.033382568359375000e+02
7.809671020507812500e+02
7.797495117187500000e+02
7.826859130859375000e+02
7.730944213867187500e+02
8.020834350585937500e+02
8.202580566406250000e+02
8.215857543945312500e+02
8.012888793945312500e+02
7.738178100585937500e+02
7.634322509765625000e+02
7.827319946289062500e+02
8.116502685546875000e+02
8.166802978515625000e+02
7.850404052734375000e+02
7.443779296875000000e+02
7.557221679687500000e+02
7.810018920898437500e+02
8.214547119140625000e+02
8.339618530273437500e+02
7.918601684570312500e+02
7.506448364257812500e+02
7.527084350585937500e+02
7.844870605468750000e+02
8.161560058593750000e+02
8.301314697265625000e+02
7.936215209960937500e+02
7.590953369140625000e+02
7.511990966796875000e+02
7.540624389648437500e+02
7.874235839843750000e+02
8.268428344726562500e+02
8.220830078125000000e+02
7.980148925781250000e+02
7.531277465820312500e+02
7.438628540039062500e+02
7.607313232421875000e+02
8.069440917968750000e+02
8.365098266601562500e+02
8.129183959960937500e+02
7.723697509765625000e+02
7.665960083007812500e+02
7.832753295898437500e+02
7.971386718750000000e+02
7.897518920898437500e+02
7.736670532226562500e+02
7.747539062500000000e+02
7.905444946289062500e+02
8.067084960937500000e+02
8.144637451171875000e+02
7.994598388671875000e+02
7.932970581054687500e+02
8.042128295898437500e+02
8.164324951171875000e+02
8.004694213867187500e+02
7.713946533203125000e+02
7.660125732421875000e+02
7.804589843750000000e+02
8.074498901367187500e+02
8.014528808593750000e+02
7.763110961914062500e+02
7.725752563476562500e+02
7.907142944335937500e+02
7.988939208984375000e+02
8.217381591796875000e+02
8.082002563476562500e+02
7.644559326171875000e+02
7.426729736328125000e+02
7.515378417968750000e+02
7.730000000000000000e+02
7.971343994140625000e+02
8.338347167968750000e+02
7.986996459960937500e+02
7.744733276367187500e+02
7.484441528320312500e+02
7.564885864257812500e+02
7.908045043945312500e+02
8.190641479492187500e+02
8.102819213867187500e+02
7.883712158203125000e+02
7.704297485351562500e+02
7.594836425781250000e+02
8.014302368164062500e+02
8.123591308593750000e+02
7.866290893554687500e+02
7.553755493164062500e+02
7.533485107421875000e+02
7.739203491210937500e+02
8.206179809570312500e+02
8.370965576171875000e+02
7.836485595703125000e+02
7.462308959960937500e+02
7.526190795898437500e+02
7.876851806640625000e+02
8.200545043945312500e+02
8.344491577148437500e+02
7.938977661132812500e+02
7.561405029296875000e+02
7.412194824218750000e+02
7.630078125000000000e+02
7.933453979492187500e+02
8.128767700195312500e+02
7.953334350585937500e+02
7.718399047851562500e+02
7.582382202148437500e+02
7.832098388671875000e+02
8.151945800781250000e+02
8.207429809570312500e+02
7.913092651367187500e+02
7.569899902343750000e+02
7.573822631835937500e+02
7.769617309570312500e+02
8.088079223632812500e+02
8.133875122070312500e+02
7.826343994140625000e+02
7.740243530273437500e+02
7.829896850585937500e+02
8.042691650390625000e+02
8.184893188476562500e+02
7.887819824218750000e+02
7.604705200195312500e+02
7.481337280273437500e+02
7.646503906250000000e+02
7.967694091796875000e+02
8.237794189453125000e+02
8.022190551757812500e+02
7.739348144531250000e+02
7.542035522460937500e+02
7.647384643554687500e+02
7.982982177734375000e+02
8.213659057617187500e+02
8.085704345703125000e+02
7.835139160156250000e+02
7.594271850585937500e+02
7.641077270507812500e+02
7.886757202148437500e+02
8.148159790039062500e+02
8.077205200195312500e+02
7.780061645507812500e+02
7.684015502929687500e+02
7.657250976562500000e+02
7.823877563476562500e+02
8.073024902343750000e+02
8.051604003906250000e+02
7.741834716796875000e+02
7.471633911132812500e+02
7.547353515625000000e+02
7.827625732421875000e+02
8.069840698242187500e+02
8.073681640625000000e+02
7.794833984375000000e+02
7.675541381835937500e+02
7.720509033203125000e+02
7.978834228515625000e+02
8.015784301757812500e+02
7.943099365234375000e+02
7.819697265625000000e+02
7.834414062500000000e+02
7.893637695312500000e+02
7.916266479492187500e+02
7.859306030273437500e+02
7.833500976562500000e+02
7.846256713867187500e+02
7.817009277343750000e+02
7.739306030273437500e+02
7.782384643554687500e+02
7.992978515625000000e+02
7.852877197265625000e+02
7.690187377929687500e+02
7.637730102539062500e+02
7.854893798828125000e+02
7.867404174804687500e+02
8.021681518554687500e+02
8.006441040039062500e+02
7.869624023437500000e+02
7.662830200195312500e+02
7.696977539062500000e+02
7.697980957031250000e+02
7.891318359375000000e+02
8.043773803710937500e+02
7.979072265625000000e+02
7.746834716796875000e+02
7.770625610351562500e+02
7.777432250976562500e+02
7.824927368164062500e+02
7.846305541992187500e+02
7.804234619140625000e+02
7.726206665039062500e+02
7.765550537109375000e+02
7.826762695312500000e+02
7.929470825195312500e+02
8.008181762695312500e+02
8.013386840820312500e+02
7.597664794921875000e+02
7.579372558593750000e+02
7.470178222656250000e+02
7.739635620117187500e+02
8.032306518554687500e+02
8.292297363281250000e+02
8.075048217773437500e+02
7.549904174804687500e+02
7.329927978515625000e+02
7.560810546875000000e+02
8.069642333984375000e+02
8.315847167968750000e+02
7.968435668945312500e+02
7.445903320312500000e+02
7.272483520507812500e+02
7.513148803710937500e+02
8.105614013671875000e+02
8.244371337890625000e+02
8.030039672851562500e+02
7.487498168945312500e+02
7.275307617187500000e+02
7.507945556640625000e+02
7.974534301757812500e+02
8.249375610351562500e+02
8.033465576171875000e+02
7.696604003906250000e+02
7.397037353515625000e+02
7.450212402343750000e+02
7.643325195312500000e+02
8.018306884765625000e+02
8.162346801757812500e+02
7.991617431640625000e+02
7.677062377929687500e+02
7.507036743164062500e+02
7.645639648437500000e+02
8.129016723632812500e+02
8.165009155273437500e+02
7.920580444335937500e+02
7.631175537109375000e+02
7.614195556640625000e+02
7.670479736328125000e+02
7.915590209960937500e+02
7.936018066406250000e+02
7.771845703125000000e+02
7.558143920898437500e+02
7.746335449218750000e+02
7.727272949218750000e+02
7.828002319335937500e+02
7.970394287109375000e+02
7.815084228515625000e+02
7.665657958984375000e+02
7.637719116210937500e+02
7.772853393554687500e+02
7.661336669921875000e+02
7.650515747070312500e+02
7.764954833984375000e+02
7.829609985351562500e+02
7.561489868164062500e+02
7.603643798828125000e+02
7.872617187500000000e+02
7.856195068359375000e+02
7.950968017578125000e+02
7.934776611328125000e+02
7.633624877929687500e+02
7.478355712890625000e+02
7.735046386718750000e+02
8.076430664062500000e+02
8.002703857421875000e+02
7.716488037109375000e+02
7.513045043945312500e+02
7.590866699218750000e+02
7.801168212890625000e+02
8.078843994140625000e+02
7.976914062500000000e+02
7.588889770507812500e+02
7.484096679687500000e+02
7.578007202148437500e+02
8.046594238281250000e+02
8.039321289062500000e+02
7.841627197265625000e+02
7.508173217773437500e+02
7.486062622070312500e+02
7.604250488281250000e+02
7.735143432617187500e+02
7.852130126953125000e+02
7.759235839843750000e+02
7.682189941406250000e+02
7.673143920898437500e+02
7.677589721679687500e+02
8.099372558593750000e+02
7.962412719726562500e+02
7.718994140625000000e+02
7.571322631835937500e+02
7.539910888671875000e+02
7.745718994140625000e+02
8.073833007812500000e+02
8.016309814453125000e+02
7.684226684570312500e+02
7.516623535156250000e+02
7.548129882812500000e+02
7.759388427734375000e+02
8.039812622070312500e+02
7.996542968750000000e+02
7.802061767578125000e+02
7.407731323242187500e+02
7.398811645507812500e+02
7.521434936523437500e+02
7.884274902343750000e+02
8.153123168945312500e+02
7.908563842773437500e+02
7.475880737304687500e+02
7.310654907226562500e+02
7.266918945312500000e+02
7.609190673828125000e+02
8.115848388671875000e+02
7.974244995117187500e+02
7.580792236328125000e+02
7.477340698242187500e+02
7.549201660156250000e+02
7.818670654296875000e+02
8.043594360351562500e+02
7.698093872070312500e+02
7.365983886718750000e+02
7.617231445312500000e+02
7.818240966796875000e+02
7.996809692382812500e+02
7.937675170898437500e+02
7.811679687500000000e+02
7.465696411132812500e+02
7.429160156250000000e+02
7.662662353515625000e+02
7.854761352539062500e+02
7.921851806640625000e+02
7.878603515625000000e+02
7.699717407226562500e+02
7.544053344726562500e+02
7.547564086914062500e+02
7.791090698242187500e+02
7.874913940429687500e+02
7.737545166015625000e+02
7.618883056640625000e+02
7.681845703125000000e+02
7.668152465820312500e+02
7.661760864257812500e+02
7.610609130859375000e+02
7.764142456054687500e+02
7.646965942382812500e+02
7.603057250976562500e+02
7.579213867187500000e+02
7.549588012695312500e+02
7.544336547851562500e+02
7.707214355468750000e+02
7.953186645507812500e+02
7.957700195312500000e+02
7.768925170898437500e+02
7.705032348632812500e+02
7.552229614257812500e+02
7.518507690429687500e+02
7.715496826171875000e+02
7.811161499023437500e+02
7.867720947265625000e+02
7.803604736328125000e+02
7.730240478515625000e+02
7.585834350585937500e+02
7.513671875000000000e+02
7.575465087890625000e+02
7.876065673828125000e+02
7.945215454101562500e+02
7.689138793945312500e+02
7.562196655273437500e+02
7.479066772460937500e+02
7.785481567382812500e+02
8.064926757812500000e+02
7.973742675781250000e+02
7.658780517578125000e+02
7.365495605468750000e+02
7.312387695312500000e+02
7.600278320312500000e+02
8.105406494140625000e+02
8.112573242187500000e+02
7.656585693359375000e+02
7.367514038085937500e+02
7.329932250976562500e+02
7.672066650390625000e+02
8.064151611328125000e+02
8.001146850585937500e+02
7.710354614257812500e+02
7.501451416015625000e+02
7.360145874023437500e+02
7.481870117187500000e+02
7.611615600585937500e+02
7.990419921875000000e+02
7.841340942382812500e+02
7.703259277343750000e+02
7.617929077148437500e+02
7.555522460937500000e+02
7.618530883789062500e+02
7.619974365234375000e+02
7.694267578125000000e+02
7.765686645507812500e+02
7.631264648437500000e+02
7.572716674804687500e+02
7.807703247070312500e+02
7.946109619140625000e+02
7.762408447265625000e+02
7.498567504882812500e+02
7.303988037109375000e+02
7.402100219726562500e+02
7.616400756835937500e+02
7.998665771484375000e+02
8.242198486328125000e+02
7.734920654296875000e+02
7.297581787109375000e+02
7.146875610351562500e+02
7.328973999023437500e+02
7.716460571289062500e+02
8.047183837890625000e+02
7.840085449218750000e+02
7.515463867187500000e+02
7.422268066406250000e+02
7.539021606445312500e+02
7.881864624023437500e+02
7.977023315429687500e+02
7.666723022460937500e+02
7.356872558593750000e+02
7.417717285156250000e+02
7.415321044921875000e+02
7.739867553710937500e+02
8.071302490234375000e+02
7.819769287109375000e+02
7.382355957031250000e+02
7.418133544921875000e+02
7.578947143554687500e+02
7.723300170898437500e+02
7.812983398437500000e+02
7.787431030273437500e+02
7.750326538085937500e+02
7.687019653320312500e+02
7.499871826171875000e+02
7.424082641601562500e+02
7.463105468750000000e+02
7.785915527343750000e+02
8.034073486328125000e+02
7.865028076171875000e+02
7.527677612304687500e+02
7.497770996093750000e+02
7.637634277343750000e+02
7.722030639648437500e+02
7.786246337890625000e+02
7.596375122070312500e+02
7.510431518554687500e+02
7.582409057617187500e+02
7.827694702148437500e+02
7.849138793945312500e+02
7.894653930664062500e+02
7.744683837890625000e+02
7.438197631835937500e+02
7.327885742187500000e+02
7.369452514648437500e+02
7.698407592773437500e+02
7.882691040039062500e+02
7.900668334960937500e+02
7.695225219726562500e+02
7.475633544921875000e+02
7.267973022460937500e+02
7.447022705078125000e+02
7.716771850585937500e+02
8.074997558593750000e+02
7.970756835937500000e+02
7.495905761718750000e+02
7.200264282226562500e+02
7.274005737304687500e+02
7.535690917968750000e+02
8.093385009765625000e+02
7.857915649414062500e+02
7.634169311523437500e+02
7.336030883789062500e+02
7.247465209960937500e+02
7.413151855468750000e+02
7.892936401367187500e+02
8.072073974609375000e+02
7.731575927734375000e+02
7.472150878906250000e+02
7.457174682617187500e+02
7.558114624023437500e+02
7.819107666015625000e+02
7.803853149414062500e+02
7.632349243164062500e+02
7.535484008789062500e+02
7.455360717773437500e+02
7.634149169921875000e+02
7.787066650390625000e+02
7.924285888671875000e+02
7.836370849609375000e+02
7.616004028320312500e+02
7.578114624023437500e+02
7.494391479492187500e+02
7.577489624023437500e+02
7.634671630859375000e+02
7.557564086914062500e+02
7.550312500000000000e+02
7.618054199218750000e+02
7.680144042968750000e+02
7.677821655273437500e+02
7.654539794921875000e+02
7.712562255859375000e+02
7.670371704101562500e+02
7.690461425781250000e+02
7.695235595703125000e+02
7.728612670898437500e+02
7.440645751953125000e+02
7.531172485351562500e+02
7.722647705078125000e+02
7.907787475585937500e+02
7.819875488281250000e+02
7.649937133789062500e+02
7.475819702148437500e+02
7.308999023437500000e+02
7.301462402343750000e+02
7.610000610351562500e+02
7.927344970703125000e+02
7.944544067382812500e+02
7.596502685546875000e+02
7.338523559570312500e+02
7.240769653320312500e+02
7.648423461914062500e+02
7.873378906250000000e+02
7.704539794921875000e+02
7.565556640625000000e+02
7.597662963867187500e+02
7.789615478515625000e+02
7.840173339843750000e+02
7.764489135742187500e+02
7.560609130859375000e+02
7.286737670898437500e+02
7.203382568359375000e+02
7.483676757812500000e+02
7.858788452148437500e+02
7.924426879882812500e+02
7.674021606445312500e+02
7.418996582031250000e+02
7.447621459960937500e+02
7.443797607421875000e+02
7.733617553710937500e+02
7.818551025390625000e+02
7.763287353515625000e+02
7.578747558593750000e+02
7.419373168945312500e+02
7.306049194335937500e+02
7.729385986328125000e+02
7.866970825195312500e+02
7.739803466796875000e+02
7.583516845703125000e+02
7.414350585937500000e+02
7.396515502929687500e+02
7.575517578125000000e+02
7.993492431640625000e+02
7.756239013671875000e+02
7.504694213867187500e+02
7.479010009765625000e+02
7.650412597656250000e+02
7.633984375000000000e+02
7.601036376953125000e+02
7.558134155273437500e+02
7.552429199218750000e+02
7.609922485351562500e+02
7.732513427734375000e+02
7.758188476562500000e+02
7.645552978515625000e+02
7.597363891601562500e+02
7.453711547851562500e+02
7.526003417968750000e+02
7.634621582031250000e+02
7.759439086914062500e+02
7.632192382812500000e+02
7.603842163085937500e+02
7.531631469726562500e+02
7.545777587890625000e+02
7.575559082031250000e+02
7.733034667968750000e+02
7.888526611328125000e+02
7.776091308593750000e+02
7.401241455078125000e+02
7.285546875000000000e+02
7.406304321289062500e+02
7.734843139648437500e+02
7.866118164062500000e+02
7.585515136718750000e+02
7.208453369140625000e+02
7.327999267578125000e+02
7.433125610351562500e+02
7.660343017578125000e+02
7.820941772460937500e+02
7.828086547851562500e+02
7.459340820312500000e+02
7.407659912109375000e+02
7.540490112304687500e+02
7.526904907226562500e+02
7.404523925781250000e+02
7.748261718750000000e+02
7.704926757812500000e+02
7.484081420898437500e+02
7.345693969726562500e+02
7.641080932617187500e+02
7.767659912109375000e+02
7.883554077148437500e+02
7.700219116210937500e+02
7.504405517578125000e+02
7.265662231445312500e+02
7.510303955078125000e+02
7.757743530273437500e+02
7.613923950195312500e+02
7.422730102539062500e+02
7.436265869140625000e+02
7.377192382812500000e+02
7.638037719726562500e+02
7.786785888671875000e+02
7.696590576171875000e+02
7.564950561523437500e+02
7.430651855468750000e+02
7.402218017578125000e+02
7.618355102539062500e+02
7.730353393554687500e+02
7.837356567382812500e+02
7.697839965820312500e+02
7.295762329101562500e+02
7.043333129882812500e+02
7.267149047851562500e+02
7.616057128906250000e+02
7.730737304687500000e+02
7.745137329101562500e+02
7.629132690429687500e+02
7.266961059570312500e+02
7.403035888671875000e+02
7.577522583007812500e+02
7.760460815429687500e+02
7.649248046875000000e+02
7.705092163085937500e+02
7.603341674804687500e+02
7.397371826171875000e+02
7.364701538085937500e+02
7.551820678710937500e+02
7.692105712890625000e+02
7.844525756835937500e+02
7.679628906250000000e+02
7.411008911132812500e+02
7.269820556640625000e+02
7.349855957031250000e+02
7.536356811523437500e+02
7.707960205078125000e+02
7.686677246093750000e+02
7.542503051757812500e+02
7.325520629882812500e+02
7.401565551757812500e+02
7.676571044921875000e+02
7.768594970703125000e+02
7.769005126953125000e+02
7.514500732421875000e+02
7.303991699218750000e+02
7.358394165039062500e+02
7.731576538085937500e+02
7.932426757812500000e+02
7.563728027343750000e+02
7.228132324218750000e+02
7.105844726562500000e+02
7.370501708984375000e+02
7.808656616210937500e+02
7.988862304687500000e+02
7.742655639648437500e+02
7.376704101562500000e+02
7.264949340820312500e+02
7.445839843750000000e+02
7.588214721679687500e+02
7.767903442382812500e+02
7.595753784179687500e+02
7.556813354492187500e+02
7.330615844726562500e+02
7.396630859375000000e+02
7.564546508789062500e+02
7.671012573242187500e+02
7.569730834960937500e+02
7.510339965820312500e+02
7.457973022460937500e+02
7.413153076171875000e+02
7.386801757812500000e+02
7.612231445312500000e+02
7.602797241210937500e+02
7.568704833984375000e+02
7.484977416992187500e+02
7.444423828125000000e+02
7.324965209960937500e+02
7.570310668945312500e+02
7.809119262695312500e+02
7.727750854492187500e+02
7.470116577148437500e+02
7.239993896484375000e+02
7.246728515625000000e+02
7.566057128906250000e+02
7.928143310546875000e+02
7.804995117187500000e+02
7.460107421875000000e+02
7.394860839843750000e+02
7.163784790039062500e+02
7.460676879882812500e+02
7.763859863281250000e+02
7.736749877929687500e+02
7.394420166015625000e+02
7.342758789062500000e+02
7.517926025390625000e+02
7.483487548828125000e+02
7.385559082031250000e+02
7.440230102539062500e+02
7.593561401367187500e+02
7.660586547851562500e+02
7.646544799804687500e+02
7.570722656250000000e+02
7.489413452148437500e+02
7.404924316406250000e+02
7.344125976562500000e+02
7.449106445312500000e+02
7.425950927734375000e+02
7.619995727539062500e+02
7.715167236328125000e+02
7.459167480468750000e+02
7.462345581054687500e+02
7.567468261718750000e+02
7.660850219726562500e+02
7.763636474609375000e+02
7.629859619140625000e+02
7.594534301757812500e+02
7.376599731445312500e+02
7.364722290039062500e+02
7.409301757812500000e+02
7.539793090820312500e+02
7.656085205078125000e+02
7.624067382812500000e+02
7.394827270507812500e+02
7.442426757812500000e+02
7.364651489257812500e+02
7.524857177734375000e+02
7.577983398437500000e+02
7.589788208007812500e+02
7.348209228515625000e+02
7.277777709960937500e+02
7.315820922851562500e+02
7.473737182617187500e+02
7.817593383789062500e+02
7.848536376953125000e+02
7.500239868164062500e+02
7.124176025390625000e+02
6.932559204101562500e+02
7.267846679687500000e+02
7.741315917968750000e+02
7.784982299804687500e+02
7.374826049804687500e+02
7.314992675781250000e+02
7.497718505859375000e+02
7.565038452148437500e+02
7.636699829101562500e+02
7.527808837890625000e+02
7.313857421875000000e+02
7.316502685546875000e+02
7.392890625000000000e+02
7.581378173828125000e+02
7.645288085937500000e+02
7.663342285156250000e+02
7.349108276367187500e+02
7.279658203125000000e+02
7.357457275390625000e+02
7.716259155273437500e+02
7.748180541992187500e+02
7.598797607421875000e+02
7.152821655273437500e+02
7.048876342773437500e+02
7.206729125976562500e+02
7.584108276367187500e+02
7.725109252929687500e+02
7.465283203125000000e+02
7.256131591796875000e+02
7.260209350585937500e+02
7.338316040039062500e+02
7.585280761718750000e+02
7.572512207031250000e+02
7.510055541992187500e+02
7.488261718750000000e+02
7.427162475585937500e+02
7.289114379882812500e+02
7.504904785156250000e+02
7.620630493164062500e+02
7.621148071289062500e+02
7.337606811523437500e+02
7.328952636718750000e+02
7.300084838867187500e+02
7.440189819335937500e+02
7.618868408203125000e+02
7.634546508789062500e+02
7.595708007812500000e+02
7.555705566406250000e+02
7.504633178710937500e+02
7.336065673828125000e+02
7.338560180664062500e+02
7.483612670898437500e+02
7.449790649414062500e+02
7.493380737304687500e+02
7.315506591796875000e+02
7.171530151367187500e+02
7.206802978515625000e+02
7.482116699218750000e+02
7.549812622070312500e+02
7.362150878906250000e+02
7.269766845703125000e+02
7.433052978515625000e+02
7.441816406250000000e+02
7.440269775390625000e+02
7.328795776367187500e+02
7.392897949218750000e+02
7.512891845703125000e+02
7.691626586914062500e+02
7.624157714843750000e+02
7.258440551757812500e+02
7.144098510742187500e+02
7.443563842773437500e+02
7.752874755859375000e+02
7.826661376953125000e+02
7.491798095703125000e+02
7.175919799804687500e+02
6.976578369140625000e+02
7.323361816406250000e+02
7.736785888671875000e+02
7.649242553710937500e+02
7.412844238281250000e+02
7.463490600585937500e+02
7.564085083007812500e+02
7.471414184570312500e+02
7.523059082031250000e+02
7.496884765625000000e+02
7.258504028320312500e+02
7.350042724609375000e+02
7.474562988281250000e+02
7.379921875000000000e+02
7.423821411132812500e+02
7.627598876953125000e+02
7.447182617187500000e+02
7.411354980468750000e+02
7.418211669921875000e+02
7.617543334960937500e+02
7.591115722656250000e+02
7.557363891601562500e+02
7.359844970703125000e+02
7.271841430664062500e+02
7.086331787109375000e+02
7.141264648437500000e+02
7.457191772460937500e+02
7.745634765625000000e+02
7.652493286132812500e+02
7.401092529296875000e+02
7.080748901367187500e+02
7.191355590820312500e+02
7.482696533203125000e+02
7.785223388671875000e+02
7.624559326171875000e+02
7.403869628906250000e+02
7.280292358398437500e+02
7.267305908203125000e+02
7.247666015625000000e+02
7.489623413085937500e+02
7.581549682617187500e+02
7.402103881835937500e+02
7.310888061523437500e+02
7.325634765625000000e+02
7.506045532226562500e+02
7.816665649414062500e+02
7.612901611328125000e+02
7.086736450195312500e+02
6.881876831054687500e+02
7.123245849609375000e+02
7.584934082031250000e+02
7.858302612304687500e+02
7.616943969726562500e+02
7.203975219726562500e+02
7.079153442382812500e+02
7.284818115234375000e+02
7.770202636718750000e+02
7.929212646484375000e+02
7.593685913085937500e+02
7.287127685546875000e+02
7.261753540039062500e+02
7.544706420898437500e+02
7.708695068359375000e+02
7.537534179687500000e+02
7.353616333007812500e+02
7.361600952148437500e+02
7.477517700195312500e+02
7.562683105468750000e+02
7.536161499023437500e+02
7.353784179687500000e+02
7.208494262695312500e+02
7.254049682617187500e+02
7.447697143554687500e+02
7.664141845703125000e+02
7.648374633789062500e+02
7.484154663085937500e+02
7.227213134765625000e+02
7.242792358398437500e+02
7.492374877929687500e+02
7.777880859375000000e+02
7.551624755859375000e+02
7.157840576171875000e+02
7.017695922851562500e+02
7.161994018554687500e+02
7.447076416015625000e+02
7.804900512695312500e+02
7.621773071289062500e+02
7.278321533203125000e+02
6.960215454101562500e+02
7.212628173828125000e+02
7.582714233398437500e+02
7.766629638671875000e+02
7.484304809570312500e+02
7.340540771484375000e+02
7.353211059570312500e+02
7.390382690429687500e+02
7.357090454101562500e+02
7.622631835937500000e+02
7.554874267578125000e+02
7.359869384765625000e+02
7.188272705078125000e+02
7.233969116210937500e+02
7.386339721679687500e+02
7.653871459960937500e+02
7.624307250976562500e+02
7.448797607421875000e+02
7.259234008789062500e+02
7.341361694335937500e+02
7.488168945312500000e+02
7.466817626953125000e+02
7.418547363281250000e+02
7.410368041992187500e+02
7.169217529296875000e+02
7.035339355468750000e+02
7.179609985351562500e+02
7.586130981445312500e+02
7.704161376953125000e+02
7.626033935546875000e+02
7.304520874023437500e+02
7.047591552734375000e+02
7.006958007812500000e+02
7.342409667968750000e+02
7.557114868164062500e+02
7.550621337890625000e+02
7.435949707031250000e+02
7.362644653320312500e+02
7.344135742187500000e+02
7.392848510742187500e+02
7.417742309570312500e+02
7.427402343750000000e+02
7.195871582031250000e+02
7.208970947265625000e+02
7.269352416992187500e+02
7.639995727539062500e+02
7.795526733398437500e+02
7.659415893554687500e+02
7.291791381835937500e+02
7.010339965820312500e+02
6.929158935546875000e+02
7.402047119140625000e+02
7.826640014648437500e+02
7.409992675781250000e+02
7.018485717773437500e+02
7.185709228515625000e+02
7.358786621093750000e+02
7.717833251953125000e+02
7.680577392578125000e+02
7.401636352539062500e+02
6.987655639648437500e+02
7.046093139648437500e+02
7.255214233398437500e+02
7.495614624023437500e+02
7.563607177734375000e+02
7.476892700195312500e+02
7.551751708984375000e+02
7.300997314453125000e+02
7.081834106445312500e+02
7.173868408203125000e+02
7.207958984375000000e+02
7.576490478515625000e+02
7.645344848632812500e+02
7.335686035156250000e+02
6.987592163085937500e+02
7.022137451171875000e+02
7.216583862304687500e+02
7.636081542968750000e+02
7.581015625000000000e+02
7.230782470703125000e+02
6.951511840820312500e+02
6.949217529296875000e+02
7.231896362304687500e+02
7.747532958984375000e+02
7.847683105468750000e+02
7.419178466796875000e+02
6.961577148437500000e+02
7.088745117187500000e+02
7.302698974609375000e+02
7.749154663085937500e+02
7.512755737304687500e+02
7.362921752929687500e+02
7.161013793945312500e+02
7.321051025390625000e+02
7.445748901367187500e+02
7.486457519531250000e+02
7.449813842773437500e+02
7.366248168945312500e+02
7.239455566406250000e+02
7.327128906250000000e+02
7.401613159179687500e+02
7.520020751953125000e+02
7.290960693359375000e+02
7.228544921875000000e+02
7.156995849609375000e+02
7.346165161132812500e+02
7.504311523437500000e+02
7.568626708984375000e+02
7.311640014648437500e+02
7.234984130859375000e+02
7.107462158203125000e+02
7.219328002929687500e+02
7.636334838867187500e+02
7.815166625976562500e+02
7.450817260742187500e+02
7.169176635742187500e+02
6.977517700195312500e+02
7.130775146484375000e+02
7.386417236328125000e+02
7.739965209960937500e+02
7.657113037109375000e+02
7.323811035156250000e+02
7.217529296875000000e+02
7.305111694335937500e+02
7.381159057617187500e+02
7.506004028320312500e+02
7.405357666015625000e+02
7.208100585937500000e+02
7.061884155273437500e+02
7.246370849609375000e+02
7.369537353515625000e+02
7.417319335937500000e+02
7.398153076171875000e+02
7.438312377929687500e+02
7.391788330078125000e+02
7.349324951171875000e+02
7.293211059570312500e+02
7.337412719726562500e+02
7.413173217773437500e+02
7.557530517578125000e+02
7.481056518554687500e+02
7.313302612304687500e+02
7.162645874023437500e+02
7.248935546875000000e+02
7.340105590820312500e+02
7.479653930664062500e+02
7.357196655273437500e+02
7.163764648437500000e+02
7.221746826171875000e+02
7.411729736328125000e+02
7.581276855468750000e+02
7.641727294921875000e+02
7.463984375000000000e+02
7.022946777343750000e+02
6.892062377929687500e+02
7.329007568359375000e+02
7.604860839843750000e+02
7.719432373046875000e+02
7.389436035156250000e+02
7.058480224609375000e+02
7.014561767578125000e+02
7.350214233398437500e+02
7.567800903320312500e+02
7.487854003906250000e+02
7.296699829101562500e+02
7.253154296875000000e+02
7.216973876953125000e+02
7.263314208984375000e+02
7.361431884765625000e+02
7.503831787109375000e+02
7.303489990234375000e+02
7.168034057617187500e+02
7.110312500000000000e+02
7.366431884765625000e+02
7.457926025390625000e+02
7.511171875000000000e+02
7.269596557617187500e+02
7.194708251953125000e+02
7.037927246093750000e+02
7.232532958984375000e+02
7.356542968750000000e+02
7.663881835937500000e+02
7.375855712890625000e+02
7.268102416992187500e+02
7.244660644531250000e+02
7.225173339843750000e+02
7.331729125976562500e+02
7.496907348632812500e+02
7.367393798828125000e+02
7.178989257812500000e+02
7.082659912109375000e+02
7.210679321289062500e+02
7.430355224609375000e+02
7.477205810546875000e+02
7.425835571289062500e+02
7.275319824218750000e+02
7.238579711914062500e+02
7.352929687500000000e+02
7.278574829101562500e+02
7.304071044921875000e+02
7.265851440429687500e+02
7.282102661132812500e+02
7.315348510742187500e+02
7.403330688476562500e+02
7.359968872070312500e+02
7.188766479492187500e+02
7.325876464843750000e+02
7.430422973632812500e+02
7.248192138671875000e+02
7.126067504882812500e+02
7.162121582031250000e+02
7.360206298828125000e+02
7.338009643554687500e+02
7.535140991210937500e+02
7.342349243164062500e+02
7.229313964843750000e+02
7.144837646484375000e+02
7.267685546875000000e+02
7.352365112304687500e+02
7.484413452148437500e+02
7.360681762695312500e+02
7.192979736328125000e+02
7.124053955078125000e+02
7.299149780273437500e+02
7.429080200195312500e+02
7.323228149414062500e+02
7.185003051757812500e+02
7.151855468750000000e+02
7.194412231445312500e+02
7.510255126953125000e+02
7.443446044921875000e+02
7.382996826171875000e+02
7.152217407226562500e+02
7.032841796875000000e+02
7.103711547851562500e+02
7.484261474609375000e+02
7.544427490234375000e+02
7.316074218750000000e+02
7.086511840820312500e+02
7.241596679687500000e+02
7.342628173828125000e+02
7.378034667968750000e+02
7.265794067382812500e+02
7.368948974609375000e+02
7.226304321289062500e+02
7.252705078125000000e+02
7.346066284179687500e+02
7.326275024414062500e+02
7.202760009765625000e+02
7.254169311523437500e+02
7.288658447265625000e+02
7.151818237304687500e+02
7.092018432617187500e+02
7.408038940429687500e+02
7.538082275390625000e+02
7.391311645507812500e+02
7.179780883789062500e+02
7.087778320312500000e+02
6.944722290039062500e+02
7.194318237304687500e+02
7.388251342773437500e+02
7.478562622070312500e+02
7.377561645507812500e+02
7.291355590820312500e+02
7.018027343750000000e+02
6.987073364257812500e+02
7.112536010742187500e+02
7.373881835937500000e+02
7.478310546875000000e+02
7.506688842773437500e+02
7.277418823242187500e+02
7.260151367187500000e+02
7.185631713867187500e+02
7.348489379882812500e+02
7.412842407226562500e+02
7.458348999023437500e+02
7.220892333984375000e+02
7.190894165039062500e+02
7.201723022460937500e+02
7.380231323242187500e+02
7.350850219726562500e+02
7.390269775390625000e+02
7.394696655273437500e+02
7.360985107421875000e+02
7.210449218750000000e+02
7.316069335937500000e+02
7.285002441406250000e+02
7.306997680664062500e+02
7.255511474609375000e+02
7.180839233398437500e+02
7.166891479492187500e+02
7.532518310546875000e+02
7.391580810546875000e+02
7.189248046875000000e+02
7.058740844726562500e+02
7.097189331054687500e+02
7.177584228515625000e+02
7.298300781250000000e+02
7.445449829101562500e+02
7.719268798828125000e+02
7.397142333984375000e+02
6.986864624023437500e+02
6.800888671875000000e+02
7.177951049804687500e+02
7.488566284179687500e+02
7.654074707031250000e+02
7.280417480468750000e+02
7.061430053710937500e+02
6.950663452148437500e+02
7.112379760742187500e+02
7.282559814453125000e+02
7.488500976562500000e+02
7.233281860351562500e+02
7.228520507812500000e+02
6.987888793945312500e+02
7.309729003906250000e+02
7.357116699218750000e+02
7.418754272460937500e+02
7.175361328125000000e+02
7.293239135742187500e+02
7.084539184570312500e+02
7.180250854492187500e+02
7.381369628906250000e+02
7.365806884765625000e+02
7.104652709960937500e+02
7.283651733398437500e+02
7.219111328125000000e+02
7.215509643554687500e+02
7.064790649414062500e+02
7.204932250976562500e+02
7.025182495117187500e+02
6.989813232421875000e+02
7.114180908203125000e+02
7.484650878906250000e+02
7.450207519531250000e+02
7.232874755859375000e+02
7.044711303710937500e+02
7.188282470703125000e+02
7.088699340820312500e+02
7.164935913085937500e+02
7.291040039062500000e+02
7.425197143554687500e+02
7.186662597656250000e+02
7.265388183593750000e+02
7.062214355468750000e+02
7.171947631835937500e+02
7.380173950195312500e+02
7.612041625976562500e+02
7.287694091796875000e+02
7.026501464843750000e+02
6.948496704101562500e+02
7.187014770507812500e+02
7.524172363281250000e+02
7.714088134765625000e+02
7.228726806640625000e+02
6.873872070312500000e+02
6.686876831054687500e+02
7.127404174804687500e+02
7.597539672851562500e+02
7.468066406250000000e+02
7.131210937500000000e+02
7.109500732421875000e+02
7.058555908203125000e+02
7.242489013671875000e+02
7.337479248046875000e+02
7.487967529296875000e+02
7.176781005859375000e+02
7.112940673828125000e+02
6.968284912109375000e+02
7.163033447265625000e+02
7.188560180664062500e+02
7.302316284179687500e+02
7.320429687500000000e+02
7.395381469726562500e+02
7.260996704101562500e+02
7.075769042968750000e+02
6.943154296875000000e+02
7.197454833984375000e+02
7.357470703125000000e+02
7.634950561523437500e+02
7.316035156250000000e+02
7.118221435546875000e+02
7.005089721679687500e+02
7.208770141601562500e+02
7.253464965820312500e+02
7.399165649414062500e+02
7.194817504882812500e+02
7.028662719726562500e+02
6.867910156250000000e+02
7.092144775390625000e+02
7.295328369140625000e+02
7.429492187500000000e+02
7.221204223632812500e+02
7.214511718750000000e+02
7.031594848632812500e+02
7.200308227539062500e+02
7.258538208007812500e+02
7.409479370117187500e+02
7.240070800781250000e+02
7.157744140625000000e+02
7.008502197265625000e+02
7.191011352539062500e+02
7.457247314453125000e+02
7.561868896484375000e+02
7.372105102539062500e+02
7.119121704101562500e+02
6.879623413085937500e+02
7.029933471679687500e+02
7.337877197265625000e+02
7.417443237304687500e+02
7.238746337890625000e+02
7.149053955078125000e+02
7.010098266601562500e+02
7.118458862304687500e+02
7.108285522460937500e+02
7.390014648437500000e+02
7.405784301757812500e+02
7.144265747070312500e+02
6.989050292968750000e+02
7.193516845703125000e+02
7.314779052734375000e+02
7.360748901367187500e+02
7.207528076171875000e+02
7.057681884765625000e+02
6.834682617187500000e+02
7.015065917968750000e+02
7.210032958984375000e+02
7.506643066406250000e+02
7.354822387695312500e+02
7.411368408203125000e+02
7.236322631835937500e+02
7.057256469726562500e+02
7.188657226562500000e+02
7.328834838867187500e+02
7.146432495117187500e+02
7.248750610351562500e+02
7.168150634765625000e+02
7.157703247070312500e+02
6.990913085937500000e+02
7.193006591796875000e+02
7.350020751953125000e+02
7.299031372070312500e+02
7.130185546875000000e+02
7.175748901367187500e+02
6.978543701171875000e+02
7.061149902343750000e+02
7.192354125976562500e+02
7.427541503906250000e+02
7.296199951171875000e+02
7.049416503906250000e+02
6.848372192382812500e+02
7.009099731445312500e+02
7.282098999023437500e+02
7.731494750976562500e+02
7.438720703125000000e+02
6.932583618164062500e+02
6.675607299804687500e+02
6.857717285156250000e+02
7.335358276367187500e+02
7.629317626953125000e+02
7.205097656250000000e+02
6.864014892578125000e+02
6.857666015625000000e+02
7.123414306640625000e+02
7.398975830078125000e+02
7.607675781250000000e+02
7.156322631835937500e+02
6.899412841796875000e+02
6.682081909179687500e+02
6.918695678710937500e+02
7.402755737304687500e+02
7.680670776367187500e+02
7.269840087890625000e+02
6.955447998046875000e+02
6.728318481445312500e+02
6.940046386718750000e+02
7.284544067382812500e+02
7.747107543945312500e+02
7.398414916992187500e+02
6.953186035156250000e+02
6.651401367187500000e+02
6.815485229492187500e+02
6.955626220703125000e+02
7.427918090820312500e+02
7.497557983398437500e+02
7.438334350585937500e+02
6.954674072265625000e+02
6.762377319335937500e+02
6.821556396484375000e+02
7.291170654296875000e+02
7.516646728515625000e+02
7.364349365234375000e+02
7.016511840820312500e+02
7.018637695312500000e+02
7.028112182617187500e+02
7.258716430664062500e+02
7.429415893554687500e+02
7.444244995117187500e+02
7.090899047851562500e+02
6.968526611328125000e+02
6.956123657226562500e+02
7.213600463867187500e+02
7.408365478515625000e+02
7.497308959960937500e+02
7.045447998046875000e+02
6.983173217773437500e+02
6.965864257812500000e+02
7.147413940429687500e+02
7.260306396484375000e+02
7.422481689453125000e+02
7.038775634765625000e+02
7.065556030273437500e+02
7.062557373046875000e+02
7.206484375000000000e+02
7.065228881835937500e+02
7.246638183593750000e+02
7.181258544921875000e+02
7.166237182617187500e+02
6.921591796875000000e+02
7.000308837890625000e+02
7.099739990234375000e+02
7.271475219726562500e+02
7.290052490234375000e+02
7.333408813476562500e+02
7.049938354492187500e+02
6.943341674804687500e+02
7.054888916015625000e+02
7.243516845703125000e+02
7.313793945312500000e+02
7.243510131835937500e+02
7.114020996093750000e+02
7.176122436523437500e+02
7.090280151367187500e+02
7.276204223632812500e+02
7.232901611328125000e+02
7.422062377929687500e+02
7.132614746093750000e+02
7.023522338867187500e+02
7.004735107421875000e+02
7.230598144531250000e+02
7.335093383789062500e+02
7.321254272460937500e+02
7.067525024414062500e+02
7.012979736328125000e+02
7.101738891601562500e+02
7.271459350585937500e+02
7.295377197265625000e+02
7.185543212890625000e+02
6.980341796875000000e+02
7.118554077148437500e+02
7.206204833984375000e+02
7.232578125000000000e+02
7.153540039062500000e+02
7.220994262695312500e+02
7.095723266601562500e+02
7.227180786132812500e+02
7.336052246093750000e+02
7.070377197265625000e+02
6.963754272460937500e+02
7.124127197265625000e+02
7.243475952148437500e+02
7.293083496093750000e+02
7.250686645507812500e+02
7.218479003906250000e+02
6.982504272460937500e+02
7.038129272460937500e+02
7.043312988281250000e+02
7.222306518554687500e+02
7.239110107421875000e+02
7.150841674804687500e+02
6.974895629882812500e+02
7.180244140625000000e+02
7.052974853515625000e+02
6.998251342773437500e+02
6.926599731445312500e+02
7.176904907226562500e+02
7.182282714843750000e+02
7.056339111328125000e+02
6.945532836914062500e+02
7.274468383789062500e+02
7.269370727539062500e+02
7.234674072265625000e+02
6.948585815429687500e+02
7.021209716796875000e+02
6.987138061523437500e+02
7.138383789062500000e+02
7.290132446289062500e+02
7.226035156250000000e+02
7.023875122070312500e+02
7.079035644531250000e+02
7.018246459960937500e+02
7.175004272460937500e+02
7.219105834960937500e+02
7.372356567382812500e+02
7.210509033203125000e+02
7.199665527343750000e+02
7.034089965820312500e+02
6.932171020507812500e+02
6.874724731445312500e+02
7.227121582031250000e+02
7.287778320312500000e+02
7.197215576171875000e+02
7.000184326171875000e+02
6.959854736328125000e+02
6.887353515625000000e+02
7.076021728515625000e+02
7.390590209960937500e+02
7.447017211914062500e+02
7.190278930664062500e+02
6.999657592773437500e+02
6.754462890625000000e+02
7.047538452148437500e+02
7.215877685546875000e+02
7.448444213867187500e+02
7.214465942382812500e+02
7.076463012695312500e+02
6.888066406250000000e+02
6.906057128906250000e+02
7.046882324218750000e+02
7.411359252929687500e+02
7.304389038085937500e+02
6.876929321289062500e+02
6.644558105468750000e+02
6.824799194335937500e+02
7.050703125000000000e+02
7.436450195312500000e+02
7.405531005859375000e+02
7.189852294921875000e+02
6.733478393554687500e+02
6.700455322265625000e+02
6.814571533203125000e+02
7.289692382812500000e+02
7.375570068359375000e+02
7.450887451171875000e+02
7.179348144531250000e+02
6.831950073242187500e+02
6.700403442382812500e+02
6.961542968750000000e+02
7.198468017578125000e+02
7.446522216796875000e+02
7.238004150390625000e+02
6.929840087890625000e+02
6.878469848632812500e+02
6.858845214843750000e+02
7.091856689453125000e+02
7.451683349609375000e+02
7.233301391601562500e+02
6.976531372070312500e+02
6.655097656250000000e+02
6.969951171875000000e+02
7.341845092773437500e+02
7.354192504882812500e+02
7.071234130859375000e+02
6.868439941406250000e+02
6.721896362304687500e+02
7.075609741210937500e+02
7.369298095703125000e+02
7.487070922851562500e+02
6.954758911132812500e+02
6.676477661132812500e+02
6.668621215820312500e+02
7.092310791015625000e+02
7.435723876953125000e+02
7.380964355468750000e+02
6.975950317382812500e+02
6.817915649414062500e+02
6.673755493164062500e+02
6.906225585937500000e+02
7.105659179687500000e+02
7.222960205078125000e+02
7.176612548828125000e+02
7.147961425781250000e+02
7.049573364257812500e+02
7.197044677734375000e+02
7.163222656250000000e+02
7.180000610351562500e+02
7.078804321289062500e+02
7.067025756835937500e+02
7.027222290039062500e+02
7.008758544921875000e+02
7.096436767578125000e+02
7.244918823242187500e+02
7.047757568359375000e+02
7.195785522460937500e+02
7.103852539062500000e+02
7.123890991210937500e+02
6.889858398437500000e+02
7.073611450195312500e+02
7.104185791015625000e+02
7.198397216796875000e+02
7.266138916015625000e+02
7.413640136718750000e+02
7.064810180664062500e+02
6.821505126953125000e+02
6.657546386718750000e+02
6.956638793945312500e+02
7.265013427734375000e+02
7.674228515625000000e+02
7.172505493164062500e+02
6.740576782226562500e+02
6.496783447265625000e+02
6.852171630859375000e+02
7.360819702148437500e+02
7.590048217773437500e+02
7.179716796875000000e+02
6.972148437500000000e+02
6.589442749023437500e+02
6.789880981445312500e+02
7.278105468750000000e+02
7.544831542968750000e+02
7.230263061523437500e+02
6.996710205078125000e+02
6.760307617187500000e+02
6.916640014648437500e+02
7.027131347656250000e+02
7.401823120117187500e+02
7.240123291015625000e+02
6.861091918945312500e+02
6.563230590820312500e+02
6.814278564453125000e+02
7.082413940429687500e+02
7.466250610351562500e+02
7.300286865234375000e+02
7.078041381835937500e+02
6.811275024414062500e+02
6.850211181640625000e+02
6.970928344726562500e+02
7.279724731445312500e+02
7.162136840820312500e+02
6.984628906250000000e+02
6.788404541015625000e+02
6.941911010742187500e+02
7.054072265625000000e+02
7.089224853515625000e+02
7.194714965820312500e+02
7.246618041992187500e+02
6.829388427734375000e+02
6.884884033203125000e+02
6.984974975585937500e+02
7.230687255859375000e+02
7.137230224609375000e+02
6.987460327148437500e+02
6.790811767578125000e+02
6.928460693359375000e+02
7.005864868164062500e+02
7.445185546875000000e+02
7.260571289062500000e+02
6.842239379882812500e+02
6.618947143554687500e+02
6.721158447265625000e+02
7.103068237304687500e+02
7.468911743164062500e+02
7.324188842773437500e+02
7.056174926757812500e+02
6.688664550781250000e+02
6.738602294921875000e+02
6.967861938476562500e+02
7.462140502929687500e+02
7.392595825195312500e+02
7.068063354492187500e+02
6.800477294921875000e+02
6.801979370117187500e+02
6.861008911132812500e+02
7.292420654296875000e+02
7.435072631835937500e+02
7.217953491210937500e+02
6.655970458984375000e+02
6.574603881835937500e+02
6.631998901367187500e+02
7.182338256835937500e+02
7.556312255859375000e+02
7.373073120117187500e+02
6.914183959960937500e+02
6.755143432617187500e+02
6.751630249023437500e+02
7.102827148437500000e+02
7.180104370117187500e+02
7.356813964843750000e+02
6.819052124023437500e+02
6.600552368164062500e+02
6.517218017578125000e+02
6.967960205078125000e+02
7.322554321289062500e+02
7.293888549804687500e+02
7.014014282226562500e+02
6.962681274414062500e+02
6.729249267578125000e+02
6.825430297851562500e+02
6.967785644531250000e+02
7.275048828125000000e+02
7.131900634765625000e+02
7.008894653320312500e+02
6.822892456054687500e+02
6.781894531250000000e+02
6.933402099609375000e+02
7.223377685546875000e+02
7.142213134765625000e+02
7.131882324218750000e+02
7.087199096679687500e+02
7.075097656250000000e+02
6.798345947265625000e+02
6.967451171875000000e+02
7.012677612304687500e+02
7.168920898437500000e+02
7.014751586914062500e+02
6.901568603515625000e+02
6.896012573242187500e+02
7.211471557617187500e+02
7.393368530273437500e+02
7.246996459960937500e+02
6.816027221679687500e+02
6.769358520507812500e+02
6.651342163085937500e+02
6.993446044921875000e+02
7.266981811523437500e+02
7.469862670898437500e+02
7.033255615234375000e+02
6.694891357421875000e+02
6.537781372070312500e+02
6.888334960937500000e+02
7.276353149414062500e+02
7.424587402343750000e+02
7.122427368164062500e+02
6.894962768554687500e+02
6.629786376953125000e+02
6.942344970703125000e+02
7.123504638671875000e+02
7.243453979492187500e+02
7.029614868164062500e+02
6.954814453125000000e+02
6.901727294921875000e+02
7.025030517578125000e+02
6.957333374023437500e+02
7.220573120117187500e+02
7.138898315429687500e+02
7.107062988281250000e+02
6.896256713867187500e+02
7.066129760742187500e+02
6.981677246093750000e+02
6.879111938476562500e+02
6.798376464843750000e+02
6.998432617187500000e+02
7.082256469726562500e+02
7.163331298828125000e+02
7.095078125000000000e+02
7.124083251953125000e+02
6.926408081054687500e+02
7.051857299804687500e+02
7.139842529296875000e+02
7.155725097656250000e+02
6.919020385742187500e+02
6.919631347656250000e+02
6.919776611328125000e+02
7.023898315429687500e+02
6.923343505859375000e+02
7.004008178710937500e+02
6.826698608398437500e+02
7.008580932617187500e+02
7.041530761718750000e+02
7.082108154296875000e+02
6.884761352539062500e+02
6.961930541992187500e+02
6.980576782226562500e+02
7.159845581054687500e+02
7.007787475585937500e+02
7.033245849609375000e+02
6.886721801757812500e+02
6.987801513671875000e+02
7.041779174804687500e+02
7.110513916015625000e+02
6.996756591796875000e+02
7.184156494140625000e+02
7.206979980468750000e+02
7.096147460937500000e+02
6.807639770507812500e+02
6.922258911132812500e+02
6.923048095703125000e+02
7.004226684570312500e+02
7.059691772460937500e+02
7.277579956054687500e+02
7.090654296875000000e+02
6.996419677734375000e+02
6.847836303710937500e+02
7.005837402343750000e+02
7.047667236328125000e+02
7.210456542968750000e+02
7.050590209960937500e+02
6.753194580078125000e+02
6.591930541992187500e+02
6.950527343750000000e+02
7.094473876953125000e+02
7.327511596679687500e+02
7.045958251953125000e+02
7.022780761718750000e+02
6.813555297851562500e+02
6.809865112304687500e+02
6.725548095703125000e+02
7.063772583007812500e+02
7.226351318359375000e+02
7.094642333984375000e+02
6.705501098632812500e+02
6.745281982421875000e+02
6.895583496093750000e+02
7.314019775390625000e+02
7.182869262695312500e+02
7.059602661132812500e+02
6.904711303710937500e+02
6.850605468750000000e+02
6.667974853515625000e+02
7.013827514648437500e+02
7.301838989257812500e+02
7.190652465820312500e+02
6.776010742187500000e+02
6.750774536132812500e+02
6.862732543945312500e+02
6.951793823242187500e+02
6.891052246093750000e+02
7.200267333984375000e+02
7.167401733398437500e+02
6.968923339843750000e+02
6.591835327148437500e+02
6.799345092773437500e+02
6.888852539062500000e+02
7.177769165039062500e+02
7.257555541992187500e+02
7.065494995117187500e+02
6.610622558593750000e+02
6.662233886718750000e+02
6.769353637695312500e+02
7.286533203125000000e+02
7.227672119140625000e+02
7.194614257812500000e+02
6.955258178710937500e+02
6.621375122070312500e+02
6.406675415039062500e+02
6.756890869140625000e+02
7.311781005859375000e+02
7.352954711914062500e+02
6.960140380859375000e+02
6.878367309570312500e+02
6.812400512695312500e+02
6.833350219726562500e+02
6.922508544921875000e+02
7.284329833984375000e+02
7.089780883789062500e+02
6.797647705078125000e+02
6.609597167968750000e+02
6.823350219726562500e+02
7.095656738281250000e+02
7.423952636718750000e+02
7.241199951171875000e+02
6.720950317382812500e+02
6.474236450195312500e+02
6.786121215820312500e+02
7.125413818359375000e+02
7.223733520507812500e+02
7.023876342773437500e+02
6.986565551757812500e+02
6.790715942382812500e+02
6.865078125000000000e+02
6.976677246093750000e+02
7.288231811523437500e+02
6.891908569335937500e+02
6.935974731445312500e+02
6.868885498046875000e+02
7.032761840820312500e+02
6.866929321289062500e+02
7.057547607421875000e+02
7.196804809570312500e+02
7.172932128906250000e+02
6.772246704101562500e+02
6.871580200195312500e+02
6.936289062500000000e+02
7.128624877929687500e+02
6.943403930664062500e+02
7.001950683593750000e+02
6.870213623046875000e+02
6.887749633789062500e+02
7.025104980468750000e+02
7.101572265625000000e+02
6.915157470703125000e+02
6.925381469726562500e+02
6.923417358398437500e+02
7.193967285156250000e+02
7.079083251953125000e+02
6.922571411132812500e+02
6.803361816406250000e+02
6.914577026367187500e+02
6.899615478515625000e+02
7.145704345703125000e+02
7.081760864257812500e+02
6.897493896484375000e+02
6.765100097656250000e+02
6.843091430664062500e+02
6.916635131835937500e+02
7.244080810546875000e+02
7.193250732421875000e+02
6.971268920898437500e+02
6.666235351562500000e+02
6.772225952148437500e+02
6.976369628906250000e+02
7.144146728515625000e+02
7.004101562500000000e+02
6.984409790039062500e+02
6.607563476562500000e+02
6.665736694335937500e+02
6.661259765625000000e+02
7.046260986328125000e+02
7.141019897460937500e+02
7.279539794921875000e+02
7.075283203125000000e+02
6.852559814453125000e+02
6.721439208984375000e+02
6.994064331054687500e+02
7.135896606445312500e+02
7.085025634765625000e+02
6.786136474609375000e+02
6.757401733398437500e+02
6.637371826171875000e+02
6.893766479492187500e+02
7.067655639648437500e+02
7.251985473632812500e+02
6.970590209960937500e+02
6.741460571289062500e+02
6.726891479492187500e+02
7.017992553710937500e+02
7.048869018554687500e+02
7.135645141601562500e+02
6.974338989257812500e+02
6.920698852539062500e+02
6.785701293945312500e+02
6.979911499023437500e+02
6.884350585937500000e+02
6.980723876953125000e+02
6.972931518554687500e+02
7.057924194335937500e+02
6.886017456054687500e+02
6.926623535156250000e+02
6.733904418945312500e+02
6.857095336914062500e+02
7.052030639648437500e+02
7.263524169921875000e+02
7.063198242187500000e+02
6.986210937500000000e+02
6.780628051757812500e+02
6.726751708984375000e+02
6.717978515625000000e+02
7.202471313476562500e+02
7.235656738281250000e+02
7.145417480468750000e+02
6.759216308593750000e+02
6.692385253906250000e+02
6.606585083007812500e+02
6.963411865234375000e+02
7.122837524414062500e+02
7.066149291992187500e+02
6.789183959960937500e+02
6.733863525390625000e+02
6.744765014648437500e+02
7.057745971679687500e+02
7.125379638671875000e+02
6.985452270507812500e+02
6.728078613281250000e+02
6.967412719726562500e+02
7.018171386718750000e+02
7.063838500976562500e+02
6.776414794921875000e+02
6.760259399414062500e+02
6.706115112304687500e+02
6.919931030273437500e+02
7.021906738281250000e+02
7.200668945312500000e+02
6.890183105468750000e+02
6.808637695312500000e+02
6.639113769531250000e+02
7.084402465820312500e+02
7.094130859375000000e+02
7.322717285156250000e+02
7.049183959960937500e+02
6.605994262695312500e+02
6.375324707031250000e+02
6.623233642578125000e+02
7.154925537109375000e+02
7.242835693359375000e+02
6.931522827148437500e+02
6.955987548828125000e+02
6.791854858398437500e+02
6.722756958007812500e+02
6.804182128906250000e+02
7.266286621093750000e+02
7.018873291015625000e+02
6.702870483398437500e+02
6.559791870117187500e+02
6.949904174804687500e+02
7.140111694335937500e+02
7.133417968750000000e+02
6.839920043945312500e+02
6.679597167968750000e+02
6.610200195312500000e+02
7.060740966796875000e+02
7.216136474609375000e+02
6.989040527343750000e+02
6.629356689453125000e+02
6.896729736328125000e+02
6.960805664062500000e+02
7.089193115234375000e+02
6.841147460937500000e+02
6.994468994140625000e+02
6.933681030273437500e+02
6.857639770507812500e+02
6.696506958007812500e+02
6.775000610351562500e+02
6.840784301757812500e+02
7.250158081054687500e+02
7.143446655273437500e+02
6.768128051757812500e+02
6.368647460937500000e+02
6.429438476562500000e+02
6.698942260742187500e+02
7.263878173828125000e+02
7.377369995117187500e+02
7.228730468750000000e+02
6.677083129882812500e+02
6.386598510742187500e+02
6.463628540039062500e+02
7.148475952148437500e+02
7.420549926757812500e+02
7.238907470703125000e+02
6.721203002929687500e+02
6.652100830078125000e+02
6.657480468750000000e+02
7.070312500000000000e+02
7.251608886718750000e+02
6.789053955078125000e+02
6.494608764648437500e+02
6.608320312500000000e+02
6.910352783203125000e+02
7.035213012695312500e+02
6.935548095703125000e+02
7.183422241210937500e+02
6.886300048828125000e+02
6.709614257812500000e+02
6.790189208984375000e+02
7.152839965820312500e+02
6.946724243164062500e+02
6.977636108398437500e+02
6.900089111328125000e+02
6.925072021484375000e+02
6.653221435546875000e+02
6.983391723632812500e+02
7.116312255859375000e+02
6.947185668945312500e+02
6.813859252929687500e+02
7.070899047851562500e+02
7.010197143554687500e+02
6.742154541015625000e+02
6.650465087890625000e+02
7.001724853515625000e+02
7.058242187500000000e+02
7.023643188476562500e+02
6.847694702148437500e+02
6.757810058593750000e+02
6.600264892578125000e+02
6.881753540039062500e+02
7.120382690429687500e+02
7.209281005859375000e+02
6.862584228515625000e+02
6.845476684570312500e+02
6.603405151367187500e+02
6.684269409179687500e+02
7.013863525390625000e+02
7.279326782226562500e+02
6.978604125976562500e+02
6.947139282226562500e+02
6.637668457031250000e+02
6.729242553710937500e+02
6.912963867187500000e+02
7.163640136718750000e+02
6.945045776367187500e+02
6.859984741210937500e+02
6.644522705078125000e+02
6.813782348632812500e+02
6.917031250000000000e+02
7.240825805664062500e+02
6.984727783203125000e+02
6.942433471679687500e+02
6.624017333984375000e+02
6.765922851562500000e+02
6.783908081054687500e+02
7.052164916992187500e+02
7.040562133789062500e+02
6.808034667968750000e+02
6.553039550781250000e+02
6.755654907226562500e+02
6.928798217773437500e+02
7.240039672851562500e+02
6.952761840820312500e+02
6.763988037109375000e+02
6.538329467773437500e+02
6.782825317382812500e+02
6.923235473632812500e+02
7.208048095703125000e+02
6.937484741210937500e+02
6.834719848632812500e+02
6.506341552734375000e+02
6.793754882812500000e+02
7.014316406250000000e+02
7.252359619140625000e+02
6.814793090820312500e+02
6.711758422851562500e+02
6.665411376953125000e+02
6.829786376953125000e+02
6.975540161132812500e+02
7.193875732421875000e+02
6.858901977539062500e+02
6.566422729492187500e+02
6.428014526367187500e+02
6.961456298828125000e+02
7.323695068359375000e+02
7.070645751953125000e+02
6.489290771484375000e+02
6.480373535156250000e+02
6.444263916015625000e+02
6.878820190429687500e+02
7.130366821289062500e+02
6.999340820312500000e+02
6.660966796875000000e+02
6.661812133789062500e+02
6.816691894531250000e+02
7.138380737304687500e+02
6.899293212890625000e+02
6.897449340820312500e+02
6.692850952148437500e+02
6.798587646484375000e+02
6.740989379882812500e+02
6.884346313476562500e+02
6.786139526367187500e+02
6.960629272460937500e+02
6.789240112304687500e+02
6.828443603515625000e+02
6.715186767578125000e+02
6.817395629882812500e+02
6.852183837890625000e+02
7.109860839843750000e+02
7.035672607421875000e+02
6.975493164062500000e+02
6.811315917968750000e+02
6.822072143554687500e+02
6.582716674804687500e+02
6.778202514648437500e+02
7.006674194335937500e+02
7.295027465820312500e+02
6.912290039062500000e+02
6.686254272460937500e+02
6.616748046875000000e+02
6.791704711914062500e+02
6.793687133789062500e+02
7.055711059570312500e+02
6.932619628906250000e+02
6.838155517578125000e+02
6.574450683593750000e+02
6.839232788085937500e+02
6.985713500976562500e+02
7.059215087890625000e+02
6.702365112304687500e+02
6.707366333007812500e+02
6.670111083984375000e+02
6.825480957031250000e+02
6.954981689453125000e+02
7.113303833007812500e+02
6.839116821289062500e+02
6.778621826171875000e+02
6.616779785156250000e+02
6.920018920898437500e+02
6.858621215820312500e+02
6.988503417968750000e+02
6.728206787109375000e+02
6.782586669921875000e+02
6.657582397460937500e+02
6.910151977539062500e+02
6.848000488281250000e+02
6.927961425781250000e+02
6.791658325195312500e+02
6.938809814453125000e+02
6.722730102539062500e+02
6.730073852539062500e+02
6.624849853515625000e+02
6.903972167968750000e+02
6.871021728515625000e+02
6.953864135742187500e+02
6.593980102539062500e+02
6.702895507812500000e+02
6.815903320312500000e+02
7.096152343750000000e+02
6.938378295898437500e+02
7.022165527343750000e+02
6.825359497070312500e+02
6.741061401367187500e+02
6.608543090820312500e+02
6.863110961914062500e+02
6.797173461914062500e+02
6.807169189453125000e+02
6.696283569335937500e+02
6.904071044921875000e+02
6.741419677734375000e+02
6.781651000976562500e+02
6.743225097656250000e+02
6.782327270507812500e+02
6.632645263671875000e+02
6.908074951171875000e+02
6.830206298828125000e+02
6.881063232421875000e+02
6.671546020507812500e+02
6.813886718750000000e+02
6.820408935546875000e+02
6.961506347656250000e+02
6.896184692382812500e+02
6.822748413085937500e+02
6.656567993164062500e+02
6.977249755859375000e+02
6.816600341796875000e+02
6.866585083007812500e+02
6.708088378906250000e+02
6.833306274414062500e+02
6.837138671875000000e+02
6.939206542968750000e+02
6.782360229492187500e+02
6.925512084960937500e+02
6.833530883789062500e+02
6.875919189453125000e+02
6.698161621093750000e+02
6.626699218750000000e+02
6.733163452148437500e+02
7.039846801757812500e+02
6.982042236328125000e+02
6.944147338867187500e+02
2.792276855468750000e+03
2.833116699218750000e+03
2.815741210937500000e+03
2.716636718750000000e+03
2.647394287109375000e+03
2.616284179687500000e+03
2.591828125000000000e+03
2.565379882812500000e+03
2.516148681640625000e+03
2.448313720703125000e+03
2.332763183593750000e+03
2.272149169921875000e+03
2.218814208984375000e+03
2.144310791015625000e+03
2.077168457031250000e+03
2.021435302734375000e+03
1.957343139648437500e+03
1.904189941406250000e+03
1.860760864257812500e+03
1.836045043945312500e+03
1.804964355468750000e+03
1.771149291992187500e+03
1.747078369140625000e+03
1.706997802734375000e+03
1.683255493164062500e+03
1.661416625976562500e+03
1.630147583007812500e+03
1.617766235351562500e+03
1.596247314453125000e+03
1.578118164062500000e+03
1.536877441406250000e+03
1.540253173828125000e+03
1.503502685546875000e+03
1.479873535156250000e+03
1.443676757812500000e+03
1.422545776367187500e+03
1.420159545898437500e+03
1.388108520507812500e+03
1.377144287109375000e+03
1.351706909179687500e+03
1.338252807617187500e+03
1.310223144531250000e+03
1.295966674804687500e+03
1.272655761718750000e+03
1.258895751953125000e+03
1.234669921875000000e+03
1.222572998046875000e+03
1.200861328125000000e+03
1.198408447265625000e+03
1.168302978515625000e+03
1.149114135742187500e+03
1.135124389648437500e+03
1.121613525390625000e+03
1.111835205078125000e+03
1.089727050781250000e+03
1.086139038085937500e+03
1.077905395507812500e+03
1.057534301757812500e+03
1.041806274414062500e+03
1.023150146484375000e+03
1.035423217773437500e+03
1.016434936523437500e+03
9.890672607421875000e+02
9.845510253906250000e+02
9.678393554687500000e+02
9.598888549804687500e+02
9.573277587890625000e+02
9.426724243164062500e+02
9.340913696289062500e+02
9.272856445312500000e+02
9.132567749023437500e+02
9.105140991210937500e+02
8.967961425781250000e+02
8.806307373046875000e+02
8.738712768554687500e+02
8.685760498046875000e+02
8.532604980468750000e+02
8.425458984375000000e+02
8.452692871093750000e+02
8.236002197265625000e+02
8.122480468750000000e+02
8.140377807617187500e+02
7.988600463867187500e+02
7.897144775390625000e+02
7.766489257812500000e+02
7.767298583984375000e+02
7.600041503906250000e+02
7.566165771484375000e+02
7.506973266601562500e+02
7.348692016601562500e+02
7.352910156250000000e+02
7.256937866210937500e+02
7.116033325195312500e+02
7.037135009765625000e+02
6.939605712890625000e+02
6.897864990234375000e+02
6.836241455078125000e+02
6.641386108398437500e+02
6.676400756835937500e+02
6.589113159179687500e+02
6.652247314453125000e+02
6.484915771484375000e+02
6.392192382812500000e+02
6.283134155273437500e+02
6.286278076171875000e+02
6.207711181640625000e+02
6.164252929687500000e+02
6.035127563476562500e+02
6.055758056640625000e+02
5.919400024414062500e+02
5.838002929687500000e+02
5.836546630859375000e+02
5.772733154296875000e+02
5.708469848632812500e+02
5.671629638671875000e+02
5.646269531250000000e+02
5.593298950195312500e+02
5.447430419921875000e+02
5.537124023437500000e+02
5.445270996093750000e+02
5.344416503906250000e+02
5.295990600585937500e+02
5.278428344726562500e+02
5.263773193359375000e+02
5.142385253906250000e+02
5.055494384765625000e+02
5.077150878906250000e+02
4.952157592773437500e+02
5.006536560058593750e+02
4.873019104003906250e+02
4.937106628417968750e+02
4.819157104492187500e+02
4.759255981445312500e+02
4.784638977050781250e+02
4.736526489257812500e+02
4.635595703125000000e+02
4.658785095214843750e+02
4.654697875976562500e+02
4.575247192382812500e+02
4.526660766601562500e+02
4.497151489257812500e+02
4.452823486328125000e+02
4.370422363281250000e+02
4.403599243164062500e+02
4.349070434570312500e+02
4.302449645996093750e+02
4.311911621093750000e+02
4.237196044921875000e+02
4.207762756347656250e+02
4.142615966796875000e+02
4.113872375488281250e+02
4.113046875000000000e+02
4.039401550292968750e+02
4.034156494140625000e+02
4.004817504882812500e+02
3.989147338867187500e+02
3.940683898925781250e+02
3.956087646484375000e+02
3.877450561523437500e+02
3.851767272949218750e+02
3.822283935546875000e+02
3.836963500976562500e+02
3.763315124511718750e+02
3.719877319335937500e+02
3.699427185058593750e+02
3.697372741699218750e+02
3.697106323242187500e+02
3.642045898437500000e+02
3.610388793945312500e+02
3.616776123046875000e+02
3.534913330078125000e+02
3.512009887695312500e+02
3.452930297851562500e+02
3.475665588378906250e+02
3.433834228515625000e+02
3.457953491210937500e+02
3.424535217285156250e+02
3.373156127929687500e+02
3.369516296386718750e+02
3.304320068359375000e+02
3.319613342285156250e+02
3.262463378906250000e+02
3.298472290039062500e+02
3.234906616210937500e+02
3.260004882812500000e+02
3.185037841796875000e+02
3.222509765625000000e+02
3.161943969726562500e+02
3.107341003417968750e+02
3.153017578125000000e+02
3.120151367187500000e+02
3.071043395996093750e+02
3.062506408691406250e+02
3.027890014648437500e+02
3.039458618164062500e+02
2.985148010253906250e+02
2.985693359375000000e+02
2.954335327148437500e+02
2.955339355468750000e+02
2.909278259277343750e+02
2.930012512207031250e+02
2.885898132324218750e+02
2.894897460937500000e+02
2.875534057617187500e+02
2.872769165039062500e+02
2.865645141601562500e+02
2.831252136230468750e+02
2.816420898437500000e+02
2.782976684570312500e+02
2.755806884765625000e+02
2.742908935546875000e+02
2.745415344238281250e+02
2.732494201660156250e+02
2.759517517089843750e+02
2.719304809570312500e+02
2.677000122070312500e+02
2.683623657226562500e+02
2.679024047851562500e+02
2.619352111816406250e+02
2.640280456542968750e+02
2.607761230468750000e+02
2.619395141601562500e+02
2.607868652343750000e+02
2.620223388671875000e+02
2.605906372070312500e+02
2.614418029785156250e+02
2.540406494140625000e+02
2.515440673828125000e+02
2.540213317871093750e+02
2.489452667236328125e+02
2.493894958496093750e+02
2.502463836669921875e+02
2.490500335693359375e+02
2.482051086425781250e+02
2.489171447753906250e+02
2.441861419677734375e+02
2.441997070312500000e+02
2.404374237060546875e+02
2.405266113281250000e+02
2.401515197753906250e+02
2.411958312988281250e+02
2.397807922363281250e+02
2.372279357910156250e+02
2.366122894287109375e+02
2.372567901611328125e+02
2.345076293945312500e+02
2.318137817382812500e+02
2.300487060546875000e+02
2.320077514648437500e+02
2.314123840332031250e+02
2.316643371582031250e+02
2.272666168212890625e+02
2.230743865966796875e+02
2.271075439453125000e+02
2.250079193115234375e+02
2.247304382324218750e+02
2.220847778320312500e+02
2.186369628906250000e+02
2.218873901367187500e+02
2.188229370117187500e+02
2.199345397949218750e+02
2.203750305175781250e+02
2.200549316406250000e+02
2.166364440917968750e+02
2.178061523437500000e+02
2.156863250732421875e+02
2.138334350585937500e+02
2.145020141601562500e+02
2.137496643066406250e+02
2.118480682373046875e+02
2.136655883789062500e+02
2.102593688964843750e+02
2.126562500000000000e+02
2.086376953125000000e+02
2.104878540039062500e+02
2.083969573974609375e+02
2.089511871337890625e+02
2.076022338867187500e+02
2.057483520507812500e+02
2.028678131103515625e+02
2.054358978271484375e+02
2.016930999755859375e+02
2.058080749511718750e+02
2.012713623046875000e+02
2.004712829589843750e+02
2.026484069824218750e+02
2.020595245361328125e+02
2.006325683593750000e+02
2.010768127441406250e+02
2.006087036132812500e+02
2.000021820068359375e+02
1.956722412109375000e+02
1.988464355468750000e+02
1.962785949707031250e+02
1.983579864501953125e+02
1.962909851074218750e+02
1.964289703369140625e+02
1.958523864746093750e+02
1.925702209472656250e+02
1.954179687500000000e+02
1.931669311523437500e+02
1.932709655761718750e+02
1.906361541748046875e+02
1.918442840576171875e+02
1.892388610839843750e+02
1.912077636718750000e+02
1.899152526855468750e+02
1.903137817382812500e+02
1.878440856933593750e+02
1.881213684082031250e+02
1.890825805664062500e+02
1.856920471191406250e+02
1.852953948974609375e+02
1.848369750976562500e+02
1.824853668212890625e+02
1.857205505371093750e+02
1.829096984863281250e+02
1.847444763183593750e+02
1.818717956542968750e+02
1.818247222900390625e+02
1.799060363769531250e+02
1.810462951660156250e+02
1.809179992675781250e+02
1.788916625976562500e+02
1.791271820068359375e+02
1.781432189941406250e+02
1.786734619140625000e+02
1.775840454101562500e+02
1.759609680175781250e+02
1.761100463867187500e+02
1.773268127441406250e+02
1.756617736816406250e+02
1.755791473388671875e+02
1.725629882812500000e+02
1.750372009277343750e+02
1.748021240234375000e+02
1.737121887207031250e+02
1.740450744628906250e+02
1.739409484863281250e+02
1.704216003417968750e+02
1.695825195312500000e+02
1.713267364501953125e+02
1.724344482421875000e+02
1.696009521484375000e+02
1.696184997558593750e+02
1.699804687500000000e+02
1.696677703857421875e+02
1.708718872070312500e+02
1.697900848388671875e+02
1.697693176269531250e+02
1.695565490722656250e+02
1.672926788330078125e+02
1.653254699707031250e+02
1.665309753417968750e+02
1.674739074707031250e+02
1.664140625000000000e+02
1.641217041015625000e+02
1.677365722656250000e+02
1.643880310058593750e+02
1.669290924072265625e+02
1.634309692382812500e+02
1.634306945800781250e+02
1.623265838623046875e+02
1.619470977783203125e+02
1.639760589599609375e+02
1.643382415771484375e+02
1.621347351074218750e+02
1.618407135009765625e+02
1.620849914550781250e+02
1.603815612792968750e+02
1.612839660644531250e+02
1.591470794677734375e+02
1.603034973144531250e+02
1.615061950683593750e+02
1.598361206054687500e+02
1.562595062255859375e+02
1.583943176269531250e+02
1.604903564453125000e+02
1.585004882812500000e+02
1.581672668457031250e+02
1.560941619873046875e+02
1.571288299560546875e+02
1.559635009765625000e+02
1.560136413574218750e+02
1.543124694824218750e+02
1.577131958007812500e+02
1.566231384277343750e+02
1.555274658203125000e+02
1.545028228759765625e+02
1.563640747070312500e+02
1.553196563720703125e+02
1.550944519042968750e+02
1.530793304443359375e+02
1.546958007812500000e+02
1.526973571777343750e+02
1.517519989013671875e+02
1.529230957031250000e+02
1.534370574951171875e+02
1.534938354492187500e+02
1.519002532958984375e+02
1.499759063720703125e+02
1.522368164062500000e+02
1.512535095214843750e+02
1.514369049072265625e+02
1.530273895263671875e+02
1.506777954101562500e+02
1.496363830566406250e+02
1.489395751953125000e+02
1.498280181884765625e+02
1.504651336669921875e+02
1.505625305175781250e+02
1.494058532714843750e+02
1.521346130371093750e+02
1.492095031738281250e+02
1.485595397949218750e+02
1.485422973632812500e+02
1.452681274414062500e+02
1.479600830078125000e+02
1.484056701660156250e+02
1.497492523193359375e+02
1.465981140136718750e+02
1.454061126708984375e+02
1.457871398925781250e+02
1.463657989501953125e+02
1.447890625000000000e+02
1.452564849853515625e+02
1.437324523925781250e+02
1.405556640625000000e+02
1.425518798828125000e+02
1.456062927246093750e+02
1.455671386718750000e+02
1.438047637939453125e+02
1.427381286621093750e+02
1.438936462402343750e+02
1.428371887207031250e+02
1.444158172607421875e+02
1.417118835449218750e+02
1.427300567626953125e+02
1.425270690917968750e+02
1.433786621093750000e+02
1.428082733154296875e+02
1.442243041992187500e+02
1.412824401855468750e+02
1.407334594726562500e+02
1.403741760253906250e+02
1.418217163085937500e+02
1.417446441650390625e+02
1.393592987060546875e+02
1.415290222167968750e+02
1.410166015625000000e+02
1.408104553222656250e+02
1.395224914550781250e+02
1.388364257812500000e+02
1.390776367187500000e+02
1.412536926269531250e+02
1.418204956054687500e+02
1.411330566406250000e+02
1.383835601806640625e+02
1.399776611328125000e+02
1.393839416503906250e+02
1.355914306640625000e+02
1.375575714111328125e+02
1.387760314941406250e+02
1.357661895751953125e+02
1.369955596923828125e+02
1.355558166503906250e+02
1.381027984619140625e+02
1.369396209716796875e+02
1.373681945800781250e+02
1.369986877441406250e+02
1.344193572998046875e+02
1.355364685058593750e+02
1.363247375488281250e+02
1.384099426269531250e+02
1.363203125000000000e+02
1.334420013427734375e+02
1.353715972900390625e+02
1.352161407470703125e+02
1.359588317871093750e+02
1.350999908447265625e+02
1.349949645996093750e+02
1.355038604736328125e+02
1.346775817871093750e+02
1.363406677246093750e+02
1.345628814697265625e+02
1.346340332031250000e+02
1.351232604980468750e+02
1.363003387451171875e+02
1.335242309570312500e+02
1.330489196777343750e+02
1.337852020263671875e+02
1.336940917968750000e+02
1.349769897460937500e+02
1.331075439453125000e+02
1.334791870117187500e+02
1.339020385742187500e+02
1.330420684814453125e+02
1.329720153808593750e+02
1.317319946289062500e+02
1.302901916503906250e+02
1.333098144531250000e+02
1.326533813476562500e+02
1.300986328125000000e+02
1.313516082763671875e+02
1.322023315429687500e+02
1.313375854492187500e+02
1.311232604980468750e+02
1.316541137695312500e+02
1.297379455566406250e+02
1.286697998046875000e+02
1.317343444824218750e+02
1.302374725341796875e+02
1.296674652099609375e+02
1.306139526367187500e+02
1.309524536132812500e+02
1.295936584472656250e+02
1.291427459716796875e+02
1.292019958496093750e+02
1.288677215576171875e+02
1.301154479980468750e+02
1.284623413085937500e+02
1.283638153076171875e+02
1.292708587646484375e+02
1.297020874023437500e+02
1.300795898437500000e+02
1.288441162109375000e+02
1.285688934326171875e+02
1.286699523925781250e+02
1.265614166259765625e+02
1.276037673950195312e+02
1.262581481933593750e+02
1.254098892211914062e+02
1.276291809082031250e+02
1.271966629028320312e+02
1.276792144775390625e+02
1.268013000488281250e+02
1.281460113525390625e+02
1.260767822265625000e+02
1.277294921875000000e+02
1.287212524414062500e+02
1.268259124755859375e+02
1.261749343872070312e+02
1.262357177734375000e+02
1.265989151000976562e+02
1.263539581298828125e+02
1.288576202392578125e+02
1.256174163818359375e+02
1.269325180053710938e+02
1.252034912109375000e+02
1.263388519287109375e+02
1.257677917480468750e+02
1.263422698974609375e+02
1.261096496582031250e+02
1.278852539062500000e+02
1.250464630126953125e+02
1.258452148437500000e+02
1.265906524658203125e+02
1.253974914550781250e+02
1.273426971435546875e+02
1.259898147583007812e+02
1.235725555419921875e+02
1.250964584350585938e+02
1.249771575927734375e+02
1.247731323242187500e+02
1.260779953002929688e+02
1.254707107543945312e+02
1.225567550659179688e+02
1.234517974853515625e+02
1.251119689941406250e+02
1.239658050537109375e+02
1.241797714233398438e+02
1.241350402832031250e+02
1.243031463623046875e+02
1.245182418823242188e+02
1.243176727294921875e+02
1.220195617675781250e+02
1.245435867309570312e+02
1.229298477172851562e+02
1.220610656738281250e+02
1.228846969604492188e+02
1.215317840576171875e+02
1.224431686401367188e+02
1.247497558593750000e+02
1.238800888061523438e+02
1.218069152832031250e+02
1.219156951904296875e+02
1.205417709350585938e+02
1.215928039550781250e+02
1.209244918823242188e+02
1.230737609863281250e+02
1.212764129638671875e+02
1.207238998413085938e+02
1.218180770874023438e+02
1.215080108642578125e+02
1.196905822753906250e+02
1.211574783325195312e+02
1.204308929443359375e+02
1.209313735961914062e+02
1.211513824462890625e+02
1.207220764160156250e+02
1.202139434814453125e+02
1.202537384033203125e+02
1.219486465454101562e+02
1.211461181640625000e+02
1.178360900878906250e+02
1.208001098632812500e+02
1.212767944335937500e+02
1.213751754760742188e+02
1.209942932128906250e+02
1.192262649536132812e+02
1.216825942993164062e+02
1.202261734008789062e+02
1.212314910888671875e+02
1.185004577636718750e+02
1.203563995361328125e+02
1.189519577026367188e+02
1.191011047363281250e+02
1.197515716552734375e+02
1.191450347900390625e+02
1.189615402221679688e+02
1.198607940673828125e+02
1.191336975097656250e+02
1.177636871337890625e+02
1.202588119506835938e+02
1.183291168212890625e+02
1.180461425781250000e+02
1.192749328613281250e+02
1.181747283935546875e+02
1.184157867431640625e+02
1.203456344604492188e+02
1.181290283203125000e+02
1.194485092163085938e+02
1.183473815917968750e+02
1.179505615234375000e+02
1.194961395263671875e+02
1.204265747070312500e+02
1.181402435302734375e+02
1.187189025878906250e+02
1.176675567626953125e+02
1.194667587280273438e+02
1.166887817382812500e+02
1.152852401733398438e+02
1.169432830810546875e+02
1.188006515502929688e+02
1.174469451904296875e+02
1.166123046875000000e+02
1.183028717041015625e+02
1.179247894287109375e+02
1.167556457519531250e+02
1.167094116210937500e+02
1.169374313354492188e+02
1.177959823608398438e+02
1.184338760375976562e+02
1.154149932861328125e+02
1.182534179687500000e+02
1.165256958007812500e+02
1.172089462280273438e+02
1.166569213867187500e+02
1.171255493164062500e+02
1.172728424072265625e+02
1.170820922851562500e+02
1.159213867187500000e+02
1.171317596435546875e+02
1.160898437500000000e+02
1.156882781982421875e+02
1.152113037109375000e+02
1.170170288085937500e+02
1.169310302734375000e+02
1.165692138671875000e+02
1.157381744384765625e+02
1.149248352050781250e+02
1.150107040405273438e+02
1.156970825195312500e+02
1.156171112060546875e+02
1.153640899658203125e+02
1.161895217895507812e+02
1.159194183349609375e+02
1.166203155517578125e+02
1.157346649169921875e+02
1.155579299926757812e+02
1.164218902587890625e+02
1.141722412109375000e+02
1.143850631713867188e+02
1.164051666259765625e+02
1.149808807373046875e+02
1.151454772949218750e+02
1.157687683105468750e+02
1.140182495117187500e+02
1.144958953857421875e+02
1.147272338867187500e+02
1.149495544433593750e+02
1.161051788330078125e+02
1.151051101684570312e+02
1.153198013305664062e+02
1.134789581298828125e+02
1.154501495361328125e+02
1.157071990966796875e+02
1.148938827514648438e+02
1.143593063354492188e+02
1.132369995117187500e+02
1.134197692871093750e+02
1.139202957153320312e+02
1.140107955932617188e+02
1.141427536010742188e+02
1.153751525878906250e+02
1.141454620361328125e+02
1.130278015136718750e+02
1.145156326293945312e+02
1.159419021606445312e+02
1.143731307983398438e+02
1.119948883056640625e+02
1.148219451904296875e+02
1.140567169189453125e+02
1.148412704467773438e+02
1.138362121582031250e+02
1.126242141723632812e+02
1.140411376953125000e+02
1.143434371948242188e+02
1.148344192504882812e+02
1.146160659790039062e+02
1.129001846313476562e+02
1.124829330444335938e+02
1.156909942626953125e+02
1.131725769042968750e+02
1.153296508789062500e+02
1.131339874267578125e+02
1.113578109741210938e+02
1.141442031860351562e+02
1.129157638549804688e+02
1.127503967285156250e+02
1.141584854125976562e+02
1.107711334228515625e+02
1.127822494506835938e+02
1.113532867431640625e+02
1.149170074462890625e+02
1.138636245727539062e+02
1.104851608276367188e+02
1.127853393554687500e+02
1.124684753417968750e+02
1.110963439941406250e+02
1.124713363647460938e+02
1.120354309082031250e+02
1.128141632080078125e+02
1.124201202392578125e+02
1.113706970214843750e+02
1.113514556884765625e+02
1.124357757568359375e+02
1.112456283569335938e+02
1.121997299194335938e+02
1.122217102050781250e+02
1.120161972045898438e+02
1.137435302734375000e+02
1.114266357421875000e+02
1.121575088500976562e+02
1.110921783447265625e+02
1.097382354736328125e+02
1.142637252807617188e+02
1.119199676513671875e+02
1.115357208251953125e+02
1.139067077636718750e+02
1.115444183349609375e+02
1.132081909179687500e+02
1.134641418457031250e+02
1.127935638427734375e+02
1.114829864501953125e+02
1.132072296142578125e+02
1.114352874755859375e+02
1.143154144287109375e+02
1.129383544921875000e+02
1.112474136352539062e+02
1.116654129028320312e+02
1.123466186523437500e+02
1.133971862792968750e+02
1.127493209838867188e+02
1.114551239013671875e+02
1.123989868164062500e+02
1.109165420532226562e+02
1.119819946289062500e+02
1.106066589355468750e+02
1.121403579711914062e+02
1.120756378173828125e+02
1.125134658813476562e+02
1.105793228149414062e+02
1.101835021972656250e+02
1.119074859619140625e+02
1.118504333496093750e+02
1.112136230468750000e+02
1.105654907226562500e+02
1.103615570068359375e+02
1.092084884643554688e+02
1.135414428710937500e+02
1.120340728759765625e+02
1.095932464599609375e+02
1.096117706298828125e+02
1.119904479980468750e+02
1.116269912719726562e+02
1.123619995117187500e+02
1.110109100341796875e+02
1.107898559570312500e+02
1.097559890747070312e+02
1.083820037841796875e+02
1.105724029541015625e+02
1.118988189697265625e+02
1.092759170532226562e+02
1.109346237182617188e+02
1.110444030761718750e+02
1.088100967407226562e+02
1.118439712524414062e+02
1.104809417724609375e+02
1.107599792480468750e+02
1.112962417602539062e+02
1.112421722412109375e+02
1.103842315673828125e+02
1.126044921875000000e+02
1.111162033081054688e+02
1.105740356445312500e+02
1.099994735717773438e+02
1.111225357055664062e+02
1.094353027343750000e+02
1.101745529174804688e+02
1.111939544677734375e+02
1.108418273925781250e+02
1.093333663940429688e+02
1.096466751098632812e+02
1.103413619995117188e+02
1.082821044921875000e+02
1.116834716796875000e+02
1.091768798828125000e+02
1.102488708496093750e+02
1.093914489746093750e+02
1.099085464477539062e+02
1.103480682373046875e+02
1.105053405761718750e+02
1.073915405273437500e+02
1.103631591796875000e+02
1.095855712890625000e+02
1.102059936523437500e+02
1.101606750488281250e+02
1.097599411010742188e+02
1.108673782348632812e+02
1.099497528076171875e+02
1.096681060791015625e+02
1.119683380126953125e+02
1.108684539794921875e+02
1.109934539794921875e+02
1.108581237792968750e+02
1.090113906860351562e+02
1.084736633300781250e+02
1.089141845703125000e+02
1.093264160156250000e+02
1.100741119384765625e+02
1.101400451660156250e+02
1.085349731445312500e+02
1.121857299804687500e+02
1.105145263671875000e+02
1.102853851318359375e+02
1.088774032592773438e+02
1.091426773071289062e+02
1.109253387451171875e+02
1.090803756713867188e+02
1.090416107177734375e+02
1.081868591308593750e+02
1.112872848510742188e+02
1.104242248535156250e+02
1.107774353027343750e+02
1.093389739990234375e+02
1.097081527709960938e+02
1.085495605468750000e+02
1.099147491455078125e+02
1.101073913574218750e+02
1.097060394287109375e+02
1.075553131103515625e+02
1.079640579223632812e+02
1.099264526367187500e+02
1.106045455932617188e+02
1.099355239868164062e+02
1.107512359619140625e+02
1.104902267456054688e+02
1.087988586425781250e+02
1.082694702148437500e+02
1.094882049560546875e+02
1.098429870605468750e+02
1.089209671020507812e+02
1.091184082031250000e+02
1.093166046142578125e+02
1.095509490966796875e+02
1.102536621093750000e+02
1.105749359130859375e+02
1.090232238769531250e+02
1.090698394775390625e+02
1.090793914794921875e+02
1.085254211425781250e+02
1.088153457641601562e+02
1.104179840087890625e+02
1.111121215820312500e+02
1.089163589477539062e+02
1.097826080322265625e+02
1.084630508422851562e+02
1.108510131835937500e+02
1.095358123779296875e+02
1.082498550415039062e+02
1.109364929199218750e+02
1.090904083251953125e+02
1.086718292236328125e+02
1.103543548583984375e+02
1.100448913574218750e+02
1.089311370849609375e+02
1.078502502441406250e+02
1.102319335937500000e+02
1.078662261962890625e+02
1.101296005249023438e+02
1.096470108032226562e+02
1.099131088256835938e+02
1.100991210937500000e+02
1.096142959594726562e+02
1.101895599365234375e+02
1.087578277587890625e+02
1.100282592773437500e+02
1.088084411621093750e+02
1.102015991210937500e+02
1.125573120117187500e+02
1.092042465209960938e+02
1.108640747070312500e+02
1.101591796875000000e+02
1.085189971923828125e+02
1.081977691650390625e+02
1.096193084716796875e+02
1.082586212158203125e+02
1.092774353027343750e+02
1.106037368774414062e+02
1.102150497436523438e+02
1.094485855102539062e+02
1.086525726318359375e+02
1.106927795410156250e+02
1.105116195678710938e+02
1.089547729492187500e+02
1.099747314453125000e+02
1.092584609985351562e+02
1.088655624389648438e+02
1.109244232177734375e+02
1.099045639038085938e+02
1.091500778198242188e+02
1.097839279174804688e+02
1.095104370117187500e+02
1.106193237304687500e+02
1.096218643188476562e+02
1.080189971923828125e+02
1.090781936645507812e+02
1.083631744384765625e+02
1.093768692016601562e+02
1.089086608886718750e+02
1.091554718017578125e+02
1.100829315185546875e+02
1.104608306884765625e+02
1.082355194091796875e+02
1.095346755981445312e+02
1.073839263916015625e+02
1.100118942260742188e+02
1.101083374023437500e+02
1.085461120605468750e+02
1.100845718383789062e+02
1.095770721435546875e+02
1.075283508300781250e+02
1.093099517822265625e+02
1.096665344238281250e+02
1.084798278808593750e+02
1.076763076782226562e+02
1.116767120361328125e+02
1.098286209106445312e+02
1.110848541259765625e+02
1.097595214843750000e+02
1.092031936645507812e+02
1.094817733764648438e+02
1.089888305664062500e+02
1.110179519653320312e+02
1.098178787231445312e+02
1.091340637207031250e+02
1.092312698364257812e+02
1.081341552734375000e+02
1.093416137695312500e+02
1.092404022216796875e+02
1.094578170776367188e+02
1.098498077392578125e+02
1.087507324218750000e+02
1.091084823608398438e+02
1.090768432617187500e+02
1.112194442749023438e+02
1.105134124755859375e+02
1.091883468627929688e+02
1.094169006347656250e+02
1.078722381591796875e+02
1.088321914672851562e+02
1.083434295654296875e+02
1.099085464477539062e+02
1.087030639648437500e+02
1.114259262084960938e+02
1.091190719604492188e+02
1.094393081665039062e+02
1.095845794677734375e+02
1.094560241699218750e+02
1.078343963623046875e+02
1.092801971435546875e+02
1.096298065185546875e+02
1.079959640502929688e+02
1.103192749023437500e+02
1.077377471923828125e+02
1.110724792480468750e+02
1.083555526733398438e+02
1.085276107788085938e+02
1.079906463623046875e+02
1.081710433959960938e+02
1.086934509277343750e+02
1.103717193603515625e+02
1.095763778686523438e+02
1.091116485595703125e+02
1.101961364746093750e+02
1.092276382446289062e+02
1.089100875854492188e+02
1.100978851318359375e+02
1.092056884765625000e+02
1.102281646728515625e+02
1.104927825927734375e+02
1.081869812011718750e+02
1.090355224609375000e+02
1.098576889038085938e+02
1.078484344482421875e+02
1.101053009033203125e+02
1.099174957275390625e+02
1.088980712890625000e+02
1.099162750244140625e+02
1.100618743896484375e+02
1.083527526855468750e+02
1.095883255004882812e+02
1.090211334228515625e+02
1.098028793334960938e+02
1.095876312255859375e+02
1.100171203613281250e+02
1.085203094482421875e+02
1.092723236083984375e+02
1.085989532470703125e+02
1.091142044067382812e+02
1.094850769042968750e+02
1.105779876708984375e+02
1.095452194213867188e+02
1.094174194335937500e+02
1.078588714599609375e+02
1.090252380371093750e+02
1.084420318603515625e+02
1.080493240356445312e+02
1.095482788085937500e+02
1.106260681152343750e+02
1.100355377197265625e+02
1.113835601806640625e+02
1.108231506347656250e+02
1.101527786254882812e+02
1.102447204589843750e+02
1.103201904296875000e+02
1.097888488769531250e+02
1.085805664062500000e+02
1.092779846191406250e+02
1.084644393920898438e+02
1.079766235351562500e+02
1.107259750366210938e+02
1.094423065185546875e+02
1.082847976684570312e+02
1.088854980468750000e+02
1.090796813964843750e+02
1.080409545898437500e+02
1.100712051391601562e+02
1.094447021484375000e+02
1.106165542602539062e+02
1.101891250610351562e+02
1.105940551757812500e+02
1.104540176391601562e+02
1.087370223999023438e+02
1.093303146362304688e+02
1.088230667114257812e+02
1.092545928955078125e+02
1.104060516357421875e+02
1.098212127685546875e+02
1.109864044189453125e+02
1.100730972290039062e+02
1.101496582031250000e+02
1.075443725585937500e+02
1.085903091430664062e+02
1.118026199340820312e+02
1.106050643920898438e+02
1.088222961425781250e+02
1.104080429077148438e+02
1.112413940429687500e+02
1.103975143432617188e+02
1.099802093505859375e+02
1.087294387817382812e+02
1.095019378662109375e+02
1.080440826416015625e+02
1.097582702636718750e+02
1.077499465942382812e+02
1.093091583251953125e+02
1.076776199340820312e+02
1.097761077880859375e+02
1.080456542968750000e+02
1.095110626220703125e+02
1.115328292846679688e+02
1.086002502441406250e+02
1.087661819458007812e+02
1.099809494018554688e+02
1.097852401733398438e+02
1.119820709228515625e+02
1.094764633178710938e+02
1.096726074218750000e+02
1.107476348876953125e+02
1.102570114135742188e+02
1.124015502929687500e+02
1.104640121459960938e+02
1.077575454711914062e+02
1.100716094970703125e+02
1.083327636718750000e+02
1.103946075439453125e+02
1.100025634765625000e+02
1.096577835083007812e+02
1.090198593139648438e+02
1.090151672363281250e+02
1.089289398193359375e+02
1.110246658325195312e+02
1.100409011840820312e+02
1.092897262573242188e+02
1.083894042968750000e+02
1.095372314453125000e+02
1.090425491333007812e+02
1.095319671630859375e+02
1.097680969238281250e+02
1.102647857666015625e+02
1.101463623046875000e+02
1.076321182250976562e+02
1.097689971923828125e+02
1.100285034179687500e+02
1.088497161865234375e+02
1.090332641601562500e+02
1.104091033935546875e+02
1.089656829833984375e+02
1.098528900146484375e+02
1.094887161254882812e+02
1.093488006591796875e+02
1.081602783203125000e+02
1.112607116699218750e+02
1.088269729614257812e+02
1.115157089233398438e+02
1.082157440185546875e+02
1.098796081542968750e+02
1.108376770019531250e+02
1.116793975830078125e+02
1.084922409057617188e+02
1.114827346801757812e+02
1.095787200927734375e+02
1.105763397216796875e+02
1.093144607543945312e+02
1.090588378906250000e+02
1.106488265991210938e+02
1.102414703369140625e+02
1.117916107177734375e+02
1.107396850585937500e+02
1.108382034301757812e+02
1.096884613037109375e+02
1.109097442626953125e+02
1.101136703491210938e+02
1.104528961181640625e+02
1.100893707275390625e+02
1.109828643798828125e+02
1.094397125244140625e+02
1.111263122558593750e+02
1.099871520996093750e+02
1.093563156127929688e+02
1.109716033935546875e+02
1.108764495849609375e+02
1.100944213867187500e+02
1.097509460449218750e+02
1.105285644531250000e+02
1.117037658691406250e+02
1.100929641723632812e+02
1.099167098999023438e+02
1.093753280639648438e+02
1.096614379882812500e+02
1.109719848632812500e+02
1.102361679077148438e+02
1.106315765380859375e+02
1.100295181274414062e+02
1.111632690429687500e+02
1.084363555908203125e+02
1.096991882324218750e+02
1.120252456665039062e+02
1.102124633789062500e+02
1.112318725585937500e+02
1.104864959716796875e+02
1.121440124511718750e+02
1.098008422851562500e+02
1.116986160278320312e+02
1.106057281494140625e+02
1.097430038452148438e+02
1.111318969726562500e+02
1.103757019042968750e+02
1.112544708251953125e+02
1.092231369018554688e+02
1.096170425415039062e+02
1.098567886352539062e+02
1.093381500244140625e+02
1.094448242187500000e+02
1.101412734985351562e+02
1.116884384155273438e+02
1.122655181884765625e+02
1.116952667236328125e+02
1.121611175537109375e+02
1.093134002685546875e+02
1.102430114746093750e+02
1.098617248535156250e+02
1.109393920898437500e+02
1.103792877197265625e+02
1.096242370605468750e+02
1.099479370117187500e+02
1.094932708740234375e+02
1.092724838256835938e+02
1.114303359985351562e+02
1.115386123657226562e+02
1.087291717529296875e+02
1.118412475585937500e+02
1.097705612182617188e+02
1.106649856567382812e+02
1.108115081787109375e+02
1.116261444091796875e+02
1.132658538818359375e+02
1.116286849975585938e+02
1.104843597412109375e+02
1.117771987915039062e+02
1.092693939208984375e+02
1.104191741943359375e+02
1.106796188354492188e+02
1.103953552246093750e+02
1.116917724609375000e+02
1.108087615966796875e+02
1.090304718017578125e+02
1.121030273437500000e+02
1.112820510864257812e+02
1.121530303955078125e+02
1.120619277954101562e+02
1.104426727294921875e+02
1.115472259521484375e+02
1.106911392211914062e+02
1.121053695678710938e+02
1.107418289184570312e+02
1.107271423339843750e+02
1.118305053710937500e+02
1.104815597534179688e+02
1.108190002441406250e+02
1.126133804321289062e+02
1.122592773437500000e+02
1.106838684082031250e+02
1.107725753784179688e+02
1.120120086669921875e+02
1.134196472167968750e+02
1.108277740478515625e+02
1.122901840209960938e+02
1.115924682617187500e+02
1.108092727661132812e+02
1.097739715576171875e+02
1.090982055664062500e+02
1.109921569824218750e+02
1.120254440307617188e+02
1.107885055541992188e+02
1.096628799438476562e+02
1.128863372802734375e+02
1.141262893676757812e+02
1.132199096679687500e+02
1.109265441894531250e+02
1.101257858276367188e+02
1.130167922973632812e+02
1.120759963989257812e+02
1.110453262329101562e+02
1.111830062866210938e+02
1.113167877197265625e+02
1.093679809570312500e+02
1.121110992431640625e+02
1.120756759643554688e+02
1.114502716064453125e+02
1.109304428100585938e+02
1.117851867675781250e+02
1.133199691772460938e+02
1.119482803344726562e+02
1.108237991333007812e+02
1.119454345703125000e+02
1.096995239257812500e+02
1.106079254150390625e+02
1.129202117919921875e+02
1.109614410400390625e+02
1.119063110351562500e+02
1.128019561767578125e+02
1.101272277832031250e+02
1.103503952026367188e+02
1.123357086181640625e+02
1.110595474243164062e+02
1.126220550537109375e+02
1.107681274414062500e+02
1.112520904541015625e+02
1.131246490478515625e+02
1.101905517578125000e+02
1.120984115600585938e+02
1.122248916625976562e+02
1.111962738037109375e+02
1.093899459838867188e+02
1.119260406494140625e+02
1.126572570800781250e+02
1.098528900146484375e+02
1.099224853515625000e+02
1.103946075439453125e+02
1.125209274291992188e+02
1.110422668457031250e+02
1.131366958618164062e+02
1.132682037353515625e+02
1.125547485351562500e+02
1.117908782958984375e+02
1.102170028686523438e+02
1.110640869140625000e+02
1.112560043334960938e+02
1.111154327392578125e+02
1.122212295532226562e+02
1.125258483886718750e+02
1.124186630249023438e+02
1.134163513183593750e+02
1.108189086914062500e+02
1.114058532714843750e+02
1.130253601074218750e+02
1.116830902099609375e+02
1.100334014892578125e+02
1.123570022583007812e+02
1.129000244140625000e+02
1.127324829101562500e+02
1.115910568237304688e+02
1.116567382812500000e+02
1.120705413818359375e+02
1.118628845214843750e+02
1.115133666992187500e+02
1.121149826049804688e+02
1.119802780151367188e+02
1.131324462890625000e+02
1.120618515014648438e+02
1.122493667602539062e+02
1.123052978515625000e+02
1.122696838378906250e+02
1.123974609375000000e+02
1.127078170776367188e+02
1.110458221435546875e+02
1.117227249145507812e+02
1.130294036865234375e+02
1.133399810791015625e+02
1.148345031738281250e+02
1.111501846313476562e+02
1.124010925292968750e+02
1.129553833007812500e+02
1.111682739257812500e+02
1.125219573974609375e+02
1.132286529541015625e+02
1.122394790649414062e+02
1.120324096679687500e+02
1.127027587890625000e+02
1.121441192626953125e+02
1.136682205200195312e+02
1.139471969604492188e+02
1.116171569824218750e+02
1.119182891845703125e+02
1.121914062500000000e+02
1.105523529052734375e+02
1.114887695312500000e+02
1.127514953613281250e+02
1.133150939941406250e+02
1.142291336059570312e+02
1.131837615966796875e+02
1.110504379272460938e+02
1.120365447998046875e+02
1.114045791625976562e+02
1.135353851318359375e+02
1.123304977416992188e+02
1.120439147949218750e+02
1.123262863159179688e+02
1.130020675659179688e+02
1.136706848144531250e+02
1.116402435302734375e+02
1.123919677734375000e+02
1.127011947631835938e+02
1.118829727172851562e+02
1.129984893798828125e+02
1.135318908691406250e+02
1.137862014770507812e+02
1.133160400390625000e+02
1.129670486450195312e+02
1.123269653320312500e+02
1.127018127441406250e+02
1.102227706909179688e+02
1.133967666625976562e+02
1.131630020141601562e+02
1.135272674560546875e+02
1.122042999267578125e+02
1.117115325927734375e+02
1.120302734375000000e+02
1.134042663574218750e+02
1.125232849121093750e+02
1.129196319580078125e+02
1.131739196777343750e+02
1.137016601562500000e+02
1.141224517822265625e+02
1.147661437988281250e+02
1.123439941406250000e+02
1.113997421264648438e+02
1.106463851928710938e+02
1.115234069824218750e+02
1.123140029907226562e+02
1.124385681152343750e+02
1.129940872192382812e+02
1.129218139648437500e+02
1.119443893432617188e+02
1.149249725341796875e+02
1.117402343750000000e+02
1.128425979614257812e+02
1.137773284912109375e+02
1.131262893676757812e+02
1.118181457519531250e+02
1.125149536132812500e+02
1.133210525512695312e+02
1.131272735595703125e+02
1.119759521484375000e+02
1.120154800415039062e+02
1.122015304565429688e+02
1.134336929321289062e+02
1.135037078857421875e+02
1.130893402099609375e+02
1.141749114990234375e+02
1.134605789184570312e+02
1.128240737915039062e+02
1.125721969604492188e+02
1.136838836669921875e+02
1.149179306030273438e+02
1.143924789428710938e+02
1.120450744628906250e+02
1.125271911621093750e+02
1.141678009033203125e+02
1.121704864501953125e+02
1.120673522949218750e+02
1.118747558593750000e+02
1.143674316406250000e+02
1.139822006225585938e+02
1.147371902465820312e+02
1.136035766601562500e+02
1.129633636474609375e+02
1.140145645141601562e+02
1.120352249145507812e+02
1.135416030883789062e+02
1.140418243408203125e+02
1.138488311767578125e+02
1.129873580932617188e+02
1.133649597167968750e+02
1.138839721679687500e+02
1.131645812988281250e+02
1.135253829956054688e+02
1.126374588012695312e+02
1.143962249755859375e+02
1.135339508056640625e+02
1.144851531982421875e+02
1.122856903076171875e+02
1.133857116699218750e+02
1.130729522705078125e+02
1.149432830810546875e+02
1.125101242065429688e+02
1.115288391113281250e+02
1.150671157836914062e+02
1.141418991088867188e+02
1.148545150756835938e+02
1.146608047485351562e+02
1.133880233764648438e+02
1.156583023071289062e+02
1.148755340576171875e+02
1.132881546020507812e+02
1.143250961303710938e+02
1.124356765747070312e+02
1.127867355346679688e+02
1.138638534545898438e+02
1.122753753662109375e+02
1.115263671875000000e+02
1.140827026367187500e+02
1.147753524780273438e+02
1.139733352661132812e+02
1.134228668212890625e+02
1.139556732177734375e+02
1.134441680908203125e+02
1.123075103759765625e+02
1.138508834838867188e+02
1.133914642333984375e+02
1.135000839233398438e+02
1.132630081176757812e+02
1.126917877197265625e+02
1.145863189697265625e+02
1.137667083740234375e+02
1.134194335937500000e+02
1.136638336181640625e+02
1.133220825195312500e+02
1.154405899047851562e+02
1.139937362670898438e+02
1.132638931274414062e+02
1.132011337280273438e+02
1.146830596923828125e+02
1.140366744995117188e+02
1.157986907958984375e+02
1.141504440307617188e+02
1.156815643310546875e+02
1.133673553466796875e+02
1.144342346191406250e+02
1.147526855468750000e+02
1.151478881835937500e+02
1.130501861572265625e+02
1.126153869628906250e+02
1.141339569091796875e+02
1.148952941894531250e+02
1.134686737060546875e+02
1.150200805664062500e+02
1.141551895141601562e+02
1.149495086669921875e+02
1.156386947631835938e+02
1.159560546875000000e+02
1.157414703369140625e+02
1.143308105468750000e+02
1.144396972656250000e+02
1.157272415161132812e+02
1.126020507812500000e+02
1.141839141845703125e+02
1.170275268554687500e+02
1.144006042480468750e+02
1.160847625732421875e+02
1.155899810791015625e+02
1.141901550292968750e+02
1.165295028686523438e+02
1.152860107421875000e+02
1.154093017578125000e+02
1.156912078857421875e+02
1.146673278808593750e+02
1.162576141357421875e+02
1.168255538940429688e+02
1.150761260986328125e+02
1.170954360961914062e+02
1.141719360351562500e+02
1.156602630615234375e+02
1.157764282226562500e+02
1.155153808593750000e+02
1.152732543945312500e+02
1.154991149902343750e+02
1.146679534912109375e+02
1.152151260375976562e+02
1.141735992431640625e+02
1.144651184082031250e+02
1.155299377441406250e+02
1.150113525390625000e+02
1.148915328979492188e+02
1.141417236328125000e+02
1.157551116943359375e+02
1.153510971069335938e+02
1.153313064575195312e+02
1.148186950683593750e+02
1.153914489746093750e+02
1.148217315673828125e+02
1.135320663452148438e+02
1.146245651245117188e+02
1.144544830322265625e+02
1.168704223632812500e+02
1.129678268432617188e+02
1.144739608764648438e+02
1.152816848754882812e+02
1.147582550048828125e+02
1.161579284667968750e+02
1.150652160644531250e+02
1.145639495849609375e+02
1.162780990600585938e+02
1.166075668334960938e+02
1.150217590332031250e+02
1.138036651611328125e+02
1.145086898803710938e+02
1.148448410034179688e+02
1.150153732299804688e+02
1.171026000976562500e+02
1.170850067138671875e+02
1.154962081909179688e+02
1.169360351562500000e+02
1.139714126586914062e+02
1.162010269165039062e+02
1.166501617431640625e+02
1.162436447143554688e+02
1.150308074951171875e+02
1.179466552734375000e+02
1.154315109252929688e+02
1.159376678466796875e+02
1.148098754882812500e+02
1.158994293212890625e+02
1.155285720825195312e+02
1.160376815795898438e+02
1.154627304077148438e+02
1.149751129150390625e+02
1.140960693359375000e+02
1.161741333007812500e+02
1.151927032470703125e+02
1.146199951171875000e+02
1.153904647827148438e+02
1.148604202270507812e+02
1.160351409912109375e+02
1.143564910888671875e+02
1.153425521850585938e+02
1.145935592651367188e+02
1.151792755126953125e+02
1.162423324584960938e+02
1.154179992675781250e+02
1.150907135009765625e+02
1.177004241943359375e+02
1.177329406738281250e+02
1.178528976440429688e+02
1.171854705810546875e+02
1.150044097900390625e+02
1.139532852172851562e+02
1.164770660400390625e+02
1.146649475097656250e+02
1.168190078735351562e+02
1.159350738525390625e+02
1.152283477783203125e+02
1.171976165771484375e+02
1.158796539306640625e+02
1.162842788696289062e+02
1.170134277343750000e+02
1.155088729858398438e+02
1.162038955688476562e+02
1.178797225952148438e+02
1.181747207641601562e+02
1.148753204345703125e+02
1.169434585571289062e+02
1.149136047363281250e+02
1.176142120361328125e+02
1.157351303100585938e+02
1.182118377685546875e+02
1.170559539794921875e+02
1.139971771240234375e+02
1.166824722290039062e+02
1.142607574462890625e+02
1.148758087158203125e+02
1.173521041870117188e+02
1.163391571044921875e+02
1.156714706420898438e+02
1.178993377685546875e+02
1.176457824707031250e+02
1.160523071289062500e+02
1.182992553710937500e+02
1.157830810546875000e+02
1.164817581176757812e+02
1.168427886962890625e+02
1.162647399902343750e+02
1.181892089843750000e+02
1.172538070678710938e+02
1.157781753540039062e+02
1.173777923583984375e+02
1.167065505981445312e+02
1.159470672607421875e+02
1.170136795043945312e+02
1.162236785888671875e+02
1.173012084960937500e+02
1.158577117919921875e+02
1.172948608398437500e+02
1.170351943969726562e+02
1.169509811401367188e+02
1.163748779296875000e+02
1.170630798339843750e+02
1.167161712646484375e+02
1.154742279052734375e+02
1.170376510620117188e+02
1.163477172851562500e+02
1.157846908569335938e+02
1.158606719970703125e+02
1.177172622680664062e+02
1.173101654052734375e+02
1.169665374755859375e+02
1.169193038940429688e+02
1.170390167236328125e+02
1.170775680541992188e+02
1.154112396240234375e+02
1.159965820312500000e+02
1.183823699951171875e+02
1.158036117553710938e+02
1.157642822265625000e+02
1.163776702880859375e+02
1.182239074707031250e+02
1.175139694213867188e+02
1.159751205444335938e+02
1.171405639648437500e+02
1.159217300415039062e+02
1.152720336914062500e+02
1.172444458007812500e+02
1.166615600585937500e+02
1.153983917236328125e+02
1.167112808227539062e+02
1.160815429687500000e+02
1.156413879394531250e+02
1.187064590454101562e+02
1.169423294067382812e+02
1.164659118652343750e+02
1.174214172363281250e+02
1.159077301025390625e+02
1.152788772583007812e+02
1.182518157958984375e+02
1.166976394653320312e+02
1.167494812011718750e+02
1.179521942138671875e+02
1.170902099609375000e+02
1.156935348510742188e+02
1.172746429443359375e+02
1.175445098876953125e+02
1.174724273681640625e+02
1.181223526000976562e+02
1.149390182495117188e+02
1.169156188964843750e+02
1.163703918457031250e+02
1.169788131713867188e+02
1.172145996093750000e+02
1.191810836791992188e+02
1.166427001953125000e+02
1.172218093872070312e+02
1.170735549926757812e+02
1.189425430297851562e+02
1.157228393554687500e+02
1.160438156127929688e+02
1.179309539794921875e+02
1.181208953857421875e+02
1.177679367065429688e+02
1.174341735839843750e+02
1.161258392333984375e+02
1.170334777832031250e+02
1.169639205932617188e+02
1.161358489990234375e+02
1.165177612304687500e+02
1.177069549560546875e+02
1.163899993896484375e+02
1.195585784912109375e+02
1.178737564086914062e+02
1.175855102539062500e+02
1.178386230468750000e+02
1.177237319946289062e+02
1.194509735107421875e+02
1.182013168334960938e+02
1.184962768554687500e+02
1.184646606445312500e+02
1.172034759521484375e+02
1.182471008300781250e+02
1.168002853393554688e+02
1.188353347778320312e+02
1.181990661621093750e+02
1.187511444091796875e+02
1.188629837036132812e+02
1.168606719970703125e+02
1.175570449829101562e+02
1.176456604003906250e+02
1.164971771240234375e+02
1.198587799072265625e+02
1.185808563232421875e+02
1.178699111938476562e+02
1.164885406494140625e+02
1.183418884277343750e+02
1.191791839599609375e+02
1.182402038574218750e+02
1.158489532470703125e+02
1.175616149902343750e+02
1.189251556396484375e+02
1.171775283813476562e+02
1.172941665649414062e+02
1.178468933105468750e+02
1.182555694580078125e+02
1.173682174682617188e+02
1.177842712402343750e+02
1.197917556762695312e+02
1.158835449218750000e+02
1.179196624755859375e+02
1.180123291015625000e+02
1.177846908569335938e+02
1.185075759887695312e+02
1.184020462036132812e+02
1.172841567993164062e+02
1.172702407836914062e+02
1.184710159301757812e+02
1.173845596313476562e+02
1.188731842041015625e+02
1.173781204223632812e+02
1.160685119628906250e+02
1.177163391113281250e+02
1.177918167114257812e+02
1.178896331787109375e+02
1.181145324707031250e+02
1.169835433959960938e+02
1.177537307739257812e+02
1.185779266357421875e+02
1.195815582275390625e+02
1.187938079833984375e+02
1.187793273925781250e+02
1.175110626220703125e+02
1.196052398681640625e+02
1.186387634277343750e+02
1.161559295654296875e+02
1.177788391113281250e+02
1.172198486328125000e+02
1.191865921020507812e+02
1.170409545898437500e+02
1.158453369140625000e+02
1.165316925048828125e+02
1.167973175048828125e+02
1.184806137084960938e+02
1.166047973632812500e+02
1.184821014404296875e+02
1.202239761352539062e+02
1.189910278320312500e+02
1.197880935668945312e+02
1.183527374267578125e+02
1.184761199951171875e+02
1.184113159179687500e+02
1.150209503173828125e+02
1.170110168457031250e+02
1.184140014648437500e+02
1.193917236328125000e+02
1.183844299316406250e+02
1.185869445800781250e+02
1.192649078369140625e+02
1.176417922973632812e+02
1.183782501220703125e+02
1.176912460327148438e+02
1.184976730346679688e+02
1.192015686035156250e+02
1.192921218872070312e+02
1.181974029541015625e+02
1.175114364624023438e+02
1.203356323242187500e+02
1.183520507812500000e+02
1.213228683471679688e+02
1.179057159423828125e+02
1.184183425903320312e+02
1.199904174804687500e+02
1.208899154663085938e+02
1.182132949829101562e+02
1.201864547729492188e+02
1.204234695434570312e+02
1.212014617919921875e+02
1.188352203369140625e+02
1.181127471923828125e+02
1.185559844970703125e+02
1.177189483642578125e+02
1.168382415771484375e+02
1.192281570434570312e+02
1.187967376708984375e+02
1.186793746948242188e+02
1.194510498046875000e+02
1.180006103515625000e+02
1.190421905517578125e+02
1.176652679443359375e+02
1.194528198242187500e+02
1.198754348754882812e+02
1.187786560058593750e+02
1.184932098388671875e+02
1.198355102539062500e+02
1.177561111450195312e+02
1.185615768432617188e+02
1.207471160888671875e+02
1.189112701416015625e+02
1.181259307861328125e+02
1.199498367309570312e+02
1.186434020996093750e+02
1.179823150634765625e+02
1.189568405151367188e+02
1.205052795410156250e+02
1.201129913330078125e+02
1.184587020874023438e+02
1.182362823486328125e+02
1.186616516113281250e+02
1.173392562866210938e+02
1.201880569458007812e+02
1.192538909912109375e+02
1.183659515380859375e+02
1.206866760253906250e+02
1.204714202880859375e+02
1.184454498291015625e+02
1.192024993896484375e+02
1.190699386596679688e+02
1.206370773315429688e+02
1.183053741455078125e+02
1.208233184814453125e+02
1.212667388916015625e+02
1.181948242187500000e+02
1.179640350341796875e+02
1.194394989013671875e+02
1.210791168212890625e+02
1.183977584838867188e+02
1.189873886108398438e+02
1.196454467773437500e+02
1.187734527587890625e+02
1.214671401977539062e+02
1.180998153686523438e+02
1.188212356567382812e+02
1.183717193603515625e+02
1.190519104003906250e+02
1.192957305908203125e+02
1.197228851318359375e+02
1.211647033691406250e+02
1.188807220458984375e+02
1.195572433471679688e+02
1.185311279296875000e+02
1.185456390380859375e+02
1.200186462402343750e+02
1.200067062377929688e+02
1.188659896850585938e+02
1.198891067504882812e+02
1.183749542236328125e+02
1.195442047119140625e+02
1.212227783203125000e+02
1.184898071289062500e+02
1.179815673828125000e+02
1.203730697631835938e+02
1.180407409667968750e+02
1.210841522216796875e+02
1.208224029541015625e+02
1.202275085449218750e+02
1.198737564086914062e+02
1.189685058593750000e+02
1.187009887695312500e+02
1.212648468017578125e+02
1.200826721191406250e+02
1.190491104125976562e+02
1.205047912597656250e+02
1.199691009521484375e+02
1.200662689208984375e+02
1.221913070678710938e+02
1.203062896728515625e+02
1.201134185791015625e+02
1.194194641113281250e+02
1.186888046264648438e+02
1.199816207885742188e+02
1.195378799438476562e+02
1.208331832885742188e+02
1.194993972778320312e+02
1.200676040649414062e+02
1.208898620605468750e+02
1.194635848999023438e+02
1.206122512817382812e+02
1.204882583618164062e+02
1.199463653564453125e+02
1.211434326171875000e+02
1.178064422607421875e+02
1.192452697753906250e+02
1.201566162109375000e+02
1.211320495605468750e+02
1.198651580810546875e+02
1.207857437133789062e+02
1.205745773315429688e+02
1.209257354736328125e+02
1.216211853027343750e+02
1.203555297851562500e+02
1.186925811767578125e+02
1.190003128051757812e+02
1.197618255615234375e+02
1.219091033935546875e+02
1.198040695190429688e+02
1.191860580444335938e+02
1.201029357910156250e+02
1.212040557861328125e+02
1.194255828857421875e+02
1.205562133789062500e+02
1.203344497680664062e+02
1.201632385253906250e+02
1.207631607055664062e+02
1.212293853759765625e+02
1.198124008178710938e+02
1.201501693725585938e+02
1.212945632934570312e+02
1.189875335693359375e+02
1.205104904174804688e+02
1.193114776611328125e+02
1.214137191772460938e+02
1.212500534057617188e+02
1.195501861572265625e+02
1.195148925781250000e+02
1.211485977172851562e+02
1.194970626831054688e+02
1.189753723144531250e+02
1.221245574951171875e+02
1.208720855712890625e+02
1.194616394042968750e+02
1.194899063110351562e+02
1.208394470214843750e+02
1.208191452026367188e+02
1.193153991699218750e+02
1.201237182617187500e+02
1.203840408325195312e+02
1.213581848144531250e+02
1.213009414672851562e+02
1.199866790771484375e+02
1.210518951416015625e+02
1.197586212158203125e+02
1.195290374755859375e+02
1.203078079223632812e+02
1.220565643310546875e+02
1.183010711669921875e+02
1.217820358276367188e+02
1.197118682861328125e+02
1.206112747192382812e+02
1.193098220825195312e+02
1.190960083007812500e+02
1.209633865356445312e+02
1.211490478515625000e+02
1.217290115356445312e+02
1.210734100341796875e+02
1.203902664184570312e+02
1.208788223266601562e+02
1.207554931640625000e+02
1.203319091796875000e+02
1.213958663940429688e+02
1.210690536499023438e+02
1.194005737304687500e+02
1.207458038330078125e+02
1.211230010986328125e+02
1.209282226562500000e+02
1.235779266357421875e+02
1.213306961059570312e+02
1.208773880004882812e+02
1.212831649780273438e+02
1.217578659057617188e+02
1.214591751098632812e+02
1.212152404785156250e+02
1.202787246704101562e+02
1.234152908325195312e+02
1.207476806640625000e+02
1.218048400878906250e+02
1.201909866333007812e+02
1.225170745849609375e+02
1.219378356933593750e+02
1.201576232910156250e+02
1.188545074462890625e+02
1.211083679199218750e+02
1.215663681030273438e+02
1.218349685668945312e+02
1.228708114624023438e+02
1.218834609985351562e+02
1.204823150634765625e+02
1.203966522216796875e+02
1.209588775634765625e+02
1.208208236694335938e+02
1.210111083984375000e+02
1.208927230834960938e+02
1.201025390625000000e+02
1.205790939331054688e+02
1.237505950927734375e+02
1.204204330444335938e+02
1.223296585083007812e+02
1.233748474121093750e+02
1.226682052612304688e+02
1.215662384033203125e+02
1.220395584106445312e+02
1.234582977294921875e+02
1.214628524780273438e+02
1.219712524414062500e+02
1.201448059082031250e+02
1.198333435058593750e+02
1.203732757568359375e+02
1.221770477294921875e+02
1.221720733642578125e+02
1.226537094116210938e+02
1.219671020507812500e+02
1.217334518432617188e+02
1.217764892578125000e+02
1.204573516845703125e+02
1.216654968261718750e+02
1.229940567016601562e+02
1.205248413085937500e+02
1.223509216308593750e+02
1.204849090576171875e+02
1.225431213378906250e+02
1.238413925170898438e+02
1.242197036743164062e+02
1.223898773193359375e+02
1.250350341796875000e+02
1.245943527221679688e+02
1.233867340087890625e+02
1.239181823730468750e+02
1.235581970214843750e+02
1.229680709838867188e+02
1.212586669921875000e+02
1.201567230224609375e+02
1.224123916625976562e+02
1.233819580078125000e+02
1.214887084960937500e+02
1.206404495239257812e+02
1.225494995117187500e+02
1.244962768554687500e+02
1.221658935546875000e+02
1.215082702636718750e+02
1.202527847290039062e+02
1.206251220703125000e+02
1.229681167602539062e+02
1.233163833618164062e+02
1.225558776855468750e+02
1.239707794189453125e+02
1.214226455688476562e+02
1.238566513061523438e+02
1.204777603149414062e+02
1.242189254760742188e+02
1.205859527587890625e+02
1.218375167846679688e+02
1.204117584228515625e+02
1.225055236816406250e+02
1.223801345825195312e+02
1.229539947509765625e+02
1.212947692871093750e+02
1.203556900024414062e+02
1.235058898925781250e+02
1.210185241699218750e+02
1.217602462768554688e+02
1.206220932006835938e+02
1.218363342285156250e+02
1.220680389404296875e+02
1.221485748291015625e+02
1.226435241699218750e+02
1.222214355468750000e+02
1.218910217285156250e+02
1.212525253295898438e+02
1.208843994140625000e+02
1.227276153564453125e+02
1.213700180053710938e+02
1.210526809692382812e+02
1.209167633056640625e+02
1.225820388793945312e+02
1.225422439575195312e+02
1.214996261596679688e+02
1.209584960937500000e+02
1.214315795898437500e+02
1.220375976562500000e+02
1.203092422485351562e+02
1.214428787231445312e+02
1.223942108154296875e+02
1.218105010986328125e+02
1.214627456665039062e+02
1.211519546508789062e+02
1.230688095092773438e+02
1.224509124755859375e+02
1.225912017822265625e+02
1.222772216796875000e+02
1.233048400878906250e+02
1.222500381469726562e+02
1.213345336914062500e+02
1.211925888061523438e+02
1.235093688964843750e+02
1.217744369506835938e+02
1.218825302124023438e+02
1.221520233154296875e+02
1.232805175781250000e+02
1.219408416748046875e+02
1.220137023925781250e+02
1.220167694091796875e+02
1.201022415161132812e+02
1.224170761108398438e+02
1.212579574584960938e+02
1.215909042358398438e+02
1.227722549438476562e+02
1.207992858886718750e+02
1.222217941284179688e+02
1.224697418212890625e+02
1.246771087646484375e+02
1.224825744628906250e+02
1.221193313598632812e+02
1.217269592285156250e+02
1.228836669921875000e+02
1.253205413818359375e+02
1.234278717041015625e+02
1.222470016479492188e+02
1.214235153198242188e+02
1.230301895141601562e+02
1.218667678833007812e+02
1.215461578369140625e+02
1.238617248535156250e+02
1.228595352172851562e+02
1.250287170410156250e+02
1.254204254150390625e+02
1.223438262939453125e+02
1.220390701293945312e+02
1.232443008422851562e+02
1.221305694580078125e+02
1.231532669067382812e+02
1.230220031738281250e+02
1.229266128540039062e+02
1.228561553955078125e+02
1.227586898803710938e+02
1.236086578369140625e+02
1.240691757202148438e+02
1.242399291992187500e+02
1.243324279785156250e+02
1.237429046630859375e+02
1.218789901733398438e+02
1.237229614257812500e+02
1.232708663940429688e+02
1.216266784667968750e+02
1.210068359375000000e+02
1.238381271362304688e+02
1.232767028808593750e+02
1.219205322265625000e+02
1.229312591552734375e+02
1.242928009033203125e+02
1.221519012451171875e+02
1.241839370727539062e+02
1.218425674438476562e+02
1.236719665527343750e+02
1.216938400268554688e+02
1.216850509643554688e+02
1.233552932739257812e+02
1.232272338867187500e+02
1.221698684692382812e+02
1.230821685791015625e+02
1.221520767211914062e+02
1.234307250976562500e+02
1.214744262695312500e+02
1.244538726806640625e+02
1.228391342163085938e+02
1.220137939453125000e+02
1.238688964843750000e+02
1.214306259155273438e+02
1.211700210571289062e+02
1.240288848876953125e+02
1.235871124267578125e+02
1.220882492065429688e+02
1.239101715087890625e+02
1.224400405883789062e+02
1.217567367553710938e+02
1.229464111328125000e+02
1.236012878417968750e+02
1.235302276611328125e+02
1.225210037231445312e+02
1.212167510986328125e+02
1.236612472534179688e+02
1.251571121215820312e+02
1.257151031494140625e+02
1.268145599365234375e+02
1.223078384399414062e+02
1.211038055419921875e+02
1.239160690307617188e+02
1.229865722656250000e+02
1.228013916015625000e+02
1.232641830444335938e+02
1.228660125732421875e+02
1.221629943847656250e+02
1.244028930664062500e+02
1.240694808959960938e+02
1.235067214965820312e+02
1.241202697753906250e+02
1.225962371826171875e+02
1.215671844482421875e+02
1.230553741455078125e+02
1.258141403198242188e+02
1.234702911376953125e+02
1.224444198608398438e+02
1.240443267822265625e+02
1.227731323242187500e+02
1.220026626586914062e+02
1.242101745605468750e+02
1.230723495483398438e+02
1.241920166015625000e+02
1.239473724365234375e+02
1.256209106445312500e+02
1.217323074340820312e+02
1.230426101684570312e+02
1.226662292480468750e+02
1.252062988281250000e+02
1.239231109619140625e+02
1.258022766113281250e+02
1.253689041137695312e+02
1.248918838500976562e+02
1.225731506347656250e+02
1.251870040893554688e+02
1.261371917724609375e+02
1.296755676269531250e+02
1.265904006958007812e+02
1.217050781250000000e+02
1.237172775268554688e+02
1.251305236816406250e+02
1.259656524658203125e+02
1.264242935180664062e+02
1.251505203247070312e+02
1.227584381103515625e+02
1.219581222534179688e+02
1.241027832031250000e+02
1.237901153564453125e+02
1.236512680053710938e+02
1.250627899169921875e+02
1.262435760498046875e+02
1.228394927978515625e+02
1.236699981689453125e+02
1.223459091186523438e+02
1.237776794433593750e+02
1.218301467895507812e+02
1.230099334716796875e+02
1.223684921264648438e+02
1.221483917236328125e+02
1.237584991455078125e+02
1.223927001953125000e+02
1.230789794921875000e+02
1.236133041381835938e+02
1.240571899414062500e+02
1.239597778320312500e+02
1.254154586791992188e+02
1.240048980712890625e+02
1.227578964233398438e+02
1.244397125244140625e+02
1.244253082275390625e+02
1.246405868530273438e+02
1.249733886718750000e+02
1.229556503295898438e+02
1.234130706787109375e+02
1.231829223632812500e+02
1.232924728393554688e+02
1.243292388916015625e+02
1.243987045288085938e+02
1.252392807006835938e+02
1.254934539794921875e+02
1.249888229370117188e+02
1.225084991455078125e+02
1.236159057617187500e+02
1.250532531738281250e+02
1.262097091674804688e+02
1.248093032836914062e+02
1.239435424804687500e+02
1.228101806640625000e+02
1.226261291503906250e+02
1.235109405517578125e+02
1.219641571044921875e+02
1.243407135009765625e+02
1.230304412841796875e+02
1.241111907958984375e+02
1.260149536132812500e+02
1.256020355224609375e+02
1.246496582031250000e+02
1.228207092285156250e+02
1.255598602294921875e+02
1.245096282958984375e+02
1.244459838867187500e+02
1.254869689941406250e+02
1.268408584594726562e+02
1.265038452148437500e+02
1.249890213012695312e+02
1.243731689453125000e+02
1.233533859252929688e+02
1.281791381835937500e+02
1.306752166748046875e+02
1.268259201049804688e+02
1.260055618286132812e+02
1.243540725708007812e+02
1.246421432495117188e+02
1.252833251953125000e+02
1.249581069946289062e+02
1.251615829467773438e+02
1.250821228027343750e+02
1.252913818359375000e+02
1.231597061157226562e+02
1.247234497070312500e+02
1.237117004394531250e+02
1.208012084960937500e+02
1.254899597167968750e+02
1.249116363525390625e+02
1.238468780517578125e+02
1.236279144287109375e+02
1.240207672119140625e+02
1.261861495971679688e+02
1.256481399536132812e+02
1.244229049682617188e+02
1.266040573120117188e+02
1.251094207763671875e+02
1.243697128295898438e+02
1.255563659667968750e+02
1.238297119140625000e+02
1.258143386840820312e+02
1.284255828857421875e+02
1.280292968750000000e+02
1.277860565185546875e+02
1.285195617675781250e+02
1.294555664062500000e+02
1.254864654541015625e+02
1.241595153808593750e+02
1.248398132324218750e+02
1.285159454345703125e+02
1.306957092285156250e+02
1.277016754150390625e+02
1.238931961059570312e+02
1.241562805175781250e+02
1.215816650390625000e+02
1.263799133300781250e+02
1.282818908691406250e+02
1.300808410644531250e+02
1.289911804199218750e+02
1.256538696289062500e+02
1.246688995361328125e+02
1.254040374755859375e+02
1.286350708007812500e+02
1.270198059082031250e+02
1.273950347900390625e+02
1.248074798583984375e+02
1.238933486938476562e+02
1.242601165771484375e+02
1.264492111206054688e+02
1.228712005615234375e+02
1.225958633422851562e+02
1.228653259277343750e+02
1.254328765869140625e+02
1.245654144287109375e+02
1.257162017822265625e+02
1.239267730712890625e+02
1.253981628417968750e+02
1.263456954956054688e+02
1.244766616821289062e+02
1.236552276611328125e+02
1.233039855957031250e+02
1.260574951171875000e+02
1.259220657348632812e+02
1.239709472656250000e+02
1.259779129028320312e+02
1.286555175781250000e+02
1.287190704345703125e+02
1.256397323608398438e+02
1.255552062988281250e+02
1.247931060791015625e+02
1.253392639160156250e+02
1.289313812255859375e+02
1.308748474121093750e+02
1.301017456054687500e+02
1.262843246459960938e+02
1.263310699462890625e+02
1.250631637573242188e+02
1.240718002319335938e+02
1.262886047363281250e+02
1.257948303222656250e+02
1.306105651855468750e+02
1.308346557617187500e+02
1.269740982055664062e+02
1.257419357299804688e+02
1.242070465087890625e+02
1.246117095947265625e+02
1.275853424072265625e+02
1.317989501953125000e+02
1.309962768554687500e+02
1.280895690917968750e+02
1.255540466308593750e+02
1.237948303222656250e+02
1.265018463134765625e+02
1.294405212402343750e+02
1.306557922363281250e+02
1.316867523193359375e+02
1.277248535156250000e+02
1.245984573364257812e+02
1.243516998291015625e+02
1.273479461669921875e+02
1.303346862792968750e+02
1.328878173828125000e+02
1.274108886718750000e+02
1.263542556762695312e+02
1.258768615722656250e+02
1.309467163085937500e+02
1.334307250976562500e+02
1.315917053222656250e+02
1.286545104980468750e+02
1.250992965698242188e+02
1.259030151367187500e+02
1.294018859863281250e+02
1.287244262695312500e+02
1.281053161621093750e+02
1.275196685791015625e+02
1.278364791870117188e+02
1.283334350585937500e+02
1.272145156860351562e+02
1.251860961914062500e+02
1.257760772705078125e+02
1.270306701660156250e+02
1.251477050781250000e+02
1.273443603515625000e+02
1.298103942871093750e+02
1.308503265380859375e+02
1.290440216064453125e+02
1.243493881225585938e+02
1.272621841430664062e+02
1.310502929687500000e+02
1.345883178710937500e+02
1.342147521972656250e+02
1.264409179687500000e+02
1.246135940551757812e+02
1.287886352539062500e+02
1.334153900146484375e+02
1.329819946289062500e+02
1.307723083496093750e+02
1.248393554687500000e+02
1.265748519897460938e+02
1.282655029296875000e+02
1.284325866699218750e+02
1.307973327636718750e+02
1.281637268066406250e+02
1.251772918701171875e+02
1.246363372802734375e+02
1.256319274902343750e+02
1.271415786743164062e+02
1.289437408447265625e+02
1.298664703369140625e+02
1.322963714599609375e+02
1.301856079101562500e+02
1.268242797851562500e+02
1.260271759033203125e+02
1.243311843872070312e+02
1.289062042236328125e+02
1.332024841308593750e+02
1.351820831298828125e+02
1.307070617675781250e+02
1.256020812988281250e+02
1.257197723388671875e+02
1.299602203369140625e+02
1.334432525634765625e+02
1.325115051269531250e+02
1.286113739013671875e+02
1.263441162109375000e+02
1.257803192138671875e+02
1.278164825439453125e+02
1.264929733276367188e+02
1.279730987548828125e+02
1.287106628417968750e+02
1.285238647460937500e+02
1.292320556640625000e+02
1.283152313232421875e+02
1.280957946777343750e+02
1.277915496826171875e+02
1.248810577392578125e+02
1.254258193969726562e+02
1.261569213867187500e+02
1.255581207275390625e+02
1.276166915893554688e+02
1.286514434814453125e+02
1.295316467285156250e+02
1.307283477783203125e+02
1.280797576904296875e+02
1.274853973388671875e+02
1.258763351440429688e+02
1.254429016113281250e+02
1.266709899902343750e+02
1.259793853759765625e+02
1.259682846069335938e+02
1.288286590576171875e+02
1.296040802001953125e+02
1.333639831542968750e+02
1.336320190429687500e+02
1.270352783203125000e+02
1.262322845458984375e+02
1.278711929321289062e+02
1.340585021972656250e+02
1.401427459716796875e+02
1.315660858154296875e+02
1.281892700195312500e+02
1.259267120361328125e+02
1.268291854858398438e+02
1.326155395507812500e+02
1.344794769287109375e+02
1.333837890625000000e+02
1.266636581420898438e+02
1.264737548828125000e+02
1.240886840820312500e+02
1.301431884765625000e+02
1.334156341552734375e+02
1.365879974365234375e+02
1.328222808837890625e+02
1.270918350219726562e+02
1.240563507080078125e+02
1.253511962890625000e+02
1.296626739501953125e+02
1.349148101806640625e+02
1.370317535400390625e+02
1.290048980712890625e+02
1.271480407714843750e+02
1.268564453125000000e+02
1.270144729614257812e+02
1.253062744140625000e+02
1.249547119140625000e+02
1.268865432739257812e+02
1.256054000854492188e+02
1.341238098144531250e+02
1.332702026367187500e+02
1.316045532226562500e+02
1.307037811279296875e+02
1.284400024414062500e+02
1.271573028564453125e+02
1.261295394897460938e+02
1.291188659667968750e+02
1.254128112792968750e+02
1.256451187133789062e+02
1.260037994384765625e+02
1.263016738891601562e+02
1.272961196899414062e+02
1.312598114013671875e+02
1.331653137207031250e+02
1.309550323486328125e+02
1.305889892578125000e+02
1.278788681030273438e+02
1.259909210205078125e+02
1.266035614013671875e+02
1.260444030761718750e+02
1.261425781250000000e+02
1.276244430541992188e+02
1.309542846679687500e+02
1.309724121093750000e+02
1.309868316650390625e+02
1.292400207519531250e+02
1.305616302490234375e+02
1.286578521728515625e+02
1.291636810302734375e+02
1.296426849365234375e+02
1.298185729980468750e+02
1.352590637207031250e+02
1.354694519042968750e+02
1.315449981689453125e+02
1.268258743286132812e+02
1.261050872802734375e+02
1.270475540161132812e+02
1.319375000000000000e+02
1.358507080078125000e+02
1.333898468017578125e+02
1.319625244140625000e+02
1.298680419921875000e+02
1.294930419921875000e+02
1.246854019165039062e+02
1.253230209350585938e+02
1.266589660644531250e+02
1.300725555419921875e+02
1.332577362060546875e+02
1.329584655761718750e+02
1.305022888183593750e+02
1.286817932128906250e+02
1.278572845458984375e+02
1.255299224853515625e+02
1.272278518676757812e+02
1.278355102539062500e+02
1.274376907348632812e+02
1.269059600830078125e+02
1.277164611816406250e+02
1.279547805786132812e+02
1.300771789550781250e+02
1.296745605468750000e+02
1.274358978271484375e+02
1.279979629516601562e+02
1.294402770996093750e+02
1.326245880126953125e+02
1.389531707763671875e+02
1.359829559326171875e+02
1.315100402832031250e+02
1.285571899414062500e+02
1.267319183349609375e+02
1.248793869018554688e+02
1.280119323730468750e+02
1.306508789062500000e+02
1.365387878417968750e+02
1.380358581542968750e+02
1.334115600585937500e+02
1.316856994628906250e+02
1.300225372314453125e+02
1.305368804931640625e+02
1.279636840820312500e+02
1.313051452636718750e+02
1.338293762207031250e+02
1.326454162597656250e+02
1.295236511230468750e+02
1.317154846191406250e+02
1.295482177734375000e+02
1.309104309082031250e+02
1.292234344482421875e+02
1.287934875488281250e+02
1.279012451171875000e+02
1.303211822509765625e+02
1.324818115234375000e+02
1.398585968017578125e+02
1.351416778564453125e+02
1.311678619384765625e+02
1.287366943359375000e+02
1.272224121093750000e+02
1.268349838256835938e+02
1.256604156494140625e+02
1.304401702880859375e+02
1.342489166259765625e+02
1.384476318359375000e+02
1.379096527099609375e+02
1.331701965332031250e+02
1.299644165039062500e+02
1.296430206298828125e+02
1.294113464355468750e+02
1.325019683837890625e+02
1.345980072021484375e+02
1.355800476074218750e+02
1.342720947265625000e+02
1.323738098144531250e+02
1.296676635742187500e+02
1.301602630615234375e+02
1.302333984375000000e+02
1.355184631347656250e+02
1.374117279052734375e+02
1.367821655273437500e+02
1.341914672851562500e+02
1.297311248779296875e+02
1.330217285156250000e+02
1.331749572753906250e+02
1.361276702880859375e+02
1.335806884765625000e+02
1.355072021484375000e+02
1.325770721435546875e+02
1.331235809326171875e+02
1.306512145996093750e+02
1.310719757080078125e+02
1.317847900390625000e+02
1.334478149414062500e+02
1.311226196289062500e+02
1.328405151367187500e+02
1.293419494628906250e+02
1.311220397949218750e+02
1.312474670410156250e+02
1.315210571289062500e+02
1.340744018554687500e+02
1.374889526367187500e+02
1.335704956054687500e+02
1.351960449218750000e+02
1.333689727783203125e+02
1.329933776855468750e+02
1.285860137939453125e+02
1.301827239990234375e+02
1.321139831542968750e+02
1.346237792968750000e+02
1.352169036865234375e+02
1.374039916992187500e+02
1.321986846923828125e+02
1.309420623779296875e+02
1.311507110595703125e+02
1.306009368896484375e+02
1.338521423339843750e+02
1.374275817871093750e+02
1.380675048828125000e+02
1.342489624023437500e+02
1.273096008300781250e+02
1.294892883300781250e+02
1.278691329956054688e+02
1.265677642822265625e+02
1.275560226440429688e+02
1.272577819824218750e+02
1.268743896484375000e+02
1.305722656250000000e+02
1.321783752441406250e+02
1.394135131835937500e+02
1.463345642089843750e+02
1.332601013183593750e+02
1.298216857910156250e+02
1.252076721191406250e+02
1.276323928833007812e+02
1.293788299560546875e+02
1.273982696533203125e+02
1.384695739746093750e+02
1.408524475097656250e+02
1.439250488281250000e+02
1.370146789550781250e+02
1.349078369140625000e+02
1.280344085693359375e+02
1.282438812255859375e+02
1.300766601562500000e+02
1.293287963867187500e+02
1.309685363769531250e+02
1.351670379638671875e+02
1.387719879150390625e+02
1.416265258789062500e+02
1.370046691894531250e+02
1.329877319335937500e+02
1.329295043945312500e+02
1.338165588378906250e+02
1.358451538085937500e+02
1.399663391113281250e+02
1.358244934082031250e+02
1.359784393310546875e+02
1.319738616943359375e+02
1.322034606933593750e+02
1.329397430419921875e+02
1.317890014648437500e+02
1.335202331542968750e+02
1.376905059814453125e+02
1.414119415283203125e+02
1.349764099121093750e+02
1.305261688232421875e+02
1.279329071044921875e+02
1.283095092773437500e+02
1.329517211914062500e+02
1.367248535156250000e+02
1.430208282470703125e+02
1.385713806152343750e+02
1.373859100341796875e+02
1.366555938720703125e+02
1.316455993652343750e+02
1.294246368408203125e+02
1.290999755859375000e+02
1.286670837402343750e+02
1.301489105224609375e+02
1.367509155273437500e+02
1.445920867919921875e+02
1.374770202636718750e+02
1.374980773925781250e+02
1.335037841796875000e+02
1.342050170898437500e+02
1.319254302978515625e+02
1.353704833984375000e+02
1.340292053222656250e+02
1.361457214355468750e+02
1.331317749023437500e+02
1.359290161132812500e+02
1.371053161621093750e+02
1.364440002441406250e+02
1.398126983642578125e+02
1.420060729980468750e+02
1.356629943847656250e+02
1.314963531494140625e+02
1.326512908935546875e+02
1.344588928222656250e+02
1.359648437500000000e+02
1.409337921142578125e+02
1.345232086181640625e+02
1.324021606445312500e+02
1.290714721679687500e+02
1.321521911621093750e+02
1.299849853515625000e+02
1.332299499511718750e+02
1.395000610351562500e+02
1.467036132812500000e+02
1.388966064453125000e+02
1.296374511718750000e+02
1.309798889160156250e+02
1.300671997070312500e+02
1.321848907470703125e+02
1.419767761230468750e+02
1.446355590820312500e+02
1.441825561523437500e+02
1.331252441406250000e+02
1.293870239257812500e+02
1.298069763183593750e+02
1.305369720458984375e+02
1.331686401367187500e+02
1.406055450439453125e+02
1.413880920410156250e+02
1.387594146728515625e+02
1.375153503417968750e+02
1.364502410888671875e+02
1.348880157470703125e+02
1.357781677246093750e+02
1.340927886962890625e+02
1.388896942138671875e+02
1.403128051757812500e+02
1.428088684082031250e+02
1.356250000000000000e+02
1.318689575195312500e+02
1.296972961425781250e+02
1.299069061279296875e+02
1.327174377441406250e+02
1.325050048828125000e+02
1.367728576660156250e+02
1.406415710449218750e+02
1.398263397216796875e+02
1.394127197265625000e+02
1.357189941406250000e+02
1.323645477294921875e+02
1.338276519775390625e+02
1.388202819824218750e+02
1.415183868408203125e+02
1.422685241699218750e+02
1.361988525390625000e+02
1.323215026855468750e+02
1.311991271972656250e+02
1.334767761230468750e+02
1.375468139648437500e+02
1.481217651367187500e+02
1.422785949707031250e+02
1.365760345458984375e+02
1.325874481201171875e+02
1.326931152343750000e+02
1.331095275878906250e+02
1.361347961425781250e+02
1.401689758300781250e+02
1.442375793457031250e+02
1.411428680419921875e+02
1.375403137207031250e+02
1.326245574951171875e+02
1.350325317382812500e+02
1.345373840332031250e+02
1.384642181396484375e+02
1.442552490234375000e+02
1.505128784179687500e+02
1.315350494384765625e+02
1.292860412597656250e+02
1.369387207031250000e+02
1.564299926757812500e+02
1.547052612304687500e+02
1.291538085937500000e+02
1.345508422851562500e+02
1.647831420898437500e+02
1.416525573730468750e+02
1.314438171386718750e+02
1.276508255004882812e+02
1.297350921630859375e+02
1.354645996093750000e+02
1.416425170898437500e+02
1.552492065429687500e+02
1.371993103027343750e+02
1.295697174072265625e+02
1.277755355834960938e+02
1.279962615966796875e+02
1.312236328125000000e+02
1.362533874511718750e+02
1.455701599121093750e+02
1.473904418945312500e+02
1.426285095214843750e+02
1.322020568847656250e+02
1.261358261108398438e+02
1.288142089843750000e+02
1.286234741210937500e+02
1.285834655761718750e+02
1.319066009521484375e+02
1.355433959960937500e+02
1.417600555419921875e+02
1.477084960937500000e+02
1.379950714111328125e+02
1.326053009033203125e+02
1.319517517089843750e+02
1.349513092041015625e+02
1.358273010253906250e+02
1.408674011230468750e+02
1.384028167724609375e+02
1.435723876953125000e+02
1.360120239257812500e+02
1.385447845458984375e+02
1.388401489257812500e+02
1.414054565429687500e+02
1.414351501464843750e+02
1.430740203857421875e+02
1.377259063720703125e+02
1.342874908447265625e+02
1.332372741699218750e+02
1.355078125000000000e+02
1.396480407714843750e+02
1.483669128417968750e+02
1.377713928222656250e+02
1.325650634765625000e+02
1.332823638916015625e+02
1.345653991699218750e+02
1.401883239746093750e+02
1.515248260498046875e+02
1.363720092773437500e+02
1.307808227539062500e+02
1.307556152343750000e+02
1.377363281250000000e+02
1.473960266113281250e+02
1.537019195556640625e+02
1.365388336181640625e+02
1.291223449707031250e+02
1.287852172851562500e+02
1.262548828125000000e+02
1.305478820800781250e+02
1.304646606445312500e+02
1.399012298583984375e+02
1.568075561523437500e+02
1.424588317871093750e+02
1.365379638671875000e+02
1.338433837890625000e+02
1.386363830566406250e+02
1.458898620605468750e+02
1.541530456542968750e+02
1.348288879394531250e+02
1.292118225097656250e+02
1.281963348388671875e+02
1.279484786987304688e+02
1.268049468994140625e+02
1.289506835937500000e+02
1.279688262939453125e+02
1.283833465576171875e+02
1.330723724365234375e+02
1.460873413085937500e+02
1.461205444335937500e+02
1.492784881591796875e+02
1.361675720214843750e+02
1.319717407226562500e+02
1.315069580078125000e+02
1.354558258056640625e+02
1.448198547363281250e+02
1.531466217041015625e+02
1.375078125000000000e+02
1.308080139160156250e+02
1.303427734375000000e+02
1.312658538818359375e+02
1.396375122070312500e+02
1.577691650390625000e+02
1.409487457275390625e+02
1.336008148193359375e+02
1.315389099121093750e+02
1.329339141845703125e+02
1.389520874023437500e+02
1.476708984375000000e+02
1.472547302246093750e+02
1.457390136718750000e+02
1.386472320556640625e+02
1.381004943847656250e+02
1.444413757324218750e+02
1.514728088378906250e+02
1.392908325195312500e+02
1.351737060546875000e+02
1.364345092773437500e+02
1.442621154785156250e+02
1.504197082519531250e+02
1.540422973632812500e+02
1.349463806152343750e+02
1.297863006591796875e+02
1.269501647949218750e+02
1.287859191894531250e+02
1.305526123046875000e+02
1.396145935058593750e+02
1.575382080078125000e+02
1.471042175292968750e+02
1.443781127929687500e+02
1.370403442382812500e+02
1.398674621582031250e+02
1.379194641113281250e+02
1.458456573486328125e+02
1.453481445312500000e+02
1.501532897949218750e+02
1.410864410400390625e+02
1.381598358154296875e+02
1.374720153808593750e+02
1.415193634033203125e+02
1.447236633300781250e+02
1.529382934570312500e+02
1.379254608154296875e+02
1.369987792968750000e+02
1.376623077392578125e+02
1.468234710693359375e+02
1.465517578125000000e+02
1.467359466552734375e+02
1.358700408935546875e+02
1.318822021484375000e+02
1.335391387939453125e+02
1.374585266113281250e+02
1.456890869140625000e+02
1.571540832519531250e+02
1.354444885253906250e+02
1.306137390136718750e+02
1.295868835449218750e+02
1.314448089599609375e+02
1.339744873046875000e+02
1.458180999755859375e+02
1.496277618408203125e+02
1.571647949218750000e+02
1.378563842773437500e+02
1.319323425292968750e+02
1.310373382568359375e+02
1.349278717041015625e+02
1.388598632812500000e+02
1.582587432861328125e+02
1.411563415527343750e+02
1.346256866455078125e+02
1.339550018310546875e+02
1.401668701171875000e+02
1.507497253417968750e+02
1.644658508300781250e+02
1.324064178466796875e+02
1.313630981445312500e+02
1.567607421875000000e+02
1.562070617675781250e+02
1.471188049316406250e+02
1.321870422363281250e+02
1.309740600585937500e+02
1.293822631835937500e+02
1.317608642578125000e+02
1.388129272460937500e+02
1.533944396972656250e+02
1.447882385253906250e+02
1.438789672851562500e+02
1.375303955078125000e+02
1.375635833740234375e+02
1.448179016113281250e+02
1.545803222656250000e+02
1.398243408203125000e+02
1.398438415527343750e+02
1.349035339355468750e+02
1.421718750000000000e+02
1.487245941162109375e+02
1.537076263427734375e+02
1.373003234863281250e+02
1.315209350585937500e+02
1.319831542968750000e+02
1.310733642578125000e+02
1.321001739501953125e+02
1.445645446777343750e+02
1.553875732421875000e+02
1.637335205078125000e+02
1.329971923828125000e+02
1.322419891357421875e+02
1.483362121582031250e+02
1.623950805664062500e+02
1.615485992431640625e+02
1.317530517578125000e+02
1.317695312500000000e+02
1.571792602539062500e+02
1.503497619628906250e+02
1.486796112060546875e+02
1.380917358398437500e+02
1.335997619628906250e+02
1.329369201660156250e+02
1.419030761718750000e+02
1.550936889648437500e+02
1.664749450683593750e+02
1.336948699951171875e+02
1.305738220214843750e+02
1.599935913085937500e+02
1.598733367919921875e+02
1.482243652343750000e+02
1.340032196044921875e+02
1.305056762695312500e+02
1.344340209960937500e+02
1.519223022460937500e+02
1.689640808105468750e+02
1.367150268554687500e+02
1.306485290527343750e+02
1.545853576660156250e+02
1.632136840820312500e+02
1.484257202148437500e+02
1.319940032958984375e+02
1.427747497558593750e+02
1.741711730957031250e+02
1.343079223632812500e+02
1.438572692871093750e+02
1.880227355957031250e+02
1.360671386718750000e+02
1.408498229980468750e+02
1.965307769775390625e+02
1.367710418701171875e+02
2.171053009033203125e+02
1.722224578857421875e+02
1.545087585449218750e+02
2.063439178466796875e+02
1.423163604736328125e+02
1.359088592529296875e+02
1.724185943603515625e+02
1.840769653320312500e+02
1.329943847656250000e+02
2.033632507324218750e+02
1.732751922607421875e+02
1.385900878906250000e+02
2.332042083740234375e+02
1.467629699707031250e+02
1.504509277343750000e+02
2.084554443359375000e+02
1.390360717773437500e+02
1.366452941894531250e+02
1.923829040527343750e+02
1.649649658203125000e+02
1.314827880859375000e+02
1.627251892089843750e+02
1.959801330566406250e+02
1.437010650634765625e+02
2.603377380371093750e+02
1.329550170898437500e+02
1.889855651855468750e+02
1.637014465332031250e+02
1.329713439941406250e+02
1.843065795898437500e+02
1.528965759277343750e+02
1.445499267578125000e+02
1.921202392578125000e+02
1.512617034912109375e+02
1.680867919921875000e+02
1.859598083496093750e+02
1.495369262695312500e+02
2.199132843017578125e+02
1.665060729980468750e+02
1.420209045410156250e+02
2.230862884521484375e+02
1.451126251220703125e+02
1.896372680664062500e+02
1.620652008056640625e+02
1.411148834228515625e+02
1.417780151367187500e+02
1.712744750976562500e+02
1.595340881347656250e+02
1.374450531005859375e+02
1.573400573730468750e+02
1.917484436035156250e+02
1.627431640625000000e+02
2.071546630859375000e+02
1.560484619140625000e+02
1.434423217773437500e+02
1.597160949707031250e+02
1.545855407714843750e+02
1.446554260253906250e+02
1.367338256835937500e+02
1.371632385253906250e+02
1.672189636230468750e+02
1.573268280029296875e+02
1.336286010742187500e+02
1.351860046386718750e+02
1.559644470214843750e+02
1.416864013671875000e+02
1.315464935302734375e+02
1.379299316406250000e+02
1.361117248535156250e+02
1.441543273925781250e+02
1.568579101562500000e+02
1.519255676269531250e+02
1.343410644531250000e+02
1.342207946777343750e+02
1.337261962890625000e+02
1.410729980468750000e+02
1.530532531738281250e+02
1.690319519042968750e+02
1.314985656738281250e+02
1.380187072753906250e+02
1.781922149658203125e+02
1.416063079833984375e+02
1.329803314208984375e+02
1.289556427001953125e+02
1.293391265869140625e+02
1.406688537597656250e+02
1.675011749267578125e+02
1.657102355957031250e+02
1.316536254882812500e+02
1.357227783203125000e+02
1.780549774169921875e+02
1.389514007568359375e+02
1.303360595703125000e+02
1.360948486328125000e+02
1.544297790527343750e+02
1.729925689697265625e+02
1.377091979980468750e+02
1.308408050537109375e+02
1.487621765136718750e+02
1.584074707031250000e+02
1.672645263671875000e+02
1.363351745605468750e+02
1.318069152832031250e+02
1.379512939453125000e+02
1.547348632812500000e+02
1.771883697509765625e+02
1.318689117431640625e+02
1.445388793945312500e+02
1.976917419433593750e+02
1.311546478271484375e+02
2.202973632812500000e+02
1.754660186767578125e+02
1.485846862792968750e+02
2.328871917724609375e+02
1.360623168945312500e+02
1.605385131835937500e+02
1.990656433105468750e+02
1.487344360351562500e+02
1.342317047119140625e+02
1.840061340332031250e+02
1.696574707031250000e+02
1.349463195800781250e+02
1.517865447998046875e+02
1.936698150634765625e+02
1.515113525390625000e+02
2.057442169189453125e+02
1.829417724609375000e+02
1.449186248779296875e+02
2.340998535156250000e+02
1.418761291503906250e+02
1.948557434082031250e+02
1.628430633544921875e+02
1.392719573974609375e+02
1.435390472412109375e+02
1.765620727539062500e+02
1.576420898437500000e+02
1.360829620361328125e+02
1.515974884033203125e+02
1.851907806396484375e+02
1.578531494140625000e+02
1.897351379394531250e+02
1.843645019531250000e+02
1.465031890869140625e+02
1.986474609375000000e+02
1.454124450683593750e+02
1.338460998535156250e+02
1.803019714355468750e+02
1.906856384277343750e+02
1.498821105957031250e+02
2.695186157226562500e+02
1.338555603027343750e+02
2.506982116699218750e+02
1.501127319335937500e+02
3.536658325195312500e+02
2.301342773437500000e+02
3.650469970703125000e+02
4.372045593261718750e+02
1.964389038085937500e+02
5.020932006835937500e+02
5.749190063476562500e+02
2.010496826171875000e+02
5.548301391601562500e+02
7.758104858398437500e+02
5.652744750976562500e+02
1.447662506103515625e+02
5.756011352539062500e+02
5.773495483398437500e+02
1.665397338867187500e+02
5.570928344726562500e+02
7.294784545898437500e+02
4.932287902832031250e+02
1.825792846679687500e+02
3.979082641601562500e+02
1.792912445068359375e+02
3.926206054687500000e+02
4.641063842773437500e+02
2.165528259277343750e+02
4.797590332031250000e+02
5.700846557617187500e+02
2.297403717041015625e+02
4.935997924804687500e+02
6.921286621093750000e+02
4.968544616699218750e+02
1.611063079833984375e+02
4.428205871582031250e+02
3.017124023437500000e+02
3.323476562500000000e+02
4.666373596191406250e+02
2.916007995605468750e+02
3.181300048828125000e+02
3.687011718750000000e+02
1.762916412353515625e+02
2.824400939941406250e+02
1.665655212402343750e+02
3.671511840820312500e+02
3.053613891601562500e+02
2.477200775146484375e+02
3.208565979003906250e+02
1.829932708740234375e+02
2.833926696777343750e+02
1.523306579589843750e+02
3.038227233886718750e+02
2.917835083007812500e+02
2.071316680908203125e+02
2.738851623535156250e+02
1.493314208984375000e+02
1.798734893798828125e+02
2.075913543701171875e+02
2.101448822021484375e+02
1.825383605957031250e+02
1.661832275390625000e+02
2.288080749511718750e+02
1.775362548828125000e+02
2.057205810546875000e+02
1.446811676025390625e+02
2.305012969970703125e+02
1.762424926757812500e+02
2.287608947753906250e+02
1.571474914550781250e+02
1.973620300292968750e+02
1.838853759765625000e+02
1.925190277099609375e+02
1.933915710449218750e+02
1.460615844726562500e+02
1.839787292480468750e+02
1.870829162597656250e+02
2.049150390625000000e+02
1.554617309570312500e+02
1.692602844238281250e+02
1.987725067138671875e+02
1.801301574707031250e+02
1.825171203613281250e+02
1.343832702636718750e+02
1.694573059082031250e+02
1.694298553466796875e+02
1.438594055175781250e+02
1.714894409179687500e+02
1.894693756103515625e+02
1.771516418457031250e+02
1.983840942382812500e+02
1.371450195312500000e+02
1.539879150390625000e+02
1.761798400878906250e+02
1.614931030273437500e+02
1.627507476806640625e+02
1.612326507568359375e+02
1.591562805175781250e+02
1.530882415771484375e+02
1.641910400390625000e+02
1.788115539550781250e+02
1.502156677246093750e+02
1.654581298828125000e+02
1.727441558837890625e+02
1.389744262695312500e+02
1.624989471435546875e+02
1.948881225585937500e+02
1.381589965820312500e+02
2.673613281250000000e+02
1.456005401611328125e+02
2.656948547363281250e+02
1.728810729980468750e+02
3.547559204101562500e+02
2.799685974121093750e+02
2.983833618164062500e+02
3.787679748535156250e+02
1.775864562988281250e+02
4.598063354492187500e+02
4.830379028320312500e+02
1.374895629882812500e+02
3.968164978027343750e+02
3.954671936035156250e+02
1.372559204101562500e+02
4.427806091308593750e+02
3.722738647460937500e+02
2.305970306396484375e+02
3.263836059570312500e+02
1.567175903320312500e+02
4.331477661132812500e+02
4.015932312011718750e+02
1.844570312500000000e+02
2.753458862304687500e+02
1.464627685546875000e+02
2.595939636230468750e+02
1.367966766357421875e+02
2.043564147949218750e+02
1.400753021240234375e+02
1.730953826904296875e+02
2.090786132812500000e+02
1.545140075683593750e+02
2.975764770507812500e+02
1.760806732177734375e+02
3.393896179199218750e+02
3.546375122070312500e+02
1.373586120605468750e+02
3.869194030761718750e+02
2.564258728027343750e+02
3.533549499511718750e+02
4.620615234375000000e+02
2.576159973144531250e+02
3.888779602050781250e+02
4.497412719726562500e+02
1.405364837646484375e+02
3.775277709960937500e+02
3.771469726562500000e+02
1.380726165771484375e+02
3.927597656250000000e+02
2.745131835937500000e+02
3.281059875488281250e+02
4.313272094726562500e+02
2.320952911376953125e+02
4.116748352050781250e+02
4.678686828613281250e+02
1.416885223388671875e+02
3.978208618164062500e+02
4.199764099121093750e+02
1.639998321533203125e+02
5.187773437500000000e+02
5.843467407226562500e+02
2.264945983886718750e+02
5.091933288574218750e+02
7.191422729492187500e+02
5.412886352539062500e+02
1.414393157958984375e+02
5.637401123046875000e+02
5.987349243164062500e+02
2.139035949707031250e+02
5.496215820312500000e+02
8.063282470703125000e+02
6.563695678710937500e+02
2.195833435058593750e+02
6.501864013671875000e+02
9.011055908203125000e+02
7.137413330078125000e+02
1.693249206542968750e+02
5.935349121093750000e+02
8.225491333007812500e+02
6.494609375000000000e+02
1.953912506103515625e+02
6.719973144531250000e+02
9.291343994140625000e+02
7.441712036132812500e+02
2.065947113037109375e+02
6.157752685546875000e+02
8.947916259765625000e+02
7.613399658203125000e+02
3.163972778320312500e+02
5.453748779296875000e+02
8.308739013671875000e+02
6.887686767578125000e+02
2.365080413818359375e+02
5.383187255859375000e+02
7.537784423828125000e+02
5.965191040039062500e+02
1.894232330322265625e+02
6.548844604492187500e+02
8.828905029296875000e+02
6.885465087890625000e+02
1.848016662597656250e+02
5.860798339843750000e+02
8.000325317382812500e+02
6.377155151367187500e+02
2.130031738281250000e+02
6.470356445312500000e+02
9.079345703125000000e+02
7.450969848632812500e+02
2.331966094970703125e+02
5.978601684570312500e+02
9.172402954101562500e+02
8.339554443359375000e+02
4.221570739746093750e+02
3.817904663085937500e+02
6.510438232421875000e+02
5.029214172363281250e+02
1.837050476074218750e+02
3.859795227050781250e+02
3.402597045898437500e+02
1.634892425537109375e+02
3.077596435546875000e+02
1.567128601074218750e+02
2.892325134277343750e+02
2.704283142089843750e+02
1.783898925781250000e+02
2.067617645263671875e+02
2.239707641601562500e+02
2.168488769531250000e+02
1.969741058349609375e+02
1.620661926269531250e+02
2.345919036865234375e+02
1.879348754882812500e+02
2.630979003906250000e+02
1.771579589843750000e+02
2.929255981445312500e+02
3.052915039062500000e+02
1.452952270507812500e+02
3.161274719238281250e+02
1.629182891845703125e+02
3.345110778808593750e+02
3.576550292968750000e+02
1.584224853515625000e+02
4.317153320312500000e+02
4.177536010742187500e+02
1.554282836914062500e+02
3.012274169921875000e+02
2.168168334960937500e+02
2.906033630371093750e+02
2.549860992431640625e+02
2.528808898925781250e+02
2.952074584960937500e+02
1.502842254638671875e+02
2.773827514648437500e+02
1.483692321777343750e+02
2.698090209960937500e+02
2.257602233886718750e+02
2.325768432617187500e+02
1.740460357666015625e+02
2.785630493164062500e+02
2.830805664062500000e+02
1.490130615234375000e+02
2.236726989746093750e+02
1.819963073730468750e+02
1.730342407226562500e+02
2.218083801269531250e+02
1.468065948486328125e+02
2.316440124511718750e+02
1.646627960205078125e+02
2.988430786132812500e+02
1.956972656250000000e+02
3.182760620117187500e+02
3.673169555664062500e+02
1.720375366210937500e+02
4.408281860351562500e+02
4.628792724609375000e+02
1.441689147949218750e+02
4.059750671386718750e+02
4.480930175781250000e+02
2.193153533935546875e+02
4.464772338867187500e+02
5.356560668945312500e+02
2.233773803710937500e+02
4.680018310546875000e+02
6.712166748046875000e+02
5.246002197265625000e+02
1.620298614501953125e+02
6.078813476562500000e+02
7.435632324218750000e+02
4.709743041992187500e+02
2.729905090332031250e+02
4.993924560546875000e+02
4.147876586914062500e+02
1.534864807128906250e+02
4.045319519042968750e+02
3.194984130859375000e+02
2.607648925781250000e+02
3.633388366699218750e+02
2.261639862060546875e+02
3.330535888671875000e+02
3.310828247070312500e+02
2.035361633300781250e+02
2.754619445800781250e+02
1.525264892578125000e+02
3.299970092773437500e+02
2.296023101806640625e+02
2.950704956054687500e+02
3.464152221679687500e+02
1.615646820068359375e+02
3.649560241699218750e+02
3.122000427246093750e+02
2.425246887207031250e+02
3.246392822265625000e+02
1.794665222167968750e+02
3.646658325195312500e+02
3.219934082031250000e+02
2.223651733398437500e+02
2.999754028320312500e+02
1.565428161621093750e+02
3.344117431640625000e+02
2.506972503662109375e+02
2.840372009277343750e+02
3.496303710937500000e+02
1.683364868164062500e+02
4.204849243164062500e+02
4.227809448242187500e+02
1.479956054687500000e+02
3.229584960937500000e+02
2.705354003906250000e+02
2.021946868896484375e+02
2.094285888671875000e+02
2.277713012695312500e+02
2.275729064941406250e+02
1.803716583251953125e+02
1.637201385498046875e+02
2.307794494628906250e+02
1.904402770996093750e+02
2.525660858154296875e+02
1.753428955078125000e+02
2.838645019531250000e+02
2.814419250488281250e+02
1.520838470458984375e+02
2.251943664550781250e+02
1.862289886474609375e+02
1.855352783203125000e+02
1.954971160888671875e+02
1.442042694091796875e+02
1.904128112792968750e+02
1.448911437988281250e+02
1.546643524169921875e+02
1.836316070556640625e+02
1.412627258300781250e+02
2.076411132812500000e+02
1.603674316406250000e+02
1.486553955078125000e+02
2.028472595214843750e+02
1.440636444091796875e+02
1.714016418457031250e+02
1.756957702636718750e+02
1.436409454345703125e+02
1.430483703613281250e+02
1.706833038330078125e+02
1.640641174316406250e+02
1.392598114013671875e+02
1.482741699218750000e+02
1.742366333007812500e+02
1.439417724609375000e+02
1.624076232910156250e+02
1.933973999023437500e+02
1.451022033691406250e+02
2.291952209472656250e+02
1.429207000732421875e+02
2.036818084716796875e+02
1.418629760742187500e+02
1.734199218750000000e+02
2.016747436523437500e+02
1.672027130126953125e+02
2.485547027587890625e+02
1.448051757812500000e+02
2.768515319824218750e+02
2.330166625976562500e+02
2.319394989013671875e+02
1.949033508300781250e+02
2.753857727050781250e+02
2.880021362304687500e+02
1.451300506591796875e+02
2.553119659423828125e+02
1.611242980957031250e+02
1.797474670410156250e+02
1.941521453857421875e+02
1.429651184082031250e+02
2.000378112792968750e+02
1.379642333984375000e+02
1.875559082031250000e+02
1.939653015136718750e+02
1.676407470703125000e+02
2.448062133789062500e+02
1.442073822021484375e+02
2.616157226562500000e+02
2.016574401855468750e+02
2.814221801757812500e+02
2.168076782226562500e+02
2.848279724121093750e+02
3.198025207519531250e+02
1.413388671875000000e+02
3.609075012207031250e+02
2.469580688476562500e+02
3.231038208007812500e+02
4.149777221679687500e+02
2.289640502929687500e+02
3.902778930664062500e+02
4.398339843750000000e+02
1.466062622070312500e+02
3.994411010742187500e+02
4.346905517578125000e+02
2.010362091064453125e+02
4.697205810546875000e+02
5.518451538085937500e+02
2.320896911621093750e+02
4.753858032226562500e+02
6.914345092773437500e+02
5.476517944335937500e+02
1.674844055175781250e+02
6.134619750976562500e+02
7.602409667968750000e+02
4.976254272460937500e+02
2.469152374267578125e+02
4.680518798828125000e+02
3.875952453613281250e+02
1.543378906250000000e+02
3.589477539062500000e+02
2.076136016845703125e+02
3.616022644042968750e+02
4.592342224121093750e+02
2.782077331542968750e+02
3.344489746093750000e+02
3.937492675781250000e+02
1.563461608886718750e+02
2.990640258789062500e+02
2.384919586181640625e+02
2.450314941406250000e+02
2.331115875244140625e+02
2.321231079101562500e+02
2.347727355957031250e+02
1.866245727539062500e+02
1.840766754150390625e+02
2.236045532226562500e+02
2.027533264160156250e+02
2.149214782714843750e+02
1.584865722656250000e+02
2.158308715820312500e+02
1.577691802978515625e+02
2.656204528808593750e+02
1.811230773925781250e+02
2.687156372070312500e+02
2.417706909179687500e+02
2.122021636962890625e+02
1.865445251464843750e+02
2.561241760253906250e+02
2.542338562011718750e+02
1.707963104248046875e+02
1.920260314941406250e+02
2.207178649902343750e+02
2.020126647949218750e+02
2.329997253417968750e+02
1.884668273925781250e+02
2.480566253662109375e+02
2.241207275390625000e+02
2.173706359863281250e+02
1.750835571289062500e+02
2.671889953613281250e+02
2.585493164062500000e+02
1.730737915039062500e+02
2.024957885742187500e+02
2.237579345703125000e+02
2.201742858886718750e+02
1.971430358886718750e+02
1.658840637207031250e+02
2.357820434570312500e+02
1.934603576660156250e+02
2.628874816894531250e+02
1.801386413574218750e+02
3.035832824707031250e+02
3.238026123046875000e+02
1.470262451171875000e+02
3.819876708984375000e+02
2.870899658203125000e+02
2.848696594238281250e+02
3.790873107910156250e+02
2.065385742187500000e+02
3.841452636718750000e+02
4.080972290039062500e+02
1.659112243652343750e+02
3.590978393554687500e+02
3.276666870117187500e+02
1.536367797851562500e+02
3.192125854492187500e+02
1.551138305664062500e+02
2.921942749023437500e+02
2.733369140625000000e+02
1.853833312988281250e+02
2.111134338378906250e+02
2.023747100830078125e+02
1.819472503662109375e+02
2.378244171142578125e+02
1.534553222656250000e+02
2.651521606445312500e+02
2.306963195800781250e+02
2.211797790527343750e+02
1.654600830078125000e+02
2.660968627929687500e+02
2.469599304199218750e+02
1.886116485595703125e+02
1.696098175048828125e+02
2.461544799804687500e+02
2.188621063232421875e+02
2.206013336181640625e+02
1.614584045410156250e+02
2.625872497558593750e+02
2.424286499023437500e+02
1.984377746582031250e+02
1.714425811767578125e+02
2.589749145507812500e+02
2.435459747314453125e+02
1.936268005371093750e+02
1.621013488769531250e+02
2.376546630859375000e+02
2.013404846191406250e+02
2.488988342285156250e+02
1.728236236572265625e+02
2.924689941406250000e+02
2.975068054199218750e+02
1.444137573242187500e+02
2.585134582519531250e+02
1.546976165771484375e+02
1.830506591796875000e+02
1.738881988525390625e+02
1.396265258789062500e+02
1.666906127929687500e+02
1.586393432617187500e+02
1.468069763183593750e+02
1.391694183349609375e+02
1.446523742675781250e+02
1.613510894775390625e+02
1.536287689208984375e+02
1.410393371582031250e+02
1.379896850585937500e+02
1.474833984375000000e+02
1.616625061035156250e+02
1.433969879150390625e+02
1.387705993652343750e+02
1.387666931152343750e+02
1.422199401855468750e+02
1.528274230957031250e+02
1.540997467041015625e+02
1.565962066650390625e+02
1.400912780761718750e+02
1.390187377929687500e+02
1.399873199462890625e+02
1.508922729492187500e+02
1.626104278564453125e+02
1.461631774902343750e+02
1.429625549316406250e+02
1.381690673828125000e+02
1.421713562011718750e+02
1.464210510253906250e+02
1.548806304931640625e+02
1.502255249023437500e+02
1.482557220458984375e+02
1.433532562255859375e+02
1.398213195800781250e+02
1.435205688476562500e+02
1.482112121582031250e+02
1.543649139404296875e+02
1.580088806152343750e+02
1.470915679931640625e+02
1.426293029785156250e+02
1.394526367187500000e+02
1.408570861816406250e+02
1.481795654296875000e+02
1.579366607666015625e+02
1.497001342773437500e+02
1.477412109375000000e+02
1.442530670166015625e+02
1.412087402343750000e+02
1.431605529785156250e+02
1.537654571533203125e+02
1.553022155761718750e+02
1.533097991943359375e+02
1.440892486572265625e+02
1.454930114746093750e+02
1.461302947998046875e+02
1.558508453369140625e+02
1.543069152832031250e+02
1.512019348144531250e+02
1.470333404541015625e+02
1.493867340087890625e+02
1.468733367919921875e+02
1.518938903808593750e+02
1.500898132324218750e+02
1.544740295410156250e+02
1.483041381835937500e+02
1.455746154785156250e+02
1.447304992675781250e+02
1.534207153320312500e+02
1.519833374023437500e+02
1.538133239746093750e+02
1.440684051513671875e+02
1.412244873046875000e+02
1.428582153320312500e+02
1.543642425537109375e+02
1.605514831542968750e+02
1.596124267578125000e+02
1.437773132324218750e+02
1.381882781982421875e+02
1.377764587402343750e+02
1.532221221923828125e+02
1.700724792480468750e+02
1.474796447753906250e+02
1.383915710449218750e+02
1.376835174560546875e+02
1.401724548339843750e+02
1.430297851562500000e+02
1.553867797851562500e+02
1.654004058837890625e+02
1.436677246093750000e+02
1.381120605468750000e+02
1.361245269775390625e+02
1.434451904296875000e+02
1.647161865234375000e+02
1.569218139648437500e+02
1.510010528564453125e+02
1.423189086914062500e+02
1.448949890136718750e+02
1.474906921386718750e+02
1.592536315917968750e+02
1.538209533691406250e+02
1.528692626953125000e+02
1.481423645019531250e+02
1.561575622558593750e+02
1.479364013671875000e+02
1.474531250000000000e+02
1.469915466308593750e+02
1.588241424560546875e+02
1.503283081054687500e+02
1.488391418457031250e+02
1.482217407226562500e+02
1.569148254394531250e+02
1.491364135742187500e+02
1.510550537109375000e+02
1.487911987304687500e+02
1.538642272949218750e+02
1.532664794921875000e+02
1.596854858398437500e+02
1.453586120605468750e+02
1.424081115722656250e+02
1.396220245361328125e+02
1.482235412597656250e+02
1.616027221679687500e+02
1.672054138183593750e+02
1.426860961914062500e+02
1.353803405761718750e+02
1.400475463867187500e+02
1.569091796875000000e+02
1.800166931152343750e+02
1.418660583496093750e+02
1.443762207031250000e+02
1.810556640625000000e+02
1.451829223632812500e+02
1.419605712890625000e+02
1.706757812500000000e+02
1.625854187011718750e+02
1.457135009765625000e+02
1.400564270019531250e+02
1.397832183837890625e+02
1.477719268798828125e+02
1.694020690917968750e+02
1.442296447753906250e+02
1.378989868164062500e+02
1.386909637451171875e+02
1.481596374511718750e+02
1.690014190673828125e+02
1.555981597900390625e+02
1.482414855957031250e+02
1.436026000976562500e+02
1.406434936523437500e+02
1.440811462402343750e+02
1.628976745605468750e+02
1.607186889648437500e+02
1.596419372558593750e+02
1.426228027343750000e+02
1.373006591796875000e+02
1.366019897460937500e+02
1.410578613281250000e+02
1.517057647705078125e+02
1.715581054687500000e+02
1.721743774414062500e+02
1.398268127441406250e+02
1.794520263671875000e+02
2.043066711425781250e+02
1.490312500000000000e+02
2.856831054687500000e+02
1.537448730468750000e+02
3.184141235351562500e+02
2.896311950683593750e+02
1.830104980468750000e+02
1.990656738281250000e+02
2.545851745605468750e+02
2.443076934814453125e+02
2.014297790527343750e+02
1.508564147949218750e+02
2.498198242187500000e+02
1.856933441162109375e+02
3.134301147460937500e+02
2.227127838134765625e+02
3.337490234375000000e+02
3.907597351074218750e+02
1.691553497314453125e+02
4.922282104492187500e+02
5.288439941406250000e+02
1.631671142578125000e+02
5.050227661132812500e+02
6.360229492187500000e+02
4.104359741210937500e+02
2.439440307617187500e+02
3.759633178710937500e+02
1.721224670410156250e+02
2.957565002441406250e+02
2.355565948486328125e+02
2.747664184570312500e+02
2.465391082763671875e+02
2.498662567138671875e+02
2.577323303222656250e+02
1.945277709960937500e+02
2.074920349121093750e+02
2.318615417480468750e+02
2.226936950683593750e+02
2.073858642578125000e+02
1.821098937988281250e+02
2.277705841064453125e+02
1.819326782226562500e+02
2.805886535644531250e+02
2.156052246093750000e+02
2.513482360839843750e+02
2.321996459960937500e+02
2.308425903320312500e+02
1.777519836425781250e+02
2.973444824218750000e+02
3.002769165039062500e+02
1.807079010009765625e+02
3.186892700195312500e+02
1.417595520019531250e+02
2.688193054199218750e+02
1.978435363769531250e+02
2.820463867187500000e+02
2.309294586181640625e+02
2.518384094238281250e+02
2.441876831054687500e+02
2.127291259765625000e+02
1.717631225585937500e+02
2.794270324707031250e+02
2.667301330566406250e+02
1.860221557617187500e+02
2.186307525634765625e+02
2.400047607421875000e+02
2.342139129638671875e+02
2.173585510253906250e+02
1.961867218017578125e+02
2.378851165771484375e+02
1.996054382324218750e+02
2.697033081054687500e+02
1.744783630371093750e+02
3.145421447753906250e+02
3.225982971191406250e+02
1.553581237792968750e+02
3.479616699218750000e+02
1.790908050537109375e+02
3.854052734375000000e+02
4.471394653320312500e+02
2.142026977539062500e+02
4.779369201660156250e+02
5.693230590820312500e+02
2.321549682617187500e+02
4.926585693359375000e+02
6.953766479492187500e+02
5.227533569335937500e+02
1.483715820312500000e+02
5.580952148437500000e+02
5.789807128906250000e+02
1.948675537109375000e+02
5.549201660156250000e+02
7.784954833984375000e+02
6.201542968750000000e+02
1.994913177490234375e+02
6.622792968750000000e+02
8.884315185546875000e+02
6.819732666015625000e+02
1.508317871093750000e+02
5.246438598632812500e+02
6.406086425781250000e+02
4.184093322753906250e+02
2.424373474121093750e+02
3.939299926757812500e+02
1.685546264648437500e+02
3.849352722167968750e+02
4.283475952148437500e+02
2.119200439453125000e+02
4.440433654785156250e+02
4.912322387695312500e+02
1.754455566406250000e+02
4.115653076171875000e+02
4.821871643066406250e+02
2.563286132812500000e+02
4.185531311035156250e+02
5.243837280273437500e+02
2.381321411132812500e+02
4.124956359863281250e+02
5.341558837890625000e+02
3.411723022460937500e+02
2.874193115234375000e+02
3.701937255859375000e+02
1.608834381103515625e+02
2.688931884765625000e+02
1.865113372802734375e+02
3.187997741699218750e+02
2.406751708984375000e+02
3.003476562500000000e+02
3.502189331054687500e+02
1.665993194580078125e+02
3.723693237304687500e+02
2.914661865234375000e+02
2.873658752441406250e+02
3.787987060546875000e+02
2.198908386230468750e+02
3.658178405761718750e+02
3.551024475097656250e+02
2.044177398681640625e+02
2.920081787109375000e+02
1.647020568847656250e+02
3.570130615234375000e+02
2.779548950195312500e+02
2.738109436035156250e+02
3.412326660156250000e+02
1.789046325683593750e+02
3.031587219238281250e+02
1.964964447021484375e+02
3.264528808593750000e+02
3.746657714843750000e+02
2.104600830078125000e+02
3.661273193359375000e+02
3.161225585937500000e+02
2.578080444335937500e+02
3.415370788574218750e+02
1.875439147949218750e+02
4.057189025878906250e+02
3.995987548828125000e+02
1.791094360351562500e+02
3.390740356445312500e+02
2.486222381591796875e+02
2.823718261718750000e+02
2.765130615234375000e+02
2.368116149902343750e+02
2.777382812500000000e+02
1.560447540283203125e+02
2.623848571777343750e+02
1.525416564941406250e+02
1.916835021972656250e+02
1.798235168457031250e+02
1.551238403320312500e+02
2.043039398193359375e+02
1.495235290527343750e+02
2.378617248535156250e+02
1.676810302734375000e+02
1.692142028808593750e+02
2.157178497314453125e+02
1.532698364257812500e+02
2.208206939697265625e+02
1.418481903076171875e+02
2.353844604492187500e+02
1.615556945800781250e+02
1.664680938720703125e+02
1.989939727783203125e+02
1.458961791992187500e+02
1.805098419189453125e+02
1.763786926269531250e+02
1.445025634765625000e+02
1.635438385009765625e+02
1.752551269531250000e+02
1.607939758300781250e+02
1.430739288330078125e+02
1.620068664550781250e+02
1.881650085449218750e+02
1.415825042724609375e+02
1.887581481933593750e+02
1.919685363769531250e+02
1.548456115722656250e+02
2.543825683593750000e+02
1.449202270507812500e+02
2.450638122558593750e+02
1.645246276855468750e+02
3.299181823730468750e+02
2.299769287109375000e+02
3.221791076660156250e+02
3.865507202148437500e+02
1.882619323730468750e+02
4.573394165039062500e+02
4.952225341796875000e+02
1.616149749755859375e+02
4.627405700683593750e+02
5.607985839843750000e+02
3.401345214843750000e+02
3.099048461914062500e+02
4.051668090820312500e+02
1.689921569824218750e+02
3.222907714843750000e+02
2.893129882812500000e+02
1.935067596435546875e+02
2.331793365478515625e+02
1.965165405273437500e+02
1.844736022949218750e+02
2.406838531494140625e+02
1.533736877441406250e+02
2.818573303222656250e+02
2.492042846679687500e+02
2.070967559814453125e+02
1.862500610351562500e+02
2.421429595947265625e+02
2.168915710449218750e+02
2.389664154052734375e+02
1.907384033203125000e+02
2.566275024414062500e+02
2.258040466308593750e+02
2.351539916992187500e+02
1.870886535644531250e+02
2.837271728515625000e+02
2.881129760742187500e+02
1.644357452392578125e+02
2.821035461425781250e+02
1.575069885253906250e+02
1.884674682617187500e+02
1.919644165039062500e+02
1.654302368164062500e+02
2.066095275878906250e+02
1.458840026855468750e+02
2.430962677001953125e+02
1.618859710693359375e+02
1.694976196289062500e+02
2.062369079589843750e+02
1.535899963378906250e+02
2.001201324462890625e+02
1.514588317871093750e+02
1.449380035400390625e+02
1.698006591796875000e+02
1.514274291992187500e+02
1.428987731933593750e+02
1.434984130859375000e+02
1.469980316162109375e+02
1.456917114257812500e+02
1.563866729736328125e+02
1.680590820312500000e+02
1.455755615234375000e+02
1.489632568359375000e+02
1.856001892089843750e+02
1.535691223144531250e+02
1.451585998535156250e+02
1.708093261718750000e+02
1.589896087646484375e+02
1.456522216796875000e+02
1.444836730957031250e+02
1.523104553222656250e+02
1.656250305175781250e+02
1.589749908447265625e+02
1.520339355468750000e+02
1.489673919677734375e+02
1.442161560058593750e+02
1.439784088134765625e+02
1.487803344726562500e+02
1.564501800537109375e+02
1.663124694824218750e+02
1.519751434326171875e+02
1.478226776123046875e+02
1.436539306640625000e+02
1.428554229736328125e+02
1.461475524902343750e+02
1.560306091308593750e+02
1.632556762695312500e+02
1.683672180175781250e+02
1.454058227539062500e+02
1.423439941406250000e+02
1.612150421142578125e+02
1.706835632324218750e+02
1.587990722656250000e+02
1.445551147460937500e+02
1.400146789550781250e+02
1.442024230957031250e+02
1.522853088378906250e+02
1.777063293457031250e+02
1.499681701660156250e+02
1.417859649658203125e+02
1.452305908203125000e+02
1.629320983886718750e+02
1.835240020751953125e+02
1.442450866699218750e+02
1.568642272949218750e+02
2.038084716796875000e+02
1.464258728027343750e+02
2.607059020996093750e+02
1.435000915527343750e+02
2.002684020996093750e+02
1.688408813476562500e+02
1.413587799072265625e+02
1.749887237548828125e+02
1.645160980224609375e+02
1.531479187011718750e+02
1.403092193603515625e+02
1.568992004394531250e+02
1.822527770996093750e+02
1.528810119628906250e+02
1.408756103515625000e+02
1.459750518798828125e+02
1.456608581542968750e+02
1.586564331054687500e+02
1.709295196533203125e+02
1.584906311035156250e+02
1.442622680664062500e+02
1.428834533691406250e+02
1.421551513671875000e+02
1.439048156738281250e+02
1.430596313476562500e+02
1.564107360839843750e+02
1.715067138671875000e+02
1.641196594238281250e+02
1.460360107421875000e+02
1.421414794921875000e+02
1.407650756835937500e+02
1.404406738281250000e+02
1.419489135742187500e+02
1.406959381103515625e+02
1.415482482910156250e+02
1.414912109375000000e+02
1.418116455078125000e+02
1.481851806640625000e+02
1.682986602783203125e+02
1.642684326171875000e+02
1.579711608886718750e+02
1.498122863769531250e+02
1.530109252929687500e+02
1.560584106445312500e+02
1.669100952148437500e+02
1.518553466796875000e+02
1.515553741455078125e+02
1.510324096679687500e+02
1.635256958007812500e+02
1.548967895507812500e+02
1.547163085937500000e+02
1.510615386962890625e+02
1.592857208251953125e+02
1.579018859863281250e+02
1.610980529785156250e+02
1.522764129638671875e+02
1.602724456787109375e+02
1.539153137207031250e+02
1.580947570800781250e+02
1.557683410644531250e+02
1.633754272460937500e+02
1.562272491455078125e+02
1.537195434570312500e+02
1.517228393554687500e+02
1.558691711425781250e+02
1.589108886718750000e+02
1.692746124267578125e+02
1.478758850097656250e+02
1.448081054687500000e+02
1.434181518554687500e+02
1.534498596191406250e+02
1.646377105712890625e+02
1.728305206298828125e+02
1.471242065429687500e+02
1.417412719726562500e+02
1.481069641113281250e+02
1.681758728027343750e+02
1.865208435058593750e+02
1.431982116699218750e+02
1.551848297119140625e+02
2.054772186279296875e+02
1.512051696777343750e+02
2.462543029785156250e+02
1.628583984375000000e+02
1.569728393554687500e+02
2.069907836914062500e+02
1.490459442138671875e+02
1.527197570800781250e+02
2.108937377929687500e+02
1.741318817138671875e+02
1.518250122070312500e+02
2.245122985839843750e+02
1.619227294921875000e+02
1.502498474121093750e+02
1.804429931640625000e+02
1.690665283203125000e+02
1.472396697998046875e+02
1.597648620605468750e+02
2.064271392822265625e+02
1.435556945800781250e+02
2.349767761230468750e+02
1.593079528808593750e+02
1.543162078857421875e+02
2.103476867675781250e+02
1.592258453369140625e+02
1.415737762451171875e+02
1.691168670654296875e+02
2.000158386230468750e+02
1.461542816162109375e+02
2.486116180419921875e+02
1.578693542480468750e+02
1.608698883056640625e+02
2.193113861083984375e+02
1.474905395507812500e+02
1.742999877929687500e+02
2.028898162841796875e+02
1.612354125976562500e+02
1.433776092529296875e+02
1.938787841796875000e+02
1.865104370117187500e+02
1.498481597900390625e+02
1.707588958740234375e+02
1.942073974609375000e+02
1.568877563476562500e+02
2.302325897216796875e+02
1.811675567626953125e+02
1.515258483886718750e+02
2.536609497070312500e+02
1.574873962402343750e+02
2.607528686523437500e+02
1.649134826660156250e+02
3.596855468750000000e+02
2.470455627441406250e+02
3.602613525390625000e+02
4.536573181152343750e+02
2.409455261230468750e+02
4.392163696289062500e+02
4.985986938476562500e+02
1.619404754638671875e+02
4.503760375976562500e+02
5.099392700195312500e+02
2.565427856445312500e+02
4.771154479980468750e+02
5.936697998046875000e+02
2.721205749511718750e+02
4.870968017578125000e+02
6.983162841796875000e+02
5.285490112304687500e+02
1.526430969238281250e+02
5.372308349609375000e+02
5.227750244140625000e+02
1.538757019042968750e+02
3.934959106445312500e+02
3.948884582519531250e+02
1.523439331054687500e+02
4.419816589355468750e+02
3.720943908691406250e+02
2.404550933837890625e+02
3.307751464843750000e+02
1.655332946777343750e+02
3.752878417968750000e+02
2.771710510253906250e+02
3.278555297851562500e+02
4.165203552246093750e+02
2.265036621093750000e+02
4.214295654296875000e+02
4.526998291015625000e+02
1.592509460449218750e+02
3.453903503417968750e+02
2.928309020996093750e+02
2.211047668457031250e+02
2.447004089355468750e+02
2.274170532226562500e+02
2.154165496826171875e+02
2.495922546386718750e+02
1.776577148437500000e+02
3.025402832031250000e+02
2.913541870117187500e+02
1.767400207519531250e+02
2.503779754638671875e+02
2.120598297119140625e+02
2.107655029296875000e+02
2.322712402343750000e+02
1.785390625000000000e+02
2.508935394287109375e+02
1.907964782714843750e+02
3.113843383789062500e+02
2.143446044921875000e+02
3.513955688476562500e+02
4.137403259277343750e+02
2.090039825439453125e+02
4.487375793457031250e+02
4.815610351562500000e+02
1.516291046142578125e+02
3.896577148437500000e+02
3.873199462890625000e+02
1.543401947021484375e+02
4.038565063476562500e+02
2.997091064453125000e+02
3.138945617675781250e+02
4.144996643066406250e+02
2.297670898437500000e+02
4.116916198730468750e+02
4.466375732421875000e+02
1.572258911132812500e+02
3.411783752441406250e+02
2.883801879882812500e+02
2.248881530761718750e+02
2.410145111083984375e+02
2.294299926757812500e+02
2.145763244628906250e+02
2.446170654296875000e+02
1.779270324707031250e+02
2.970011901855468750e+02
2.849177856445312500e+02
1.782895660400390625e+02
2.153555603027343750e+02
2.458298797607421875e+02
2.372436981201171875e+02
2.116512145996093750e+02
1.703963928222656250e+02
2.615027465820312500e+02
2.137772521972656250e+02
2.745076599121093750e+02
1.896753082275390625e+02
3.310407104492187500e+02
3.588563537597656250e+02
1.599918670654296875e+02
4.376622924804687500e+02
3.717536621093750000e+02
2.365229492187500000e+02
3.288709716796875000e+02
1.740534057617187500e+02
3.472188720703125000e+02
2.522795715332031250e+02
3.261356811523437500e+02
3.956434020996093750e+02
2.002961120605468750e+02
4.404677734375000000e+02
4.595653686523437500e+02
1.585496520996093750e+02
3.534136352539062500e+02
3.145928344726562500e+02
1.965231323242187500e+02
2.449057769775390625e+02
2.079896545410156250e+02
1.964897460937500000e+02
2.522254943847656250e+02
1.610426940917968750e+02
2.901808471679687500e+02
2.574107666015625000e+02
2.246816253662109375e+02
1.726355895996093750e+02
2.685753479003906250e+02
2.393624572753906250e+02
2.340444946289062500e+02
1.849268951416015625e+02
2.903608398437500000e+02
2.735399780273437500e+02
1.925578613281250000e+02
1.795757446289062500e+02
2.590479736328125000e+02
2.368723449707031250e+02
2.136717834472656250e+02
1.602717895507812500e+02
2.332730407714843750e+02
1.714393920898437500e+02
2.958073425292968750e+02
1.957498016357421875e+02
3.081868896484375000e+02
3.068310546875000000e+02
1.622136840820312500e+02
2.379370422363281250e+02
2.099703369140625000e+02
2.172755126953125000e+02
1.928165283203125000e+02
1.481202697753906250e+02
1.792738342285156250e+02
1.796646270751953125e+02
1.604021301269531250e+02
1.903129577636718750e+02
1.587316741943359375e+02
1.593606872558593750e+02
1.701376342773437500e+02
1.547767944335937500e+02
1.504443206787109375e+02
1.480521545410156250e+02
1.536300964355468750e+02
1.739648132324218750e+02
1.521912231445312500e+02
1.530885009765625000e+02
1.904806823730468750e+02
1.556234436035156250e+02
1.483804779052734375e+02
1.701043701171875000e+02
1.698312835693359375e+02
1.577442932128906250e+02
1.439758605957031250e+02
1.566243896484375000e+02
1.784515533447265625e+02
1.605971984863281250e+02
1.461470336914062500e+02
1.468090209960937500e+02
1.477269287109375000e+02
1.610544128417968750e+02
1.686680145263671875e+02
1.607699584960937500e+02
1.491371765136718750e+02
1.458438110351562500e+02
1.494564514160156250e+02
1.521648559570312500e+02
1.577502746582031250e+02
1.727463378906250000e+02
1.620221557617187500e+02
1.510250549316406250e+02
1.490309600830078125e+02
1.522246398925781250e+02
1.568094482421875000e+02
1.718852233886718750e+02
1.566889953613281250e+02
1.506918640136718750e+02
1.503300781250000000e+02
1.598910522460937500e+02
1.612122497558593750e+02
1.714107971191406250e+02
1.535627593994140625e+02
1.480234069824218750e+02
1.484060211181640625e+02
1.586590270996093750e+02
1.685339508056640625e+02
1.702549438476562500e+02
1.489580383300781250e+02
1.433699340820312500e+02
1.431083068847656250e+02
1.482549285888671875e+02
1.638344116210937500e+02
1.767173461914062500e+02
1.797402954101562500e+02
1.438902893066406250e+02
1.666497192382812500e+02
2.120461425781250000e+02
1.515280456542968750e+02
2.748360595703125000e+02
1.464736022949218750e+02
2.509155273437500000e+02
1.573105468750000000e+02
3.493023071289062500e+02
2.221981506347656250e+02
3.739119567871093750e+02
4.511997070312500000e+02
2.335359039306640625e+02
4.554224853515625000e+02
5.233125000000000000e+02
1.785861663818359375e+02
5.172059326171875000e+02
6.729973754882812500e+02
4.687331542968750000e+02
1.896070556640625000e+02
3.677985229492187500e+02
1.580321044921875000e+02
3.284206542968750000e+02
3.021573791503906250e+02
1.935808258056640625e+02
2.163135986328125000e+02
2.397927398681640625e+02
2.178074340820312500e+02
2.494226989746093750e+02
1.619816284179687500e+02
2.779641723632812500e+02
2.312658081054687500e+02
2.668311767578125000e+02
1.880675354003906250e+02
3.254248657226562500e+02
3.368709106445312500e+02
1.467783660888671875e+02
3.489341125488281250e+02
1.822794189453125000e+02
3.945583496093750000e+02
4.586029052734375000e+02
2.330140991210937500e+02
4.527705078125000000e+02
5.265738525390625000e+02
1.847531585693359375e+02
4.943040466308593750e+02
6.456689453125000000e+02
4.470319213867187500e+02
1.982255249023437500e+02
3.560051879882812500e+02
1.506058654785156250e+02
2.874015502929687500e+02
2.157891235351562500e+02
3.112481384277343750e+02
2.529555053710937500e+02
3.026453247070312500e+02
3.505731811523437500e+02
1.586759643554687500e+02
4.247695922851562500e+02
3.623088684082031250e+02
2.435993652343750000e+02
3.349508361816406250e+02
1.759031372070312500e+02
4.294450073242187500e+02
4.024999389648437500e+02
1.909773254394531250e+02
2.838804931640625000e+02
1.619450683593750000e+02
2.739783630371093750e+02
1.503153686523437500e+02
2.556389465332031250e+02
1.930390625000000000e+02
2.972152404785156250e+02
1.837442321777343750e+02
3.421810302734375000e+02
3.679110412597656250e+02
1.569302368164062500e+02
4.546750183105468750e+02
4.112627868652343750e+02
1.952165374755859375e+02
2.962244262695312500e+02
1.672779846191406250e+02
3.083211975097656250e+02
1.747563781738281250e+02
3.590008544921875000e+02
3.899248657226562500e+02
2.041777648925781250e+02
4.096087646484375000e+02
3.635282287597656250e+02
2.346048278808593750e+02
3.223306274414062500e+02
1.690657348632812500e+02
3.983917846679687500e+02
3.443953857421875000e+02
2.386056213378906250e+02
3.111868896484375000e+02
1.802166595458984375e+02
2.614018249511718750e+02
1.521530609130859375e+02
2.168954162597656250e+02
1.676363830566406250e+02
2.230454254150390625e+02
1.814893798828125000e+02
1.643587036132812500e+02
2.152273559570312500e+02
1.555921936035156250e+02
2.079768371582031250e+02
1.614917602539062500e+02
1.719011383056640625e+02
1.972374572753906250e+02
1.484470520019531250e+02
2.182745056152343750e+02
1.597942504882812500e+02
1.717768554687500000e+02
2.191144561767578125e+02
1.517359313964843750e+02
1.672383270263671875e+02
1.922006835937500000e+02
1.609032287597656250e+02
1.488411407470703125e+02
1.516510314941406250e+02
1.800090942382812500e+02
1.582720031738281250e+02
1.507235412597656250e+02
1.696813964843750000e+02
1.788606567382812500e+02
1.572437438964843750e+02
1.653696594238281250e+02
2.019453125000000000e+02
1.794502258300781250e+02
1.667791442871093750e+02
2.150364074707031250e+02
1.654609680175781250e+02
1.547340698242187500e+02
1.719881591796875000e+02
1.746926727294921875e+02
1.531929016113281250e+02
1.573369750976562500e+02
1.757927551269531250e+02
1.672102355957031250e+02
1.519868164062500000e+02
1.474132080078125000e+02
1.491296081542968750e+02
1.603550109863281250e+02
1.584658050537109375e+02
1.573890075683593750e+02
1.593118286132812500e+02
1.626408081054687500e+02
1.621766357421875000e+02
1.630035705566406250e+02
1.558926086425781250e+02
1.552338867187500000e+02
1.565197753906250000e+02
1.709699859619140625e+02
1.687528076171875000e+02
1.588149108886718750e+02
1.541976928710937500e+02
1.542543640136718750e+02
1.552350921630859375e+02
1.678298950195312500e+02
1.605654602050781250e+02
1.604654083251953125e+02
1.582472076416015625e+02
1.631874389648437500e+02
1.606958312988281250e+02
1.624122619628906250e+02
1.516881408691406250e+02
1.521517028808593750e+02
1.552306213378906250e+02
1.683993530273437500e+02
1.647835693359375000e+02
1.637705078125000000e+02
1.521011352539062500e+02
1.504569549560546875e+02
1.541316528320312500e+02
1.631129150390625000e+02
1.665814971923828125e+02
1.673132934570312500e+02
1.531198425292968750e+02
1.515209350585937500e+02
1.523428039550781250e+02
1.593342590332031250e+02
1.685768127441406250e+02
1.736931762695312500e+02
1.531676330566406250e+02
1.473834228515625000e+02
1.502288513183593750e+02
1.561702575683593750e+02
1.724268188476562500e+02
1.757561340332031250e+02
1.495122528076171875e+02
1.469198455810546875e+02
1.507516174316406250e+02
1.651084442138671875e+02
1.939093627929687500e+02
1.469060058593750000e+02
1.684402160644531250e+02
2.241217651367187500e+02
1.664877624511718750e+02
3.061447143554687500e+02
1.645236511230468750e+02
3.535084228515625000e+02
3.520477600097656250e+02
1.464076232910156250e+02
3.251918029785156250e+02
1.487411804199218750e+02
3.051847229003906250e+02
2.515287170410156250e+02
2.666828613281250000e+02
2.091582641601562500e+02
3.252116699218750000e+02
3.497358398437500000e+02
1.507267608642578125e+02
4.069566040039062500e+02
2.884889831542968750e+02
3.463330993652343750e+02
4.513296813964843750e+02
2.495865020751953125e+02
4.300581054687500000e+02
4.902964172363281250e+02
1.684630432128906250e+02
4.591859130859375000e+02
5.287548828125000000e+02
2.886116333007812500e+02
4.193686218261718750e+02
5.162022705078125000e+02
2.226798095703125000e+02
4.059674682617187500e+02
4.887291259765625000e+02
2.686598510742187500e+02
4.272661132812500000e+02
5.146104736328125000e+02
2.055660400390625000e+02
4.539900817871093750e+02
5.535634155273437500e+02
3.271057434082031250e+02
3.554761352539062500e+02
4.486986694335937500e+02
1.653727569580078125e+02
3.563345642089843750e+02
3.488591918945312500e+02
1.535637054443359375e+02
3.133402404785156250e+02
1.494840087890625000e+02
2.904361267089843750e+02
2.275218811035156250e+02
2.924857177734375000e+02
2.200113067626953125e+02
3.439157104492187500e+02
4.016576843261718750e+02
1.953694458007812500e+02
4.691584472656250000e+02
4.960437316894531250e+02
1.567412109375000000e+02
4.416701660156250000e+02
4.893725585937500000e+02
2.436505126953125000e+02
4.726804199218750000e+02
5.730458984375000000e+02
2.490052947998046875e+02
5.060968322753906250e+02
7.322870483398437500e+02
5.925983886718750000e+02
1.970005187988281250e+02
6.492296752929687500e+02
8.307547607421875000e+02
5.816387939453125000e+02
2.120798339843750000e+02
4.472955322265625000e+02
3.832178649902343750e+02
1.728403625488281250e+02
3.318089599609375000e+02
1.577696533203125000e+02
3.179085998535156250e+02
2.841810607910156250e+02
2.052747497558593750e+02
1.974880371093750000e+02
2.617615051269531250e+02
2.455450134277343750e+02
2.229990539550781250e+02
1.741238555908203125e+02
2.690138244628906250e+02
2.305367431640625000e+02
2.630476684570312500e+02
1.833310546875000000e+02
3.217016906738281250e+02
3.321946105957031250e+02
1.542853698730468750e+02
3.704795837402343750e+02
2.177435760498046875e+02
3.752634887695312500e+02
4.575769653320312500e+02
2.444634857177734375e+02
4.338326110839843750e+02
5.051878662109375000e+02
1.849616699218750000e+02
4.745835266113281250e+02
5.962360839843750000e+02
3.929645996093750000e+02
2.482709960937500000e+02
3.710636596679687500e+02
1.843087768554687500e+02
2.828785095214843750e+02
2.135892944335937500e+02
3.109458312988281250e+02
2.650203247070312500e+02
2.601515502929687500e+02
2.967586669921875000e+02
1.850447692871093750e+02
2.588818969726562500e+02
1.731647338867187500e+02
1.969786376953125000e+02
1.842587890625000000e+02
1.519502258300781250e+02
1.678924560546875000e+02
1.883283996582031250e+02
1.651373596191406250e+02
1.864341583251953125e+02
1.744335937500000000e+02
1.646091918945312500e+02
1.591790313720703125e+02
1.770465698242187500e+02
1.770064086914062500e+02
1.646971130371093750e+02
1.585175476074218750e+02
1.850228424072265625e+02
1.691836547851562500e+02
1.762755737304687500e+02
1.928410339355468750e+02
1.612519836425781250e+02
1.797251434326171875e+02
1.758323669433593750e+02
1.487969055175781250e+02
1.598123779296875000e+02
1.835227050781250000e+02
1.491268005371093750e+02
1.535602874755859375e+02
1.952724914550781250e+02
1.556007995605468750e+02
1.470527343750000000e+02
1.577955322265625000e+02
1.666103515625000000e+02
1.848119812011718750e+02
1.499486999511718750e+02
1.578301391601562500e+02
2.019717407226562500e+02
1.477780761718750000e+02
2.103986816406250000e+02
1.990489501953125000e+02
1.629319458007812500e+02
2.746196289062500000e+02
1.596895751953125000e+02
2.982447204589843750e+02
2.438746032714843750e+02
2.632901306152343750e+02
1.973559265136718750e+02
2.967923583984375000e+02
3.062972412109375000e+02
1.597291870117187500e+02
2.555853271484375000e+02
1.897923889160156250e+02
1.820792083740234375e+02
2.472176208496093750e+02
1.675747985839843750e+02
2.710195617675781250e+02
2.138610534667968750e+02
2.887122802734375000e+02
2.061327056884765625e+02
2.977001953125000000e+02
3.024421081542968750e+02
1.618975830078125000e+02
2.090072021484375000e+02
2.242926940917968750e+02
1.899970397949218750e+02
2.835316467285156250e+02
1.878144836425781250e+02
3.245054321289062500e+02
3.260489807128906250e+02
1.578392486572265625e+02
3.024131469726562500e+02
1.597319335937500000e+02
2.099316711425781250e+02
1.705629577636718750e+02
1.551713256835937500e+02
1.971029663085937500e+02
1.575694580078125000e+02
1.545818176269531250e+02
1.733067321777343750e+02
1.687599945068359375e+02
1.600013885498046875e+02
1.492501220703125000e+02
1.518149414062500000e+02
1.589655456542968750e+02
1.658921966552734375e+02
1.730020904541015625e+02
1.612632904052734375e+02
1.537665405273437500e+02
1.499718933105468750e+02
1.560887756347656250e+02
1.642067565917968750e+02
1.767460174560546875e+02
1.529846801757812500e+02
1.489705505371093750e+02
1.532678070068359375e+02
1.691193084716796875e+02
1.880612487792968750e+02
1.508335418701171875e+02
1.525779418945312500e+02
1.844421081542968750e+02
1.599814758300781250e+02
1.529310455322265625e+02
1.504484558105468750e+02
1.466457824707031250e+02
1.489128112792968750e+02
1.478794860839843750e+02
1.471652984619140625e+02
1.496933898925781250e+02
1.522451019287109375e+02
1.715460357666015625e+02
1.743023223876953125e+02
1.696012573242187500e+02
1.510352478027343750e+02
1.480148162841796875e+02
1.489634246826171875e+02
1.533669128417968750e+02
1.760304565429687500e+02
1.734629516601562500e+02
1.676138763427734375e+02
1.550634307861328125e+02
1.517767333984375000e+02
1.579621276855468750e+02
1.754633331298828125e+02
1.634821777343750000e+02
1.587438964843750000e+02
1.531328735351562500e+02
1.524806823730468750e+02
1.559952087402343750e+02
1.734263916015625000e+02
1.715988464355468750e+02
1.663967895507812500e+02
1.537670593261718750e+02
1.520773925781250000e+02
1.553360900878906250e+02
1.711740722656250000e+02
1.664820404052734375e+02
1.710199890136718750e+02
1.557179565429687500e+02
1.536533203125000000e+02
1.578736267089843750e+02
1.814878845214843750e+02
1.627257385253906250e+02
1.570380249023437500e+02
1.566573944091796875e+02
1.658912658691406250e+02
1.666898040771484375e+02
1.755449829101562500e+02
1.550792541503906250e+02
1.509104309082031250e+02
1.500155639648437500e+02
1.565091552734375000e+02
1.720259094238281250e+02
1.831977233886718750e+02
1.511265563964843750e+02
1.515543823242187500e+02
1.765173950195312500e+02
1.736894226074218750e+02
1.675605468750000000e+02
1.548921661376953125e+02
1.505972442626953125e+02
1.497849731445312500e+02
1.582699127197265625e+02
1.764927368164062500e+02
1.838324127197265625e+02
1.510611572265625000e+02
1.571396636962890625e+02
1.993220672607421875e+02
1.507611083984375000e+02
1.762646942138671875e+02
2.279140930175781250e+02
1.678122711181640625e+02
3.121351623535156250e+02
1.792525329589843750e+02
3.606532287597656250e+02
3.727763061523437500e+02
1.557167663574218750e+02
4.430414428710937500e+02
3.537093200683593750e+02
2.899077453613281250e+02
3.921115112304687500e+02
2.105787353515625000e+02
4.579452514648437500e+02
4.916207275390625000e+02
1.598680725097656250e+02
4.369285888671875000e+02
4.587422485351562500e+02
2.038777770996093750e+02
5.174917602539062500e+02
5.885997314453125000e+02
2.259341125488281250e+02
5.290349121093750000e+02
7.394723510742187500e+02
5.729992065429687500e+02
1.676395874023437500e+02
6.744892578125000000e+02
8.309953613281250000e+02
5.416970825195312500e+02
2.757203674316406250e+02
5.115227355957031250e+02
4.166755981445312500e+02
1.878850555419921875e+02
3.563986816406250000e+02
1.644920959472656250e+02
3.368771362304687500e+02
3.301325073242187500e+02
1.840731658935546875e+02
3.309641113281250000e+02
1.519541015625000000e+02
3.074713134765625000e+02
2.512663726806640625e+02
2.896351623535156250e+02
2.837315979003906250e+02
2.368554229736328125e+02
2.490688781738281250e+02
2.096677551269531250e+02
1.701901092529296875e+02
2.681275634765625000e+02
2.388359375000000000e+02
2.306258544921875000e+02
1.752047119140625000e+02
2.352699127197265625e+02
1.767190246582031250e+02
2.653051147460937500e+02
1.869804382324218750e+02
2.699495544433593750e+02
2.083103485107421875e+02
3.107089233398437500e+02
2.139466857910156250e+02
3.423834838867187500e+02
3.933517761230468750e+02
2.007077789306640625e+02
4.411589355468750000e+02
4.289793701171875000e+02
1.786597900390625000e+02
2.901734008789062500e+02
1.759996948242187500e+02
2.732211608886718750e+02
1.537376708984375000e+02
2.798278808593750000e+02
2.252247009277343750e+02
2.716303710937500000e+02
2.043381958007812500e+02
2.751706542968750000e+02
2.562838745117187500e+02
2.393577728271484375e+02
2.325845336914062500e+02
2.418800506591796875e+02
2.141198425292968750e+02
2.669113769531250000e+02
1.789666442871093750e+02
3.143467407226562500e+02
3.131444091796875000e+02
1.840099639892578125e+02
3.245202331542968750e+02
1.505873413085937500e+02
2.480560302734375000e+02
1.760719604492187500e+02
2.371443481445312500e+02
1.560059356689453125e+02
1.910127563476562500e+02
1.860894927978515625e+02
1.627552642822265625e+02
1.542041778564453125e+02
1.852973022460937500e+02
1.790342407226562500e+02
1.576587829589843750e+02
1.627074279785156250e+02
1.976245269775390625e+02
1.742243041992187500e+02
2.008157653808593750e+02
2.073266296386718750e+02
1.653694610595703125e+02
2.536454467773437500e+02
1.679145202636718750e+02
2.776884765625000000e+02
2.007372589111328125e+02
3.287019653320312500e+02
2.430438537597656250e+02
3.256840209960937500e+02
3.852059020996093750e+02
1.953445281982421875e+02
4.465582885742187500e+02
4.282333984375000000e+02
1.838703765869140625e+02
2.969470214843750000e+02
1.804908752441406250e+02
2.725753784179687500e+02
1.543046417236328125e+02
2.906200561523437500e+02
2.386574401855468750e+02
2.634365844726562500e+02
2.264992370605468750e+02
2.618161010742187500e+02
2.501042480468750000e+02
2.407527770996093750e+02
2.329054565429687500e+02
2.331354064941406250e+02
2.084795837402343750e+02
2.614527893066406250e+02
1.662131042480468750e+02
2.852955932617187500e+02
2.522781982421875000e+02
2.257205505371093750e+02
1.777041778564453125e+02
2.480994873046875000e+02
1.930523071289062500e+02
3.101954345703125000e+02
2.470248870849609375e+02
2.764628601074218750e+02
2.762676086425781250e+02
2.084340972900390625e+02
2.187216186523437500e+02
2.551720428466796875e+02
2.601593017578125000e+02
2.005165710449218750e+02
2.509044799804687500e+02
2.246685180664062500e+02
2.207136993408203125e+02
2.517896118164062500e+02
2.274398498535156250e+02
2.439556884765625000e+02
2.122683715820312500e+02
2.743642272949218750e+02
1.830181884765625000e+02
3.357150268554687500e+02
3.533589172363281250e+02
1.907565002441406250e+02
3.986891174316406250e+02
2.714476928710937500e+02
3.648035278320312500e+02
4.720821838378906250e+02
2.727755126953125000e+02
4.083911743164062500e+02
4.842578125000000000e+02
2.014225006103515625e+02
4.237409973144531250e+02
4.702617492675781250e+02
2.329696960449218750e+02
4.753765563964843750e+02
5.568465576171875000e+02
2.351637115478515625e+02
4.564389648437500000e+02
6.082487792968750000e+02
4.299340209960937500e+02
2.059170074462890625e+02
3.396815795898437500e+02
1.605938720703125000e+02
2.425746002197265625e+02
1.638618927001953125e+02
2.275329284667968750e+02
1.804210968017578125e+02
1.639566650390625000e+02
2.416022644042968750e+02
1.603087005615234375e+02
1.680837402343750000e+02
2.161676940917968750e+02
1.583264312744140625e+02
1.780755310058593750e+02
2.126421966552734375e+02
1.594183349609375000e+02
1.607729034423828125e+02
1.989892883300781250e+02
1.755276489257812500e+02
1.541151428222656250e+02
1.677918701171875000e+02
2.025137176513671875e+02
1.569066009521484375e+02
2.308141174316406250e+02
1.900881958007812500e+02
1.679798431396484375e+02
2.513547668457031250e+02
1.626198730468750000e+02
2.674869384765625000e+02
1.877695922851562500e+02
3.333060302734375000e+02
2.208939208984375000e+02
3.581905212402343750e+02
4.293543090820312500e+02
2.280966644287109375e+02
4.432238769531250000e+02
4.832330322265625000e+02
1.584241333007812500e+02
3.971034240722656250e+02
4.094934387207031250e+02
1.650998535156250000e+02
4.812940368652343750e+02
4.728775634765625000e+02
1.601962280273437500e+02
3.532839355468750000e+02
2.897417602539062500e+02
2.389585113525390625e+02
2.172336120605468750e+02
2.999896850585937500e+02
3.226719360351562500e+02
1.713581542968750000e+02
3.446276245117187500e+02
1.790104064941406250e+02
3.746428527832031250e+02
4.040394287109375000e+02
1.727074279785156250e+02
4.886350097656250000e+02
4.964490051269531250e+02
1.540059967041015625e+02
4.163313903808593750e+02
4.317778015136718750e+02
1.962520141601562500e+02
5.017618103027343750e+02
5.468486328125000000e+02
1.929744415283203125e+02
5.248191528320312500e+02
7.055558471679687500e+02
5.313394775390625000e+02
1.542842407226562500e+02
5.828045043945312500e+02
6.245102539062500000e+02
2.540524444580078125e+02
5.378743896484375000e+02
7.880166625976562500e+02
6.633192138671875000e+02
2.555096740722656250e+02
6.318795166015625000e+02
8.904733886718750000e+02
7.124489135742187500e+02
1.728748016357421875e+02
5.981827392578125000e+02
8.265214843750000000e+02
6.803366088867187500e+02
2.640281982421875000e+02
6.313395996093750000e+02
8.967250976562500000e+02
7.303497314453125000e+02
1.935903625488281250e+02
6.479523925781250000e+02
9.509874877929687500e+02
8.623973999023437500e+02
4.527539978027343750e+02
3.857892456054687500e+02
6.549291992187500000e+02
4.991028747558593750e+02
2.274523925781250000e+02
4.278118286132812500e+02
3.708021545410156250e+02
1.727052307128906250e+02
3.874911804199218750e+02
2.499742736816406250e+02
3.519203491210937500e+02
4.370235290527343750e+02
2.530922241210937500e+02
4.088543395996093750e+02
4.748768310546875000e+02
1.796187744140625000e+02
4.358818969726562500e+02
5.178198242187500000e+02
3.233763122558593750e+02
3.296620178222656250e+02
4.127706298828125000e+02
2.114988098144531250e+02
3.247304687500000000e+02
2.951140136718750000e+02
1.953470001220703125e+02
2.336510314941406250e+02
2.088244171142578125e+02
1.925075836181640625e+02
2.460576629638671875e+02
1.627290954589843750e+02
2.669523925781250000e+02
2.262584075927734375e+02
2.426319274902343750e+02
1.771637268066406250e+02
2.446285095214843750e+02
1.929831237792968750e+02
2.999582519531250000e+02
2.395486145019531250e+02
2.712125854492187500e+02
2.759570007324218750e+02
1.999306640625000000e+02
2.353489074707031250e+02
2.280856933593750000e+02
2.342676391601562500e+02
1.943554992675781250e+02
1.775678100585937500e+02
2.293902893066406250e+02
1.791164245605468750e+02
2.716691894531250000e+02
1.947594299316406250e+02
2.693186340332031250e+02
2.300823516845703125e+02
2.717868041992187500e+02
1.996605834960937500e+02
3.203718566894531250e+02
3.496447753906250000e+02
1.851037902832031250e+02
4.170478210449218750e+02
3.512418212890625000e+02
2.551942596435546875e+02
3.406736145019531250e+02
2.005103454589843750e+02
3.068430480957031250e+02
2.182345275878906250e+02
3.119347229003906250e+02
3.464554443359375000e+02
1.962539825439453125e+02
3.810296325683593750e+02
2.917100219726562500e+02
3.089057617187500000e+02
4.051499023437500000e+02
2.339111633300781250e+02
4.047127685546875000e+02
4.447477111816406250e+02
1.773686065673828125e+02
4.116841735839843750e+02
4.265344848632812500e+02
1.964908447265625000e+02
4.916579284667968750e+02
5.469365234375000000e+02
2.139014587402343750e+02
4.795304260253906250e+02
6.512806396484375000e+02
4.942217407226562500e+02
1.580289611816406250e+02
5.185639648437500000e+02
5.040987854003906250e+02
1.614542694091796875e+02
4.247433471679687500e+02
4.640116577148437500e+02
2.384658813476562500e+02
4.563848266601562500e+02
5.466352539062500000e+02
2.343090362548828125e+02
4.943342285156250000e+02
7.044027099609375000e+02
5.733864135742187500e+02
2.137658081054687500e+02
6.139494018554687500e+02
7.974132690429687500e+02
5.679722290039062500e+02
2.067344360351562500e+02
4.285021362304687500e+02
3.874933471679687500e+02
1.626831207275390625e+02
3.731267089843750000e+02
2.411449737548828125e+02
3.540006408691406250e+02
4.471609191894531250e+02
2.777000732421875000e+02
3.441971130371093750e+02
3.829288635253906250e+02
1.925993041992187500e+02
2.958153076171875000e+02
2.035430908203125000e+02
3.342878723144531250e+02
2.901757202148437500e+02
2.544021453857421875e+02
2.987467651367187500e+02
1.972466278076171875e+02
2.668599243164062500e+02
1.608255615234375000e+02
2.248229370117187500e+02
1.759075317382812500e+02
2.533144378662109375e+02
1.679093933105468750e+02
1.830793151855468750e+02
2.079945373535156250e+02
1.770874176025390625e+02
2.184240264892578125e+02
1.645783996582031250e+02
2.495102539062500000e+02
1.748784179687500000e+02
1.815048522949218750e+02
2.121913146972656250e+02
1.678180847167968750e+02
2.121697082519531250e+02
1.640392456054687500e+02
1.630056762695312500e+02
1.916870117187500000e+02
1.623729705810546875e+02
1.875668792724609375e+02
2.109596710205078125e+02
1.655416564941406250e+02
2.408255615234375000e+02
1.564434661865234375e+02
2.168706512451171875e+02
1.590312347412109375e+02
2.042614135742187500e+02
2.166923217773437500e+02
1.891703491210937500e+02
2.698876342773437500e+02
1.846274719238281250e+02
3.014653930664062500e+02
2.816993103027343750e+02
1.961124267578125000e+02
1.881711730957031250e+02
2.621898803710937500e+02
2.479729309082031250e+02
2.054730682373046875e+02
1.717139587402343750e+02
2.252010498046875000e+02
1.713775482177734375e+02
2.718648071289062500e+02
1.836628112792968750e+02
2.849685974121093750e+02
2.453112487792968750e+02
2.487979125976562500e+02
1.897333679199218750e+02
2.774462890625000000e+02
2.655951232910156250e+02
1.952132720947265625e+02
1.739042816162109375e+02
2.549527587890625000e+02
2.138720245361328125e+02
2.710009765625000000e+02
1.909709777832031250e+02
3.165703125000000000e+02
3.240264282226562500e+02
1.602639160156250000e+02
3.587349243164062500e+02
2.006340332031250000e+02
3.774260253906250000e+02
4.507839050292968750e+02
2.538101501464843750e+02
4.080375671386718750e+02
4.688920593261718750e+02
1.661461486816406250e+02
4.163670654296875000e+02
4.735484313964843750e+02
2.595474548339843750e+02
4.239508361816406250e+02
5.103886718750000000e+02
1.999434204101562500e+02
4.939476623535156250e+02
6.645991821289062500e+02
5.018772277832031250e+02
1.752461547851562500e+02
5.725803833007812500e+02
6.226815185546875000e+02
2.709382019042968750e+02
5.051242980957031250e+02
7.599197387695312500e+02
6.574390258789062500e+02
2.832023620605468750e+02
5.644735107421875000e+02
8.061387939453125000e+02
6.313051757812500000e+02
1.641980133056640625e+02
4.917626647949218750e+02
5.801679687500000000e+02
3.742936706542968750e+02
2.733481140136718750e+02
3.715373535156250000e+02
1.760664367675781250e+02
2.819882507324218750e+02
2.155388488769531250e+02
3.028729553222656250e+02
2.559617614746093750e+02
2.616897583007812500e+02
2.865820617675781250e+02
1.878270874023437500e+02
2.371834716796875000e+02
1.997620239257812500e+02
2.052321472167968750e+02
2.033223266601562500e+02
1.632903442382812500e+02
1.752436218261718750e+02
1.910691528320312500e+02
1.751464385986328125e+02
1.976717834472656250e+02
1.656754760742187500e+02
1.700756835937500000e+02
1.740203857421875000e+02
1.622626037597656250e+02
1.674804992675781250e+02
1.648988800048828125e+02
1.553936157226562500e+02
1.560607757568359375e+02
1.594201660156250000e+02
1.580190734863281250e+02
1.624190521240234375e+02
1.670814056396484375e+02
1.697834777832031250e+02
1.680280609130859375e+02
1.612383728027343750e+02
1.598293151855468750e+02
1.569687805175781250e+02
1.579452362060546875e+02
1.594745178222656250e+02
1.629215698242187500e+02
1.716755981445312500e+02
1.847396240234375000e+02
1.564581756591796875e+02
1.812247009277343750e+02
2.155283508300781250e+02
1.643523101806640625e+02
2.737579956054687500e+02
1.621484985351562500e+02
2.958587646484375000e+02
2.494967346191406250e+02
2.501779022216796875e+02
1.934295959472656250e+02
2.737365417480468750e+02
2.653094482421875000e+02
1.947488098144531250e+02
1.805908813476562500e+02
2.583930664062500000e+02
2.197930145263671875e+02
2.621110839843750000e+02
1.818314056396484375e+02
3.103873901367187500e+02
3.128792114257812500e+02
1.614294433593750000e+02
3.082522888183593750e+02
1.566501159667968750e+02
2.574844055175781250e+02
1.740224304199218750e+02
3.231476440429687500e+02
2.275342102050781250e+02
3.184806518554687500e+02
3.598302307128906250e+02
1.698040466308593750e+02
4.418674926757812500e+02
4.187719116210937500e+02
1.867434539794921875e+02
2.883932495117187500e+02
1.751467895507812500e+02
3.417117309570312500e+02
2.582461242675781250e+02
3.053315429687500000e+02
3.605099792480468750e+02
1.730491333007812500e+02
4.455914306640625000e+02
4.265620727539062500e+02
1.767756958007812500e+02
2.912533569335937500e+02
1.801937561035156250e+02
3.588909301757812500e+02
2.911964721679687500e+02
2.830050048828125000e+02
3.471230468750000000e+02
1.738138732910156250e+02
4.156011962890625000e+02
3.717507324218750000e+02
2.236367492675781250e+02
3.071003112792968750e+02
1.694324188232421875e+02
3.784280700683593750e+02
3.045043945312500000e+02
2.799485473632812500e+02
3.504998168945312500e+02
1.800019226074218750e+02
4.036672363281250000e+02
3.681741333007812500e+02
2.138261413574218750e+02
2.909636230468750000e+02
1.624565734863281250e+02
2.888277893066406250e+02
1.652806701660156250e+02
3.009315490722656250e+02
2.705899353027343750e+02
2.107837219238281250e+02
1.976673126220703125e+02
2.568074645996093750e+02
2.425594787597656250e+02
2.190674438476562500e+02
1.873536376953125000e+02
2.616870117187500000e+02
2.320880737304687500e+02
2.458511505126953125e+02
1.798363647460937500e+02
2.829833984375000000e+02
2.656428833007812500e+02
2.007550201416015625e+02
1.868835144042968750e+02
2.483787536621093750e+02
2.203141784667968750e+02
2.523392791748046875e+02
1.899258728027343750e+02
2.956672058105468750e+02
2.880048217773437500e+02
1.835110015869140625e+02
2.046067657470703125e+02
2.483210296630859375e+02
2.417158813476562500e+02
2.007475738525390625e+02
1.659538421630859375e+02
2.204102172851562500e+02
1.657995300292968750e+02
2.663380126953125000e+02
1.685227355957031250e+02
2.773212585449218750e+02
2.159155426025390625e+02
2.941180419921875000e+02
2.166129760742187500e+02
3.192882690429687500e+02
3.609359130859375000e+02
1.826216430664062500e+02
4.299472656250000000e+02
4.009864196777343750e+02
1.944095916748046875e+02
2.985335388183593750e+02
1.862600097656250000e+02
2.878862304687500000e+02
1.919223327636718750e+02
3.272256164550781250e+02
3.460667724609375000e+02
2.084621734619140625e+02
3.659739074707031250e+02
2.566984558105468750e+02
3.262165832519531250e+02
4.033989257812500000e+02
2.192284240722656250e+02
4.373650817871093750e+02
4.920863952636718750e+02
2.127584228515625000e+02
4.234898681640625000e+02
4.917762756347656250e+02
2.809089355468750000e+02
3.943920593261718750e+02
4.812132568359375000e+02
2.072927703857421875e+02
3.900681762695312500e+02
4.641948852539062500e+02
2.643917236328125000e+02
3.976242065429687500e+02
4.682763671875000000e+02
1.878871765136718750e+02
4.276309509277343750e+02
5.020349426269531250e+02
2.980833435058593750e+02
3.624599609375000000e+02
4.440019531250000000e+02
1.815649261474609375e+02
3.561882934570312500e+02
3.718428344726562500e+02
1.696804656982421875e+02
4.431801147460937500e+02
4.156543884277343750e+02
1.856058044433593750e+02
3.387456359863281250e+02
2.471856994628906250e+02
3.062958984375000000e+02
2.924721069335937500e+02
2.429264221191406250e+02
2.920767822265625000e+02
1.645391540527343750e+02
3.032875976562500000e+02
1.692989349365234375e+02
3.270520019531250000e+02
3.136426391601562500e+02
1.709897155761718750e+02
2.455638732910156250e+02
2.020832977294921875e+02
2.100883483886718750e+02
2.050758666992187500e+02
1.610954742431640625e+02
1.949339294433593750e+02
1.658774719238281250e+02
1.604289245605468750e+02
1.793271789550781250e+02
1.692430725097656250e+02
1.596447753906250000e+02
1.577083282470703125e+02
1.587780456542968750e+02
1.635785827636718750e+02
1.731305084228515625e+02
1.803369293212890625e+02
1.602762145996093750e+02
1.605491943359375000e+02
1.816109313964843750e+02
1.722377471923828125e+02
1.586518859863281250e+02
1.553766174316406250e+02
1.576792907714843750e+02
1.691419372558593750e+02
1.683941650390625000e+02
1.744396972656250000e+02
1.618608093261718750e+02
1.573809051513671875e+02
1.553367004394531250e+02
1.576705780029296875e+02
1.615131225585937500e+02
1.775681610107421875e+02
1.682695770263671875e+02
1.695614013671875000e+02
1.628000335693359375e+02
1.625962524414062500e+02
1.614306945800781250e+02
1.668841094970703125e+02
1.718334655761718750e+02
1.769930419921875000e+02
1.647496795654296875e+02
1.603489685058593750e+02
1.555278472900390625e+02
1.559453125000000000e+02
1.592565612792968750e+02
1.717662658691406250e+02
1.771564025878906250e+02
1.771393585205078125e+02
1.572556152343750000e+02
1.613999023437500000e+02
1.898855590820312500e+02
1.658642883300781250e+02
1.609774322509765625e+02
1.571299743652343750e+02
1.591896514892578125e+02
1.597370300292968750e+02
1.670732879638671875e+02
1.700774536132812500e+02
1.768461151123046875e+02
1.650435180664062500e+02
1.615846710205078125e+02
1.590902709960937500e+02
1.600818176269531250e+02
1.704364929199218750e+02
1.819979400634765625e+02
1.608601989746093750e+02
1.583053436279296875e+02
1.564658813476562500e+02
1.556054687500000000e+02
1.617113800048828125e+02
1.737803955078125000e+02
1.764639282226562500e+02
1.769662017822265625e+02
1.577498779296875000e+02
1.632279663085937500e+02
1.997388916015625000e+02
1.608484191894531250e+02
1.585303955078125000e+02
1.768230590820312500e+02
1.726541442871093750e+02
1.716874694824218750e+02
1.593151092529296875e+02
1.565633239746093750e+02
1.602733154296875000e+02
1.687197875976562500e+02
1.804308471679687500e+02
1.826600646972656250e+02
1.598268585205078125e+02
1.671919555664062500e+02
2.052440032958984375e+02
1.573953704833984375e+02
1.872435913085937500e+02
2.209982299804687500e+02
1.804759674072265625e+02
2.828291320800781250e+02
1.635815277099609375e+02
3.006060180664062500e+02
2.574202880859375000e+02
2.507102355957031250e+02
1.981891937255859375e+02
3.169149475097656250e+02
3.321482238769531250e+02
1.681675262451171875e+02
3.723625488281250000e+02
2.289819030761718750e+02
3.772446899414062500e+02
4.603538208007812500e+02
2.594027709960937500e+02
4.230349426269531250e+02
4.999467163085937500e+02
1.936968994140625000e+02
4.643846130371093750e+02
5.733323974609375000e+02
3.794753417968750000e+02
2.737981872558593750e+02
3.979541625976562500e+02
2.069452209472656250e+02
3.133332519531250000e+02
2.826954650878906250e+02
2.235105133056640625e+02
2.517787780761718750e+02
2.112194671630859375e+02
2.248652648925781250e+02
2.057841796875000000e+02
1.632101745605468750e+02
2.064795227050781250e+02
1.659421844482421875e+02
2.301220092773437500e+02
1.878338317871093750e+02
1.799700622558593750e+02
2.076157684326171875e+02
1.569076843261718750e+02
1.840926208496093750e+02
1.926773376464843750e+02
1.713036346435546875e+02
1.605358886718750000e+02
1.993089904785156250e+02
1.751870574951171875e+02
1.641558837890625000e+02
1.798872528076171875e+02
1.998823852539062500e+02
1.793909301757812500e+02
2.180699768066406250e+02
1.896161041259765625e+02
1.634646453857421875e+02
2.157001037597656250e+02
1.675336303710937500e+02
1.829359741210937500e+02
2.096635437011718750e+02
1.766421813964843750e+02
1.756534118652343750e+02
2.036790466308593750e+02
1.761487884521484375e+02
1.639012451171875000e+02
1.620927124023437500e+02
1.799737548828125000e+02
1.775212402343750000e+02
1.636757202148437500e+02
1.570587921142578125e+02
1.833963012695312500e+02
1.790989685058593750e+02
1.615093383789062500e+02
1.552261657714843750e+02
1.648721466064453125e+02
1.621775360107421875e+02
1.563813781738281250e+02
1.641231994628906250e+02
1.666971435546875000e+02
1.759142608642578125e+02
1.854347534179687500e+02
1.640090942382812500e+02
1.715610656738281250e+02
2.160452423095703125e+02
1.602917785644531250e+02
2.368873748779296875e+02
1.723093261718750000e+02
1.645212097167968750e+02
2.229208984375000000e+02
1.760720520019531250e+02
1.599209899902343750e+02
2.109285278320312500e+02
1.838228149414062500e+02
1.575396728515625000e+02
1.828144836425781250e+02
2.058358154296875000e+02
1.637176818847656250e+02
2.540877075195312500e+02
1.669915008544921875e+02
1.749675903320312500e+02
2.271707305908203125e+02
1.639898071289062500e+02
2.203298187255859375e+02
1.642556762695312500e+02
1.930545501708984375e+02
2.289255981445312500e+02
1.874591522216796875e+02
2.989949951171875000e+02
1.931250915527343750e+02
3.267836914062500000e+02
3.258453979492187500e+02
1.701973266601562500e+02
2.499231567382812500e+02
2.207752380371093750e+02
2.277167968750000000e+02
1.986921844482421875e+02
1.613688659667968750e+02
1.898984832763671875e+02
1.870122222900390625e+02
1.688184356689453125e+02
2.027158813476562500e+02
1.705918273925781250e+02
1.715151214599609375e+02
1.936099853515625000e+02
1.650498657226562500e+02
1.636345367431640625e+02
1.831025238037109375e+02
1.799570007324218750e+02
1.776833496093750000e+02
1.600577697753906250e+02
1.766356811523437500e+02
2.163864440917968750e+02
1.619013214111328125e+02
2.262848510742187500e+02
1.835822906494140625e+02
1.608421325683593750e+02
2.248618469238281250e+02
1.842447967529296875e+02
1.599600219726562500e+02
2.176026306152343750e+02
1.723861694335937500e+02
1.573918762207031250e+02
1.911905364990234375e+02
2.080365905761718750e+02
1.664509277343750000e+02
2.614171447753906250e+02
1.616637420654296875e+02
1.885473022460937500e+02
2.165326232910156250e+02
1.615506896972656250e+02
2.184532470703125000e+02
1.651751098632812500e+02
2.013371734619140625e+02
2.373097534179687500e+02
2.071655273437500000e+02
2.800245361328125000e+02
1.879093627929687500e+02
3.243129577636718750e+02
3.135642700195312500e+02
1.848515319824218750e+02
2.096605529785156250e+02
2.657705078125000000e+02
2.578453979492187500e+02
1.995565795898437500e+02
1.906965942382812500e+02
2.670082397460937500e+02
2.333666992187500000e+02
2.765125122070312500e+02
2.290577697753906250e+02
2.809997863769531250e+02
2.741490478515625000e+02
2.111986999511718750e+02
1.828429107666015625e+02
2.696361999511718750e+02
2.452617492675781250e+02
2.234905395507812500e+02
1.720179138183593750e+02
2.367926940917968750e+02
1.757883605957031250e+02
2.637015075683593750e+02
1.788804931640625000e+02
2.820886840820312500e+02
2.223554077148437500e+02
2.956610717773437500e+02
2.134769897460937500e+02
2.899977722167968750e+02
2.876533508300781250e+02
1.901897888183593750e+02
2.008308105468750000e+02
2.492433776855468750e+02
2.126035003662109375e+02
2.862089843750000000e+02
1.907039794921875000e+02
3.397319946289062500e+02
3.595839843750000000e+02
1.734562530517578125e+02
4.339775390625000000e+02
3.525139160156250000e+02
2.789952697753906250e+02
3.748301391601562500e+02
2.025471801757812500e+02
4.322633972167968750e+02
4.305644836425781250e+02
1.797105255126953125e+02
3.385043334960937500e+02
2.444909973144531250e+02
3.177182006835937500e+02
2.808682861328125000e+02
2.927284545898437500e+02
3.519416503906250000e+02
1.896716308593750000e+02
4.142696838378906250e+02
3.487458801269531250e+02
2.617767639160156250e+02
3.412882385253906250e+02
1.894300537109375000e+02
3.258215332031250000e+02
2.191763763427734375e+02
3.437014770507812500e+02
3.852142639160156250e+02
2.210919799804687500e+02
3.968692626953125000e+02
3.368743286132812500e+02
2.751954040527343750e+02
3.687472229003906250e+02
2.128588104248046875e+02
4.169219665527343750e+02
4.170322265625000000e+02
1.889395141601562500e+02
3.441573486328125000e+02
2.474886474609375000e+02
3.259522705078125000e+02
3.085342407226562500e+02
2.558728179931640625e+02
3.099605102539062500e+02
1.681810302734375000e+02
3.241051635742187500e+02
1.774557952880859375e+02
3.447708129882812500e+02
3.429120483398437500e+02
1.630244750976562500e+02
3.241818542480468750e+02
1.646052246093750000e+02
3.159186401367187500e+02
2.784517211914062500e+02
2.294943847656250000e+02
2.004549865722656250e+02
2.962073974609375000e+02
2.999449768066406250e+02
1.765747680664062500e+02
2.808742370605468750e+02
1.840798339843750000e+02
2.006956634521484375e+02
2.221223602294921875e+02
1.854763336181640625e+02
2.443119354248046875e+02
1.836717834472656250e+02
3.036265869140625000e+02
1.851745452880859375e+02
3.067012634277343750e+02
2.896918945312500000e+02
2.023092346191406250e+02
2.121716308593750000e+02
2.511746826171875000e+02
2.266270294189453125e+02
2.562745361328125000e+02
1.796339721679687500e+02
2.971599731445312500e+02
2.745130920410156250e+02
2.140171203613281250e+02
1.833287963867187500e+02
2.679954528808593750e+02
2.326123657226562500e+02
2.571662902832031250e+02
1.873063659667968750e+02
3.078315734863281250e+02
2.989110107421875000e+02
1.853081665039062500e+02
2.254021606445312500e+02
2.513153228759765625e+02
2.526290588378906250e+02
2.000472412109375000e+02
1.704180297851562500e+02
2.295537414550781250e+02
1.727301025390625000e+02
2.923803100585937500e+02
1.815975952148437500e+02
3.158281555175781250e+02
2.873844604492187500e+02
2.070516052246093750e+02
2.061546936035156250e+02
2.629282531738281250e+02
2.497198791503906250e+02
2.195316467285156250e+02
1.713481445312500000e+02
2.608345336914062500e+02
2.052060852050781250e+02
3.036088562011718750e+02
2.137942199707031250e+02
3.326884155273437500e+02
3.626846008300781250e+02
1.679023284912109375e+02
4.335147399902343750e+02
3.663726196289062500e+02
2.532671203613281250e+02
3.475957031250000000e+02
1.920732421875000000e+02
4.185291137695312500e+02
3.964482727050781250e+02
2.038742523193359375e+02
2.940573425292968750e+02
1.715090637207031250e+02
3.035598754882812500e+02
1.724696502685546875e+02
3.263663330078125000e+02
3.137581176757812500e+02
1.898749084472656250e+02
3.011428833007812500e+02
1.688470764160156250e+02
2.156186981201171875e+02
2.087568359375000000e+02
2.053913269042968750e+02
2.035445556640625000e+02
1.646239471435546875e+02
2.459005889892578125e+02
1.907210083007812500e+02
1.905554809570312500e+02
2.227351531982421875e+02
1.653623657226562500e+02
2.074592285156250000e+02
1.859322509765625000e+02
1.594761199951171875e+02
1.748949279785156250e+02
1.851318969726562500e+02
1.798950500488281250e+02
1.605327453613281250e+02
1.668400878906250000e+02
1.946359252929687500e+02
1.660074920654296875e+02
1.609594726562500000e+02
1.601394958496093750e+02
1.750087585449218750e+02
1.911221618652343750e+02
1.652156677246093750e+02
1.608051147460937500e+02
1.633811950683593750e+02
1.712507629394531250e+02
1.899523010253906250e+02
1.622995300292968750e+02
1.575524597167968750e+02
1.717476196289062500e+02
1.826873168945312500e+02
1.844077453613281250e+02
1.587825469970703125e+02
1.597791748046875000e+02
1.845371704101562500e+02
1.788604278564453125e+02
1.697297821044921875e+02
1.586186523437500000e+02
1.602731475830078125e+02
1.563624572753906250e+02
1.577298278808593750e+02
1.576969909667968750e+02
1.619706420898437500e+02
1.703286437988281250e+02
1.779635467529296875e+02
1.848356323242187500e+02
1.615219421386718750e+02
1.596145782470703125e+02
1.809936523437500000e+02
1.804479064941406250e+02
1.771905212402343750e+02
1.631945343017578125e+02
1.608880615234375000e+02
1.575303649902343750e+02
1.589605102539062500e+02
1.602993469238281250e+02
1.625839233398437500e+02
1.742019195556640625e+02
1.939208068847656250e+02
1.602584838867187500e+02
1.616919555664062500e+02
1.933642272949218750e+02
1.700921936035156250e+02
1.630341796875000000e+02
1.573706970214843750e+02
1.572552795410156250e+02
1.581194458007812500e+02
1.695471954345703125e+02
1.840171661376953125e+02
1.903895111083984375e+02
1.615169372558593750e+02
1.664202117919921875e+02
2.061694335937500000e+02
1.579694366455078125e+02
1.886224670410156250e+02
2.287288208007812500e+02
1.776556091308593750e+02
3.064907226562500000e+02
1.807985382080078125e+02
3.486738586425781250e+02
3.477488708496093750e+02
1.633342132568359375e+02
3.391365661621093750e+02
1.662384948730468750e+02
3.442007141113281250e+02
3.303260498046875000e+02
1.728345031738281250e+02
2.396542358398437500e+02
2.344249725341796875e+02
2.277122802734375000e+02
2.300215148925781250e+02
1.592031097412109375e+02
2.012571716308593750e+02
1.797806396484375000e+02
1.603706970214843750e+02
1.886026000976562500e+02
1.856755981445312500e+02
1.746692962646484375e+02
1.602781066894531250e+02
1.793546142578125000e+02
2.065025634765625000e+02
1.647604064941406250e+02
1.687828063964843750e+02
2.152655334472656250e+02
1.811378631591796875e+02
2.309598388671875000e+02
2.021289520263671875e+02
1.755970153808593750e+02
2.766369628906250000e+02
1.862797546386718750e+02
2.944800109863281250e+02
2.344254455566406250e+02
3.034431762695312500e+02
2.297239990234375000e+02
3.416977539062500000e+02
3.913517150878906250e+02
2.122645874023437500e+02
4.248082580566406250e+02
3.930679321289062500e+02
2.209843750000000000e+02
3.056082153320312500e+02
1.749437866210937500e+02
3.035743713378906250e+02
1.701768493652343750e+02
3.309940490722656250e+02
3.079967041015625000e+02
2.129632568359375000e+02
2.917571716308593750e+02
2.000670166015625000e+02
2.213367767333984375e+02
2.292125244140625000e+02
2.041879577636718750e+02
2.424072570800781250e+02
1.782962341308593750e+02
3.119195861816406250e+02
1.856748657226562500e+02
3.398180847167968750e+02
3.492684326171875000e+02
1.739912414550781250e+02
3.979105529785156250e+02
2.664375305175781250e+02
3.652412719726562500e+02
4.626238098144531250e+02
2.615929565429687500e+02
4.287435302734375000e+02
5.003317260742187500e+02
2.047298889160156250e+02
4.516059875488281250e+02
5.280172119140625000e+02
3.127388305664062500e+02
3.699551696777343750e+02
4.630250244140625000e+02
2.483219451904296875e+02
3.605684814453125000e+02
3.791747436523437500e+02
1.714326171875000000e+02
4.713749694824218750e+02
4.535857849121093750e+02
2.284877471923828125e+02
4.237380371093750000e+02
3.893410034179687500e+02
1.719071197509765625e+02
3.368436889648437500e+02
2.010628509521484375e+02
2.962168884277343750e+02
2.741889038085937500e+02
1.990571899414062500e+02
1.954749298095703125e+02
2.697370605468750000e+02
2.370189666748046875e+02
2.753005371093750000e+02
2.348354797363281250e+02
2.742670898437500000e+02
2.659094238281250000e+02
2.151102142333984375e+02
1.803018035888671875e+02
2.458849639892578125e+02
2.051056518554687500e+02
2.741173095703125000e+02
1.760401306152343750e+02
3.076524047851562500e+02
2.775739440917968750e+02
2.288119201660156250e+02
2.029538269042968750e+02
2.967142333984375000e+02
2.959307250976562500e+02
1.856724243164062500e+02
2.545306701660156250e+02
2.196460418701171875e+02
2.172248077392578125e+02
2.429522552490234375e+02
1.945963439941406250e+02
2.632645263671875000e+02
2.121083831787109375e+02
2.997501220703125000e+02
2.048979187011718750e+02
3.475192260742187500e+02
3.887735595703125000e+02
1.996038818359375000e+02
4.465688781738281250e+02
4.265800781250000000e+02
1.937108764648437500e+02
3.019721679687500000e+02
1.824203948974609375e+02
3.214685668945312500e+02
2.108753051757812500e+02
3.446713867187500000e+02
3.710012207031250000e+02
1.970141296386718750e+02
4.192097167968750000e+02
3.516995239257812500e+02
2.699559936523437500e+02
3.661212768554687500e+02
2.043998413085937500e+02
4.333328247070312500e+02
4.384511108398437500e+02
1.853574523925781250e+02
3.847382812500000000e+02
3.336109008789062500e+02
1.967079772949218750e+02
2.487281188964843750e+02
2.353461303710937500e+02
2.499118041992187500e+02
1.921136627197265625e+02
1.857479400634765625e+02
2.462915191650390625e+02
1.956072998046875000e+02
3.042883911132812500e+02
2.197199096679687500e+02
3.188117675781250000e+02
3.341471557617187500e+02
1.651003417968750000e+02
3.410325927734375000e+02
1.770585937500000000e+02
3.348004150390625000e+02
3.337020263671875000e+02
1.671748657226562500e+02
2.981543579101562500e+02
1.657666778564453125e+02
2.186842193603515625e+02
1.823175354003906250e+02
1.624186859130859375e+02
2.014038696289062500e+02
1.719037170410156250e+02
1.670777282714843750e+02
1.922804565429687500e+02
1.755965576171875000e+02
1.648932495117187500e+02
1.775603942871093750e+02
1.964123840332031250e+02
1.871635589599609375e+02
1.641508483886718750e+02
2.183920288085937500e+02
1.924405364990234375e+02
1.709300231933593750e+02
1.962141418457031250e+02
1.845322265625000000e+02
1.662217102050781250e+02
1.861984558105468750e+02
2.138177947998046875e+02
1.638643493652343750e+02
2.682968750000000000e+02
1.669979553222656250e+02
2.664891662597656250e+02
1.807850341796875000e+02
3.514921264648437500e+02
2.363760375976562500e+02
3.693269042968750000e+02
4.503108520507812500e+02
2.587513427734375000e+02
4.136355285644531250e+02
4.614367065429687500e+02
1.680997619628906250e+02
3.649408874511718750e+02
3.477270507812500000e+02
1.845116882324218750e+02
2.819693603515625000e+02
1.778665771484375000e+02
1.955802307128906250e+02
2.100596618652343750e+02
1.688672790527343750e+02
1.638666839599609375e+02
1.995505981445312500e+02
1.819114227294921875e+02
1.607379302978515625e+02
1.699666900634765625e+02
1.964411315917968750e+02
1.650869598388671875e+02
1.841837768554687500e+02
2.265149841308593750e+02
1.695055541992187500e+02
2.917364196777343750e+02
1.806451110839843750e+02
3.222116394042968750e+02
2.938075256347656250e+02
2.087976531982421875e+02
2.194827270507812500e+02
2.582293090820312500e+02
2.527015991210937500e+02
2.110166320800781250e+02
1.755756530761718750e+02
2.581314086914062500e+02
1.983523254394531250e+02
3.183206176757812500e+02
2.209036560058593750e+02
3.457950439453125000e+02
3.911222534179687500e+02
1.884378051757812500e+02
4.802128295898437500e+02
4.978338012695312500e+02
1.640619201660156250e+02
4.177015380859375000e+02
4.352632446289062500e+02
1.976796875000000000e+02
5.199552001953125000e+02
5.890385742187500000e+02
2.486134338378906250e+02
5.165321655273437500e+02
7.389451293945312500e+02
6.066796264648437500e+02
2.207160797119140625e+02
6.474340209960937500e+02
8.627124023437500000e+02
6.539390258789062500e+02
1.824430847167968750e+02
4.878610229492187500e+02
5.450406494140625000e+02
3.095551452636718750e+02
4.053039550781250000e+02
5.216346435546875000e+02
2.474568176269531250e+02
4.610847167968750000e+02
6.182804565429687500e+02
4.599818725585937500e+02
1.863101501464843750e+02
4.241696777343750000e+02
2.784939575195312500e+02
3.719319458007812500e+02
4.933057861328125000e+02
3.349865112304687500e+02
2.965643310546875000e+02
3.390685424804687500e+02
2.115126037597656250e+02
2.768032226562500000e+02
1.725300598144531250e+02
3.129066162109375000e+02
1.837186584472656250e+02
3.294346923828125000e+02
3.192389221191406250e+02
1.810427856445312500e+02
2.865550231933593750e+02
1.881980590820312500e+02
2.100910034179687500e+02
2.070890808105468750e+02
1.744390563964843750e+02
2.294125671386718750e+02
1.644436340332031250e+02
2.565558166503906250e+02
1.840178985595703125e+02
1.823610839843750000e+02
2.361545104980468750e+02
1.715762176513671875e+02
2.480167083740234375e+02
1.684564819335937500e+02
3.171173400878906250e+02
1.782232971191406250e+02
3.387564086914062500e+02
3.433361816406250000e+02
1.636344604492187500e+02
3.814251403808593750e+02
2.496744842529296875e+02
3.648582458496093750e+02
4.489451293945312500e+02
2.581098937988281250e+02
4.181905212402343750e+02
4.834385375976562500e+02
1.820444030761718750e+02
4.545527343750000000e+02
5.420856323242187500e+02
3.433413391113281250e+02
3.226932983398437500e+02
4.018043823242187500e+02
2.081084289550781250e+02
3.199264831542968750e+02
2.767993469238281250e+02
2.447063293457031250e+02
2.487013702392578125e+02
2.309398498535156250e+02
2.264261779785156250e+02
2.307012634277343750e+02
1.781281280517578125e+02
2.770610656738281250e+02
2.576952514648437500e+02
2.188607788085937500e+02
2.350446472167968750e+02
2.555592041015625000e+02
2.533140716552734375e+02
2.345102844238281250e+02
2.390054473876953125e+02
2.176047363281250000e+02
1.992295532226562500e+02
2.662774658203125000e+02
1.689447479248046875e+02
2.452574768066406250e+02
1.900989379882812500e+02
3.076782836914062500e+02
2.130617523193359375e+02
3.203732910156250000e+02
3.220015258789062500e+02
1.791416015625000000e+02
2.623655395507812500e+02
1.987822723388671875e+02
2.151872100830078125e+02
1.945726928710937500e+02
1.643187866210937500e+02
1.794777832031250000e+02
1.966499481201171875e+02
1.693226013183593750e+02
1.947215576171875000e+02
1.885847167968750000e+02
1.718034515380859375e+02
1.699495544433593750e+02
1.909228057861328125e+02
1.812875976562500000e+02
1.685975036621093750e+02
1.700519714355468750e+02
1.895710601806640625e+02
1.754297790527343750e+02
1.764193420410156250e+02
2.004830017089843750e+02
1.804838867187500000e+02
1.779858551025390625e+02
1.910447692871093750e+02
1.761456909179687500e+02
1.734710083007812500e+02
1.747201843261718750e+02
1.861536254882812500e+02
1.770646362304687500e+02
1.653343048095703125e+02
1.718691711425781250e+02
1.926015014648437500e+02
1.735057373046875000e+02
1.873145141601562500e+02
2.194533538818359375e+02
1.725701599121093750e+02
2.196087036132812500e+02
1.742691040039062500e+02
1.662447509765625000e+02
2.074858398437500000e+02
2.039933471679687500e+02
1.727143249511718750e+02
2.630308227539062500e+02
1.664666748046875000e+02
2.670837402343750000e+02
1.776070556640625000e+02
3.528895568847656250e+02
2.465729522705078125e+02
3.580606689453125000e+02
4.320931701660156250e+02
2.407934570312500000e+02
4.315337524414062500e+02
4.775856628417968750e+02
1.685697784423828125e+02
4.156359863281250000e+02
4.526538085937500000e+02
2.253474578857421875e+02
4.940014648437500000e+02
5.806190185546875000e+02
2.605467529296875000e+02
5.021485595703125000e+02
7.149992675781250000e+02
5.872772216796875000e+02
2.168255004882812500e+02
6.425746459960937500e+02
8.424653930664062500e+02
6.232459106445312500e+02
1.908674926757812500e+02
4.557187500000000000e+02
4.650955200195312500e+02
2.133697509765625000e+02
5.174569091796875000e+02
6.167055664062500000e+02
3.153854980468750000e+02
4.487601623535156250e+02
6.581668701171875000e+02
5.366657714843750000e+02
1.851811370849609375e+02
6.051499023437500000e+02
7.343681640625000000e+02
4.605847167968750000e+02
3.276243286132812500e+02
5.542377929687500000e+02
4.837137145996093750e+02
2.065728607177734375e+02
5.270761718750000000e+02
5.825319824218750000e+02
2.543404846191406250e+02
4.966996459960937500e+02
7.100913085937500000e+02
5.913995361328125000e+02
2.267277069091796875e+02
6.269490966796875000e+02
8.411464233398437500e+02
6.449290771484375000e+02
1.735321960449218750e+02
5.119127197265625000e+02
6.092128906250000000e+02
4.073389892578125000e+02
2.497018127441406250e+02
3.770160522460937500e+02
1.841963500976562500e+02
3.043568725585937500e+02
2.637719726562500000e+02
2.525816497802734375e+02
2.443959655761718750e+02
2.525553283691406250e+02
2.493164520263671875e+02
2.204079589843750000e+02
1.879065704345703125e+02
2.695115966796875000e+02
2.495598144531250000e+02
2.184467773437500000e+02
1.848612213134765625e+02
2.451484680175781250e+02
2.061604919433593750e+02
2.878932495117187500e+02
2.289139099121093750e+02
2.696229248046875000e+02
2.542353820800781250e+02
2.301152801513671875e+02
2.032336425781250000e+02
2.837901916503906250e+02
2.873734436035156250e+02
1.881176605224609375e+02
2.707925109863281250e+02
1.928207550048828125e+02
2.029571075439453125e+02
2.253801269531250000e+02
1.980376129150390625e+02
2.299730529785156250e+02
1.871704406738281250e+02
2.937391357421875000e+02
1.818711395263671875e+02
2.746218261718750000e+02
2.318857116699218750e+02
2.744891967773437500e+02
2.365627441406250000e+02
2.686981811523437500e+02
2.651456909179687500e+02
2.160473327636718750e+02
2.033146667480468750e+02
2.678185424804687500e+02
2.653815002441406250e+02
1.987204284667968750e+02
2.337501525878906250e+02
2.362025909423828125e+02
2.286036682128906250e+02
2.402315673828125000e+02
2.210803833007812500e+02
2.368410644531250000e+02
2.042900238037109375e+02
2.725535888671875000e+02
1.832692565917968750e+02
2.890057983398437500e+02
2.672445678710937500e+02
2.096337890625000000e+02
1.845518493652343750e+02
2.561489257812500000e+02
2.170197601318359375e+02
2.770137939453125000e+02
2.077706298828125000e+02
3.022420959472656250e+02
2.996399841308593750e+02
1.773703155517578125e+02
2.382979736328125000e+02
2.303247680664062500e+02
2.373762817382812500e+02
1.980809020996093750e+02
1.685106506347656250e+02
2.185673065185546875e+02
1.678147277832031250e+02
2.150281372070312500e+02
1.863807373046875000e+02
1.699237060546875000e+02
2.267345886230468750e+02
1.778946533203125000e+02
1.686870422363281250e+02
2.116192321777343750e+02
1.789628601074218750e+02
1.630741119384765625e+02
1.974957275390625000e+02
1.920345458984375000e+02
1.643521118164062500e+02
2.057643737792968750e+02
2.031730194091796875e+02
1.668674011230468750e+02
2.439789886474609375e+02
1.691202087402343750e+02
1.953087158203125000e+02
2.037500000000000000e+02
1.671930236816406250e+02
1.712703552246093750e+02
1.954228515625000000e+02
1.850341186523437500e+02
1.629884490966796875e+02
1.705733337402343750e+02
1.930143432617187500e+02
1.706125488281250000e+02
1.644730377197265625e+02
1.691406250000000000e+02
1.817461853027343750e+02
1.805671997070312500e+02
1.694452209472656250e+02
1.675900573730468750e+02
1.663591308593750000e+02
1.658791503906250000e+02
1.673714294433593750e+02
1.756455688476562500e+02
1.803647766113281250e+02
1.760089111328125000e+02
1.696025695800781250e+02
1.678213958740234375e+02
1.664937133789062500e+02
1.638076629638671875e+02
1.669860229492187500e+02
1.750554199218750000e+02
1.762188873291015625e+02
1.825090789794921875e+02
1.676038513183593750e+02
1.640793914794921875e+02
1.636515502929687500e+02
1.664950103759765625e+02
1.730202941894531250e+02
1.884971160888671875e+02
1.706880798339843750e+02
1.611149291992187500e+02
1.667030639648437500e+02
1.807058715820312500e+02
1.917299041748046875e+02
1.665892639160156250e+02
1.620914611816406250e+02
1.655362396240234375e+02
1.690497741699218750e+02
1.827311401367187500e+02
1.809860534667968750e+02
1.734321899414062500e+02
1.663834228515625000e+02
1.650042419433593750e+02
1.614988098144531250e+02
1.616354980468750000e+02
1.615619201660156250e+02
1.618631744384765625e+02
1.643506011962890625e+02
1.676994628906250000e+02
1.844677429199218750e+02
1.814133758544921875e+02
1.763972473144531250e+02
1.699149475097656250e+02
1.718955230712890625e+02
1.689160919189453125e+02
1.787819213867187500e+02
1.733693695068359375e+02
1.750466613769531250e+02
1.716959533691406250e+02
1.769576416015625000e+02
1.778552551269531250e+02
1.831417236328125000e+02
1.676075744628906250e+02
1.614915313720703125e+02
1.622943420410156250e+02
1.622298278808593750e+02
1.648996734619140625e+02
1.772045745849609375e+02
1.855680541992187500e+02
1.925233917236328125e+02
1.635370635986328125e+02
1.720693969726562500e+02
2.149801940917968750e+02
1.613131103515625000e+02
2.292187194824218750e+02
2.038863525390625000e+02
1.738184356689453125e+02
2.727614135742187500e+02
1.673198089599609375e+02
2.791903076171875000e+02
2.066868896484375000e+02
3.344429931640625000e+02
2.445557250976562500e+02
3.547777404785156250e+02
4.252837524414062500e+02
2.410283203125000000e+02
4.324185791015625000e+02
4.706026611328125000e+02
1.667430419921875000e+02
3.871720581054687500e+02
3.802838134765625000e+02
1.676254119873046875e+02
3.711710205078125000e+02
2.337749023437500000e+02
3.911673583984375000e+02
4.871833496093750000e+02
3.059596252441406250e+02
3.512866821289062500e+02
4.034344482421875000e+02
2.095831298828125000e+02
3.187149047851562500e+02
2.379598388671875000e+02
3.271682128906250000e+02
2.993833618164062500e+02
2.558983001708984375e+02
3.003275756835937500e+02
1.972719116210937500e+02
2.578584899902343750e+02
1.985855407714843750e+02
2.235504455566406250e+02
2.002606964111328125e+02
1.806974487304687500e+02
2.266243591308593750e+02
1.951741027832031250e+02
2.162378540039062500e+02
1.666509094238281250e+02
1.806866455078125000e+02
1.992767639160156250e+02
1.763568878173828125e+02
1.649591064453125000e+02
1.898232269287109375e+02
1.807381286621093750e+02
1.629056091308593750e+02
1.777437438964843750e+02
1.995661010742187500e+02
1.752424011230468750e+02
2.113440856933593750e+02
2.056879272460937500e+02
1.778300170898437500e+02
1.950529479980468750e+02
1.883175201416015625e+02
1.740691223144531250e+02
1.878002624511718750e+02
2.110699157714843750e+02
1.642777404785156250e+02
2.239901428222656250e+02
1.782600402832031250e+02
1.670012512207031250e+02
2.142028198242187500e+02
1.958357849121093750e+02
1.729874114990234375e+02
2.426399230957031250e+02
1.745208587646484375e+02
1.748384094238281250e+02
2.184348907470703125e+02
1.709253845214843750e+02
1.618383483886718750e+02
1.916570739746093750e+02
2.112871398925781250e+02
1.709310302734375000e+02
2.682280273437500000e+02
1.668741149902343750e+02
2.112496643066406250e+02
2.064168548583984375e+02
1.672188415527343750e+02
2.282343750000000000e+02
1.731404418945312500e+02
2.432392120361328125e+02
2.044825286865234375e+02
1.829907531738281250e+02
2.759990234375000000e+02
1.862133178710937500e+02
2.972107849121093750e+02
2.422824859619140625e+02
2.913251953125000000e+02
2.196555938720703125e+02
3.314515686035156250e+02
3.593763427734375000e+02
1.840332641601562500e+02
4.339922790527343750e+02
3.616482543945312500e+02
2.701027221679687500e+02
3.571127319335937500e+02
2.077848815917968750e+02
3.472555541992187500e+02
2.562291259765625000e+02
3.389213562011718750e+02
4.048115234375000000e+02
2.422523193359375000e+02
3.871420898437500000e+02
3.755972900390625000e+02
2.307893676757812500e+02
3.262121276855468750e+02
1.973409881591796875e+02
3.938009643554687500e+02
3.550834350585937500e+02
2.431570892333984375e+02
3.431120605468750000e+02
2.048910217285156250e+02
3.223462524414062500e+02
2.251520080566406250e+02
3.526643676757812500e+02
4.114065551757812500e+02
2.647456665039062500e+02
3.565778808593750000e+02
3.473182067871093750e+02
2.310105133056640625e+02
2.969464721679687500e+02
1.846752319335937500e+02
2.706946105957031250e+02
1.755988464355468750e+02
2.700555419921875000e+02
2.035863952636718750e+02
2.993526611328125000e+02
2.078007812500000000e+02
2.907222900390625000e+02
2.677938537597656250e+02
2.390735168457031250e+02
2.320886535644531250e+02
2.540607604980468750e+02
2.236555480957031250e+02
2.744827880859375000e+02
1.972567749023437500e+02
3.208909912109375000e+02
3.288270874023437500e+02
1.859399414062500000e+02
3.560328979492187500e+02
1.915675659179687500e+02
3.852224731445312500e+02
4.300618591308593750e+02
2.097510223388671875e+02
4.896398315429687500e+02
5.483146972656250000e+02
2.136374511718750000e+02
5.129012451171875000e+02
6.732976074218750000e+02
5.079360046386718750e+02
1.950761413574218750e+02
5.594343872070312500e+02
5.630549926757812500e+02
1.913613891601562500e+02
5.322937011718750000e+02
7.041753540039062500e+02
5.403707275390625000e+02
1.718590698242187500e+02
6.166174316406250000e+02
7.130237426757812500e+02
4.027271728515625000e+02
4.040261840820312500e+02
6.473019409179687500e+02
5.628128662109375000e+02
2.312957763671875000e+02
5.909869384765625000e+02
7.627384643554687500e+02
5.297923583984375000e+02
2.531345672607421875e+02
4.658031921386718750e+02
4.032890625000000000e+02
1.775339050292968750e+02
3.974833374023437500e+02
2.718500366210937500e+02
3.510444946289062500e+02
4.452332763671875000e+02
2.764396057128906250e+02
3.732505493164062500e+02
4.200949707031250000e+02
1.758078613281250000e+02
3.197637939453125000e+02
2.577271728515625000e+02
2.767741088867187500e+02
2.420613250732421875e+02
2.897144775390625000e+02
3.146573486328125000e+02
1.699554748535156250e+02
3.196530456542968750e+02
1.701163024902343750e+02
2.793125915527343750e+02
2.229923095703125000e+02
3.002113037109375000e+02
2.420462341308593750e+02
3.055483703613281250e+02
3.336304931640625000e+02
1.713823089599609375e+02
3.494310302734375000e+02
2.106341247558593750e+02
3.763374633789062500e+02
4.460867919921875000e+02
2.722955932617187500e+02
3.732753601074218750e+02
3.973047485351562500e+02
2.076676788330078125e+02
3.084008789062500000e+02
2.174289245605468750e+02
3.343641052246093750e+02
2.971079711914062500e+02
2.539723205566406250e+02
2.998121948242187500e+02
1.954314575195312500e+02
2.596302490234375000e+02
1.963140716552734375e+02
2.204410858154296875e+02
1.926131439208984375e+02
1.793662261962890625e+02
2.159257812500000000e+02
1.893341674804687500e+02
2.029916381835937500e+02
1.834702148437500000e+02
1.744192199707031250e+02
1.916814727783203125e+02
1.967680969238281250e+02
1.657780761718750000e+02
2.092836151123046875e+02
1.854752044677734375e+02
1.676366882324218750e+02
1.945747985839843750e+02
1.986969146728515625e+02
1.760665283203125000e+02
2.244716491699218750e+02
1.923204345703125000e+02
1.704349975585937500e+02
2.092945556640625000e+02
1.786282196044921875e+02
1.677595520019531250e+02
1.806260681152343750e+02
2.051020202636718750e+02
1.658536071777343750e+02
2.127922210693359375e+02
2.032421264648437500e+02
1.714389953613281250e+02
2.297199096679687500e+02
1.780868530273437500e+02
1.685340270996093750e+02
2.121374206542968750e+02
1.901403808593750000e+02
1.649282836914062500e+02
2.057187957763671875e+02
1.978663635253906250e+02
1.650224914550781250e+02
2.183161926269531250e+02
1.981392822265625000e+02
1.710162811279296875e+02
2.478585662841796875e+02
1.721682128906250000e+02
1.861857604980468750e+02
2.258563079833984375e+02
1.663592529296875000e+02
1.893648376464843750e+02
2.051494293212890625e+02
1.723625793457031250e+02
1.637656555175781250e+02
1.786398010253906250e+02
2.016352844238281250e+02
1.659872894287109375e+02
1.752965545654296875e+02
2.071855926513671875e+02
1.651730041503906250e+02
2.052434997558593750e+02
2.180666961669921875e+02
1.761172027587890625e+02
2.739614257812500000e+02
1.692022094726562500e+02
2.747942199707031250e+02
2.078400878906250000e+02
3.248085021972656250e+02
2.330767822265625000e+02
3.526381835937500000e+02
4.158322753906250000e+02
2.281622619628906250e+02
4.429753417968750000e+02
4.778503112792968750e+02
1.692459106445312500e+02
4.134799499511718750e+02
4.377211914062500000e+02
2.041856384277343750e+02
5.166706542968750000e+02
5.911666870117187500e+02
2.681040954589843750e+02
5.058138732910156250e+02
7.257859497070312500e+02
6.096251220703125000e+02
2.372761840820312500e+02
6.253052368164062500e+02
8.413341064453125000e+02
6.443887329101562500e+02
1.892755432128906250e+02
4.883657531738281250e+02
5.497603759765625000e+02
3.250168151855468750e+02
3.825811157226562500e+02
4.967348632812500000e+02
2.404947509765625000e+02
4.362220764160156250e+02
5.583963623046875000e+02
3.873769836425781250e+02
2.492881927490234375e+02
3.523239440917968750e+02
1.939585876464843750e+02
2.826986389160156250e+02
2.052819824218750000e+02
3.289734497070312500e+02
2.691116638183593750e+02
2.856788635253906250e+02
3.158058471679687500e+02
1.955294189453125000e+02
2.872473144531250000e+02
1.800381469726562500e+02
2.185366210937500000e+02
1.787061157226562500e+02
2.029731140136718750e+02
2.259530792236328125e+02
1.861798400878906250e+02
2.505262451171875000e+02
1.823746337890625000e+02
2.778313293457031250e+02
2.313234252929687500e+02
2.707978820800781250e+02
2.071562805175781250e+02
2.602086486816406250e+02
2.311998596191406250e+02
2.726181640625000000e+02
2.493399047851562500e+02
2.425820465087890625e+02
2.340914611816406250e+02
2.330971527099609375e+02
1.835743560791015625e+02
2.791495666503906250e+02
2.621096801757812500e+02
2.100377197265625000e+02
2.253264770507812500e+02
2.619589843750000000e+02
2.564252319335937500e+02
2.414180755615234375e+02
2.574931640625000000e+02
2.173271942138671875e+02
2.094514465332031250e+02
2.475542297363281250e+02
1.732947387695312500e+02
2.197915191650390625e+02
1.662287139892578125e+02
2.288572845458984375e+02
1.893265686035156250e+02
1.756677551269531250e+02
2.060252380371093750e+02
1.789400939941406250e+02
1.675926208496093750e+02
1.930802001953125000e+02
2.059528198242187500e+02
1.675677490234375000e+02
2.366126403808593750e+02
1.783242340087890625e+02
1.782868957519531250e+02
2.237633361816406250e+02
1.701516265869140625e+02
1.777013549804687500e+02
2.160657043457031250e+02
1.762710266113281250e+02
1.654006652832031250e+02
1.874674682617187500e+02
1.999704895019531250e+02
1.671750183105468750e+02
1.853983917236328125e+02
2.190771484375000000e+02
1.712029418945312500e+02
2.709743652343750000e+02
1.677562408447265625e+02
2.462171020507812500e+02
1.629672241210937500e+02
2.621447448730468750e+02
1.767889709472656250e+02
1.843456420898437500e+02
2.301083374023437500e+02
1.691214141845703125e+02
1.982261657714843750e+02
2.039532470703125000e+02
1.677888031005859375e+02
1.705119628906250000e+02
2.033021087646484375e+02
1.908735961914062500e+02
1.656281890869140625e+02
1.776398925781250000e+02
2.043711242675781250e+02
1.698661804199218750e+02
2.243824310302734375e+02
2.107251739501953125e+02
1.800295715332031250e+02
2.688516845703125000e+02
1.788988342285156250e+02
2.939459838867187500e+02
2.401972656250000000e+02
2.820304260253906250e+02
2.205755462646484375e+02
2.843379516601562500e+02
2.839464111328125000e+02
1.956361694335937500e+02
2.025437622070312500e+02
2.551487426757812500e+02
2.211463775634765625e+02
2.800606994628906250e+02
1.903641357421875000e+02
3.170824584960937500e+02
3.132825927734375000e+02
1.816056213378906250e+02
2.651280517578125000e+02
2.113963317871093750e+02
2.142634429931640625e+02
2.437911529541015625e+02
1.876293182373046875e+02
2.709403686523437500e+02
2.192060699462890625e+02
2.983045654296875000e+02
2.105265655517578125e+02
3.348711242675781250e+02
3.630575561523437500e+02
1.835204467773437500e+02
4.390750732421875000e+02
3.916855468750000000e+02
2.304254150390625000e+02
3.236942138671875000e+02
1.964974975585937500e+02
3.122370605468750000e+02
2.070459289550781250e+02
3.480848083496093750e+02
3.880115051269531250e+02
2.355469055175781250e+02
3.873115539550781250e+02
3.378150634765625000e+02
2.665259399414062500e+02
3.428465576171875000e+02
1.903096313476562500e+02
4.257192382812500000e+02
4.069210815429687500e+02
2.127507629394531250e+02
3.664840698242187500e+02
2.734801025390625000e+02
3.028197021484375000e+02
2.936621398925781250e+02
2.691607666015625000e+02
3.259288940429687500e+02
2.030982971191406250e+02
3.474147338867187500e+02
2.348842773437500000e+02
3.542562866210937500e+02
4.188946838378906250e+02
2.191111450195312500e+02
4.541040039062500000e+02
4.996064453125000000e+02
2.044588623046875000e+02
4.585020751953125000e+02
5.497847900390625000e+02
3.549424438476562500e+02
3.206249084472656250e+02
4.494602661132812500e+02
2.471971130371093750e+02
3.458516845703125000e+02
3.858582458496093750e+02
1.949259185791015625e+02
4.262051086425781250e+02
4.099446411132812500e+02
2.243819732666015625e+02
3.736172485351562500e+02
2.925944213867187500e+02
2.631133117675781250e+02
2.551788024902343750e+02
2.809459533691406250e+02
3.241014099121093750e+02
2.037578277587890625e+02
3.427602233886718750e+02
2.304641723632812500e+02
3.471145324707031250e+02
3.900750122070312500e+02
2.011963806152343750e+02
3.907825012207031250e+02
3.468507690429687500e+02
2.469020080566406250e+02
3.225957946777343750e+02
1.887159881591796875e+02
3.830097351074218750e+02
3.040328063964843750e+02
2.976475219726562500e+02
3.777857666015625000e+02
2.091353912353515625e+02
4.368720397949218750e+02
4.524434204101562500e+02
1.823672790527343750e+02
4.107444152832031250e+02
4.153516235351562500e+02
1.943927001953125000e+02
4.860356140136718750e+02
5.128121948242187500e+02
1.876398315429687500e+02
4.554063110351562500e+02
5.471919555664062500e+02
3.513957824707031250e+02
3.159707641601562500e+02
4.129564208984375000e+02
1.760479278564453125e+02
3.778814086914062500e+02
3.887110290527343750e+02
1.973945922851562500e+02
4.474486694335937500e+02
4.305177612304687500e+02
1.937986145019531250e+02
3.142381591796875000e+02
2.239101867675781250e+02
3.365540466308593750e+02
3.083222656250000000e+02
2.424874877929687500e+02
2.865026855468750000e+02
1.898845214843750000e+02
2.271918487548828125e+02
2.159362945556640625e+02
2.221699829101562500e+02
2.110097503662109375e+02
1.738304901123046875e+02
2.118802032470703125e+02
1.936593017578125000e+02
2.059494018554687500e+02
1.856372985839843750e+02
1.733338470458984375e+02
1.955067749023437500e+02
1.993199005126953125e+02
1.723848571777343750e+02
2.342056579589843750e+02
1.791082458496093750e+02
2.263666839599609375e+02
1.808433227539062500e+02
1.737440795898437500e+02
2.063551635742187500e+02
1.733365936279296875e+02
2.110548400878906250e+02
2.054215087890625000e+02
1.808244323730468750e+02
2.102586364746093750e+02
1.746127624511718750e+02
1.732643737792968750e+02
1.956942138671875000e+02
1.978831024169921875e+02
1.659093322753906250e+02
2.264518280029296875e+02
1.794824523925781250e+02
1.772976989746093750e+02
2.137630615234375000e+02
1.831332550048828125e+02
1.688215637207031250e+02
2.010073699951171875e+02
2.031409301757812500e+02
1.681258392333984375e+02
2.254012756347656250e+02
1.843596191406250000e+02
1.692768249511718750e+02
2.222503662109375000e+02
1.859990234375000000e+02
1.693233489990234375e+02
2.269441833496093750e+02
1.796119079589843750e+02
1.702019653320312500e+02
2.057791442871093750e+02
1.856016540527343750e+02
1.657035064697265625e+02
1.885277404785156250e+02
2.150292816162109375e+02
1.685572509765625000e+02
2.487449035644531250e+02
1.753979797363281250e+02
1.842647552490234375e+02
2.247606658935546875e+02
1.661930236816406250e+02
2.071564636230468750e+02
1.846918029785156250e+02
1.725086822509765625e+02
1.727304382324218750e+02
1.950316925048828125e+02
1.819836578369140625e+02
1.691118927001953125e+02
1.686572265625000000e+02
1.843498382568359375e+02
1.759284515380859375e+02
1.682432861328125000e+02
1.880271911621093750e+02
1.972485504150390625e+02
1.736437683105468750e+02
1.958547363281250000e+02
1.952099151611328125e+02
1.803559112548828125e+02
1.710817260742187500e+02
1.934184875488281250e+02
1.937337341308593750e+02
1.745659942626953125e+02
1.705752563476562500e+02
1.949842987060546875e+02
1.867347717285156250e+02
1.812756805419921875e+02
1.952203979492187500e+02
1.878984069824218750e+02
1.828989257812500000e+02
1.878821716308593750e+02
1.922630615234375000e+02
1.854995422363281250e+02
1.780109710693359375e+02
1.992553558349609375e+02
1.950809020996093750e+02
1.804392089843750000e+02
1.779739074707031250e+02
1.997896423339843750e+02
1.862514648437500000e+02
1.903414916992187500e+02
1.980164489746093750e+02
1.841088714599609375e+02
1.811369934082031250e+02
1.895810852050781250e+02
1.921914825439453125e+02
1.875019378662109375e+02
1.747327575683593750e+02
2.033045349121093750e+02
2.025574035644531250e+02
1.768832702636718750e+02
1.929371032714843750e+02
1.982959899902343750e+02
1.781132354736328125e+02
1.996422424316406250e+02
2.204341278076171875e+02
1.740033569335937500e+02
2.776137084960937500e+02
1.857967834472656250e+02
2.989520568847656250e+02
2.418904724121093750e+02
2.940557861328125000e+02
2.251750946044921875e+02
3.172102050781250000e+02
3.491782531738281250e+02
1.825971679687500000e+02
4.196053771972656250e+02
3.393368530273437500e+02
2.911200866699218750e+02
3.775336608886718750e+02
2.179198303222656250e+02
3.590200195312500000e+02
2.949204101562500000e+02
3.005239257812500000e+02
3.623816223144531250e+02
2.142874145507812500e+02
3.879424743652343750e+02
3.246042175292968750e+02
2.893192749023437500e+02
3.746442260742187500e+02
2.135666198730468750e+02
4.320414428710937500e+02
4.398332824707031250e+02
1.896712646484375000e+02
3.853136596679687500e+02
3.372745361328125000e+02
2.042993774414062500e+02
2.517688751220703125e+02
2.476463012695312500e+02
2.668415527343750000e+02
1.918985595703125000e+02
2.441320037841796875e+02
2.266550140380859375e+02
2.119098205566406250e+02
2.549432067871093750e+02
2.124081726074218750e+02
2.603522949218750000e+02
2.282031402587890625e+02
2.690498657226562500e+02
2.027802276611328125e+02
2.613802490234375000e+02
2.254954223632812500e+02
2.807252502441406250e+02
2.359693908691406250e+02
2.669512329101562500e+02
2.547143554687500000e+02
2.420805816650390625e+02
2.137190551757812500e+02
2.862364501953125000e+02
2.862104492187500000e+02
2.033024902343750000e+02
2.875971679687500000e+02
1.936523437500000000e+02
2.116695861816406250e+02
2.309966735839843750e+02
2.133522338867187500e+02
2.285782623291015625e+02
1.751326904296875000e+02
2.902496948242187500e+02
1.764218750000000000e+02
2.536253967285156250e+02
1.819971923828125000e+02
3.262252197265625000e+02
2.368154296875000000e+02
3.125989990234375000e+02
3.214768066406250000e+02
1.876631622314453125e+02
2.619337768554687500e+02
2.152866210937500000e+02
2.297190704345703125e+02
1.967746582031250000e+02
1.781430664062500000e+02
2.271107177734375000e+02
1.812184753417968750e+02
2.107521667480468750e+02
1.850217895507812500e+02
1.722328186035156250e+02
1.973021545410156250e+02
2.109435424804687500e+02
1.732638549804687500e+02
2.562271728515625000e+02
1.754335632324218750e+02
2.341781768798828125e+02
1.734063110351562500e+02
1.791230926513671875e+02
2.143045349121093750e+02
1.731263427734375000e+02
2.333516387939453125e+02
1.949546813964843750e+02
1.810583496093750000e+02
2.136673889160156250e+02
1.716972045898437500e+02
1.732547912597656250e+02
2.050907745361328125e+02
2.064931640625000000e+02
1.727760009765625000e+02
2.541833038330078125e+02
1.736577453613281250e+02
2.323253173828125000e+02
1.757385559082031250e+02
1.732517395019531250e+02
2.074166564941406250e+02
1.700238647460937500e+02
2.098280334472656250e+02
2.197363891601562500e+02
1.788056030273437500e+02
2.497635650634765625e+02
1.680402069091796875e+02
2.136036529541015625e+02
1.815015716552734375e+02
1.701054382324218750e+02
1.857000122070312500e+02
1.918498229980468750e+02
1.745540161132812500e+02
1.685165100097656250e+02
1.746539611816406250e+02
1.968953552246093750e+02
1.735741577148437500e+02
1.932480773925781250e+02
2.332635955810546875e+02
1.779392852783203125e+02
2.831867675781250000e+02
1.804193878173828125e+02
3.141972656250000000e+02
2.716025695800781250e+02
2.449387512207031250e+02
2.217616729736328125e+02
2.565195922851562500e+02
2.365317840576171875e+02
2.603363647460937500e+02
2.233592376708984375e+02
2.682534790039062500e+02
2.330201873779296875e+02
2.717086791992187500e+02
2.001086120605468750e+02
3.186549072265625000e+02
3.284062805175781250e+02
1.950583648681640625e+02
3.692379150390625000e+02
2.132389831542968750e+02
3.977782592773437500e+02
4.686205749511718750e+02
2.585400085449218750e+02
4.540698547363281250e+02
5.376488037109375000e+02
2.374935760498046875e+02
4.728024902343750000e+02
6.128475341796875000e+02
4.417056274414062500e+02
2.135762329101562500e+02
4.106721801757812500e+02
2.224838256835937500e+02
3.890496215820312500e+02
4.659778442382812500e+02
2.754114074707031250e+02
4.084498291015625000e+02
4.702808532714843750e+02
1.922813720703125000e+02
4.116926269531250000e+02
4.468644409179687500e+02
2.321118774414062500e+02
4.686472167968750000e+02
5.304538574218750000e+02
2.074143066406250000e+02
4.686902160644531250e+02
6.061046142578125000e+02
4.404534606933593750e+02
2.051984252929687500e+02
3.709676513671875000e+02
1.817758789062500000e+02
3.442263183593750000e+02
3.421719970703125000e+02
1.720323181152343750e+02
3.396602172851562500e+02
1.861966857910156250e+02
3.648503417968750000e+02
3.909336547851562500e+02
2.053821716308593750e+02
4.572481689453125000e+02
4.526298828125000000e+02
1.768448486328125000e+02
3.101010742187500000e+02
2.218007202148437500e+02
3.529503784179687500e+02
3.255465393066406250e+02
2.414900512695312500e+02
2.858384399414062500e+02
1.908047637939453125e+02
2.307381896972656250e+02
2.262456054687500000e+02
2.288042297363281250e+02
2.119638977050781250e+02
1.784723663330078125e+02
2.264069519042968750e+02
1.964568481445312500e+02
2.191371002197265625e+02
1.754757995605468750e+02
1.867707214355468750e+02
2.099236145019531250e+02
1.855715026855468750e+02
1.757937011718750000e+02
2.194207458496093750e+02
1.901104736328125000e+02
2.208636322021484375e+02
1.958673095703125000e+02
1.734063110351562500e+02
1.915520019531250000e+02
1.827257385253906250e+02
1.710313720703125000e+02
1.741634521484375000e+02
1.733414154052734375e+02
1.698219299316406250e+02
1.766874389648437500e+02
1.768506469726562500e+02
1.692828063964843750e+02
1.734313049316406250e+02
1.754127502441406250e+02
1.813009185791015625e+02
1.854516296386718750e+02
1.760712280273437500e+02
1.700196380615234375e+02
1.658840026855468750e+02
1.743948364257812500e+02
1.848507080078125000e+02
1.926675415039062500e+02
1.907083587646484375e+02
1.692391357421875000e+02
1.944965972900390625e+02
2.219478454589843750e+02
1.720871887207031250e+02
2.705135803222656250e+02
1.686171722412109375e+02
2.476537322998046875e+02
1.736238098144531250e+02
2.959742431640625000e+02
1.668415527343750000e+02
2.546248626708984375e+02
1.712399291992187500e+02
2.752785949707031250e+02
1.695272521972656250e+02
2.704968872070312500e+02
1.973291320800781250e+02
3.347440185546875000e+02
2.265701904296875000e+02
3.674326171875000000e+02
4.347743530273437500e+02
2.382070159912109375e+02
4.453475341796875000e+02
4.891893920898437500e+02
1.768688354492187500e+02
4.486064758300781250e+02
5.160590209960937500e+02
2.989714965820312500e+02
4.048174438476562500e+02
4.964428710937500000e+02
2.019949645996093750e+02
4.875114746093750000e+02
6.336928710937500000e+02
4.668765869140625000e+02
2.013097076416015625e+02
4.841044311523437500e+02
3.835351562500000000e+02
2.744046630859375000e+02
3.858718566894531250e+02
2.402557373046875000e+02
3.846618957519531250e+02
4.000444030761718750e+02
1.997838592529296875e+02
3.409439392089843750e+02
2.542788085937500000e+02
3.057031860351562500e+02
2.698622131347656250e+02
2.990706176757812500e+02
3.538889160156250000e+02
2.100589599609375000e+02
3.901974487304687500e+02
3.380430908203125000e+02
2.635613403320312500e+02
3.398007202148437500e+02
1.988823852539062500e+02
3.109276123046875000e+02
2.021129760742187500e+02
3.385178833007812500e+02
3.594738769531250000e+02
2.203084716796875000e+02
3.768316650390625000e+02
2.745786743164062500e+02
3.369264526367187500e+02
4.226715087890625000e+02
2.465962524414062500e+02
4.260891723632812500e+02
4.744706726074218750e+02
2.082869262695312500e+02
4.202583923339843750e+02
4.641544189453125000e+02
2.493965454101562500e+02
4.455102539062500000e+02
5.086885986328125000e+02
2.251876678466796875e+02
4.192599182128906250e+02
5.130485839843750000e+02
3.286087036132812500e+02
3.346329040527343750e+02
4.099054565429687500e+02
1.811597900390625000e+02
3.552730102539062500e+02
3.259826049804687500e+02
1.875316162109375000e+02
2.599826049804687500e+02
2.286478729248046875e+02
2.454682464599609375e+02
1.912088928222656250e+02
1.841388549804687500e+02
2.355813293457031250e+02
1.836596374511718750e+02
2.863548583984375000e+02
1.847670288085937500e+02
3.063508300781250000e+02
2.748495178222656250e+02
2.327880554199218750e+02
2.053941650390625000e+02
2.656789550781250000e+02
2.444785461425781250e+02
2.463138580322265625e+02
2.016075439453125000e+02
2.813619384765625000e+02
2.528865661621093750e+02
2.527718811035156250e+02
1.985694580078125000e+02
2.995247497558593750e+02
2.982474365234375000e+02
1.867164916992187500e+02
2.904563598632812500e+02
1.838366546630859375e+02
2.166535644531250000e+02
2.124305725097656250e+02
1.913033142089843750e+02
2.357399902343750000e+02
1.921512756347656250e+02
2.834241943359375000e+02
1.792127380371093750e+02
2.472240753173828125e+02
1.788366851806640625e+02
2.828729858398437500e+02
1.974358825683593750e+02
2.940725402832031250e+02
2.510958557128906250e+02
2.638474426269531250e+02
2.150390930175781250e+02
2.800622253417968750e+02
2.714575805664062500e+02
2.077119750976562500e+02
1.960936889648437500e+02
2.641188049316406250e+02
2.289887695312500000e+02
2.716414489746093750e+02
1.907666320800781250e+02
3.005030212402343750e+02
2.856957702636718750e+02
2.053554382324218750e+02
2.022756195068359375e+02
2.635631103515625000e+02
2.424457092285156250e+02
2.397827148437500000e+02
1.795183105468750000e+02
2.674825439453125000e+02
2.178951721191406250e+02
3.032688903808593750e+02
2.230287780761718750e+02
3.261439819335937500e+02
3.511445312500000000e+02
1.757908630371093750e+02
4.102988891601562500e+02
3.261766357421875000e+02
3.000612792968750000e+02
3.910723266601562500e+02
2.268662414550781250e+02
4.184590148925781250e+02
4.421596984863281250e+02
1.775718383789062500e+02
3.677202148437500000e+02
3.318586120605468750e+02
1.922318725585937500e+02
2.673051452636718750e+02
2.183576354980468750e+02
2.319829559326171875e+02
2.082548828125000000e+02
1.752299499511718750e+02
2.270242614746093750e+02
1.718601226806640625e+02
2.468229827880859375e+02
1.854382324218750000e+02
1.874516296386718750e+02
2.283795776367187500e+02
1.737539062500000000e+02
2.026046905517578125e+02
2.064318542480468750e+02
1.735076293945312500e+02
1.731595001220703125e+02
1.937613525390625000e+02
1.929940948486328125e+02
1.682214355468750000e+02
1.749979553222656250e+02
1.965397949218750000e+02
1.741680297851562500e+02
1.721647949218750000e+02
1.974134826660156250e+02
1.808485107421875000e+02
1.704868316650390625e+02
1.782850952148437500e+02
1.937339172363281250e+02
1.946539306640625000e+02
1.692065429687500000e+02
1.948266143798828125e+02
2.104314575195312500e+02
1.697336273193359375e+02
2.088399353027343750e+02
2.091214904785156250e+02
1.775028076171875000e+02
2.642415161132812500e+02
1.706074218750000000e+02
2.026823120117187500e+02
2.090733489990234375e+02
1.714671936035156250e+02
2.202068176269531250e+02
1.755904541015625000e+02
2.158094177246093750e+02
2.333624725341796875e+02
1.995367584228515625e+02
2.898043518066406250e+02
2.040805053710937500e+02
3.119902343750000000e+02
2.942510681152343750e+02
2.063523864746093750e+02
2.037902526855468750e+02
2.634505615234375000e+02
2.504290771484375000e+02
2.186353149414062500e+02
1.771227111816406250e+02
2.317441864013671875e+02
1.767323608398437500e+02
2.382727050781250000e+02
1.770065307617187500e+02
1.907741394042968750e+02
2.170242462158203125e+02
1.806924133300781250e+02
1.771054382324218750e+02
2.154673767089843750e+02
1.837591247558593750e+02
1.736589965820312500e+02
1.935782775878906250e+02
1.975426330566406250e+02
1.748112182617187500e+02
2.047158508300781250e+02
2.187015533447265625e+02
1.765679016113281250e+02
2.641932067871093750e+02
1.732617797851562500e+02
2.529572601318359375e+02
1.758718719482421875e+02
3.140842895507812500e+02
1.823434143066406250e+02
3.396903686523437500e+02
3.366175231933593750e+02
1.714907379150390625e+02
3.013007812500000000e+02
1.724165649414062500e+02
2.220147247314453125e+02
1.918900451660156250e+02
1.719930267333984375e+02
2.192224578857421875e+02
1.747410888671875000e+02
2.276224670410156250e+02
2.205892028808593750e+02
1.929221496582031250e+02
2.795385742187500000e+02
2.018027954101562500e+02
3.048500366210937500e+02
2.772605285644531250e+02
2.309110412597656250e+02
1.990307617187500000e+02
2.704990539550781250e+02
2.475752563476562500e+02
2.412656860351562500e+02
1.808090820312500000e+02
2.840076293945312500e+02
2.391784515380859375e+02
2.765110473632812500e+02
2.092987060546875000e+02
3.194539489746093750e+02
3.336046142578125000e+02
1.774873962402343750e+02
3.689736938476562500e+02
2.184096069335937500e+02
3.918969116210937500e+02
4.673605957031250000e+02
2.693325805664062500e+02
4.120755004882812500e+02
4.769088745117187500e+02
1.807488403320312500e+02
4.324013061523437500e+02
4.963053283691406250e+02
2.867009887695312500e+02
4.090222167968750000e+02
4.909309997558593750e+02
1.961883239746093750e+02
4.604647216796875000e+02
5.724768676757812500e+02
3.881490783691406250e+02
2.650906066894531250e+02
3.545488891601562500e+02
1.929104919433593750e+02
2.649826049804687500e+02
1.757599487304687500e+02
3.076131896972656250e+02
1.959665679931640625e+02
3.205865173339843750e+02
2.981243896484375000e+02
2.066890563964843750e+02
2.206101379394531250e+02
2.630616455078125000e+02
2.574018249511718750e+02
2.086531372070312500e+02
1.806816406250000000e+02
2.406637115478515625e+02
1.850265808105468750e+02
2.997890319824218750e+02
1.926823272705078125e+02
3.265838012695312500e+02
3.169766540527343750e+02
1.848471984863281250e+02
2.998011779785156250e+02
1.836881713867187500e+02
2.106224060058593750e+02
2.178600311279296875e+02
1.916233520507812500e+02
2.390571899414062500e+02
1.826264343261718750e+02
3.064479064941406250e+02
1.835361480712890625e+02
3.180209350585937500e+02
3.043839111328125000e+02
1.913650207519531250e+02
2.194913177490234375e+02
2.572255249023437500e+02
2.445794982910156250e+02
2.261028442382812500e+02
1.743177337646484375e+02
2.305013732910156250e+02
1.729852600097656250e+02
2.646494750976562500e+02
1.747409362792968750e+02
2.412830963134765625e+02
1.700923767089843750e+02
2.508839721679687500e+02
1.939907379150390625e+02
1.907156066894531250e+02
2.467195281982421875e+02
1.758953552246093750e+02
2.521003112792968750e+02
1.743152160644531250e+02
3.046486511230468750e+02
1.794985046386718750e+02
3.302651367187500000e+02
3.160584106445312500e+02
1.880544891357421875e+02
2.474620971679687500e+02
2.432040100097656250e+02
2.442898559570312500e+02
2.110516052246093750e+02
1.779078216552734375e+02
2.413589782714843750e+02
1.837828063964843750e+02
2.931399536132812500e+02
1.808250427246093750e+02
3.158975219726562500e+02
2.893098754882812500e+02
2.184370422363281250e+02
2.044860992431640625e+02
2.729163208007812500e+02
2.610231933593750000e+02
2.225799407958984375e+02
1.826789398193359375e+02
2.603149414062500000e+02
2.103503112792968750e+02
2.975128173828125000e+02
2.140652160644531250e+02
3.339711303710937500e+02
3.538677978515625000e+02
1.784780578613281250e+02
4.115602111816406250e+02
3.176428527832031250e+02
3.112742919921875000e+02
4.009876708984375000e+02
2.355910034179687500e+02
4.224866943359375000e+02
4.527639770507812500e+02
1.822673950195312500e+02
3.988229980468750000e+02
4.002056274414062500e+02
1.932747802734375000e+02
4.652882995605468750e+02
4.543208312988281250e+02
1.834767456054687500e+02
3.323893737792968750e+02
2.584451293945312500e+02
3.041500244140625000e+02
2.957490234375000000e+02
2.424343719482421875e+02
2.695381164550781250e+02
1.998799438476562500e+02
2.078699035644531250e+02
2.584511718750000000e+02
2.493213348388671875e+02
2.179975585937500000e+02
1.978814086914062500e+02
2.559195251464843750e+02
2.211263580322265625e+02
2.739108276367187500e+02
2.437100219726562500e+02
2.507870483398437500e+02
2.337753753662109375e+02
2.548172607421875000e+02
1.864697265625000000e+02
2.636265258789062500e+02
2.281225433349609375e+02
2.629038696289062500e+02
1.943572235107421875e+02
3.009613647460937500e+02
2.787743530273437500e+02
2.203099670410156250e+02
2.078040771484375000e+02
2.677460937500000000e+02
2.596761169433593750e+02
2.097067871093750000e+02
1.942354736328125000e+02
2.562015075683593750e+02
2.160981445312500000e+02
2.870897521972656250e+02
2.268581237792968750e+02
2.887083740234375000e+02
2.841281738281250000e+02
2.042377319335937500e+02
2.092631225585937500e+02
2.596030883789062500e+02
2.547686462402343750e+02
2.070953216552734375e+02
1.831502685546875000e+02
2.361964111328125000e+02
1.855008850097656250e+02
2.841715087890625000e+02
1.906894378662109375e+02
3.084075622558593750e+02
2.771906127929687500e+02
2.289805908203125000e+02
2.155798034667968750e+02
2.581172180175781250e+02
2.421781005859375000e+02
2.422287292480468750e+02
2.061444702148437500e+02
2.743241577148437500e+02
2.379569396972656250e+02
2.669930419921875000e+02
2.001422119140625000e+02
3.062213134765625000e+02
3.120809936523437500e+02
1.822951354980468750e+02
3.298483276367187500e+02
1.756790618896484375e+02
3.175189819335937500e+02
2.789665527343750000e+02
2.434416198730468750e+02
2.353041687011718750e+02
2.748927307128906250e+02
2.810739746093750000e+02
1.929481048583984375e+02
2.119957427978515625e+02
2.501055603027343750e+02
2.303299560546875000e+02
2.492196960449218750e+02
1.969819030761718750e+02
2.823481445312500000e+02
2.471986694335937500e+02
2.527477264404296875e+02
1.936912231445312500e+02
2.763717346191406250e+02
2.511406860351562500e+02
2.345358276367187500e+02
1.875463256835937500e+02
2.705156860351562500e+02
2.330780792236328125e+02
2.660348815917968750e+02
1.963535003662109375e+02
3.078640441894531250e+02
3.041933593750000000e+02
1.862121734619140625e+02
2.572387695312500000e+02
2.184753265380859375e+02
2.224363555908203125e+02
2.374519042968750000e+02
1.865567626953125000e+02
2.650180664062500000e+02
2.117780456542968750e+02
2.909741210937500000e+02
2.011262512207031250e+02
3.206781311035156250e+02
3.292976989746093750e+02
1.729302215576171875e+02
3.140937500000000000e+02
1.717858734130859375e+02
2.862699584960937500e+02
2.192565917968750000e+02
3.188757019042968750e+02
2.534818267822265625e+02
3.135559387207031250e+02
3.626170654296875000e+02
1.891282501220703125e+02
4.398798828125000000e+02
4.151269226074218750e+02
1.980302734375000000e+02
2.993211669921875000e+02
1.889984283447265625e+02
3.280941772460937500e+02
2.387691650390625000e+02
3.265296630859375000e+02
3.661036987304687500e+02
1.927282257080078125e+02
4.309750366210937500e+02
4.054796752929687500e+02
2.109759979248046875e+02
3.033905639648437500e+02
1.842428588867187500e+02
3.350732421875000000e+02
2.486021423339843750e+02
3.211228332519531250e+02
3.675110473632812500e+02
1.943080749511718750e+02
4.337895202636718750e+02
4.151224670410156250e+02
2.006207733154296875e+02
3.055267944335937500e+02
1.942983856201171875e+02
3.522958984375000000e+02
2.957416992187500000e+02
2.758625488281250000e+02
3.174166564941406250e+02
1.771027221679687500e+02
2.793943481445312500e+02
1.856667480468750000e+02
2.278601684570312500e+02
1.720999145507812500e+02
2.166618957519531250e+02
2.033363800048828125e+02
1.815476531982421875e+02
2.114282836914062500e+02
1.835360412597656250e+02
1.817144470214843750e+02
1.986786193847656250e+02
1.979928894042968750e+02
1.736049041748046875e+02
1.909138336181640625e+02
1.948679504394531250e+02
1.729002685546875000e+02
1.838732299804687500e+02
2.033804016113281250e+02
1.706887359619140625e+02
2.037913360595703125e+02
2.059741821289062500e+02
1.716945800781250000e+02
2.351833953857421875e+02
1.883628234863281250e+02
1.767756958007812500e+02
2.347258300781250000e+02
1.732691345214843750e+02
2.019555969238281250e+02
2.054111938476562500e+02
1.758662719726562500e+02
1.741378631591796875e+02
2.031080780029296875e+02
1.877000427246093750e+02
1.724571838378906250e+02
1.749744873046875000e+02
1.967462768554687500e+02
1.781476135253906250e+02
1.846284790039062500e+02
2.218604125976562500e+02
1.746936492919921875e+02
2.237597351074218750e+02
1.859656066894531250e+02
1.744686279296875000e+02
2.213260803222656250e+02
1.959618225097656250e+02
1.726203002929687500e+02
2.249463195800781250e+02
1.856049041748046875e+02
1.714743652343750000e+02
2.097899169921875000e+02
1.938811798095703125e+02
1.691240234375000000e+02
2.078637237548828125e+02
2.020861206054687500e+02
1.705095825195312500e+02
2.109433593750000000e+02
2.047889709472656250e+02
1.727991027832031250e+02
2.467236328125000000e+02
1.786139221191406250e+02
1.847080841064453125e+02
2.259016723632812500e+02
1.717767028808593750e+02
1.961837005615234375e+02
2.067487182617187500e+02
1.787307128906250000e+02
1.696170349121093750e+02
1.942626800537109375e+02
1.999937133789062500e+02
1.719858398437500000e+02
1.727418518066406250e+02
1.964058227539062500e+02
1.818402099609375000e+02
1.707159576416015625e+02
1.925645141601562500e+02
1.946768188476562500e+02
1.747467346191406250e+02
1.891480712890625000e+02
1.995238342285156250e+02
1.884326782226562500e+02
1.723059387207031250e+02
2.097156982421875000e+02
1.889274902343750000e+02
1.741393432617187500e+02
1.908343200683593750e+02
2.090201721191406250e+02
1.939499053955078125e+02
2.222141723632812500e+02
1.954382171630859375e+02
1.781589660644531250e+02
1.953484344482421875e+02
1.848759155273437500e+02
1.738908691406250000e+02
1.734615173339843750e+02
1.789291076660156250e+02
1.893308105468750000e+02
1.850247192382812500e+02
1.748714904785156250e+02
1.683512268066406250e+02
1.728892517089843750e+02
1.699663085937500000e+02
1.760443115234375000e+02
1.858074645996093750e+02
1.902009582519531250e+02
1.772994079589843750e+02
1.698699645996093750e+02
1.684690246582031250e+02
1.679268951416015625e+02
1.695151367187500000e+02
1.674312744140625000e+02
1.732943725585937500e+02
1.867561035156250000e+02
1.852554321289062500e+02
1.850888671875000000e+02
1.747592468261718750e+02
1.716638793945312500e+02
1.723743896484375000e+02
1.831686096191406250e+02
1.875114898681640625e+02
1.883654174804687500e+02
1.708078308105468750e+02
1.675050354003906250e+02
1.725634155273437500e+02
1.905392456054687500e+02
1.934994354248046875e+02
1.722350311279296875e+02
1.696053771972656250e+02
1.739816284179687500e+02
1.908399505615234375e+02
1.951874389648437500e+02
1.746406097412109375e+02
1.688932800292968750e+02
1.706049499511718750e+02
1.727073974609375000e+02
1.867602233886718750e+02
1.880636291503906250e+02
1.792916870117187500e+02
1.713168029785156250e+02
1.710953979492187500e+02
1.713941192626953125e+02
1.747027282714843750e+02
1.813044128417968750e+02
1.885197753906250000e+02
1.842284393310546875e+02
1.822944641113281250e+02
1.744558868408203125e+02
1.705676879882812500e+02
1.703642272949218750e+02
1.774078826904296875e+02
1.922005157470703125e+02
1.956641387939453125e+02
1.704964904785156250e+02
1.754303436279296875e+02
2.143662719726562500e+02
1.693559417724609375e+02
1.764638519287109375e+02
2.135470428466796875e+02
1.735471954345703125e+02
2.027394561767578125e+02
2.393164978027343750e+02
1.940584411621093750e+02
3.205643615722656250e+02
2.197474060058593750e+02
3.448286437988281250e+02
3.644608764648437500e+02
1.773428344726562500e+02
4.376544189453125000e+02
3.623810119628906250e+02
2.773137817382812500e+02
3.720519104003906250e+02
2.133231201171875000e+02
4.379702758789062500e+02
4.426578979492187500e+02
1.877667236328125000e+02
3.534724121093750000e+02
2.723946533203125000e+02
2.938471374511718750e+02
2.657142333984375000e+02
3.091568603515625000e+02
3.559907531738281250e+02
2.023403472900390625e+02
4.100964660644531250e+02
3.514574584960937500e+02
2.727431335449218750e+02
3.486551513671875000e+02
2.017944030761718750e+02
3.365909423828125000e+02
2.280566711425781250e+02
3.590465698242187500e+02
4.179875488281250000e+02
2.568559570312500000e+02
3.738437194824218750e+02
3.667751770019531250e+02
2.355143585205078125e+02
3.170516967773437500e+02
1.914130249023437500e+02
3.921593627929687500e+02
3.397040405273437500e+02
2.635982055664062500e+02
3.305985107421875000e+02
1.922519836425781250e+02
2.942515258789062500e+02
1.912938842773437500e+02
2.624355773925781250e+02
2.124719848632812500e+02
2.802388610839843750e+02
1.848258056640625000e+02
3.113037719726562500e+02
2.685814208984375000e+02
2.699730224609375000e+02
2.481532440185546875e+02
2.821553649902343750e+02
2.901081542968750000e+02
1.937390136718750000e+02
2.480786743164062500e+02
2.428219604492187500e+02
2.398683776855468750e+02
2.351921081542968750e+02
1.895565185546875000e+02
2.755183715820312500e+02
2.279751892089843750e+02
2.901940612792968750e+02
2.007935943603515625e+02
3.251282958984375000e+02
3.321149291992187500e+02
1.766798858642578125e+02
3.261239013671875000e+02
1.748936462402343750e+02
2.989162597656250000e+02
2.422705383300781250e+02
3.015307006835937500e+02
2.477747344970703125e+02
3.193352966308593750e+02
3.569957885742187500e+02
1.770496826171875000e+02
4.261280517578125000e+02
3.527653808593750000e+02
2.804614868164062500e+02
3.630568542480468750e+02
2.022302856445312500e+02
4.286066284179687500e+02
4.201026306152343750e+02
1.938262023925781250e+02
3.176254577636718750e+02
2.045986022949218750e+02
3.785921325683593750e+02
3.379997253417968750e+02
2.662200622558593750e+02
3.284739379882812500e+02
1.765378875732421875e+02
3.719201660156250000e+02
2.722677612304687500e+02
3.323637390136718750e+02
3.955925903320312500e+02
2.137059020996093750e+02
4.579985351562500000e+02
4.906066284179687500e+02
1.823743896484375000e+02
4.409851074218750000e+02
4.997948303222656250e+02
2.862784423828125000e+02
4.099450378417968750e+02
4.898053894042968750e+02
2.065818481445312500e+02
4.243938598632812500e+02
5.095968017578125000e+02
3.116296386718750000e+02
3.708718872070312500e+02
4.584658203125000000e+02
2.013858947753906250e+02
4.130186767578125000e+02
4.670068969726562500e+02
2.653395385742187500e+02
4.133384094238281250e+02
4.664891967773437500e+02
2.142757110595703125e+02
3.610959472656250000e+02
3.675635375976562500e+02
1.836848907470703125e+02
3.781265869140625000e+02
2.777432861328125000e+02
3.159495239257812500e+02
3.743442993164062500e+02
1.959465637207031250e+02
4.465016784667968750e+02
4.489343872070312500e+02
1.784179992675781250e+02
3.290479736328125000e+02
2.630949707031250000e+02
2.894664916992187500e+02
2.741778564453125000e+02
2.680881347656250000e+02
2.889573974609375000e+02
1.878649597167968750e+02
2.292433166503906250e+02
2.353848571777343750e+02
2.284357604980468750e+02
2.258542175292968750e+02
1.736381530761718750e+02
2.171907348632812500e+02
1.816992187500000000e+02
1.855973205566406250e+02
2.067762298583984375e+02
1.828087158203125000e+02
2.163049316406250000e+02
2.150312500000000000e+02
1.840465698242187500e+02
2.597310791015625000e+02
1.860107421875000000e+02
2.825271606445312500e+02
2.254624633789062500e+02
3.024202270507812500e+02
2.317806396484375000e+02
2.971986694335937500e+02
3.133315124511718750e+02
1.770064544677734375e+02
2.645773315429687500e+02
1.913946075439453125e+02
1.951435852050781250e+02
2.382903137207031250e+02
1.710203704833984375e+02
2.174751586914062500e+02
1.775703887939453125e+02
1.743393249511718750e+02
1.926042785644531250e+02
1.797234802246093750e+02
1.719964599609375000e+02
1.693274536132812500e+02
1.757320861816406250e+02
1.884185638427734375e+02
1.776513977050781250e+02
1.720814208984375000e+02
1.703755493164062500e+02
1.710243225097656250e+02
1.687758483886718750e+02
1.698693847656250000e+02
1.747737426757812500e+02
1.821148376464843750e+02
1.921440124511718750e+02
1.770386352539062500e+02
1.699557800292968750e+02
1.675787048339843750e+02
1.688721618652343750e+02
1.697443847656250000e+02
1.727215576171875000e+02
1.806612091064453125e+02
1.877509460449218750e+02
1.917348937988281250e+02
1.735763397216796875e+02
1.692606048583984375e+02
1.706128234863281250e+02
1.771115112304687500e+02
1.898167724609375000e+02
1.868148803710937500e+02
1.806340942382812500e+02
1.726809692382812500e+02
1.677413177490234375e+02
1.695887756347656250e+02
1.784862976074218750e+02
1.966403808593750000e+02
1.792987365722656250e+02
1.690561676025390625e+02
1.738544464111328125e+02
1.955193786621093750e+02
1.829691772460937500e+02
1.711003723144531250e+02
1.724562225341796875e+02
1.728976898193359375e+02
1.702966613769531250e+02
1.736977539062500000e+02
1.794104766845703125e+02
1.882931060791015625e+02
1.948205871582031250e+02
1.747499237060546875e+02
1.819119567871093750e+02
2.294636688232421875e+02
1.714770965576171875e+02
2.450762023925781250e+02
1.864816284179687500e+02
1.735836944580078125e+02
2.378661041259765625e+02
1.842277526855468750e+02
1.728309326171875000e+02
2.189019317626953125e+02
1.907162475585937500e+02
1.695039672851562500e+02
1.990744781494140625e+02
2.181020202636718750e+02
1.706135559082031250e+02
2.639583435058593750e+02
1.766775817871093750e+02
1.938009643554687500e+02
2.297293548583984375e+02
1.695114288330078125e+02
1.974252929687500000e+02
2.092894897460937500e+02
1.841027069091796875e+02
1.690547485351562500e+02
1.994301605224609375e+02
2.095894165039062500e+02
1.722621459960937500e+02
1.814734191894531250e+02
2.192603759765625000e+02
1.839508361816406250e+02
2.434145812988281250e+02
1.962032928466796875e+02
1.834662170410156250e+02
2.217669677734375000e+02
1.771578674316406250e+02
1.728588562011718750e+02
2.032787628173828125e+02
2.164417419433593750e+02
1.740779418945312500e+02
2.657852478027343750e+02
1.744653320312500000e+02
2.360825653076171875e+02
1.767029113769531250e+02
1.778815002441406250e+02
2.081278228759765625e+02
1.693992309570312500e+02
2.004265441894531250e+02
2.267739257812500000e+02
1.775322875976562500e+02
2.694028320312500000e+02
1.714673004150390625e+02
2.220689086914062500e+02
1.822803649902343750e+02
1.713649139404296875e+02
1.728145751953125000e+02
1.944501342773437500e+02
2.004666442871093750e+02
1.727096252441406250e+02
1.690617065429687500e+02
1.795615539550781250e+02
1.910813293457031250e+02
2.040691528320312500e+02
1.706080017089843750e+02
1.782804260253906250e+02
2.181344299316406250e+02
1.730020141601562500e+02
2.275751953125000000e+02
2.212550354003906250e+02
1.865910949707031250e+02
2.919946289062500000e+02
1.912225646972656250e+02
3.242109985351562500e+02
2.934168701171875000e+02
2.238371887207031250e+02
2.232943420410156250e+02
2.755761108398437500e+02
2.662989501953125000e+02
2.295799560546875000e+02
1.975896606445312500e+02
2.693041687011718750e+02
2.277712097167968750e+02
2.863345336914062500e+02
1.964853363037109375e+02
3.310653686523437500e+02
3.362526245117187500e+02
1.794384155273437500e+02
3.352796630859375000e+02
1.717123107910156250e+02
3.177795715332031250e+02
2.649742736816406250e+02
2.806592102050781250e+02
2.355629882812500000e+02
3.219709777832031250e+02
3.469392395019531250e+02
1.814982757568359375e+02
3.929141845703125000e+02
2.772616577148437500e+02
3.578226928710937500e+02
4.465820007324218750e+02
2.563943481445312500e+02
4.445198974609375000e+02
5.054833984375000000e+02
2.072525939941406250e+02
4.720472106933593750e+02
5.780650634765625000e+02
3.878664550781250000e+02
2.885132446289062500e+02
4.394793701171875000e+02
2.366983947753906250e+02
3.468775329589843750e+02
3.858088378906250000e+02
2.080284881591796875e+02
3.937781982421875000e+02
3.224184570312500000e+02
2.881663513183593750e+02
3.548889770507812500e+02
1.918708801269531250e+02
4.236249084472656250e+02
3.802147216796875000e+02
2.453719482421875000e+02
3.353429565429687500e+02
2.020086364746093750e+02
4.038991699218750000e+02
3.676638793945312500e+02
2.384068145751953125e+02
3.197013549804687500e+02
1.918278198242187500e+02
2.964091186523437500e+02
1.830179748535156250e+02
3.002068481445312500e+02
2.714200439453125000e+02
2.299039154052734375e+02
2.039762573242187500e+02
2.743124694824218750e+02
2.502622375488281250e+02
2.635947875976562500e+02
2.413426666259765625e+02
2.652414550781250000e+02
2.477733154296875000e+02
2.343145294189453125e+02
1.873092346191406250e+02
2.459389648437500000e+02
2.066521301269531250e+02
2.865809326171875000e+02
1.994307861328125000e+02
3.100372924804687500e+02
2.789031066894531250e+02
2.468026123046875000e+02
2.187178802490234375e+02
2.972036437988281250e+02
3.025980529785156250e+02
1.943174591064453125e+02
3.027308349609375000e+02
1.764907836914062500e+02
2.328920440673828125e+02
2.042578125000000000e+02
1.982125701904296875e+02
2.302533569335937500e+02
1.998396606445312500e+02
2.648400268554687500e+02
1.811705780029296875e+02
2.088560028076171875e+02
2.145654602050781250e+02
1.975933380126953125e+02
2.207618103027343750e+02
1.724343719482421875e+02
2.155502319335937500e+02
2.260953674316406250e+02
2.043408508300781250e+02
2.593252868652343750e+02
1.755044708251953125e+02
2.577183837890625000e+02
1.764619140625000000e+02
3.033907775878906250e+02
1.824283142089843750e+02
3.401893310546875000e+02
3.262728271484375000e+02
1.998606262207031250e+02
3.071870117187500000e+02
1.803381958007812500e+02
2.197955322265625000e+02
2.172042694091796875e+02
1.993943786621093750e+02
2.361505889892578125e+02
1.864146270751953125e+02
2.997274780273437500e+02
1.788425903320312500e+02
2.650469665527343750e+02
1.978767700195312500e+02
3.233478088378906250e+02
2.494930725097656250e+02
3.028957519531250000e+02
3.084508666992187500e+02
1.951827239990234375e+02
2.288928527832031250e+02
2.561082153320312500e+02
2.612717895507812500e+02
2.055276184082031250e+02
2.239096984863281250e+02
2.544724121093750000e+02
2.344790802001953125e+02
2.695330810546875000e+02
2.481018371582031250e+02
2.535036926269531250e+02
2.346233367919921875e+02
2.566122741699218750e+02
1.859529418945312500e+02
2.510189056396484375e+02
2.021630249023437500e+02
3.121936340332031250e+02
2.305780334472656250e+02
3.071046142578125000e+02
3.085505371093750000e+02
2.009193420410156250e+02
2.345738525390625000e+02
2.512983398437500000e+02
2.605156250000000000e+02
2.091475219726562500e+02
2.180024261474609375e+02
2.503208007812500000e+02
2.274607543945312500e+02
2.676770629882812500e+02
2.364785614013671875e+02
2.613005371093750000e+02
2.426755676269531250e+02
2.519702606201171875e+02
1.982309570312500000e+02
2.420010681152343750e+02
1.896482849121093750e+02
3.030935363769531250e+02
2.253188781738281250e+02
2.818472900390625000e+02
2.458277587890625000e+02
2.728220825195312500e+02
2.122892761230468750e+02
3.147863769531250000e+02
3.312494506835937500e+02
2.007985229492187500e+02
3.652902221679687500e+02
2.307418823242187500e+02
3.785370483398437500e+02
4.467554626464843750e+02
2.378260040283203125e+02
4.508232727050781250e+02
5.062556762695312500e+02
2.062359924316406250e+02
4.756648559570312500e+02
5.870531005859375000e+02
4.040485229492187500e+02
2.788900146484375000e+02
4.674499511718750000e+02
2.991494140625000000e+02
3.672978515625000000e+02
4.894620666503906250e+02
3.376990966796875000e+02
3.008275756835937500e+02
3.643768920898437500e+02
2.005518493652343750e+02
3.043758544921875000e+02
2.152542266845703125e+02
3.406044921875000000e+02
2.757269897460937500e+02
3.200380249023437500e+02
3.942263183593750000e+02
2.356315612792968750e+02
3.960072631835937500e+02
3.956146240234375000e+02
2.041801757812500000e+02
3.008652038574218750e+02
1.917267150878906250e+02
3.087272338867187500e+02
2.117804412841796875e+02
3.310188293457031250e+02
3.486126098632812500e+02
1.998235778808593750e+02
3.766463012695312500e+02
2.650556640625000000e+02
3.560299377441406250e+02
4.388652343750000000e+02
2.586433410644531250e+02
4.121371459960937500e+02
4.714724121093750000e+02
1.985305023193359375e+02
4.322758789062500000e+02
4.875318298339843750e+02
2.827142639160156250e+02
3.963205871582031250e+02
4.647987670898437500e+02
2.241422729492187500e+02
3.760527954101562500e+02
4.063604736328125000e+02
1.981038970947265625e+02
4.576455993652343750e+02
4.741494445800781250e+02
2.163712158203125000e+02
4.233107910156250000e+02
4.501662902832031250e+02
2.361838226318359375e+02
4.523224487304687500e+02
5.111881103515625000e+02
2.349751892089843750e+02
4.024440917968750000e+02
4.841646728515625000e+02
2.979398803710937500e+02
3.788402709960937500e+02
4.621807861328125000e+02
2.315841979980468750e+02
4.001947021484375000e+02
4.543043212890625000e+02
2.502288208007812500e+02
4.301521606445312500e+02
4.941769409179687500e+02
2.148131256103515625e+02
3.915753173828125000e+02
4.614820251464843750e+02
2.724109497070312500e+02
3.987011108398437500e+02
4.597428588867187500e+02
2.080972900390625000e+02
4.070346374511718750e+02
4.503106994628906250e+02
2.474520263671875000e+02
4.321394653320312500e+02
4.953281250000000000e+02
2.123217468261718750e+02
4.105705261230468750e+02
4.908904113769531250e+02
3.074054565429687500e+02
3.577441101074218750e+02
4.314666748046875000e+02
1.907500457763671875e+02
3.897009582519531250e+02
4.076961059570312500e+02
2.088773956298828125e+02
4.549683227539062500e+02
4.732431640625000000e+02
1.788702697753906250e+02
3.889616088867187500e+02
4.095314331054687500e+02
1.988378753662109375e+02
4.727560729980468750e+02
5.061259765625000000e+02
2.072106018066406250e+02
4.648095092773437500e+02
5.781166381835937500e+02
4.064418945312500000e+02
2.458728942871093750e+02
4.317438964843750000e+02
2.595200195312500000e+02
3.737303161621093750e+02
4.845927124023437500e+02
3.288253784179687500e+02
3.045233154296875000e+02
3.686393432617187500e+02
