8.453775000000000000e+04
7.292720312500000000e+04
6.186980078125000000e+04
5.155331640625000000e+04
4.257764062500000000e+04
3.525371875000000000e+04
2.999084960937500000e+04
2.704572851562500000e+04
2.624592968750000000e+04
2.731609570312500000e+04
2.950400195312500000e+04
3.199492187500000000e+04
3.348564843750000000e+04
3.417566796875000000e+04
3.357227343750000000e+04
3.254412500000000000e+04
3.095819726562500000e+04
2.939328320312500000e+04
2.800925781250000000e+04
2.691114062500000000e+04
2.639561328125000000e+04
2.615135937500000000e+04
2.644216992187500000e+04
2.687789648437500000e+04
2.731086132812500000e+04
2.778513085937500000e+04
2.812993554687500000e+04
2.800151757812500000e+04
2.796831640625000000e+04
2.778890039062500000e+04
2.726776562500000000e+04
2.708239257812500000e+04
2.662223437500000000e+04
2.645180468750000000e+04
2.630103125000000000e+04
2.617075781250000000e+04
2.618038085937500000e+04
2.640428320312500000e+04
2.656500976562500000e+04
2.662784765625000000e+04
2.666295507812500000e+04
2.659333007812500000e+04
2.653308593750000000e+04
2.649191796875000000e+04
2.648491796875000000e+04
2.617484765625000000e+04
2.619832226562500000e+04
2.623131445312500000e+04
2.613895507812500000e+04
2.616865234375000000e+04
2.617228515625000000e+04
2.627306054687500000e+04
2.622616210937500000e+04
2.638573046875000000e+04
2.630988867187500000e+04
2.628802929687500000e+04
2.605339453125000000e+04
2.621248828125000000e+04
2.621967187500000000e+04
2.605929101562500000e+04
2.610302148437500000e+04
2.628084179687500000e+04
2.612734960937500000e+04
2.612664453125000000e+04
2.603461132812500000e+04
2.615541015625000000e+04
2.602233789062500000e+04
2.613483398437500000e+04
2.621741796875000000e+04
2.599345507812500000e+04
2.608515625000000000e+04
2.600210937500000000e+04
2.599176171875000000e+04
2.599030468750000000e+04
2.602978710937500000e+04
2.612016015625000000e+04
2.609291992187500000e+04
2.598691210937500000e+04
2.607726171875000000e+04
2.609388867187500000e+04
2.603350976562500000e+04
2.599695507812500000e+04
2.598539453125000000e+04
2.590630468750000000e+04
2.585387890625000000e+04
2.591161328125000000e+04
2.585689843750000000e+04
2.584408593750000000e+04
2.590916601562500000e+04
2.588630859375000000e+04
2.589716210937500000e+04
2.584819921875000000e+04
2.577108789062500000e+04
2.592793359375000000e+04
2.582592578125000000e+04
2.561346093750000000e+04
2.586669921875000000e+04
2.558767382812500000e+04
2.564361523437500000e+04
2.564891796875000000e+04
2.553036328125000000e+04
2.558241210937500000e+04
2.557005859375000000e+04
2.559108007812500000e+04
2.546742382812500000e+04
2.539346093750000000e+04
2.556098046875000000e+04
2.547759179687500000e+04
2.530846289062500000e+04
2.532719140625000000e+04
2.524966406250000000e+04
2.518662109375000000e+04
2.514365039062500000e+04
2.510813867187500000e+04
2.501784179687500000e+04
2.501653125000000000e+04
2.490254296875000000e+04
2.478773046875000000e+04
2.485344726562500000e+04
2.481415234375000000e+04
2.476587500000000000e+04
2.466917382812500000e+04
2.453273828125000000e+04
2.444629296875000000e+04
2.440173242187500000e+04
2.421401757812500000e+04
2.419538867187500000e+04
2.405761523437500000e+04
2.392729882812500000e+04
2.388154296875000000e+04
2.385427929687500000e+04
2.361256054687500000e+04
2.349597656250000000e+04
2.325493554687500000e+04
2.307050390625000000e+04
2.299505664062500000e+04
2.279174609375000000e+04
2.256655664062500000e+04
2.242509765625000000e+04
2.226914843750000000e+04
2.193193359375000000e+04
2.168852148437500000e+04
2.147678710937500000e+04
2.115049218750000000e+04
2.100419140625000000e+04
2.063827539062500000e+04
2.035924414062500000e+04
1.986779492187500000e+04
1.959950781250000000e+04
1.918356835937500000e+04
1.887842578125000000e+04
1.844496875000000000e+04
1.791065625000000000e+04
1.749927148437500000e+04
1.699759765625000000e+04
1.654549023437500000e+04
1.596666406250000000e+04
1.542205761718750000e+04
1.482980078125000000e+04
1.418516015625000000e+04
1.357198632812500000e+04
1.288535156250000000e+04
1.235497753906250000e+04
1.159358398437500000e+04
1.104638183593750000e+04
1.055681835937500000e+04
1.010672558593750000e+04
9.705488281250000000e+03
9.424617187500000000e+03
9.255034179687500000e+03
9.032351562500000000e+03
8.939259765625000000e+03
8.793738281250000000e+03
8.700534179687500000e+03
8.592695312500000000e+03
8.434416015625000000e+03
8.237593750000000000e+03
8.064057128906250000e+03
7.839686523437500000e+03
7.552872558593750000e+03
7.437729492187500000e+03
7.153086425781250000e+03
7.104075683593750000e+03
6.857174804687500000e+03
6.766936035156250000e+03
6.736149414062500000e+03
6.695056640625000000e+03
6.676090820312500000e+03
6.556424804687500000e+03
6.457396484375000000e+03
6.279434570312500000e+03
6.130312500000000000e+03
6.068873046875000000e+03
6.021108398437500000e+03
5.924420410156250000e+03
5.872223144531250000e+03
5.790533203125000000e+03
5.691919433593750000e+03
5.598030761718750000e+03
5.488454589843750000e+03
5.415206542968750000e+03
5.316567382812500000e+03
5.225708007812500000e+03
5.204187500000000000e+03
5.168267089843750000e+03
5.086725585937500000e+03
5.072919433593750000e+03
5.077449218750000000e+03
5.154920410156250000e+03
5.026815429687500000e+03
4.840191406250000000e+03
4.752013183593750000e+03
4.878677734375000000e+03
4.863018554687500000e+03
4.616880371093750000e+03
4.617945800781250000e+03
4.627059082031250000e+03
4.568441406250000000e+03
4.500366210937500000e+03
4.388651367187500000e+03
4.452627441406250000e+03
4.383008300781250000e+03
4.351146972656250000e+03
4.313430175781250000e+03
4.259476074218750000e+03
4.225225097656250000e+03
4.202807617187500000e+03
4.182130859375000000e+03
4.161496093750000000e+03
4.171393066406250000e+03
4.137048828125000000e+03
4.191006347656250000e+03
4.208805175781250000e+03
4.218109863281250000e+03
4.156617187500000000e+03
4.077035888671875000e+03
3.993437744140625000e+03
3.925447265625000000e+03
3.966757568359375000e+03
4.050296630859375000e+03
4.021845703125000000e+03
3.947256347656250000e+03
3.858216552734375000e+03
3.811274414062500000e+03
3.835938232421875000e+03
3.862987548828125000e+03
3.893986572265625000e+03
3.863634277343750000e+03
3.783427978515625000e+03
3.692060058593750000e+03
3.711462646484375000e+03
3.667979003906250000e+03
3.724020507812500000e+03
3.751387695312500000e+03
3.748519042968750000e+03
3.714654296875000000e+03
3.680664550781250000e+03
3.638123291015625000e+03
3.568920410156250000e+03
3.569634033203125000e+03
3.563076904296875000e+03
3.576917724609375000e+03
3.612614013671875000e+03
3.668457275390625000e+03
3.670927246093750000e+03
3.667695556640625000e+03
3.570328857421875000e+03
3.449174316406250000e+03
3.456412597656250000e+03
3.393503417968750000e+03
3.382595947265625000e+03
3.439698242187500000e+03
3.478619628906250000e+03
3.558546386718750000e+03
3.730437988281250000e+03
3.755044189453125000e+03
3.543511962890625000e+03
3.349522705078125000e+03
3.288350341796875000e+03
3.405470703125000000e+03
3.544196044921875000e+03
3.497507568359375000e+03
3.398732910156250000e+03
3.266467041015625000e+03
3.193702636718750000e+03
3.244464355468750000e+03
3.216557373046875000e+03
3.263844970703125000e+03
3.336160888671875000e+03
3.429457031250000000e+03
3.339910644531250000e+03
3.227756591796875000e+03
3.150046386718750000e+03
3.112709960937500000e+03
3.098742675781250000e+03
3.119849853515625000e+03
3.203899414062500000e+03
3.338723632812500000e+03
3.498058593750000000e+03
3.345369384765625000e+03
3.173393310546875000e+03
3.062480224609375000e+03
3.043013671875000000e+03
3.020293701171875000e+03
3.135357177734375000e+03
3.257085937500000000e+03
3.283545898437500000e+03
3.221471191406250000e+03
3.086799560546875000e+03
3.017359619140625000e+03
2.968112304687500000e+03
2.934687744140625000e+03
2.910186523437500000e+03
2.934344238281250000e+03
2.918104980468750000e+03
2.925983886718750000e+03
2.928663085937500000e+03
3.023274902343750000e+03
3.279244384765625000e+03
3.268047363281250000e+03
3.242328857421875000e+03
2.936247314453125000e+03
2.858961914062500000e+03
2.864632324218750000e+03
2.941632324218750000e+03
3.055117675781250000e+03
3.155025878906250000e+03
3.187330078125000000e+03
2.981523193359375000e+03
2.883914550781250000e+03
2.825337646484375000e+03
2.791439697265625000e+03
2.790473388671875000e+03
2.771221923828125000e+03
2.763737548828125000e+03
2.763217041015625000e+03
2.798492919921875000e+03
2.871377197265625000e+03
3.131249511718750000e+03
3.106325683593750000e+03
3.065874755859375000e+03
2.872921386718750000e+03
2.766293945312500000e+03
2.721457031250000000e+03
2.719904541015625000e+03
2.707977539062500000e+03
2.828517578125000000e+03
3.017580322265625000e+03
3.068818847656250000e+03
3.086693603515625000e+03
2.783213134765625000e+03
2.696867187500000000e+03
2.701460693359375000e+03
2.726655517578125000e+03
2.902574218750000000e+03
2.976121582031250000e+03
3.019542968750000000e+03
2.784562255859375000e+03
2.690758056640625000e+03
2.662057617187500000e+03
2.721706787109375000e+03
2.866416015625000000e+03
2.922109619140625000e+03
2.931101074218750000e+03
2.731377929687500000e+03
2.663533203125000000e+03
2.594086425781250000e+03
2.630376220703125000e+03
2.704861328125000000e+03
2.762152832031250000e+03
2.904717285156250000e+03
2.837270019531250000e+03
2.755720703125000000e+03
2.677265869140625000e+03
2.663364257812500000e+03
2.660561523437500000e+03
2.659572021484375000e+03
2.637458740234375000e+03
2.685000732421875000e+03
2.712824707031250000e+03
2.736267333984375000e+03
2.715906982421875000e+03
2.744236328125000000e+03
2.686572998046875000e+03
2.631741699218750000e+03
2.622131835937500000e+03
2.631224853515625000e+03
2.624174072265625000e+03
2.669332031250000000e+03
2.643971923828125000e+03
2.668863037109375000e+03
2.674571044921875000e+03
2.696697998046875000e+03
2.658272216796875000e+03
2.633775146484375000e+03
2.643626708984375000e+03
2.601812744140625000e+03
2.610674560546875000e+03
2.592878417968750000e+03
2.613473388671875000e+03
2.671703369140625000e+03
2.659285156250000000e+03
2.683896240234375000e+03
2.656794677734375000e+03
2.623503906250000000e+03
2.552414306640625000e+03
2.574596923828125000e+03
2.540749511718750000e+03
2.565711425781250000e+03
2.628306884765625000e+03
2.668129638671875000e+03
2.694355712890625000e+03
2.694023925781250000e+03
2.582992919921875000e+03
2.543014404296875000e+03
2.496996337890625000e+03
2.452076904296875000e+03
2.494775390625000000e+03
2.470223876953125000e+03
2.428718750000000000e+03
2.481371093750000000e+03
2.483794921875000000e+03
2.464587890625000000e+03
2.483112060546875000e+03
2.567724121093750000e+03
2.691759033203125000e+03
2.874052246093750000e+03
2.652284667968750000e+03
2.473463378906250000e+03
2.415595458984375000e+03
2.455416992187500000e+03
2.561442626953125000e+03
2.694966552734375000e+03
2.885978271484375000e+03
2.547787353515625000e+03
2.448480712890625000e+03
2.404380859375000000e+03
2.504456054687500000e+03
2.673809326171875000e+03
2.698677001953125000e+03
2.665411376953125000e+03
2.551212890625000000e+03
2.435930419921875000e+03
2.401893554687500000e+03
2.383088867187500000e+03
2.454613525390625000e+03
2.503847412109375000e+03
2.630803222656250000e+03
2.690803466796875000e+03
2.683092773437500000e+03
2.505525634765625000e+03
2.421967529296875000e+03
2.403871337890625000e+03
2.409987304687500000e+03
2.457343750000000000e+03
2.559324218750000000e+03
2.678673583984375000e+03
2.583124023437500000e+03
2.537115234375000000e+03
2.463990478515625000e+03
2.459662353515625000e+03
2.421459716796875000e+03
2.431752685546875000e+03
2.429362792968750000e+03
2.457659423828125000e+03
2.500023925781250000e+03
2.567188964843750000e+03
2.534383544921875000e+03
2.525216308593750000e+03
2.510519775390625000e+03
2.481689697265625000e+03
2.407862060546875000e+03
2.396938720703125000e+03
2.411421630859375000e+03
2.357407226562500000e+03
2.381514160156250000e+03
2.420420410156250000e+03
2.463051025390625000e+03
2.537475585937500000e+03
2.530395507812500000e+03
2.514856201171875000e+03
2.455322509765625000e+03
2.408450195312500000e+03
2.369924560546875000e+03
2.318712402343750000e+03
2.330919189453125000e+03
2.326077880859375000e+03
2.331005859375000000e+03
2.310420898437500000e+03
2.337045410156250000e+03
2.294785156250000000e+03
2.300144287109375000e+03
2.310218750000000000e+03
2.300911376953125000e+03
2.298983886718750000e+03
2.300915527343750000e+03
2.316893554687500000e+03
2.318409912109375000e+03
2.306088378906250000e+03
2.336705810546875000e+03
2.455293212890625000e+03
2.605580078125000000e+03
2.772547119140625000e+03
2.485784912109375000e+03
2.338121826171875000e+03
2.312825683593750000e+03
2.286220458984375000e+03
2.306691894531250000e+03
2.311444091796875000e+03
2.428333740234375000e+03
2.612583251953125000e+03
2.809242675781250000e+03
2.403128906250000000e+03
2.269842041015625000e+03
2.296325195312500000e+03
2.500403320312500000e+03
2.762189453125000000e+03
2.461198730468750000e+03
2.311284179687500000e+03
2.256161376953125000e+03
2.280801513671875000e+03
2.420364746093750000e+03
2.579124755859375000e+03
2.691958740234375000e+03
2.443173095703125000e+03
2.267303466796875000e+03
2.260621582031250000e+03
2.306404296875000000e+03
2.391113281250000000e+03
2.550342041015625000e+03
2.608957031250000000e+03
2.377848388671875000e+03
2.288586181640625000e+03
2.239305664062500000e+03
2.266730468750000000e+03
2.341001953125000000e+03
2.413728027343750000e+03
2.577997070312500000e+03
2.408875732421875000e+03
2.296115722656250000e+03
2.269256591796875000e+03
2.250844238281250000e+03
2.222931884765625000e+03
2.225881835937500000e+03
2.234270019531250000e+03
2.240366210937500000e+03
2.301623046875000000e+03
2.394783447265625000e+03
2.523314208984375000e+03
2.472137695312500000e+03
2.370266845703125000e+03
2.314001220703125000e+03
2.279431152343750000e+03
2.278460693359375000e+03
2.252271972656250000e+03
2.291570068359375000e+03
2.303024169921875000e+03
2.408799316406250000e+03
2.504456787109375000e+03
2.444821044921875000e+03
2.383113037109375000e+03
2.312776855468750000e+03
2.259912353515625000e+03
2.258360595703125000e+03
2.273232421875000000e+03
2.270748291015625000e+03
2.311675781250000000e+03
2.344540039062500000e+03
2.476202636718750000e+03
2.404498046875000000e+03
2.349787353515625000e+03
2.282205078125000000e+03
2.243322021484375000e+03
2.250991210937500000e+03
2.303642089843750000e+03
2.323200439453125000e+03
2.398420898437500000e+03
2.370024658203125000e+03
2.416824951171875000e+03
2.313293212890625000e+03
2.287146240234375000e+03
2.281641357421875000e+03
2.245244384765625000e+03
2.264539550781250000e+03
2.300400634765625000e+03
2.356247314453125000e+03
2.365426513671875000e+03
2.331572753906250000e+03
2.301040771484375000e+03
2.271202880859375000e+03
2.275736816406250000e+03
2.260357177734375000e+03
2.259652587890625000e+03
2.271398193359375000e+03
2.345969970703125000e+03
2.320033935546875000e+03
2.331665039062500000e+03
2.346318847656250000e+03
2.290995361328125000e+03
2.264781005859375000e+03
2.261446533203125000e+03
2.243588623046875000e+03
2.224125488281250000e+03
2.243046630859375000e+03
2.280721191406250000e+03
2.337788818359375000e+03
2.358567138671875000e+03
2.306279541015625000e+03
2.284318359375000000e+03
2.252273925781250000e+03
2.251704589843750000e+03
2.223176757812500000e+03
2.241749267578125000e+03
2.257749755859375000e+03
2.280622558593750000e+03
2.290222900390625000e+03
2.336393066406250000e+03
2.305323242187500000e+03
2.282485595703125000e+03
2.227462890625000000e+03
2.199577880859375000e+03
2.192799804687500000e+03
2.203111816406250000e+03
2.206692382812500000e+03
2.204920898437500000e+03
2.253848632812500000e+03
2.332518066406250000e+03
2.337313964843750000e+03
2.324950439453125000e+03
2.277609130859375000e+03
2.206978027343750000e+03
2.209013427734375000e+03
2.178949462890625000e+03
2.220917236328125000e+03
2.216528808593750000e+03
2.267176269531250000e+03
2.279943847656250000e+03
2.295132568359375000e+03
2.298698486328125000e+03
2.229313232421875000e+03
2.220706298828125000e+03
2.185223632812500000e+03
2.212774414062500000e+03
2.181256103515625000e+03
2.176887451171875000e+03
2.189778076171875000e+03
2.203360351562500000e+03
2.253306152343750000e+03
2.308690673828125000e+03
2.317927734375000000e+03
2.276831054687500000e+03
2.200828857421875000e+03
2.183745849609375000e+03
2.170018310546875000e+03
2.171685058593750000e+03
2.235833984375000000e+03
2.236969238281250000e+03
2.237301269531250000e+03
2.244380371093750000e+03
2.208911376953125000e+03
2.213055664062500000e+03
2.243435546875000000e+03
2.190082031250000000e+03
2.234030273437500000e+03
2.226707031250000000e+03
2.224209960937500000e+03
2.209005859375000000e+03
2.230649414062500000e+03
2.227995361328125000e+03
2.178405029296875000e+03
2.175965087890625000e+03
2.185198242187500000e+03
2.169108154296875000e+03
2.215671142578125000e+03
2.254713623046875000e+03
2.203156250000000000e+03
2.215516601562500000e+03
2.191755859375000000e+03
2.170200439453125000e+03
2.183267578125000000e+03
2.217959228515625000e+03
2.195382080078125000e+03
2.229387451171875000e+03
2.200524414062500000e+03
2.178832031250000000e+03
2.178072021484375000e+03
2.178997314453125000e+03
2.164150390625000000e+03
2.183359619140625000e+03
2.136976806640625000e+03
2.160533935546875000e+03
2.190645263671875000e+03
2.204249755859375000e+03
2.200400878906250000e+03
2.180887207031250000e+03
2.191137695312500000e+03
2.178941406250000000e+03
2.182673583984375000e+03
2.195696533203125000e+03
2.185257812500000000e+03
2.219503417968750000e+03
2.192678222656250000e+03
2.177293701171875000e+03
2.175297363281250000e+03
2.125931884765625000e+03
2.155649169921875000e+03
2.173993408203125000e+03
2.194371582031250000e+03
2.202397216796875000e+03
2.202045654296875000e+03
2.172198974609375000e+03
2.140196044921875000e+03
2.122490234375000000e+03
2.088457031250000000e+03
2.098937011718750000e+03
2.080243164062500000e+03
2.086210937500000000e+03
2.110014892578125000e+03
2.141914062500000000e+03
2.249785400390625000e+03
2.307256835937500000e+03
2.238648193359375000e+03
2.153951904296875000e+03
2.087244140625000000e+03
2.066151855468750000e+03
2.050586914062500000e+03
2.041029418945312500e+03
2.065605224609375000e+03
2.122152343750000000e+03
2.185830566406250000e+03
2.276996582031250000e+03
2.268135009765625000e+03
2.211235595703125000e+03
2.114570068359375000e+03
2.071451904296875000e+03
2.067501708984375000e+03
2.065819580078125000e+03
2.104383544921875000e+03
2.143761718750000000e+03
2.216922851562500000e+03
2.314767089843750000e+03
2.197170410156250000e+03
2.140131347656250000e+03
2.086028076171875000e+03
2.043964111328125000e+03
2.064440673828125000e+03
2.106613769531250000e+03
2.125463134765625000e+03
2.215374755859375000e+03
2.270016357421875000e+03
2.250347656250000000e+03
2.186990234375000000e+03
2.098851562500000000e+03
2.070170654296875000e+03
2.060119873046875000e+03
2.079757568359375000e+03
2.086497558593750000e+03
2.166585205078125000e+03
2.226004150390625000e+03
2.258815429687500000e+03
2.228502441406250000e+03
2.109751220703125000e+03
2.068610839843750000e+03
2.065223388671875000e+03
2.042293701171875000e+03
2.035782470703125000e+03
2.066651367187500000e+03
2.140174072265625000e+03
2.246690917968750000e+03
2.243326660156250000e+03
2.192321777343750000e+03
2.125644042968750000e+03
2.096227539062500000e+03
2.095954589843750000e+03
2.084366699218750000e+03
2.099472412109375000e+03
2.154279785156250000e+03
2.205025878906250000e+03
2.195704589843750000e+03
2.139357910156250000e+03
2.124085205078125000e+03
2.084569580078125000e+03
2.095856689453125000e+03
2.091146972656250000e+03
2.115666748046875000e+03
2.135274414062500000e+03
2.161208007812500000e+03
2.169759521484375000e+03
2.129875488281250000e+03
2.098612548828125000e+03
2.082050781250000000e+03
2.091618896484375000e+03
2.087304931640625000e+03
2.131608398437500000e+03
2.156689697265625000e+03
2.169236816406250000e+03
2.170615722656250000e+03
2.114558349609375000e+03
2.093457275390625000e+03
2.065527343750000000e+03
2.043527465820312500e+03
2.021610473632812500e+03
2.048483398437500000e+03
2.080968261718750000e+03
2.146502685546875000e+03
2.143429687500000000e+03
2.157291015625000000e+03
2.108026367187500000e+03
2.079866943359375000e+03
2.040957763671875000e+03
2.044765869140625000e+03
2.066989746093750000e+03
2.103709228515625000e+03
2.132501708984375000e+03
2.171067382812500000e+03
2.128486572265625000e+03
2.082702636718750000e+03
2.115739257812500000e+03
2.108097656250000000e+03
2.088626220703125000e+03
2.111217285156250000e+03
2.147706298828125000e+03
2.092335937500000000e+03
2.125588867187500000e+03
2.116519042968750000e+03
2.108927001953125000e+03
2.114531494140625000e+03
2.128181884765625000e+03
2.116743164062500000e+03
2.100643798828125000e+03
2.075134521484375000e+03
2.094523193359375000e+03
2.081967041015625000e+03
2.047378173828125000e+03
2.052037597656250000e+03
2.061463378906250000e+03
2.120743896484375000e+03
2.107489013671875000e+03
2.113208740234375000e+03
2.089384277343750000e+03
2.072662841796875000e+03
2.062926757812500000e+03
2.054414062500000000e+03
2.072066894531250000e+03
2.076694091796875000e+03
2.094932128906250000e+03
2.110283203125000000e+03
2.091805664062500000e+03
2.064628417968750000e+03
2.100729492187500000e+03
2.119083007812500000e+03
2.091054931640625000e+03
2.061004638671875000e+03
2.063381591796875000e+03
2.053074218750000000e+03
2.084771240234375000e+03
2.079401611328125000e+03
2.105099609375000000e+03
2.107184082031250000e+03
2.065976074218750000e+03
2.078925292968750000e+03
2.068788818359375000e+03
2.082987548828125000e+03
2.091769531250000000e+03
2.084713623046875000e+03
2.066604248046875000e+03
2.037500000000000000e+03
2.055510742187500000e+03
2.057046875000000000e+03
2.092526611328125000e+03
2.123154052734375000e+03
2.110761474609375000e+03
2.098976074218750000e+03
2.058631103515625000e+03
2.028758422851562500e+03
1.992839965820312500e+03
2.005315185546875000e+03
2.007609008789062500e+03
2.030965698242187500e+03
2.065819824218750000e+03
2.107348144531250000e+03
2.133075439453125000e+03
2.104858398437500000e+03
2.046218139648437500e+03
2.035981445312500000e+03
1.998807617187500000e+03
2.008234863281250000e+03
1.984643188476562500e+03
2.042466186523437500e+03
2.052533691406250000e+03
2.135321044921875000e+03
2.116676513671875000e+03
2.090563964843750000e+03
2.021452148437500000e+03
1.982661621093750000e+03
1.926961425781250000e+03
1.953419799804687500e+03
1.960720825195312500e+03
1.966065429687500000e+03
2.003849365234375000e+03
2.066685058593750000e+03
2.143529541015625000e+03
2.147821044921875000e+03
2.096189697265625000e+03
2.026916992187500000e+03
1.981094604492187500e+03
1.980713989257812500e+03
1.969276367187500000e+03
1.974019287109375000e+03
2.090758056640625000e+03
2.157865478515625000e+03
2.127967529296875000e+03
2.069331542968750000e+03
2.031475585937500000e+03
1.987387939453125000e+03
2.014834594726562500e+03
2.041671508789062500e+03
2.102982421875000000e+03
2.125927001953125000e+03
2.078822265625000000e+03
2.017518188476562500e+03
1.992558349609375000e+03
2.000477539062500000e+03
1.979817626953125000e+03
1.998574462890625000e+03
2.081428710937500000e+03
2.100137939453125000e+03
2.096271240234375000e+03
2.038612182617187500e+03
2.028060668945312500e+03
2.006901855468750000e+03
2.026747314453125000e+03
2.045667846679687500e+03
2.053345703125000000e+03
2.067203125000000000e+03
2.048825683593750000e+03
2.032077758789062500e+03
1.995713012695312500e+03
1.995421264648437500e+03
1.983770507812500000e+03
1.998229614257812500e+03
1.997565917968750000e+03
2.072850097656250000e+03
2.067273925781250000e+03
2.064886962890625000e+03
2.018974853515625000e+03
1.992949096679687500e+03
1.975486450195312500e+03
1.996521850585937500e+03
2.042436035156250000e+03
2.046309204101562500e+03
2.066002929687500000e+03
2.062895263671875000e+03
2.037678955078125000e+03
2.005160644531250000e+03
1.985939819335937500e+03
1.978571289062500000e+03
1.989469482421875000e+03
2.017535766601562500e+03
2.026948364257812500e+03
2.043816162109375000e+03
2.046510986328125000e+03
2.065620361328125000e+03
2.004655151367187500e+03
2.001319458007812500e+03
1.987139038085937500e+03
1.964879638671875000e+03
1.973697998046875000e+03
2.004592529296875000e+03
2.060386230468750000e+03
2.057263183593750000e+03
2.052931884765625000e+03
2.041094604492187500e+03
2.018599365234375000e+03
1.987075195312500000e+03
1.973704833984375000e+03
1.967263427734375000e+03
1.946018310546875000e+03
1.993804199218750000e+03
1.993360839843750000e+03
2.027078857421875000e+03
2.034799682617187500e+03
2.041916503906250000e+03
2.032156860351562500e+03
1.996509155273437500e+03
1.966507812500000000e+03
1.933084350585937500e+03
1.948105957031250000e+03
1.973978759765625000e+03
1.985507446289062500e+03
2.072985107421875000e+03
2.063086181640625000e+03
2.023959472656250000e+03
1.999334472656250000e+03
1.950268188476562500e+03
1.932120483398437500e+03
1.958594848632812500e+03
1.957688842773437500e+03
1.987960937500000000e+03
2.043078857421875000e+03
2.084806152343750000e+03
2.086552978515625000e+03
2.018289794921875000e+03
1.966557006835937500e+03
1.933728515625000000e+03
1.979009033203125000e+03
1.937874633789062500e+03
1.999648803710937500e+03
2.066611083984375000e+03
2.064716064453125000e+03
2.026325683593750000e+03
1.990589355468750000e+03
1.958924194335937500e+03
1.946118774414062500e+03
1.943747436523437500e+03
1.965946166992187500e+03
2.006645507812500000e+03
2.047653686523437500e+03
2.034975341796875000e+03
2.021849121093750000e+03
2.002741943359375000e+03
1.936012329101562500e+03
1.932463623046875000e+03
1.918985473632812500e+03
1.933376342773437500e+03
1.936306274414062500e+03
1.951846801757812500e+03
2.014727172851562500e+03
2.106552001953125000e+03
2.061565917968750000e+03
2.004939819335937500e+03
1.958217529296875000e+03
1.922533935546875000e+03
1.947624633789062500e+03
1.961679199218750000e+03
1.966286987304687500e+03
1.990713989257812500e+03
2.004512451171875000e+03
2.055620361328125000e+03
2.013650024414062500e+03
1.962230834960937500e+03
1.968362670898437500e+03
1.948630981445312500e+03
1.981679931640625000e+03
2.009869506835937500e+03
2.003618774414062500e+03
2.010427612304687500e+03
1.990025512695312500e+03
1.975869018554687500e+03
1.961144165039062500e+03
1.974032470703125000e+03
1.958685302734375000e+03
1.975939697265625000e+03
1.965437255859375000e+03
1.962121826171875000e+03
2.008278198242187500e+03
2.041963989257812500e+03
2.033245849609375000e+03
1.980163940429687500e+03
1.968406860351562500e+03
1.935920776367187500e+03
1.947538696289062500e+03
1.941446777343750000e+03
1.954639038085937500e+03
2.004986206054687500e+03
1.998530761718750000e+03
2.016033691406250000e+03
1.982726806640625000e+03
1.942431030273437500e+03
1.911102539062500000e+03
1.916152954101562500e+03
1.925063110351562500e+03
1.952546142578125000e+03
1.995131347656250000e+03
1.998315795898437500e+03
2.002262329101562500e+03
1.975441162109375000e+03
1.973567260742187500e+03
1.958820190429687500e+03
1.950518920898437500e+03
1.944549804687500000e+03
1.951148803710937500e+03
1.987796264648437500e+03
1.968971313476562500e+03
1.953752197265625000e+03
1.970751098632812500e+03
1.955464355468750000e+03
1.932975097656250000e+03
1.927339111328125000e+03
1.941023925781250000e+03
1.947074829101562500e+03
1.959370361328125000e+03
1.975933105468750000e+03
1.963764160156250000e+03
1.941409790039062500e+03
1.932564086914062500e+03
1.930382812500000000e+03
1.932594848632812500e+03
1.937113525390625000e+03
1.971607788085937500e+03
1.998919677734375000e+03
1.972367797851562500e+03
1.943974609375000000e+03
1.924721923828125000e+03
1.928134765625000000e+03
1.903663452148437500e+03
1.947010986328125000e+03
1.996539794921875000e+03
2.019856445312500000e+03
1.973739990234375000e+03
1.940123779296875000e+03
1.904410156250000000e+03
1.880248168945312500e+03
1.891981933593750000e+03
1.903152343750000000e+03
1.944302001953125000e+03
1.990010253906250000e+03
2.021889770507812500e+03
1.958325317382812500e+03
1.925115112304687500e+03
1.908614013671875000e+03
1.900761962890625000e+03
1.933249267578125000e+03
1.906042114257812500e+03
1.945551635742187500e+03
2.001469482421875000e+03
2.013951782226562500e+03
1.952656616210937500e+03
1.913903320312500000e+03
1.854827514648437500e+03
1.858700317382812500e+03
1.876791259765625000e+03
1.906895141601562500e+03
1.982496704101562500e+03
2.027075439453125000e+03
1.985537353515625000e+03
1.919350830078125000e+03
1.887872802734375000e+03
1.884480957031250000e+03
1.906048095703125000e+03
1.950916015625000000e+03
1.959842773437500000e+03
1.977258300781250000e+03
1.950090332031250000e+03
1.899082031250000000e+03
1.913883178710937500e+03
1.941049926757812500e+03
1.960854125976562500e+03
1.981661010742187500e+03
1.964585327148437500e+03
1.924749145507812500e+03
1.903777832031250000e+03
1.912901367187500000e+03
1.944780273437500000e+03
1.942448608398437500e+03
1.980299438476562500e+03
1.967269653320312500e+03
1.952390136718750000e+03
1.935589965820312500e+03
1.882879760742187500e+03
1.895517456054687500e+03
1.892827758789062500e+03
1.925169799804687500e+03
1.966040161132812500e+03
2.004986694335937500e+03
1.946149169921875000e+03
1.917361816406250000e+03
1.865804931640625000e+03
1.883254028320312500e+03
1.862278686523437500e+03
1.891803344726562500e+03
1.912575317382812500e+03
1.936355957031250000e+03
1.902773437500000000e+03
1.926228759765625000e+03
1.916774291992187500e+03
1.938753173828125000e+03
1.939178588867187500e+03
1.925845947265625000e+03
1.910728271484375000e+03
1.888800537109375000e+03
1.901682617187500000e+03
1.900677490234375000e+03
1.922843261718750000e+03
1.912122680664062500e+03
1.930251464843750000e+03
1.918680175781250000e+03
1.936981323242187500e+03
1.926694091796875000e+03
1.935652954101562500e+03
1.916458007812500000e+03
1.907713256835937500e+03
1.899969848632812500e+03
1.889204467773437500e+03
1.910163452148437500e+03
1.903857177734375000e+03
1.957271972656250000e+03
1.929923461914062500e+03
1.924119995117187500e+03
1.875374023437500000e+03
1.876964599609375000e+03
1.898397094726562500e+03
1.895371459960937500e+03
1.929341674804687500e+03
1.973013183593750000e+03
1.958807983398437500e+03
1.942402954101562500e+03
1.899422607421875000e+03
1.889344482421875000e+03
1.888359252929687500e+03
1.899545532226562500e+03
1.910761108398437500e+03
1.922708129882812500e+03
1.944791015625000000e+03
1.931704467773437500e+03
1.939741943359375000e+03
1.924887329101562500e+03
1.882948974609375000e+03
1.894535766601562500e+03
1.867621704101562500e+03
1.913999633789062500e+03
1.881977539062500000e+03
1.865862182617187500e+03
1.920104370117187500e+03
1.894757812500000000e+03
1.930993652343750000e+03
1.942510253906250000e+03
1.889255126953125000e+03
1.869405029296875000e+03
1.860560791015625000e+03
1.873694458007812500e+03
1.870615966796875000e+03
1.912840820312500000e+03
1.898041137695312500e+03
1.912724609375000000e+03
1.901872680664062500e+03
1.891591796875000000e+03
1.857556762695312500e+03
1.850114013671875000e+03
1.866460937500000000e+03
1.898844970703125000e+03
1.916203613281250000e+03
1.948028808593750000e+03
1.895120605468750000e+03
1.891164794921875000e+03
1.860512329101562500e+03
1.828620117187500000e+03
1.859531005859375000e+03
1.900072753906250000e+03
1.917598999023437500e+03
1.908092773437500000e+03
1.927514160156250000e+03
1.925606201171875000e+03
1.878041015625000000e+03
1.868556640625000000e+03
1.868365112304687500e+03
1.894940673828125000e+03
1.908087280273437500e+03
1.916057006835937500e+03
1.894508178710937500e+03
1.876996826171875000e+03
1.830661499023437500e+03
1.861180419921875000e+03
1.890384521484375000e+03
1.932433959960937500e+03
1.938805664062500000e+03
1.910750000000000000e+03
1.855257690429687500e+03
1.837651855468750000e+03
1.842728027343750000e+03
1.848556518554687500e+03
1.851228149414062500e+03
1.937038085937500000e+03
1.961067260742187500e+03
1.958020263671875000e+03
1.868287841796875000e+03
1.830645874023437500e+03
1.818011840820312500e+03
1.803599975585937500e+03
1.849427001953125000e+03
1.909038452148437500e+03
1.973887939453125000e+03
1.948968505859375000e+03
1.866227783203125000e+03
1.820889770507812500e+03
1.782346923828125000e+03
1.774458374023437500e+03
1.806236328125000000e+03
1.867162475585937500e+03
1.926999145507812500e+03
1.989422485351562500e+03
1.955124267578125000e+03
1.880556030273437500e+03
1.833149780273437500e+03
1.812422607421875000e+03
1.797308471679687500e+03
1.845890136718750000e+03
1.864759521484375000e+03
1.950391967773437500e+03
1.969933349609375000e+03
1.924203369140625000e+03
1.866684204101562500e+03
1.820711791992187500e+03
1.837905761718750000e+03
1.851822631835937500e+03
1.863593505859375000e+03
1.902851440429687500e+03
1.936670166015625000e+03
1.897948486328125000e+03
1.872193603515625000e+03
1.852883789062500000e+03
1.840728637695312500e+03
1.838023193359375000e+03
1.827187011718750000e+03
1.862437622070312500e+03
1.877075683593750000e+03
1.944145141601562500e+03
1.872678588867187500e+03
1.857038452148437500e+03
1.831997436523437500e+03
1.820630615234375000e+03
1.848900268554687500e+03
1.869499511718750000e+03
1.901585693359375000e+03
1.880037597656250000e+03
1.860916625976562500e+03
1.861475585937500000e+03
1.847869140625000000e+03
1.865677978515625000e+03
1.870498535156250000e+03
1.877929809570312500e+03
1.851153686523437500e+03
1.841130126953125000e+03
1.813646118164062500e+03
1.852636962890625000e+03
1.839298706054687500e+03
1.885782470703125000e+03
1.907727783203125000e+03
1.938504638671875000e+03
1.858542114257812500e+03
1.798296020507812500e+03
1.786398437500000000e+03
1.789984130859375000e+03
1.814733642578125000e+03
1.863588500976562500e+03
1.940353515625000000e+03
1.977297485351562500e+03
1.892405029296875000e+03
1.835924926757812500e+03
1.806746704101562500e+03
1.787783325195312500e+03
1.800688110351562500e+03
1.859148437500000000e+03
1.925075195312500000e+03
1.944908935546875000e+03
1.896333862304687500e+03
1.831720825195312500e+03
1.800452148437500000e+03
1.823564941406250000e+03
1.856091308593750000e+03
1.889056518554687500e+03
1.879207519531250000e+03
1.866222778320312500e+03
1.873375854492187500e+03
1.847808959960937500e+03
1.832091674804687500e+03
1.828479980468750000e+03
1.845267944335937500e+03
1.846923706054687500e+03
1.866118530273437500e+03
1.892723632812500000e+03
1.867852294921875000e+03
1.856128662109375000e+03
1.839336669921875000e+03
1.820151489257812500e+03
1.839429809570312500e+03
1.857845947265625000e+03
1.865662597656250000e+03
1.860933105468750000e+03
1.843864501953125000e+03
1.833946655273437500e+03
1.836793823242187500e+03
1.856229858398437500e+03
1.861236694335937500e+03
1.890869018554687500e+03
1.870658203125000000e+03
1.843839599609375000e+03
1.815429443359375000e+03
1.804716674804687500e+03
1.819308349609375000e+03
1.848848022460937500e+03
1.874806640625000000e+03
1.890595336914062500e+03
1.844958496093750000e+03
1.821404663085937500e+03
1.807986328125000000e+03
1.794440307617187500e+03
1.834408691406250000e+03
1.897279663085937500e+03
1.885886352539062500e+03
1.867739135742187500e+03
1.824925781250000000e+03
1.794849609375000000e+03
1.797764160156250000e+03
1.821420532226562500e+03
1.854938842773437500e+03
1.922953857421875000e+03
1.853361450195312500e+03
1.843425170898437500e+03
1.808947998046875000e+03
1.787986694335937500e+03
1.814307983398437500e+03
1.867308471679687500e+03
1.866780761718750000e+03
1.867929199218750000e+03
1.819411132812500000e+03
1.820326660156250000e+03
1.803628662109375000e+03
1.793288696289062500e+03
1.846567260742187500e+03
1.840903320312500000e+03
1.891486206054687500e+03
1.885823974609375000e+03
1.807476684570312500e+03
1.778991699218750000e+03
1.778005981445312500e+03
1.753074340820312500e+03
1.781370605468750000e+03
1.847630859375000000e+03
1.926116333007812500e+03
1.932385498046875000e+03
1.824120361328125000e+03
1.763819946289062500e+03
1.751563842773437500e+03
1.729551513671875000e+03
1.745451660156250000e+03
1.759924926757812500e+03
1.832822998046875000e+03
1.919719970703125000e+03
1.893267456054687500e+03
1.852156860351562500e+03
1.793053466796875000e+03
1.777042480468750000e+03
1.764200195312500000e+03
1.784405151367187500e+03
1.852695800781250000e+03
1.923351928710937500e+03
1.893259155273437500e+03
1.806177978515625000e+03
1.794511474609375000e+03
1.789423095703125000e+03
1.790054931640625000e+03
1.809350708007812500e+03
1.859080444335937500e+03
1.878273803710937500e+03
1.847238281250000000e+03
1.803397094726562500e+03
1.775165649414062500e+03
1.783209594726562500e+03
1.814978515625000000e+03
1.863490356445312500e+03
1.879523803710937500e+03
1.868547119140625000e+03
1.805197631835937500e+03
1.772953125000000000e+03
1.780425781250000000e+03
1.820157470703125000e+03
1.866140014648437500e+03
1.889064086914062500e+03
1.846610473632812500e+03
1.802782348632812500e+03
1.778935180664062500e+03
1.772031860351562500e+03
1.805138183593750000e+03
1.841292480468750000e+03
1.849897827148437500e+03
1.846599121093750000e+03
1.808611206054687500e+03
1.792819702148437500e+03
1.788964843750000000e+03
1.801036499023437500e+03
1.807897949218750000e+03
1.836322631835937500e+03
1.826994262695312500e+03
1.810086303710937500e+03
1.770682128906250000e+03
1.791688354492187500e+03
1.823297485351562500e+03
1.834117431640625000e+03
1.833071533203125000e+03
1.850000000000000000e+03
1.815652954101562500e+03
1.794734619140625000e+03
1.776959594726562500e+03
1.826834838867187500e+03
1.801287841796875000e+03
1.813549194335937500e+03
1.816791870117187500e+03
1.814618530273437500e+03
1.829406127929687500e+03
1.813574462890625000e+03
1.841214599609375000e+03
1.815348144531250000e+03
1.810056030273437500e+03
1.811118652343750000e+03
1.780775146484375000e+03
1.818839477539062500e+03
1.789152954101562500e+03
1.807074829101562500e+03
1.786622314453125000e+03
1.810839111328125000e+03
1.820324462890625000e+03
1.813941040039062500e+03
1.802899169921875000e+03
1.820225463867187500e+03
1.795405517578125000e+03
1.796042114257812500e+03
1.783616088867187500e+03
1.789267089843750000e+03
1.791232421875000000e+03
1.800371704101562500e+03
1.837468994140625000e+03
1.839333862304687500e+03
1.831198974609375000e+03
1.824372802734375000e+03
1.801314697265625000e+03
1.805756835937500000e+03
1.790565307617187500e+03
1.772479370117187500e+03
1.776787597656250000e+03
1.790100952148437500e+03
1.831786865234375000e+03
1.816335205078125000e+03
1.819460449218750000e+03
1.803390014648437500e+03
1.770201660156250000e+03
1.765219604492187500e+03
1.783415283203125000e+03
1.788879028320312500e+03
1.807744018554687500e+03
1.812649536132812500e+03
1.828994262695312500e+03
1.799257934570312500e+03
1.769568481445312500e+03
1.786051025390625000e+03
1.777121826171875000e+03
1.815684814453125000e+03
1.795620971679687500e+03
1.816736450195312500e+03
1.794281372070312500e+03
1.778557617187500000e+03
1.747309814453125000e+03
1.784136352539062500e+03
1.775767089843750000e+03
1.817631103515625000e+03
1.818576660156250000e+03
1.803458984375000000e+03
1.766712158203125000e+03
1.750709350585937500e+03
1.775951293945312500e+03
1.790103759765625000e+03
1.825683349609375000e+03
1.833756103515625000e+03
1.800484619140625000e+03
1.777641357421875000e+03
1.750304931640625000e+03
1.772298339843750000e+03
1.795753662109375000e+03
1.862339111328125000e+03
1.805442504882812500e+03
1.767641601562500000e+03
1.732053100585937500e+03
1.730606201171875000e+03
1.736245605468750000e+03
1.803760864257812500e+03
1.814445678710937500e+03
1.852946655273437500e+03
1.783880859375000000e+03
1.760615844726562500e+03
1.737381347656250000e+03
1.742965698242187500e+03
1.766301147460937500e+03
1.801063842773437500e+03
1.826433349609375000e+03
1.843686035156250000e+03
1.795769165039062500e+03
1.749599487304687500e+03
1.751280029296875000e+03
1.726311157226562500e+03
1.749041503906250000e+03
1.791333007812500000e+03
1.819775756835937500e+03
1.846333496093750000e+03
1.824413940429687500e+03
1.764911987304687500e+03
1.745846801757812500e+03
1.746343994140625000e+03
1.759475830078125000e+03
1.808694824218750000e+03
1.795844116210937500e+03
1.815054199218750000e+03
1.772249755859375000e+03
1.760374633789062500e+03
1.733669799804687500e+03
1.739707763671875000e+03
1.746448120117187500e+03
1.794359375000000000e+03
1.788213012695312500e+03
1.803304443359375000e+03
1.744960205078125000e+03
1.762151367187500000e+03
1.738180541992187500e+03
1.740839111328125000e+03
1.751335449218750000e+03
1.798327758789062500e+03
1.782364624023437500e+03
1.768046142578125000e+03
1.768730468750000000e+03
1.812009155273437500e+03
1.776643432617187500e+03
1.763636108398437500e+03
1.748224487304687500e+03
1.760197753906250000e+03
1.773053344726562500e+03
1.823435424804687500e+03
1.785266845703125000e+03
1.784490966796875000e+03
1.746239135742187500e+03
1.754274536132812500e+03
1.756056274414062500e+03
1.795006347656250000e+03
1.821672851562500000e+03
1.815379516601562500e+03
1.777802001953125000e+03
1.719356689453125000e+03
1.731086181640625000e+03
1.722189208984375000e+03
1.758614868164062500e+03
1.816203613281250000e+03
1.833714599609375000e+03
1.814307495117187500e+03
1.744003295898437500e+03
1.723290161132812500e+03
1.726640136718750000e+03
1.713424804687500000e+03
1.756507202148437500e+03
1.801400024414062500e+03
1.821491088867187500e+03
1.795394165039062500e+03
1.745380004882812500e+03
1.726579467773437500e+03
1.734673339843750000e+03
1.763847290039062500e+03
1.770051147460937500e+03
1.801209594726562500e+03
1.772069824218750000e+03
1.765155639648437500e+03
1.727609985351562500e+03
1.715978759765625000e+03
1.735093872070312500e+03
1.758526367187500000e+03
1.792980102539062500e+03
1.838371826171875000e+03
1.774102172851562500e+03
1.739299804687500000e+03
1.731183105468750000e+03
1.727050781250000000e+03
1.763316284179687500e+03
1.816179321289062500e+03
1.801923828125000000e+03
1.751667358398437500e+03
1.717084594726562500e+03
1.739098144531250000e+03
1.756549682617187500e+03
1.787437622070312500e+03
1.788134765625000000e+03
1.750149291992187500e+03
1.729188476562500000e+03
1.735302124023437500e+03
1.731766601562500000e+03
1.743412841796875000e+03
1.755664184570312500e+03
1.777666870117187500e+03
1.751416992187500000e+03
1.759832031250000000e+03
1.752364990234375000e+03
1.762807617187500000e+03
1.755802856445312500e+03
1.757558105468750000e+03
1.738512329101562500e+03
1.745776000976562500e+03
1.758476684570312500e+03
1.757017333984375000e+03
1.770781127929687500e+03
1.797195922851562500e+03
1.750880981445312500e+03
1.748081420898437500e+03
1.752662353515625000e+03
1.780533813476562500e+03
1.767836425781250000e+03
1.745413208007812500e+03
1.770725341796875000e+03
1.749831665039062500e+03
1.755852661132812500e+03
1.780362182617187500e+03
1.768210693359375000e+03
1.747203002929687500e+03
1.762828613281250000e+03
1.763618774414062500e+03
1.740717163085937500e+03
1.720277954101562500e+03
1.713589111328125000e+03
1.744923339843750000e+03
1.722004638671875000e+03
1.735833984375000000e+03
1.745492309570312500e+03
1.741786254882812500e+03
1.743175537109375000e+03
1.778091430664062500e+03
1.775145629882812500e+03
1.780874023437500000e+03
1.716900146484375000e+03
1.695437866210937500e+03
1.685101684570312500e+03
1.723785156250000000e+03
1.782133789062500000e+03
1.822772094726562500e+03
1.801253662109375000e+03
1.734992309570312500e+03
1.692807495117187500e+03
1.669843261718750000e+03
1.651128540039062500e+03
1.682198364257812500e+03
1.710475830078125000e+03
1.801623535156250000e+03
1.779381958007812500e+03
1.794580932617187500e+03
1.692203979492187500e+03
1.674916015625000000e+03
1.643905151367187500e+03
1.695538208007812500e+03
1.729347534179687500e+03
1.808640625000000000e+03
1.816618164062500000e+03
1.777495483398437500e+03
1.709606933593750000e+03
1.689007446289062500e+03
1.692003784179687500e+03
1.733210937500000000e+03
1.765740844726562500e+03
1.797204956054687500e+03
1.764068115234375000e+03
1.734011352539062500e+03
1.710120605468750000e+03
1.706618041992187500e+03
1.715702026367187500e+03
1.777046142578125000e+03
1.780273925781250000e+03
1.765185180664062500e+03
1.741646118164062500e+03
1.714520263671875000e+03
1.684183349609375000e+03
1.690408325195312500e+03
1.716223144531250000e+03
1.766241088867187500e+03
1.787195434570312500e+03
1.757090698242187500e+03
1.739377441406250000e+03
1.746651611328125000e+03
1.702695190429687500e+03
1.690502807617187500e+03
1.716420532226562500e+03
1.734550292968750000e+03
1.745399169921875000e+03
1.761127807617187500e+03
1.747734130859375000e+03
1.741926147460937500e+03
1.712747802734375000e+03
1.701622802734375000e+03
1.685044433593750000e+03
1.695432128906250000e+03
1.699072998046875000e+03
1.729595825195312500e+03
1.764234863281250000e+03
1.779055175781250000e+03
1.744325439453125000e+03
1.702404174804687500e+03
1.669772094726562500e+03
1.703384033203125000e+03
1.699791015625000000e+03
1.749264038085937500e+03
1.766469360351562500e+03
1.767463867187500000e+03
1.739857177734375000e+03
1.700742309570312500e+03
1.684025024414062500e+03
1.698199096679687500e+03
1.705161254882812500e+03
1.703026611328125000e+03
1.772528686523437500e+03
1.785225830078125000e+03
1.722611328125000000e+03
1.713144165039062500e+03
1.689212036132812500e+03
1.710475830078125000e+03
1.701626953125000000e+03
1.728983032226562500e+03
1.720031982421875000e+03
1.744150268554687500e+03
1.724948852539062500e+03
1.699633178710937500e+03
1.701234130859375000e+03
1.688906005859375000e+03
1.714115478515625000e+03
1.749842529296875000e+03
1.740276489257812500e+03
1.760851318359375000e+03
1.733272338867187500e+03
1.710340332031250000e+03
1.694855957031250000e+03
1.717155273437500000e+03
1.733408813476562500e+03
1.761076538085937500e+03
1.724439819335937500e+03
1.693166870117187500e+03
1.663257446289062500e+03
1.696126831054687500e+03
1.712505493164062500e+03
1.751411132812500000e+03
1.764788940429687500e+03
1.744010253906250000e+03
1.708126098632812500e+03
1.688142089843750000e+03
1.653112792968750000e+03
1.679749511718750000e+03
1.701747192382812500e+03
1.732251953125000000e+03
1.744379516601562500e+03
1.724169799804687500e+03
1.701421875000000000e+03
1.674051147460937500e+03
1.672989501953125000e+03
1.702217773437500000e+03
1.720639770507812500e+03
1.732696289062500000e+03
1.716078369140625000e+03
1.713842285156250000e+03
1.700256591796875000e+03
1.699289428710937500e+03
1.701573120117187500e+03
1.705582519531250000e+03
1.729628540039062500e+03
1.752800170898437500e+03
1.722984985351562500e+03
1.708449829101562500e+03
1.682979125976562500e+03
1.683488525390625000e+03
1.698971923828125000e+03
1.702730590820312500e+03
1.681025024414062500e+03
1.709283203125000000e+03
1.717411621093750000e+03
1.720829833984375000e+03
1.684912597656250000e+03
1.713481933593750000e+03
1.679396362304687500e+03
1.710276123046875000e+03
1.723435180664062500e+03
1.722532836914062500e+03
1.711544311523437500e+03
1.703305664062500000e+03
1.693207519531250000e+03
1.697165039062500000e+03
1.693268310546875000e+03
1.694329956054687500e+03
1.686996826171875000e+03
1.712654663085937500e+03
1.715377319335937500e+03
1.737771484375000000e+03
1.724299438476562500e+03
1.700366455078125000e+03
1.697579101562500000e+03
1.705834350585937500e+03
1.726375976562500000e+03
1.718606811523437500e+03
1.665398803710937500e+03
1.693352539062500000e+03
1.701146606445312500e+03
1.703953979492187500e+03
1.739213256835937500e+03
1.733658325195312500e+03
1.703079345703125000e+03
1.695866333007812500e+03
1.675890258789062500e+03
1.657636596679687500e+03
1.680258300781250000e+03
1.702325439453125000e+03
1.763631835937500000e+03
1.747403930664062500e+03
1.724352661132812500e+03
1.662260986328125000e+03
1.625598266601562500e+03
1.649325927734375000e+03
1.624821166992187500e+03
1.650885864257812500e+03
1.666949462890625000e+03
1.736464843750000000e+03
1.729462036132812500e+03
1.734832031250000000e+03
1.685577758789062500e+03
1.648177368164062500e+03
1.645800170898437500e+03
1.669591186523437500e+03
1.699241455078125000e+03
1.727992309570312500e+03
1.714019165039062500e+03
1.704651123046875000e+03
1.654129272460937500e+03
1.652257446289062500e+03
1.672692504882812500e+03
1.698440673828125000e+03
1.727679321289062500e+03
1.751212524414062500e+03
1.712829345703125000e+03
1.695336791992187500e+03
1.660225708007812500e+03
1.676651489257812500e+03
1.667636352539062500e+03
1.696697265625000000e+03
1.701010864257812500e+03
1.730381347656250000e+03
1.691755615234375000e+03
1.692819702148437500e+03
1.673871459960937500e+03
1.671819946289062500e+03
1.647688110351562500e+03
1.647620483398437500e+03
1.657119506835937500e+03
1.701820678710937500e+03
1.755188476562500000e+03
1.751047119140625000e+03
1.713354125976562500e+03
1.680598022460937500e+03
1.672936157226562500e+03
1.663006469726562500e+03
1.649393798828125000e+03
1.696819335937500000e+03
1.680809204101562500e+03
1.677431152343750000e+03
1.681081176757812500e+03
1.675645263671875000e+03
1.664927978515625000e+03
1.680924194335937500e+03
1.664608032226562500e+03
1.655049438476562500e+03
1.715118774414062500e+03
1.731953857421875000e+03
1.696968505859375000e+03
1.657565185546875000e+03
1.646973144531250000e+03
1.635671997070312500e+03
1.646298706054687500e+03
1.668945922851562500e+03
1.693116333007812500e+03
1.704078491210937500e+03
1.676799438476562500e+03
1.630005981445312500e+03
1.626967651367187500e+03
1.646626342773437500e+03
1.641936157226562500e+03
1.719749023437500000e+03
1.707830932617187500e+03
1.703261962890625000e+03
1.682422851562500000e+03
1.634918090820312500e+03
1.618831176757812500e+03
1.656831176757812500e+03
1.693995849609375000e+03
1.708663940429687500e+03
1.696594970703125000e+03
1.673046875000000000e+03
1.656475708007812500e+03
1.650755981445312500e+03
1.650955932617187500e+03
1.671895019531250000e+03
1.678610107421875000e+03
1.693689331054687500e+03
1.674753662109375000e+03
1.684985473632812500e+03
1.658193115234375000e+03
1.679226196289062500e+03
1.696353637695312500e+03
1.682356689453125000e+03
1.690813354492187500e+03
1.660949829101562500e+03
1.642059448242187500e+03
1.655699829101562500e+03
1.683954345703125000e+03
1.706262451171875000e+03
1.690078979492187500e+03
1.683371704101562500e+03
1.662749633789062500e+03
1.698400512695312500e+03
1.655358032226562500e+03
1.645250366210937500e+03
1.645842285156250000e+03
1.682816040039062500e+03
1.673950805664062500e+03
1.678574096679687500e+03
1.676625366210937500e+03
1.674596923828125000e+03
1.639905151367187500e+03
1.632214599609375000e+03
1.638840209960937500e+03
1.679353515625000000e+03
1.684622802734375000e+03
1.680584472656250000e+03
1.657430786132812500e+03
1.648574707031250000e+03
1.627279174804687500e+03
1.647822143554687500e+03
1.661787353515625000e+03
1.729237304687500000e+03
1.703496459960937500e+03
1.670715332031250000e+03
1.626628173828125000e+03
1.615293701171875000e+03
1.637218017578125000e+03
1.665979003906250000e+03
1.691015258789062500e+03
1.723550292968750000e+03
1.668226440429687500e+03
1.657407104492187500e+03
1.619230468750000000e+03
1.612700927734375000e+03
1.636448974609375000e+03
1.678655517578125000e+03
1.696587646484375000e+03
1.698685424804687500e+03
1.648230957031250000e+03
1.634140014648437500e+03
1.627455444335937500e+03
1.629652343750000000e+03
1.634393188476562500e+03
1.669529785156250000e+03
1.683419311523437500e+03
1.689078002929687500e+03
1.684094482421875000e+03
1.677500488281250000e+03
1.650866333007812500e+03
1.651823120117187500e+03
1.652884033203125000e+03
1.685205322265625000e+03
1.667692260742187500e+03
1.653287963867187500e+03
1.628011962890625000e+03
1.602586181640625000e+03
1.623566528320312500e+03
1.652991943359375000e+03
1.688116821289062500e+03
1.700079833984375000e+03
1.651669799804687500e+03
1.644810668945312500e+03
1.618683837890625000e+03
1.621660644531250000e+03
1.669175781250000000e+03
1.668585327148437500e+03
1.670186645507812500e+03
1.667719604492187500e+03
1.657183837890625000e+03
1.637238159179687500e+03
1.644634033203125000e+03
1.672385620117187500e+03
1.692164794921875000e+03
1.694234130859375000e+03
1.642508300781250000e+03
1.626854003906250000e+03
1.602755004882812500e+03
1.608697509765625000e+03
1.603793090820312500e+03
1.664628295898437500e+03
1.683924194335937500e+03
1.701323364257812500e+03
1.629383666992187500e+03
1.617148681640625000e+03
1.582293457031250000e+03
1.576654296875000000e+03
1.610515258789062500e+03
1.648674926757812500e+03
1.680629150390625000e+03
1.692132690429687500e+03
1.646589965820312500e+03
1.626808959960937500e+03
1.621369995117187500e+03
1.655538696289062500e+03
1.643157836914062500e+03
1.654564208984375000e+03
1.609399780273437500e+03
1.621183471679687500e+03
1.648751831054687500e+03
1.662077026367187500e+03
1.669257446289062500e+03
1.650811157226562500e+03
1.614775634765625000e+03
1.612323486328125000e+03
1.614874267578125000e+03
1.648765258789062500e+03
1.658172973632812500e+03
1.684206298828125000e+03
1.669150512695312500e+03
1.643098632812500000e+03
1.612262939453125000e+03
1.603959472656250000e+03
1.603067871093750000e+03
1.612264160156250000e+03
1.644608276367187500e+03
1.687624267578125000e+03
1.636805664062500000e+03
1.643533447265625000e+03
1.604725097656250000e+03
1.600455810546875000e+03
1.586294433593750000e+03
1.594178588867187500e+03
1.634906616210937500e+03
1.715385986328125000e+03
1.684332763671875000e+03
1.623552978515625000e+03
1.588854003906250000e+03
1.552257812500000000e+03
1.601621826171875000e+03
1.658335449218750000e+03
1.694886962890625000e+03
1.690194824218750000e+03
1.605023315429687500e+03
1.569730346679687500e+03
1.584467163085937500e+03
1.613323974609375000e+03
1.644212524414062500e+03
1.690765991210937500e+03
1.684425292968750000e+03
1.650729370117187500e+03
1.589563964843750000e+03
1.554881591796875000e+03
1.558511962890625000e+03
1.606328979492187500e+03
1.650922119140625000e+03
1.688900268554687500e+03
1.649109130859375000e+03
1.627823974609375000e+03
1.582560668945312500e+03
1.595553100585937500e+03
1.608337280273437500e+03
1.655349609375000000e+03
1.670394653320312500e+03
1.632928344726562500e+03
1.613079589843750000e+03
1.597938110351562500e+03
1.590406860351562500e+03
1.631183959960937500e+03
1.628769287109375000e+03
1.635251831054687500e+03
1.647798706054687500e+03
1.650624511718750000e+03
1.631977783203125000e+03
1.622944946289062500e+03
1.617342163085937500e+03
1.647403442382812500e+03
1.645251464843750000e+03
1.623948364257812500e+03
1.619454101562500000e+03
1.631566528320312500e+03
1.600783935546875000e+03
1.621299194335937500e+03
1.614238159179687500e+03
1.637797363281250000e+03
1.652433471679687500e+03
1.629460693359375000e+03
1.624472167968750000e+03
1.629652954101562500e+03
1.606858764648437500e+03
1.599746459960937500e+03
1.624806030273437500e+03
1.654349853515625000e+03
1.654183349609375000e+03
1.644524291992187500e+03
1.613126342773437500e+03
1.612039184570312500e+03
1.597718017578125000e+03
1.592182617187500000e+03
1.634319702148437500e+03
1.640267822265625000e+03
1.627122192382812500e+03
1.612795288085937500e+03
1.579362426757812500e+03
1.614501098632812500e+03
1.605871948242187500e+03
1.625461791992187500e+03
1.630292968750000000e+03
1.615197021484375000e+03
1.604474365234375000e+03
1.609249511718750000e+03
1.585571533203125000e+03
1.603580932617187500e+03
1.642004760742187500e+03
1.665052978515625000e+03
1.670355590820312500e+03
1.620794677734375000e+03
1.582067626953125000e+03
1.553682495117187500e+03
1.550140014648437500e+03
1.580482543945312500e+03
1.622745605468750000e+03
1.670705322265625000e+03
1.671114990234375000e+03
1.604452148437500000e+03
1.567843627929687500e+03
1.576045043945312500e+03
1.586899169921875000e+03
1.632746093750000000e+03
1.653972778320312500e+03
1.653081665039062500e+03
1.613127197265625000e+03
1.587723144531250000e+03
1.572800170898437500e+03
1.584428344726562500e+03
1.618269531250000000e+03
1.655678955078125000e+03
1.649425292968750000e+03
1.635550659179687500e+03
1.566203857421875000e+03
1.547979980468750000e+03
1.547052856445312500e+03
1.575662353515625000e+03
1.602453979492187500e+03
1.647171508789062500e+03
1.647216186523437500e+03
1.645147827148437500e+03
1.594984863281250000e+03
1.576562866210937500e+03
1.577800292968750000e+03
1.587658691406250000e+03
1.611846679687500000e+03
1.652971191406250000e+03
1.627461669921875000e+03
1.609667846679687500e+03
1.571218017578125000e+03
1.573812500000000000e+03
1.624333496093750000e+03
1.615669189453125000e+03
1.646584594726562500e+03
1.638089965820312500e+03
1.609400268554687500e+03
1.590901123046875000e+03
1.569011596679687500e+03
1.583530273437500000e+03
1.608325439453125000e+03
1.647238525390625000e+03
1.624015991210937500e+03
1.612704833984375000e+03
1.594290771484375000e+03
1.570917358398437500e+03
1.574145263671875000e+03
1.583201293945312500e+03
1.628842285156250000e+03
1.642743652343750000e+03
1.598363037109375000e+03
1.573182006835937500e+03
1.562848876953125000e+03
1.570881591796875000e+03
1.614838500976562500e+03
1.625148803710937500e+03
1.609146362304687500e+03
1.609817504882812500e+03
1.610833374023437500e+03
1.578202514648437500e+03
1.584420776367187500e+03
1.587056518554687500e+03
1.615121826171875000e+03
1.627309936523437500e+03
1.613866943359375000e+03
1.605987182617187500e+03
1.591776000976562500e+03
1.591294677734375000e+03
1.595406127929687500e+03
1.592560668945312500e+03
1.581932861328125000e+03
1.578955932617187500e+03
1.566442504882812500e+03
1.569035034179687500e+03
1.586364135742187500e+03
1.612843505859375000e+03
1.632529541015625000e+03
1.613298095703125000e+03
1.609214965820312500e+03
1.598067504882812500e+03
1.568397460937500000e+03
1.586937866210937500e+03
1.565717529296875000e+03
1.609138427734375000e+03
1.594884033203125000e+03
1.614309814453125000e+03
1.603203979492187500e+03
1.583653198242187500e+03
1.553396484375000000e+03
1.561900634765625000e+03
1.564773315429687500e+03
1.600192504882812500e+03
1.625767700195312500e+03
1.611865966796875000e+03
1.582400268554687500e+03
1.576869506835937500e+03
1.580525268554687500e+03
1.577354125976562500e+03
1.602504028320312500e+03
1.633003295898437500e+03
1.602446289062500000e+03
1.578831542968750000e+03
1.574298095703125000e+03
1.568721313476562500e+03
1.581118041992187500e+03
1.587575927734375000e+03
1.592304443359375000e+03
1.584922119140625000e+03
1.580214111328125000e+03
1.586389160156250000e+03
1.558990966796875000e+03
1.557961181640625000e+03
1.556210327148437500e+03
1.605415161132812500e+03
1.612929809570312500e+03
1.594650512695312500e+03
1.536283203125000000e+03
1.550514160156250000e+03
1.542772705078125000e+03
1.564092773437500000e+03
1.599584350585937500e+03
1.634131958007812500e+03
1.596315795898437500e+03
1.567598632812500000e+03
1.540513427734375000e+03
1.515303100585937500e+03
1.520809814453125000e+03
1.567104980468750000e+03
1.592574951171875000e+03
1.667424804687500000e+03
1.601294799804687500e+03
1.576233154296875000e+03
1.509652832031250000e+03
1.521809326171875000e+03
1.513223144531250000e+03
1.571344360351562500e+03
1.649441162109375000e+03
1.667539428710937500e+03
1.581749023437500000e+03
1.519104125976562500e+03
1.491952758789062500e+03
1.468684814453125000e+03
1.486406494140625000e+03
1.521927001953125000e+03
1.580026489257812500e+03
1.663179199218750000e+03
1.628661010742187500e+03
1.563646972656250000e+03
1.525471923828125000e+03
1.488856201171875000e+03
1.492995605468750000e+03
1.498756347656250000e+03
1.533264770507812500e+03
1.605785034179687500e+03
1.633355102539062500e+03
1.609590942382812500e+03
1.559056518554687500e+03
1.525119018554687500e+03
1.511587524414062500e+03
1.514356933593750000e+03
1.520897827148437500e+03
1.585957519531250000e+03
1.639875366210937500e+03
1.607579833984375000e+03
1.581088867187500000e+03
1.548081665039062500e+03
1.520465942382812500e+03
1.519690673828125000e+03
1.549959106445312500e+03
1.623162475585937500e+03
1.604139160156250000e+03
1.582772827148437500e+03
1.553148437500000000e+03
1.544945190429687500e+03
1.561375610351562500e+03
1.578565307617187500e+03
1.575481323242187500e+03
1.590119873046875000e+03
1.604064819335937500e+03
1.601388671875000000e+03
1.565533203125000000e+03
1.561844360351562500e+03
1.573410278320312500e+03
1.574419433593750000e+03
1.575065429687500000e+03
1.574012207031250000e+03
1.567936157226562500e+03
1.564357543945312500e+03
1.581781982421875000e+03
1.600409423828125000e+03
1.558773803710937500e+03
1.557056030273437500e+03
1.518804931640625000e+03
1.548962646484375000e+03
1.578159179687500000e+03
1.620472167968750000e+03
1.580338134765625000e+03
1.576829101562500000e+03
1.549171630859375000e+03
1.525872924804687500e+03
1.535863647460937500e+03
1.549354858398437500e+03
1.605839111328125000e+03
1.598467529296875000e+03
1.594190673828125000e+03
1.553291992187500000e+03
1.537948852539062500e+03
1.535712524414062500e+03
1.558296997070312500e+03
1.582773681640625000e+03
1.572220825195312500e+03
1.569655761718750000e+03
1.542196166992187500e+03
1.531258300781250000e+03
1.567173339843750000e+03
1.574809448242187500e+03
1.570703125000000000e+03
1.546606445312500000e+03
1.534457275390625000e+03
1.519647460937500000e+03
1.554815429687500000e+03
1.555443359375000000e+03
1.580072143554687500e+03
1.568626464843750000e+03
1.575859130859375000e+03
1.546265991210937500e+03
1.538985351562500000e+03
1.542545654296875000e+03
1.545631469726562500e+03
1.568423461914062500e+03
1.568434814453125000e+03
1.546510864257812500e+03
1.544760620117187500e+03
1.521104370117187500e+03
1.536124145507812500e+03
1.578164794921875000e+03
1.569716308593750000e+03
1.565560302734375000e+03
1.537249755859375000e+03
1.536929809570312500e+03
1.524774536132812500e+03
1.531935180664062500e+03
1.559777099609375000e+03
1.585974853515625000e+03
1.557808349609375000e+03
1.548825805664062500e+03
1.526774291992187500e+03
1.517069946289062500e+03
1.525036010742187500e+03
1.530765136718750000e+03
1.587806030273437500e+03
1.599034179687500000e+03
1.571316040039062500e+03
1.530557128906250000e+03
1.514504760742187500e+03
1.490704101562500000e+03
1.497137207031250000e+03
1.540157958984375000e+03
1.568925659179687500e+03
1.585936157226562500e+03
1.567519653320312500e+03
1.543168823242187500e+03
1.537200683593750000e+03
1.531861938476562500e+03
1.520922485351562500e+03
1.525657470703125000e+03
1.547509643554687500e+03
1.600282104492187500e+03
1.596663940429687500e+03
1.571688842773437500e+03
1.511967041015625000e+03
1.491299316406250000e+03
1.482607177734375000e+03
1.517250122070312500e+03
1.567809326171875000e+03
1.632803955078125000e+03
1.576071166992187500e+03
1.508247802734375000e+03
1.469534301757812500e+03
1.469495849609375000e+03
1.500117797851562500e+03
1.539855346679687500e+03
1.597150268554687500e+03
1.608239257812500000e+03
1.551946777343750000e+03
1.511441528320312500e+03
1.527843627929687500e+03
1.519761108398437500e+03
1.546261352539062500e+03
1.564031860351562500e+03
1.606350463867187500e+03
1.560465820312500000e+03
1.526618286132812500e+03
1.513158935546875000e+03
1.491544677734375000e+03
1.510628540039062500e+03
1.530813598632812500e+03
1.554214965820312500e+03
1.566468627929687500e+03
1.558976806640625000e+03
1.528488647460937500e+03
1.505027465820312500e+03
1.539648925781250000e+03
1.569618286132812500e+03
1.549536376953125000e+03
1.540211181640625000e+03
1.498601928710937500e+03
1.480885986328125000e+03
1.506529663085937500e+03
1.524484497070312500e+03
1.559979003906250000e+03
1.571369018554687500e+03
1.557398803710937500e+03
1.526205200195312500e+03
1.510885620117187500e+03
1.511800537109375000e+03
1.530905639648437500e+03
1.554416259765625000e+03
1.564057861328125000e+03
1.540537841796875000e+03
1.517856811523437500e+03
1.494747192382812500e+03
1.490622436523437500e+03
1.537997192382812500e+03
1.548103759765625000e+03
1.549898193359375000e+03
1.553121093750000000e+03
1.526539428710937500e+03
1.521914306640625000e+03
1.518986816406250000e+03
1.531692138671875000e+03
1.541970336914062500e+03
1.530243652343750000e+03
1.531294799804687500e+03
1.537761962890625000e+03
1.541299804687500000e+03
1.507252319335937500e+03
1.498437377929687500e+03
1.495652954101562500e+03
1.526984375000000000e+03
1.533644287109375000e+03
1.539874633789062500e+03
1.520565185546875000e+03
1.535128540039062500e+03
1.512298706054687500e+03
1.519332153320312500e+03
1.508234008789062500e+03
1.521513671875000000e+03
1.543151367187500000e+03
1.523287597656250000e+03
1.513179809570312500e+03
1.525830200195312500e+03
1.503041625976562500e+03
1.518428100585937500e+03
1.525071289062500000e+03
1.530286987304687500e+03
1.526232177734375000e+03
1.517149169921875000e+03
1.512977783203125000e+03
1.517626342773437500e+03
1.514451171875000000e+03
1.525869873046875000e+03
1.529497436523437500e+03
1.514605957031250000e+03
1.482641113281250000e+03
1.501778198242187500e+03
1.487612426757812500e+03
1.514482299804687500e+03
1.514579467773437500e+03
1.536347656250000000e+03
1.548779541015625000e+03
1.556048339843750000e+03
1.529617187500000000e+03
1.498517333984375000e+03
1.491384521484375000e+03
1.502180786132812500e+03
1.513928100585937500e+03
1.551182617187500000e+03
1.559622924804687500e+03
1.549480590820312500e+03
1.536533203125000000e+03
1.524499023437500000e+03
1.506596191406250000e+03
1.512835327148437500e+03
1.504942993164062500e+03
1.524064941406250000e+03
1.533036621093750000e+03
1.527291137695312500e+03
1.528994628906250000e+03
1.515143676757812500e+03
1.504330444335937500e+03
1.503871826171875000e+03
1.473296875000000000e+03
1.475720336914062500e+03
1.502297119140625000e+03
1.513136840820312500e+03
1.532273315429687500e+03
1.556192016601562500e+03
1.527667846679687500e+03
1.505655273437500000e+03
1.494525024414062500e+03
1.493652832031250000e+03
1.513134155273437500e+03
1.523807861328125000e+03
1.543599609375000000e+03
1.528179321289062500e+03
1.506970458984375000e+03
1.486568481445312500e+03
1.482945312500000000e+03
1.522354614257812500e+03
1.530048706054687500e+03
1.528439819335937500e+03
1.484654296875000000e+03
1.484393432617187500e+03
1.470084106445312500e+03
1.473234008789062500e+03
1.498746826171875000e+03
1.550511596679687500e+03
1.511480834960937500e+03
1.498757202148437500e+03
1.492466308593750000e+03
1.497653442382812500e+03
1.507623779296875000e+03
1.527464965820312500e+03
1.540181762695312500e+03
1.538156494140625000e+03
1.506059326171875000e+03
1.489125854492187500e+03
1.497296630859375000e+03
1.512136596679687500e+03
1.506566650390625000e+03
1.513998657226562500e+03
1.517744873046875000e+03
1.479172363281250000e+03
1.484512207031250000e+03
1.488815673828125000e+03
1.505138305664062500e+03
1.522528686523437500e+03
1.537174194335937500e+03
1.508139648437500000e+03
1.499638183593750000e+03
1.485984375000000000e+03
1.470892944335937500e+03
1.492819946289062500e+03
1.502176513671875000e+03
1.512088012695312500e+03
1.499921142578125000e+03
1.492284179687500000e+03
1.497310668945312500e+03
1.523796142578125000e+03
1.503393432617187500e+03
1.509533813476562500e+03
1.525353027343750000e+03
1.501716674804687500e+03
1.478757324218750000e+03
1.492631958007812500e+03
1.481347167968750000e+03
1.494224853515625000e+03
1.470483642578125000e+03
1.487516601562500000e+03
1.500218017578125000e+03
1.521658691406250000e+03
1.507515136718750000e+03
1.488977172851562500e+03
1.482492431640625000e+03
1.458593627929687500e+03
1.483345458984375000e+03
1.508835449218750000e+03
1.558976196289062500e+03
1.537029174804687500e+03
1.494063598632812500e+03
1.461765869140625000e+03
1.453754760742187500e+03
1.462370605468750000e+03
1.496435424804687500e+03
1.543766845703125000e+03
1.536557128906250000e+03
1.506312011718750000e+03
1.470858032226562500e+03
1.463174926757812500e+03
1.461647338867187500e+03
1.476057983398437500e+03
1.505497802734375000e+03
1.531814453125000000e+03
1.506191284179687500e+03
1.475756347656250000e+03
1.490067016601562500e+03
1.498213500976562500e+03
1.483974121093750000e+03
1.510336181640625000e+03
1.505449462890625000e+03
1.480969848632812500e+03
1.482680297851562500e+03
1.478473999023437500e+03
1.510804809570312500e+03
1.519747680664062500e+03
1.509481323242187500e+03
1.491892944335937500e+03
1.481089111328125000e+03
1.461557495117187500e+03
1.445837280273437500e+03
1.484322631835937500e+03
1.496588989257812500e+03
1.521061767578125000e+03
1.505822143554687500e+03
1.468894531250000000e+03
1.455463012695312500e+03
1.468008789062500000e+03
1.473646850585937500e+03
1.478395019531250000e+03
1.492240112304687500e+03
1.500101684570312500e+03
1.494543457031250000e+03
1.480202514648437500e+03
1.474645507812500000e+03
1.454324340820312500e+03
1.480389770507812500e+03
1.519993041992187500e+03
1.510756958007812500e+03
1.492484008789062500e+03
1.450941040039062500e+03
1.475965820312500000e+03
1.468132690429687500e+03
1.449995117187500000e+03
1.458069946289062500e+03
1.484166259765625000e+03
1.471323120117187500e+03
1.473282836914062500e+03
1.466544311523437500e+03
1.470747314453125000e+03
1.511519775390625000e+03
1.504333007812500000e+03
1.469883666992187500e+03
1.457127319335937500e+03
1.453863525390625000e+03
1.457628784179687500e+03
1.459905761718750000e+03
1.487511840820312500e+03
1.485115844726562500e+03
1.484418701171875000e+03
1.484951782226562500e+03
1.486595336914062500e+03
1.456078613281250000e+03
1.458911987304687500e+03
1.472691284179687500e+03
1.482056274414062500e+03
1.497858032226562500e+03
1.506239868164062500e+03
1.464751098632812500e+03
1.480333496093750000e+03
1.461901123046875000e+03
1.471026000976562500e+03
1.468517944335937500e+03
1.477610595703125000e+03
1.471599121093750000e+03
1.450672973632812500e+03
1.485837036132812500e+03
1.502283447265625000e+03
1.492764770507812500e+03
1.470465332031250000e+03
1.463216796875000000e+03
1.440822021484375000e+03
1.450602172851562500e+03
1.460470703125000000e+03
1.485293823242187500e+03
1.482601196289062500e+03
1.478224487304687500e+03
1.488130981445312500e+03
1.485975097656250000e+03
1.480075683593750000e+03
1.449646606445312500e+03
1.442687622070312500e+03
1.410907592773437500e+03
1.407222167968750000e+03
1.435919433593750000e+03
1.479746337890625000e+03
1.510844482421875000e+03
1.500313842773437500e+03
1.468631591796875000e+03
1.437833862304687500e+03
1.409512695312500000e+03
1.412032470703125000e+03
1.462433471679687500e+03
1.509678344726562500e+03
1.517568481445312500e+03
1.513377807617187500e+03
1.456719604492187500e+03
1.416723876953125000e+03
1.421241821289062500e+03
1.431376953125000000e+03
1.460457031250000000e+03
1.504693847656250000e+03
1.517203125000000000e+03
1.491881958007812500e+03
1.467703857421875000e+03
1.425896118164062500e+03
1.424510864257812500e+03
1.442654785156250000e+03
1.460885864257812500e+03
1.478019653320312500e+03
1.481776123046875000e+03
1.495981323242187500e+03
1.461819702148437500e+03
1.449035156250000000e+03
1.448031860351562500e+03
1.448414184570312500e+03
1.472567504882812500e+03
1.462606201171875000e+03
1.455759643554687500e+03
1.471787597656250000e+03
1.457447875976562500e+03
1.449333129882812500e+03
1.459141479492187500e+03
1.464973876953125000e+03
1.462836425781250000e+03
1.465234863281250000e+03
1.451333374023437500e+03
1.478902709960937500e+03
1.466477172851562500e+03
1.463725463867187500e+03
1.460867797851562500e+03
1.438570312500000000e+03
1.456007202148437500e+03
1.450772460937500000e+03
1.453598632812500000e+03
1.456119018554687500e+03
1.440385009765625000e+03
1.434744018554687500e+03
1.457002319335937500e+03
1.479405761718750000e+03
1.457875122070312500e+03
1.460669433593750000e+03
1.456353271484375000e+03
1.462462646484375000e+03
1.450149780273437500e+03
1.462422973632812500e+03
1.438343261718750000e+03
1.429417602539062500e+03
1.427294677734375000e+03
1.445739501953125000e+03
1.459733154296875000e+03
1.464585449218750000e+03
1.474879028320312500e+03
1.464343139648437500e+03
1.414952148437500000e+03
1.413974487304687500e+03
1.418947998046875000e+03
1.450154785156250000e+03
1.492273803710937500e+03
1.485984863281250000e+03
1.478058593750000000e+03
1.442400024414062500e+03
1.429119995117187500e+03
1.432560302734375000e+03
1.471736450195312500e+03
1.477095336914062500e+03
1.483688110351562500e+03
1.460547973632812500e+03
1.445119018554687500e+03
1.419848144531250000e+03
1.424440307617187500e+03
1.463675659179687500e+03
1.450870849609375000e+03
1.462930297851562500e+03
1.445224853515625000e+03
1.438454345703125000e+03
1.419006591796875000e+03
1.426502929687500000e+03
1.445416625976562500e+03
1.485335693359375000e+03
1.486903442382812500e+03
1.454955810546875000e+03
1.418067260742187500e+03
1.403344604492187500e+03
1.407334838867187500e+03
1.404014770507812500e+03
1.432336303710937500e+03
1.476338012695312500e+03
1.504127929687500000e+03
1.464344970703125000e+03
1.419717285156250000e+03
1.398876831054687500e+03
1.416063354492187500e+03
1.432826293945312500e+03
1.455543701171875000e+03
1.481187866210937500e+03
1.477108154296875000e+03
1.429667114257812500e+03
1.413653686523437500e+03
1.420075805664062500e+03
1.430765136718750000e+03
1.431564819335937500e+03
1.474678710937500000e+03
1.456827514648437500e+03
1.464819824218750000e+03
1.419596191406250000e+03
1.430524658203125000e+03
1.438251708984375000e+03
1.445865844726562500e+03
1.453472167968750000e+03
1.439487426757812500e+03
1.412507812500000000e+03
1.424783691406250000e+03
1.448554321289062500e+03
1.473936279296875000e+03
1.447820678710937500e+03
1.438763793945312500e+03
1.396966918945312500e+03
1.412061767578125000e+03
1.437296875000000000e+03
1.446106811523437500e+03
1.461401611328125000e+03
1.462145874023437500e+03
1.440365844726562500e+03
1.444656127929687500e+03
1.422689941406250000e+03
1.458260620117187500e+03
1.500026489257812500e+03
1.456748291015625000e+03
1.417251464843750000e+03
1.406684326171875000e+03
1.401443603515625000e+03
1.430251342773437500e+03
1.463752685546875000e+03
1.455282470703125000e+03
1.461030029296875000e+03
1.422930297851562500e+03
1.404630615234375000e+03
1.413774169921875000e+03
1.437934326171875000e+03
1.461083618164062500e+03
1.468365478515625000e+03
1.443083374023437500e+03
1.405296020507812500e+03
1.416784423828125000e+03
1.413886474609375000e+03
1.436075195312500000e+03
1.441991210937500000e+03
1.444423339843750000e+03
1.438117675781250000e+03
1.429900146484375000e+03
1.392108764648437500e+03
1.416885864257812500e+03
1.407946533203125000e+03
1.435355834960937500e+03
1.457347534179687500e+03
1.441537109375000000e+03
1.435948974609375000e+03
1.389972900390625000e+03
1.393701293945312500e+03
1.393745849609375000e+03
1.418596923828125000e+03
1.445475830078125000e+03
1.470448608398437500e+03
1.440761108398437500e+03
1.398885864257812500e+03
1.414172607421875000e+03
1.388906494140625000e+03
1.392061523437500000e+03
1.444358520507812500e+03
1.456398925781250000e+03
1.492933959960937500e+03
1.450416503906250000e+03
1.417595947265625000e+03
1.370050048828125000e+03
1.357455200195312500e+03
1.371932373046875000e+03
1.413236206054687500e+03
1.442282592773437500e+03
1.488801147460937500e+03
1.469022827148437500e+03
1.429471313476562500e+03
1.377376098632812500e+03
1.360053100585937500e+03
1.361669677734375000e+03
1.399046875000000000e+03
1.464434326171875000e+03
1.502471313476562500e+03
1.435652099609375000e+03
1.393558105468750000e+03
1.372357177734375000e+03
1.373129516601562500e+03
1.372016357421875000e+03
1.421008178710937500e+03
1.477832519531250000e+03
1.460849609375000000e+03
1.403410278320312500e+03
1.378483764648437500e+03
1.379215576171875000e+03
1.386642578125000000e+03
1.392185424804687500e+03
1.425212036132812500e+03
1.462237304687500000e+03
1.465359985351562500e+03
1.431113525390625000e+03
1.396319702148437500e+03
1.361281127929687500e+03
1.353300415039062500e+03
1.376183349609375000e+03
1.420262695312500000e+03
1.461040283203125000e+03
1.488044799804687500e+03
1.422989257812500000e+03
1.371548828125000000e+03
1.372431884765625000e+03
1.356508544921875000e+03
1.414572875976562500e+03
1.452385131835937500e+03
1.445313964843750000e+03
1.427847778320312500e+03
1.393759155273437500e+03
1.402932495117187500e+03
1.388410034179687500e+03
1.417635375976562500e+03
1.431328979492187500e+03
1.453800659179687500e+03
1.429192138671875000e+03
1.406062622070312500e+03
1.419749511718750000e+03
1.396772094726562500e+03
1.417999023437500000e+03
1.430529785156250000e+03
1.433815795898437500e+03
1.450187133789062500e+03
1.410925292968750000e+03
1.384740356445312500e+03
1.362330810546875000e+03
1.375630004882812500e+03
1.389543212890625000e+03
1.425191040039062500e+03
1.427012329101562500e+03
1.428519287109375000e+03
1.424626708984375000e+03
1.398546630859375000e+03
1.401557128906250000e+03
1.386174194335937500e+03
1.407764038085937500e+03
1.431871826171875000e+03
1.439221679687500000e+03
1.438862182617187500e+03
1.425721435546875000e+03
1.385007324218750000e+03
1.391475952148437500e+03
1.416259277343750000e+03
1.417505615234375000e+03
1.428111450195312500e+03
1.407531005859375000e+03
1.390309326171875000e+03
1.385279541015625000e+03
1.371969848632812500e+03
1.377551757812500000e+03
1.434732788085937500e+03
1.421088378906250000e+03
1.426062377929687500e+03
1.390449462890625000e+03
1.367740844726562500e+03
1.361854858398437500e+03
1.385941040039062500e+03
1.408023437500000000e+03
1.431714477539062500e+03
1.394743408203125000e+03
1.397939941406250000e+03
1.409319458007812500e+03
1.398606201171875000e+03
1.412530273437500000e+03
1.412633544921875000e+03
1.386675415039062500e+03
1.398285156250000000e+03
1.413693481445312500e+03
1.415615600585937500e+03
1.423790161132812500e+03
1.411255493164062500e+03
1.407481689453125000e+03
1.381266113281250000e+03
1.376311523437500000e+03
1.383421386718750000e+03
1.400279663085937500e+03
1.408759765625000000e+03
1.417922119140625000e+03
1.442075439453125000e+03
1.405797851562500000e+03
1.384264038085937500e+03
1.373224609375000000e+03
1.357959716796875000e+03
1.396636108398437500e+03
1.415847290039062500e+03
1.427215209960937500e+03
1.416494995117187500e+03
1.408237426757812500e+03
1.383330810546875000e+03
1.382440795898437500e+03
1.378217041015625000e+03
1.396708496093750000e+03
1.421454956054687500e+03
1.433176025390625000e+03
1.417625610351562500e+03
1.375210449218750000e+03
1.381119873046875000e+03
1.378462768554687500e+03
1.419795532226562500e+03
1.411718139648437500e+03
1.417424194335937500e+03
1.413457763671875000e+03
1.371499023437500000e+03
1.365996704101562500e+03
1.386196777343750000e+03
1.383502441406250000e+03
1.379804443359375000e+03
1.390851196289062500e+03
1.408106201171875000e+03
1.398502929687500000e+03
1.407660522460937500e+03
1.376241455078125000e+03
1.387461425781250000e+03
1.396363281250000000e+03
1.412749023437500000e+03
1.429288208007812500e+03
1.399624511718750000e+03
1.365141113281250000e+03
1.347215454101562500e+03
1.390477416992187500e+03
1.410263671875000000e+03
1.409359863281250000e+03
1.393515869140625000e+03
1.361380859375000000e+03
1.356332275390625000e+03
1.364980712890625000e+03
1.376474121093750000e+03
1.389913574218750000e+03
1.421051513671875000e+03
1.418618652343750000e+03
1.384965576171875000e+03
1.351269409179687500e+03
1.374205688476562500e+03
1.371681274414062500e+03
1.396066772460937500e+03
1.393185913085937500e+03
1.381385986328125000e+03
1.372522460937500000e+03
1.358247680664062500e+03
1.368985595703125000e+03
1.365487670898437500e+03
1.400510864257812500e+03
1.418513427734375000e+03
1.398604614257812500e+03
1.372644287109375000e+03
1.365257568359375000e+03
1.344242797851562500e+03
1.364657958984375000e+03
1.393458007812500000e+03
1.411322021484375000e+03
1.399328613281250000e+03
1.391130493164062500e+03
1.349586425781250000e+03
1.346310302734375000e+03
1.351759643554687500e+03
1.380599853515625000e+03
1.402086425781250000e+03
1.417637817382812500e+03
1.407695434570312500e+03
1.373042480468750000e+03
1.353414672851562500e+03
1.353731689453125000e+03
1.374763549804687500e+03
1.376520629882812500e+03
1.389480346679687500e+03
1.382178955078125000e+03
1.384747680664062500e+03
1.354376098632812500e+03
1.361126586914062500e+03
1.376084472656250000e+03
1.385916381835937500e+03
1.368970703125000000e+03
1.368128051757812500e+03
1.366971435546875000e+03
1.359139038085937500e+03
1.392269042968750000e+03
1.406662475585937500e+03
1.399936523437500000e+03
1.387665283203125000e+03
1.352412353515625000e+03
1.336697265625000000e+03
1.334004028320312500e+03
1.372295776367187500e+03
1.415098999023437500e+03
1.416432617187500000e+03
1.366113159179687500e+03
1.345005859375000000e+03
1.331710693359375000e+03
1.328988769531250000e+03
1.382295776367187500e+03
1.435270874023437500e+03
1.402012939453125000e+03
1.366793090820312500e+03
1.343138916015625000e+03
1.326962036132812500e+03
1.336938598632812500e+03
1.364918457031250000e+03
1.386267456054687500e+03
1.420469848632812500e+03
1.387986450195312500e+03
1.357147460937500000e+03
1.356322753906250000e+03
1.350882202148437500e+03
1.362795410156250000e+03
1.380668090820312500e+03
1.391073608398437500e+03
1.386587280273437500e+03
1.377580688476562500e+03
1.351760009765625000e+03
1.355106079101562500e+03
1.355106201171875000e+03
1.379365966796875000e+03
1.381759521484375000e+03
1.358811035156250000e+03
1.364304199218750000e+03
1.357948364257812500e+03
1.349219116210937500e+03
1.357961914062500000e+03
1.372776733398437500e+03
1.389942504882812500e+03
1.388500244140625000e+03
1.365933105468750000e+03
1.368278320312500000e+03
1.351611572265625000e+03
1.362629760742187500e+03
1.350993530273437500e+03
1.352673461914062500e+03
1.372925537109375000e+03
1.390632934570312500e+03
1.384372436523437500e+03
1.376687866210937500e+03
1.352924560546875000e+03
1.361777343750000000e+03
1.368852783203125000e+03
1.369477905273437500e+03
1.384447631835937500e+03
1.366176757812500000e+03
1.340644409179687500e+03
1.323406005859375000e+03
1.331757202148437500e+03
1.370749511718750000e+03
1.391210815429687500e+03
1.386676513671875000e+03
1.370392700195312500e+03
1.345146240234375000e+03
1.339480346679687500e+03
1.349884765625000000e+03
1.356608642578125000e+03
1.369585449218750000e+03
1.381690307617187500e+03
1.378415039062500000e+03
1.371840454101562500e+03
1.351815551757812500e+03
1.340553466796875000e+03
1.332306030273437500e+03
1.341413208007812500e+03
1.365886596679687500e+03
1.381085205078125000e+03
1.344810668945312500e+03
1.360305664062500000e+03
1.366935424804687500e+03
1.358875854492187500e+03
1.347545043945312500e+03
1.348407470703125000e+03
1.371865112304687500e+03
1.343243530273437500e+03
1.344071899414062500e+03
1.339299926757812500e+03
1.340178588867187500e+03
1.366889282226562500e+03
1.369346069335937500e+03
1.382950195312500000e+03
1.365530517578125000e+03
1.349943115234375000e+03
1.353935791015625000e+03
1.367278930664062500e+03
1.359507446289062500e+03
1.379623779296875000e+03
1.375102661132812500e+03
1.364619262695312500e+03
1.340733276367187500e+03
1.317549926757812500e+03
1.331081176757812500e+03
1.351129150390625000e+03
1.376647094726562500e+03
1.369711425781250000e+03
1.350669799804687500e+03
1.347094360351562500e+03
1.331683593750000000e+03
1.319467041015625000e+03
1.331453979492187500e+03
1.370987670898437500e+03
1.396175903320312500e+03
1.396354125976562500e+03
1.357186645507812500e+03
1.343106689453125000e+03
1.340043457031250000e+03
1.336657836914062500e+03
1.345612304687500000e+03
1.363006591796875000e+03
1.381547729492187500e+03
1.344277099609375000e+03
1.328373901367187500e+03
1.331262084960937500e+03
1.333283813476562500e+03
1.346318481445312500e+03
1.355532958984375000e+03
1.363303710937500000e+03
1.350929931640625000e+03
1.324257690429687500e+03
1.324599609375000000e+03
1.315441406250000000e+03
1.317108276367187500e+03
1.346519531250000000e+03
1.371040649414062500e+03
1.347710815429687500e+03
1.347176269531250000e+03
1.327266601562500000e+03
1.307845581054687500e+03
1.303762695312500000e+03
1.329234985351562500e+03
1.339433349609375000e+03
1.389115844726562500e+03
1.381141357421875000e+03
1.357935180664062500e+03
1.336630859375000000e+03
1.312501098632812500e+03
1.319279785156250000e+03
1.326291259765625000e+03
1.340583374023437500e+03
1.348394897460937500e+03
1.355218627929687500e+03
1.344489013671875000e+03
1.338024291992187500e+03
1.331812133789062500e+03
1.332420166015625000e+03
1.313862792968750000e+03
1.360433837890625000e+03
1.359684692382812500e+03
1.367431030273437500e+03
1.323740600585937500e+03
1.320524536132812500e+03
1.323688232421875000e+03
1.328616821289062500e+03
1.352231689453125000e+03
1.374593261718750000e+03
1.353479614257812500e+03
1.344073730468750000e+03
1.345837158203125000e+03
1.340530517578125000e+03
1.335571289062500000e+03
1.334659179687500000e+03
1.338977905273437500e+03
1.320098388671875000e+03
1.335277954101562500e+03
1.326822875976562500e+03
1.325349609375000000e+03
1.341805664062500000e+03
1.370402587890625000e+03
1.351188354492187500e+03
1.310187622070312500e+03
1.329423950195312500e+03
1.326120239257812500e+03
1.337903198242187500e+03
1.325322875976562500e+03
1.329063110351562500e+03
1.327433959960937500e+03
1.356919311523437500e+03
1.336455566406250000e+03
1.333563232421875000e+03
1.339093139648437500e+03
1.322574707031250000e+03
1.334534545898437500e+03
1.345342285156250000e+03
1.350291625976562500e+03
1.348669189453125000e+03
1.328779541015625000e+03
1.328423583984375000e+03
1.325469604492187500e+03
1.299152343750000000e+03
1.318245727539062500e+03
1.322972290039062500e+03
1.330117675781250000e+03
1.332689086914062500e+03
1.334192626953125000e+03
1.318296875000000000e+03
1.321107543945312500e+03
1.309081176757812500e+03
1.340750000000000000e+03
1.331114746093750000e+03
1.343352294921875000e+03
1.359946899414062500e+03
1.341822631835937500e+03
1.311400756835937500e+03
1.298921020507812500e+03
1.290172119140625000e+03
1.300931640625000000e+03
1.312045776367187500e+03
1.359011962890625000e+03
1.352795166015625000e+03
1.338344116210937500e+03
1.309655029296875000e+03
1.290011352539062500e+03
1.302968505859375000e+03
1.307126098632812500e+03
1.355203735351562500e+03
1.359771362304687500e+03
1.329698608398437500e+03
1.311607910156250000e+03
1.317912109375000000e+03
1.305089965820312500e+03
1.331787353515625000e+03
1.324658325195312500e+03
1.330916015625000000e+03
1.336135253906250000e+03
1.317907958984375000e+03
1.299887573242187500e+03
1.312028930664062500e+03
1.335381591796875000e+03
1.326456176757812500e+03
1.341190307617187500e+03
1.341748413085937500e+03
1.319743774414062500e+03
1.320466186523437500e+03
1.310383789062500000e+03
1.288052856445312500e+03
1.294863403320312500e+03
1.310736938476562500e+03
1.327874389648437500e+03
1.321106323242187500e+03
1.318863403320312500e+03
1.307584350585937500e+03
1.300101196289062500e+03
1.300915771484375000e+03
1.334570556640625000e+03
1.348236572265625000e+03
1.339084472656250000e+03
1.338909545898437500e+03
1.293793457031250000e+03
1.276269897460937500e+03
1.279651367187500000e+03
1.305255859375000000e+03
1.361428100585937500e+03
1.356132446289062500e+03
1.355897705078125000e+03
1.291425048828125000e+03
1.253859985351562500e+03
1.243413330078125000e+03
1.266423217773437500e+03
1.316388427734375000e+03
1.376302490234375000e+03
1.367921264648437500e+03
1.298036743164062500e+03
1.297338623046875000e+03
1.284201538085937500e+03
1.269055175781250000e+03
1.326110595703125000e+03
1.349013183593750000e+03
1.353821411132812500e+03
1.312823608398437500e+03
1.296847290039062500e+03
1.275085571289062500e+03
1.284119018554687500e+03
1.304977416992187500e+03
1.334269165039062500e+03
1.324053955078125000e+03
1.335619750976562500e+03
1.308188232421875000e+03
1.293293701171875000e+03
1.299915771484375000e+03
1.331215087890625000e+03
1.345648925781250000e+03
1.334157592773437500e+03
1.302512573242187500e+03
1.284399536132812500e+03
1.293145629882812500e+03
1.273789306640625000e+03
1.291045776367187500e+03
1.316954345703125000e+03
1.353906494140625000e+03
1.349090454101562500e+03
1.314742553710937500e+03
1.295619995117187500e+03
1.267592285156250000e+03
1.277707153320312500e+03
1.296782592773437500e+03
1.338234252929687500e+03
1.352881591796875000e+03
1.340593994140625000e+03
1.299476196289062500e+03
1.295294189453125000e+03
1.299297119140625000e+03
1.302708129882812500e+03
1.313170043945312500e+03
1.327204345703125000e+03
1.313469116210937500e+03
1.317301879882812500e+03
1.286096923828125000e+03
1.290629394531250000e+03
1.305246215820312500e+03
1.309470703125000000e+03
1.309187500000000000e+03
1.322445556640625000e+03
1.337531494140625000e+03
1.316055297851562500e+03
1.288651367187500000e+03
1.279816040039062500e+03
1.275924804687500000e+03
1.297642822265625000e+03
1.305479003906250000e+03
1.324183837890625000e+03
1.337153686523437500e+03
1.342875122070312500e+03
1.280584838867187500e+03
1.269267456054687500e+03
1.245229370117187500e+03
1.256997436523437500e+03
1.308192382812500000e+03
1.348538940429687500e+03
1.338046630859375000e+03
1.305948852539062500e+03
1.250932006835937500e+03
1.267296875000000000e+03
1.251704345703125000e+03
1.286644531250000000e+03
1.344630737304687500e+03
1.364241577148437500e+03
1.318958129882812500e+03
1.289241699218750000e+03
1.252723144531250000e+03
1.269630615234375000e+03
1.257380615234375000e+03
1.288246215820312500e+03
1.301678955078125000e+03
1.334785766601562500e+03
1.311530883789062500e+03
1.282562622070312500e+03
1.270256958007812500e+03
1.258617431640625000e+03
1.278282226562500000e+03
1.312920654296875000e+03
1.330762695312500000e+03
1.321761596679687500e+03
1.298918945312500000e+03
1.298422119140625000e+03
1.296629394531250000e+03
1.298933349609375000e+03
1.305404907226562500e+03
1.325440551757812500e+03
1.292919311523437500e+03
1.268442016601562500e+03
1.255897827148437500e+03
1.258975585937500000e+03
1.288696166992187500e+03
1.331766845703125000e+03
1.350236694335937500e+03
1.324501831054687500e+03
1.268681518554687500e+03
1.259276000976562500e+03
1.253322021484375000e+03
1.274767211914062500e+03
1.299236938476562500e+03
1.333904418945312500e+03
1.322656738281250000e+03
1.300839355468750000e+03
1.260492919921875000e+03
1.254840209960937500e+03
1.244498535156250000e+03
1.275750122070312500e+03
1.312126464843750000e+03
1.344386596679687500e+03
1.325034545898437500e+03
1.297497924804687500e+03
1.262804931640625000e+03
1.268980957031250000e+03
1.289692626953125000e+03
1.303530273437500000e+03
1.323050170898437500e+03
1.306111083984375000e+03
1.284536499023437500e+03
1.277848510742187500e+03
1.270713867187500000e+03
1.272622070312500000e+03
1.285857299804687500e+03
1.309719116210937500e+03
1.306035522460937500e+03
1.305851440429687500e+03
1.291244873046875000e+03
1.304510864257812500e+03
1.264131591796875000e+03
1.267637451171875000e+03
1.294188842773437500e+03
1.309060180664062500e+03
1.305058105468750000e+03
1.305305786132812500e+03
1.255173339843750000e+03
1.242453369140625000e+03
1.255519531250000000e+03
1.287474243164062500e+03
1.324198242187500000e+03
1.307700927734375000e+03
1.292824462890625000e+03
1.265519531250000000e+03
1.261250976562500000e+03
1.284015136718750000e+03
1.313930175781250000e+03
1.336100952148437500e+03
1.298058593750000000e+03
1.285731933593750000e+03
1.248145263671875000e+03
1.259139404296875000e+03
1.281141479492187500e+03
1.293224121093750000e+03
1.320540039062500000e+03
1.297705444335937500e+03
1.251091430664062500e+03
1.236385864257812500e+03
1.238749877929687500e+03
1.275848510742187500e+03
1.285417114257812500e+03
1.304323242187500000e+03
1.296718750000000000e+03
1.291690429687500000e+03
1.279972167968750000e+03
1.253693115234375000e+03
1.276881103515625000e+03
1.292468261718750000e+03
1.298473754882812500e+03
1.280383911132812500e+03
1.296747192382812500e+03
1.288181762695312500e+03
1.292906982421875000e+03
1.273137207031250000e+03
1.292770385742187500e+03
1.289729614257812500e+03
1.277268554687500000e+03
1.266549438476562500e+03
1.256580688476562500e+03
1.245681274414062500e+03
1.275793579101562500e+03
1.304632202148437500e+03
1.322937011718750000e+03
1.311848022460937500e+03
1.276498779296875000e+03
1.262466186523437500e+03
1.253902465820312500e+03
1.268160400390625000e+03
1.261352539062500000e+03
1.294560913085937500e+03
1.310834350585937500e+03
1.299559204101562500e+03
1.259382202148437500e+03
1.232437255859375000e+03
1.226067993164062500e+03
1.228040527343750000e+03
1.278799926757812500e+03
1.339454711914062500e+03
1.327230102539062500e+03
1.271090087890625000e+03
1.239669311523437500e+03
1.223596069335937500e+03
1.218294189453125000e+03
1.256313354492187500e+03
1.299626342773437500e+03
1.311064941406250000e+03
1.305270507812500000e+03
1.262984375000000000e+03
1.234658935546875000e+03
1.245951293945312500e+03
1.240839599609375000e+03
1.251145629882812500e+03
1.292933105468750000e+03
1.316228149414062500e+03
1.291670776367187500e+03
1.258410278320312500e+03
1.256024414062500000e+03
1.247015258789062500e+03
1.255547363281250000e+03
1.276015258789062500e+03
1.291621704101562500e+03
1.303712524414062500e+03
1.276191650390625000e+03
1.249841064453125000e+03
1.221354858398437500e+03
1.252108764648437500e+03
1.288598510742187500e+03
1.297642578125000000e+03
1.302040283203125000e+03
1.260811889648437500e+03
1.237856445312500000e+03
1.243814086914062500e+03
1.270288696289062500e+03
1.305452880859375000e+03
1.312908935546875000e+03
1.294852905273437500e+03
1.254859619140625000e+03
1.231938842773437500e+03
1.250597290039062500e+03
1.255331176757812500e+03
1.290990356445312500e+03
1.308124023437500000e+03
1.300243652343750000e+03
1.275992309570312500e+03
1.243965942382812500e+03
1.216298706054687500e+03
1.216124511718750000e+03
1.217900634765625000e+03
1.256775878906250000e+03
1.282082275390625000e+03
1.292252075195312500e+03
1.268072875976562500e+03
1.268841552734375000e+03
1.266007446289062500e+03
1.253083862304687500e+03
1.246311401367187500e+03
1.251314208984375000e+03
1.262182373046875000e+03
1.267608276367187500e+03
1.247046020507812500e+03
1.267220703125000000e+03
1.258466186523437500e+03
1.274306030273437500e+03
1.284321899414062500e+03
1.269502441406250000e+03
1.253084228515625000e+03
1.235531127929687500e+03
1.247143432617187500e+03
1.270871948242187500e+03
1.282520385742187500e+03
1.280315795898437500e+03
1.258413452148437500e+03
1.256590820312500000e+03
1.253487915039062500e+03
1.258143676757812500e+03
1.245677246093750000e+03
1.256926513671875000e+03
1.275961791992187500e+03
1.273484497070312500e+03
1.254864868164062500e+03
1.250485961914062500e+03
1.243017211914062500e+03
1.254598754882812500e+03
1.252974365234375000e+03
1.253467773437500000e+03
1.273835083007812500e+03
1.269094970703125000e+03
1.261922119140625000e+03
1.245957763671875000e+03
1.241030517578125000e+03
1.239337158203125000e+03
1.256743286132812500e+03
1.253630371093750000e+03
1.267405639648437500e+03
1.268516845703125000e+03
1.230042358398437500e+03
1.243959228515625000e+03
1.260295043945312500e+03
1.257732543945312500e+03
1.271149780273437500e+03
1.289127319335937500e+03
1.274608764648437500e+03
1.267745361328125000e+03
1.238489135742187500e+03
1.226247436523437500e+03
1.230632202148437500e+03
1.264850952148437500e+03
1.281265258789062500e+03
1.282114501953125000e+03
1.256410644531250000e+03
1.224090454101562500e+03
1.205129028320312500e+03
1.229774658203125000e+03
1.256733398437500000e+03
1.299379516601562500e+03
1.310525146484375000e+03
1.249468017578125000e+03
1.229432861328125000e+03
1.213658325195312500e+03
1.222161865234375000e+03
1.253080200195312500e+03
1.264537597656250000e+03
1.263704467773437500e+03
1.261299682617187500e+03
1.244784912109375000e+03
1.230649536132812500e+03
1.216250122070312500e+03
1.215654296875000000e+03
1.244741455078125000e+03
1.293384399414062500e+03
1.324375610351562500e+03
1.287099121093750000e+03
1.250721313476562500e+03
1.210761108398437500e+03
1.204332153320312500e+03
1.221766357421875000e+03
1.253851928710937500e+03
1.288412109375000000e+03
1.265608398437500000e+03
1.259710205078125000e+03
1.227306152343750000e+03
1.200064697265625000e+03
1.218296264648437500e+03
1.253607666015625000e+03
1.269168701171875000e+03
1.270352661132812500e+03
1.273114624023437500e+03
1.252990112304687500e+03
1.218226684570312500e+03
1.218783935546875000e+03
1.225886840820312500e+03
1.245120849609375000e+03
1.267038940429687500e+03
1.280454833984375000e+03
1.264736572265625000e+03
1.233447509765625000e+03
1.210872680664062500e+03
1.199459960937500000e+03
1.225271118164062500e+03
1.256764160156250000e+03
1.275314208984375000e+03
1.269186523437500000e+03
1.243208618164062500e+03
1.231642456054687500e+03
1.232960205078125000e+03
1.221034423828125000e+03
1.225836181640625000e+03
1.260832519531250000e+03
1.283609497070312500e+03
1.271573242187500000e+03
1.262072509765625000e+03
1.235459960937500000e+03
1.238610595703125000e+03
1.228967163085937500e+03
1.230933959960937500e+03
1.238078735351562500e+03
1.247452270507812500e+03
1.247429809570312500e+03
1.263100952148437500e+03
1.242014526367187500e+03
1.233802856445312500e+03
1.246020019531250000e+03
1.219011474609375000e+03
1.220048950195312500e+03
1.201785522460937500e+03
1.227773559570312500e+03
1.258365112304687500e+03
1.263827636718750000e+03
1.269824462890625000e+03
1.245737915039062500e+03
1.212762573242187500e+03
1.203518554687500000e+03
1.205703247070312500e+03
1.231083984375000000e+03
1.259862426757812500e+03
1.275686035156250000e+03
1.252975708007812500e+03
1.219157592773437500e+03
1.214387817382812500e+03
1.229276123046875000e+03
1.235708374023437500e+03
1.234187866210937500e+03
1.223490844726562500e+03
1.225263427734375000e+03
1.220109619140625000e+03
1.214193237304687500e+03
1.229843505859375000e+03
1.235380859375000000e+03
1.267763183593750000e+03
1.252811767578125000e+03
1.247475341796875000e+03
1.213343017578125000e+03
1.198438354492187500e+03
1.199155029296875000e+03
1.211613647460937500e+03
1.239585449218750000e+03
1.266018554687500000e+03
1.258628784179687500e+03
1.222130004882812500e+03
1.182458007812500000e+03
1.192006958007812500e+03
1.221734985351562500e+03
1.238338012695312500e+03
1.245928588867187500e+03
1.255755371093750000e+03
1.231148803710937500e+03
1.201643920898437500e+03
1.213774780273437500e+03
1.210004150390625000e+03
1.227865356445312500e+03
1.244383544921875000e+03
1.251962036132812500e+03
1.224653198242187500e+03
1.201031616210937500e+03
1.211071411132812500e+03
1.223592285156250000e+03
1.228733642578125000e+03
1.242697875976562500e+03
1.241215454101562500e+03
1.222049560546875000e+03
1.211351928710937500e+03
1.214502319335937500e+03
1.218223022460937500e+03
1.224131713867187500e+03
1.225924438476562500e+03
1.237202026367187500e+03
1.223324462890625000e+03
1.229453369140625000e+03
1.213973266601562500e+03
1.200136474609375000e+03
1.215275634765625000e+03
1.237726928710937500e+03
1.253690185546875000e+03
1.236433227539062500e+03
1.227010620117187500e+03
1.201566894531250000e+03
1.191335083007812500e+03
1.187225708007812500e+03
1.205796508789062500e+03
1.230641113281250000e+03
1.242891967773437500e+03
1.248486450195312500e+03
1.208351074218750000e+03
1.183477050781250000e+03
1.174466064453125000e+03
1.177331420898437500e+03
1.194277709960937500e+03
1.253270629882812500e+03
1.286827026367187500e+03
1.271892700195312500e+03
1.233326782226562500e+03
1.204437866210937500e+03
1.182090454101562500e+03
1.178964233398437500e+03
1.198954101562500000e+03
1.222286010742187500e+03
1.259471435546875000e+03
1.257213500976562500e+03
1.228456542968750000e+03
1.210242431640625000e+03
1.205963623046875000e+03
1.229537231445312500e+03
1.244976440429687500e+03
1.246867553710937500e+03
1.240859130859375000e+03
1.211801269531250000e+03
1.200454101562500000e+03
1.187763427734375000e+03
1.198204223632812500e+03
1.239413574218750000e+03
1.275430541992187500e+03
1.240539672851562500e+03
1.203452148437500000e+03
1.173566772460937500e+03
1.166145629882812500e+03
1.181877929687500000e+03
1.229900146484375000e+03
1.257653808593750000e+03
1.271777832031250000e+03
1.200170776367187500e+03
1.172020263671875000e+03
1.155219726562500000e+03
1.165654541015625000e+03
1.197509643554687500e+03
1.240883422851562500e+03
1.253766479492187500e+03
1.245219604492187500e+03
1.220584106445312500e+03
1.212553100585937500e+03
1.191210327148437500e+03
1.218563110351562500e+03
1.237009277343750000e+03
1.207938964843750000e+03
1.241341308593750000e+03
1.212403808593750000e+03
1.212757080078125000e+03
1.194469360351562500e+03
1.208305175781250000e+03
1.214625854492187500e+03
1.220713134765625000e+03
1.228911010742187500e+03
1.219735229492187500e+03
1.207971069335937500e+03
1.201183471679687500e+03
1.207019287109375000e+03
1.211700195312500000e+03
1.244836791992187500e+03
1.235881713867187500e+03
1.210667846679687500e+03
1.180754272460937500e+03
1.184128906250000000e+03
1.201476318359375000e+03
1.245877197265625000e+03
1.246290039062500000e+03
1.224510375976562500e+03
1.187856201171875000e+03
1.183829711914062500e+03
1.195869873046875000e+03
1.198759277343750000e+03
1.221150512695312500e+03
1.234424926757812500e+03
1.229496459960937500e+03
1.197824218750000000e+03
1.178848144531250000e+03
1.173464111328125000e+03
1.176134277343750000e+03
1.193222412109375000e+03
1.225774414062500000e+03
1.250433593750000000e+03
1.254912963867187500e+03
1.211502197265625000e+03
1.167345825195312500e+03
1.163546875000000000e+03
1.163721679687500000e+03
1.200376464843750000e+03
1.216921875000000000e+03
1.245206542968750000e+03
1.211487182617187500e+03
1.187037597656250000e+03
1.155403930664062500e+03
1.172520019531250000e+03
1.180674438476562500e+03
1.238578857421875000e+03
1.260435668945312500e+03
1.227585815429687500e+03
1.182343872070312500e+03
1.158782592773437500e+03
1.152591796875000000e+03
1.179111328125000000e+03
1.222535766601562500e+03
1.248251586914062500e+03
1.239676391601562500e+03
1.210273071289062500e+03
1.176933227539062500e+03
1.181744628906250000e+03
1.183799804687500000e+03
1.217687866210937500e+03
1.238670654296875000e+03
1.237077026367187500e+03
1.213271972656250000e+03
1.193845947265625000e+03
1.184313720703125000e+03
1.177461425781250000e+03
1.182965576171875000e+03
1.205978027343750000e+03
1.222227783203125000e+03
1.195178344726562500e+03
1.203471069335937500e+03
1.177310180664062500e+03
1.182241455078125000e+03
1.182134521484375000e+03
1.204460449218750000e+03
1.218032714843750000e+03
1.231824707031250000e+03
1.220760253906250000e+03
1.191829833984375000e+03
1.170531738281250000e+03
1.183774291992187500e+03
1.183687866210937500e+03
1.192503906250000000e+03
1.206085449218750000e+03
1.210826293945312500e+03
1.208288696289062500e+03
1.192313476562500000e+03
1.182879516601562500e+03
1.182126953125000000e+03
1.187570556640625000e+03
1.181910644531250000e+03
1.204755981445312500e+03
1.214241455078125000e+03
1.191238769531250000e+03
1.183922607421875000e+03
1.176987915039062500e+03
1.170274047851562500e+03
1.190576538085937500e+03
1.213698852539062500e+03
1.242414550781250000e+03
1.231482299804687500e+03
1.207579101562500000e+03
1.169402465820312500e+03
1.137412353515625000e+03
1.145135131835937500e+03
1.167408203125000000e+03
1.210885986328125000e+03
1.233911010742187500e+03
1.243963745117187500e+03
1.216395141601562500e+03
1.173014770507812500e+03
1.156851196289062500e+03
1.153093261718750000e+03
1.167635375976562500e+03
1.199423461914062500e+03
1.245446533203125000e+03
1.236951416015625000e+03
1.206235839843750000e+03
1.168948974609375000e+03
1.136874267578125000e+03
1.142257446289062500e+03
1.143755249023437500e+03
1.191604125976562500e+03
1.254412719726562500e+03
1.252432128906250000e+03
1.206428100585937500e+03
1.170172363281250000e+03
1.139735595703125000e+03
1.162974365234375000e+03
1.167218261718750000e+03
1.210865112304687500e+03
1.246172485351562500e+03
1.218097167968750000e+03
1.200704833984375000e+03
1.183690551757812500e+03
1.173836181640625000e+03
1.166159179687500000e+03
1.157511840820312500e+03
1.176823852539062500e+03
1.185925170898437500e+03
1.192495361328125000e+03
1.191328002929687500e+03
1.181936157226562500e+03
1.169536865234375000e+03
1.173225952148437500e+03
1.180820312500000000e+03
1.197316284179687500e+03
1.222991821289062500e+03
1.215632568359375000e+03
1.197528076171875000e+03
1.178696777343750000e+03
1.156226562500000000e+03
1.158749755859375000e+03
1.181044189453125000e+03
1.200727783203125000e+03
1.206199829101562500e+03
1.197935546875000000e+03
1.170106567382812500e+03
1.169727539062500000e+03
1.167383789062500000e+03
1.190450805664062500e+03
1.180559448242187500e+03
1.181440429687500000e+03
1.183814086914062500e+03
1.199260864257812500e+03
1.209094116210937500e+03
1.188901123046875000e+03
1.170174072265625000e+03
1.154386962890625000e+03
1.162585937500000000e+03
1.182043457031250000e+03
1.198771606445312500e+03
1.215358764648437500e+03
1.191697998046875000e+03
1.183538330078125000e+03
1.178900024414062500e+03
1.161688598632812500e+03
1.167411132812500000e+03
1.179140625000000000e+03
1.190552001953125000e+03
1.203892456054687500e+03
1.186321289062500000e+03
1.183798461914062500e+03
1.166872192382812500e+03
1.172647460937500000e+03
1.159510253906250000e+03
1.181423339843750000e+03
1.201921020507812500e+03
1.208952270507812500e+03
1.195484497070312500e+03
1.168515502929687500e+03
1.160134277343750000e+03
1.152077026367187500e+03
1.184598022460937500e+03
1.221966186523437500e+03
1.206548461914062500e+03
1.173325561523437500e+03
1.141596191406250000e+03
1.135186401367187500e+03
1.150892333984375000e+03
1.197931274414062500e+03
1.218588623046875000e+03
1.203978393554687500e+03
1.181611450195312500e+03
1.144326538085937500e+03
1.145781494140625000e+03
1.150543701171875000e+03
1.176203491210937500e+03
1.187315673828125000e+03
1.211107299804687500e+03
1.189695434570312500e+03
1.152586914062500000e+03
1.139325439453125000e+03
1.146538818359375000e+03
1.176419677734375000e+03
1.200552246093750000e+03
1.199695434570312500e+03
1.185195434570312500e+03
1.140497924804687500e+03
1.130455566406250000e+03
1.134208618164062500e+03
1.164495239257812500e+03
1.202093627929687500e+03
1.207817993164062500e+03
1.202243530273437500e+03
1.156006713867187500e+03
1.143550292968750000e+03
1.147372436523437500e+03
1.149795532226562500e+03
1.179363281250000000e+03
1.220834106445312500e+03
1.189377197265625000e+03
1.162103637695312500e+03
1.143461425781250000e+03
1.144113037109375000e+03
1.140764770507812500e+03
1.183557861328125000e+03
1.177035644531250000e+03
1.177807373046875000e+03
1.186482055664062500e+03
1.175543701171875000e+03
1.165041870117187500e+03
1.153982421875000000e+03
1.169534301757812500e+03
1.171379760742187500e+03
1.166889648437500000e+03
1.157175292968750000e+03
1.166852050781250000e+03
1.168557373046875000e+03
1.180145263671875000e+03
1.176306518554687500e+03
1.174841308593750000e+03
1.172345214843750000e+03
1.189579833984375000e+03
1.194311035156250000e+03
1.196196289062500000e+03
1.177694213867187500e+03
1.156698364257812500e+03
1.135823974609375000e+03
1.149162963867187500e+03
1.179226196289062500e+03
1.200799194335937500e+03
1.181928955078125000e+03
1.123959472656250000e+03
1.114337036132812500e+03
1.119316162109375000e+03
1.126479980468750000e+03
1.168109008789062500e+03
1.228817749023437500e+03
1.203634155273437500e+03
1.174738281250000000e+03
1.123447265625000000e+03
1.123190307617187500e+03
1.121606689453125000e+03
1.127628784179687500e+03
1.153947265625000000e+03
1.198063964843750000e+03
1.199024536132812500e+03
1.175075683593750000e+03
1.158797363281250000e+03
1.152093261718750000e+03
1.157675292968750000e+03
1.182759765625000000e+03
1.198544921875000000e+03
1.169250976562500000e+03
1.148534790039062500e+03
1.126086059570312500e+03
1.141571899414062500e+03
1.144546875000000000e+03
1.184542236328125000e+03
1.219505615234375000e+03
1.194889770507812500e+03
1.141345458984375000e+03
1.107534301757812500e+03
1.096966186523437500e+03
1.109352172851562500e+03
1.146906860351562500e+03
1.193988891601562500e+03
1.209821777343750000e+03
1.201402099609375000e+03
1.163114624023437500e+03
1.129387817382812500e+03
1.109560424804687500e+03
1.117957397460937500e+03
1.132063110351562500e+03
1.164242309570312500e+03
1.208767578125000000e+03
1.204873657226562500e+03
1.163486206054687500e+03
1.124011718750000000e+03
1.125825073242187500e+03
1.123066772460937500e+03
1.157440429687500000e+03
1.182147705078125000e+03
1.203745849609375000e+03
1.188376708984375000e+03
1.144605224609375000e+03
1.125552490234375000e+03
1.123931274414062500e+03
1.130672363281250000e+03
1.149936279296875000e+03
1.155979614257812500e+03
1.186993896484375000e+03
1.177844360351562500e+03
1.162822509765625000e+03
1.176728271484375000e+03
1.168244873046875000e+03
1.153245605468750000e+03
1.157047973632812500e+03
1.155016113281250000e+03
1.153647094726562500e+03
1.151113769531250000e+03
1.156603881835937500e+03
1.153544677734375000e+03
1.167237915039062500e+03
1.181514526367187500e+03
1.178056396484375000e+03
1.143766601562500000e+03
1.140895141601562500e+03
1.121805297851562500e+03
1.157072509765625000e+03
1.174797851562500000e+03
1.188944213867187500e+03
1.194773315429687500e+03
1.173728271484375000e+03
1.135847656250000000e+03
1.123381225585937500e+03
1.131030395507812500e+03
1.158674072265625000e+03
1.188636962890625000e+03
1.195248046875000000e+03
1.168038208007812500e+03
1.151257690429687500e+03
1.137213623046875000e+03
1.129523681640625000e+03
1.149214599609375000e+03
1.179186767578125000e+03
1.187182128906250000e+03
1.166276733398437500e+03
1.143774536132812500e+03
1.137645263671875000e+03
1.147837890625000000e+03
1.160327270507812500e+03
1.180081787109375000e+03
1.156050292968750000e+03
1.131003540039062500e+03
1.138207031250000000e+03
1.151759643554687500e+03
1.172594116210937500e+03
1.170302856445312500e+03
1.162785888671875000e+03
1.144428955078125000e+03
1.134744873046875000e+03
1.136160522460937500e+03
1.149365600585937500e+03
1.167798095703125000e+03
1.180535278320312500e+03
1.164379760742187500e+03
1.142314575195312500e+03
1.131797607421875000e+03
1.125379150390625000e+03
1.122809936523437500e+03
1.133839477539062500e+03
1.134933593750000000e+03
1.173697021484375000e+03
1.170192016601562500e+03
1.162027221679687500e+03
1.136075317382812500e+03
1.135782958984375000e+03
1.129417846679687500e+03
1.148765747070312500e+03
1.184585571289062500e+03
1.188130493164062500e+03
1.137570190429687500e+03
1.123844238281250000e+03
1.109289916992187500e+03
1.114629882812500000e+03
1.147571289062500000e+03
1.170448120117187500e+03
1.173344848632812500e+03
1.153299072265625000e+03
1.109580688476562500e+03
1.096244140625000000e+03
1.102740112304687500e+03
1.133284301757812500e+03
1.166896362304687500e+03
1.194054931640625000e+03
1.166600830078125000e+03
1.103667602539062500e+03
1.080795776367187500e+03
1.083923583984375000e+03
1.114741821289062500e+03
1.176619873046875000e+03
1.197244140625000000e+03
1.158423950195312500e+03
1.129111816406250000e+03
1.098244262695312500e+03
1.093445190429687500e+03
1.110750610351562500e+03
1.126679321289062500e+03
1.166087524414062500e+03
1.197898559570312500e+03
1.170240966796875000e+03
1.106400390625000000e+03
1.091209594726562500e+03
1.099526855468750000e+03
1.130049926757812500e+03
1.168868774414062500e+03
1.191948120117187500e+03
1.155730346679687500e+03
1.123741699218750000e+03
1.083964355468750000e+03
1.088856811523437500e+03
1.091077148437500000e+03
1.108547119140625000e+03
1.182999511718750000e+03
1.197639160156250000e+03
1.159144165039062500e+03
1.107092041015625000e+03
1.088972290039062500e+03
1.115183593750000000e+03
1.139152221679687500e+03
1.168840942382812500e+03
1.189660522460937500e+03
1.156143188476562500e+03
1.110955200195312500e+03
1.094054931640625000e+03
1.114895263671875000e+03
1.143704711914062500e+03
1.163583251953125000e+03
1.176853515625000000e+03
1.148059204101562500e+03
1.104157104492187500e+03
1.087029785156250000e+03
1.108366455078125000e+03
1.156312500000000000e+03
1.197252563476562500e+03
1.175189575195312500e+03
1.141044189453125000e+03
1.117168212890625000e+03
1.103816528320312500e+03
1.144674438476562500e+03
1.143478027343750000e+03
1.146454833984375000e+03
1.146028808593750000e+03
1.132606811523437500e+03
1.125956298828125000e+03
1.125528198242187500e+03
1.126052978515625000e+03
1.135547363281250000e+03
1.157534423828125000e+03
1.169249511718750000e+03
1.151089965820312500e+03
1.113754394531250000e+03
1.099224365234375000e+03
1.092273925781250000e+03
1.104059570312500000e+03
1.155349487304687500e+03
1.178911132812500000e+03
1.180129760742187500e+03
1.135783081054687500e+03
1.090705444335937500e+03
1.082636352539062500e+03
1.076681030273437500e+03
1.118000366210937500e+03
1.162980712890625000e+03
1.202417358398437500e+03
1.178231445312500000e+03
1.116520996093750000e+03
1.075743408203125000e+03
1.070658447265625000e+03
1.109012573242187500e+03
1.184008789062500000e+03
1.181026367187500000e+03
1.138509033203125000e+03
1.088935668945312500e+03
1.076089599609375000e+03
1.086916625976562500e+03
1.134868286132812500e+03
1.178595581054687500e+03
1.189133422851562500e+03
1.137897705078125000e+03
1.100225463867187500e+03
1.084372436523437500e+03
1.072257202148437500e+03
1.098877197265625000e+03
1.137224853515625000e+03
1.161303710937500000e+03
1.147023193359375000e+03
1.126043457031250000e+03
1.107310180664062500e+03
1.111400268554687500e+03
1.130912597656250000e+03
1.135729614257812500e+03
1.149336669921875000e+03
1.143029418945312500e+03
1.121098022460937500e+03
1.115507324218750000e+03
1.124747924804687500e+03
1.109675415039062500e+03
1.105617919921875000e+03
1.133728637695312500e+03
1.144459350585937500e+03
1.159529541015625000e+03
1.128937377929687500e+03
1.105394531250000000e+03
1.089805786132812500e+03
1.097083740234375000e+03
1.140227783203125000e+03
1.157777099609375000e+03
1.159342285156250000e+03
1.107925781250000000e+03
1.083459716796875000e+03
1.087884521484375000e+03
1.108056152343750000e+03
1.119825073242187500e+03
1.130238281250000000e+03
1.132946533203125000e+03
1.140373046875000000e+03
1.116764526367187500e+03
1.110822875976562500e+03
1.103314453125000000e+03
1.125667602539062500e+03
1.126398925781250000e+03
1.121772094726562500e+03
1.116178100585937500e+03
1.106751708984375000e+03
1.106430175781250000e+03
1.124713378906250000e+03
1.149658081054687500e+03
1.151689086914062500e+03
1.115794799804687500e+03
1.109404663085937500e+03
1.109738403320312500e+03
1.120879516601562500e+03
1.139777587890625000e+03
1.146286865234375000e+03
1.125939453125000000e+03
1.112500122070312500e+03
1.104161743164062500e+03
1.110474121093750000e+03
1.147448486328125000e+03
1.153688964843750000e+03
1.134230468750000000e+03
1.119771118164062500e+03
1.110658081054687500e+03
1.115531372070312500e+03
1.125576660156250000e+03
1.125322021484375000e+03
1.116545654296875000e+03
1.114145874023437500e+03
1.097438110351562500e+03
1.089955444335937500e+03
1.111127807617187500e+03
1.124103271484375000e+03
1.139157836914062500e+03
1.136135986328125000e+03
1.099716918945312500e+03
1.081840454101562500e+03
1.101094116210937500e+03
1.118085937500000000e+03
1.141033935546875000e+03
1.148634155273437500e+03
1.118226440429687500e+03
1.097376831054687500e+03
1.091186645507812500e+03
1.095526245117187500e+03
1.116650390625000000e+03
1.143019287109375000e+03
1.148146118164062500e+03
1.126478881835937500e+03
1.099706787109375000e+03
1.084937255859375000e+03
1.095098510742187500e+03
1.106311035156250000e+03
1.117983032226562500e+03
1.133727050781250000e+03
1.123792846679687500e+03
1.117767822265625000e+03
1.102472656250000000e+03
1.089597045898437500e+03
1.088039672851562500e+03
1.095057250976562500e+03
1.122869262695312500e+03
1.144171508789062500e+03
1.135938720703125000e+03
1.115894775390625000e+03
1.101364868164062500e+03
1.110958374023437500e+03
1.126361206054687500e+03
1.114073364257812500e+03
1.122328247070312500e+03
1.108661376953125000e+03
1.107811889648437500e+03
1.098472167968750000e+03
1.105015625000000000e+03
1.118532836914062500e+03
1.122314086914062500e+03
1.131479125976562500e+03
1.126895263671875000e+03
1.126132202148437500e+03
1.108276123046875000e+03
1.100502685546875000e+03
1.104515625000000000e+03
1.101763183593750000e+03
1.128030029296875000e+03
1.129274291992187500e+03
1.127902954101562500e+03
1.099286376953125000e+03
1.096886108398437500e+03
1.082885131835937500e+03
1.091040405273437500e+03
1.112996948242187500e+03
1.151284790039062500e+03
1.127219360351562500e+03
1.100567504882812500e+03
1.077070678710937500e+03
1.077635986328125000e+03
1.092250122070312500e+03
1.115165039062500000e+03
1.125521484375000000e+03
1.131374877929687500e+03
1.109257934570312500e+03
1.091411621093750000e+03
1.073758911132812500e+03
1.096878540039062500e+03
1.108109863281250000e+03
1.110866455078125000e+03
1.113497192382812500e+03
1.071060302734375000e+03
1.060416259765625000e+03
1.077349853515625000e+03
1.071974853515625000e+03
1.094599731445312500e+03
1.117599853515625000e+03
1.123427612304687500e+03
1.135812622070312500e+03
1.109287231445312500e+03
1.079646362304687500e+03
1.081689208984375000e+03
1.089841430664062500e+03
1.127394042968750000e+03
1.146973266601562500e+03
1.112767089843750000e+03
1.075273193359375000e+03
1.064800781250000000e+03
1.055669921875000000e+03
1.076725585937500000e+03
1.112406250000000000e+03
1.131629272460937500e+03
1.116443847656250000e+03
1.106098266601562500e+03
1.076066894531250000e+03
1.053786132812500000e+03
1.065747192382812500e+03
1.100193847656250000e+03
1.140204101562500000e+03
1.122896484375000000e+03
1.098300903320312500e+03
1.085601806640625000e+03
1.067414184570312500e+03
1.084324218750000000e+03
1.105393188476562500e+03
1.105891845703125000e+03
1.119288208007812500e+03
1.109722778320312500e+03
1.092069091796875000e+03
1.088036865234375000e+03
1.078055541992187500e+03
1.090212280273437500e+03
1.102944824218750000e+03
1.089914550781250000e+03
1.082045043945312500e+03
1.100530883789062500e+03
1.105508544921875000e+03
1.105761718750000000e+03
1.104644775390625000e+03
1.086033569335937500e+03
1.085457275390625000e+03
1.073872192382812500e+03
1.081533691406250000e+03
1.093294311523437500e+03
1.115784912109375000e+03
1.099777832031250000e+03
1.096477416992187500e+03
1.096464721679687500e+03
1.082826049804687500e+03
1.083680297851562500e+03
1.089778198242187500e+03
1.100285034179687500e+03
1.073872436523437500e+03
1.093418823242187500e+03
1.091412353515625000e+03
1.116107421875000000e+03
1.100951293945312500e+03
1.101776123046875000e+03
1.081130859375000000e+03
1.065163452148437500e+03
1.064567382812500000e+03
1.091616455078125000e+03
1.128539062500000000e+03
1.113781494140625000e+03
1.094911865234375000e+03
1.082236328125000000e+03
1.089577148437500000e+03
1.091271240234375000e+03
1.079488159179687500e+03
1.100648681640625000e+03
1.109811035156250000e+03
1.117036010742187500e+03
1.102414184570312500e+03
1.081416503906250000e+03
1.064031860351562500e+03
1.063594482421875000e+03
1.091427856445312500e+03
1.085982543945312500e+03
1.096826538085937500e+03
1.098590942382812500e+03
1.112121948242187500e+03
1.108694824218750000e+03
1.099257080078125000e+03
1.083716918945312500e+03
1.075892456054687500e+03
1.069539428710937500e+03
1.082762451171875000e+03
1.094259887695312500e+03
1.100325683593750000e+03
1.114959838867187500e+03
1.103171386718750000e+03
1.084030517578125000e+03
1.082322509765625000e+03
1.096809448242187500e+03
1.108392700195312500e+03
1.112315673828125000e+03
1.095482543945312500e+03
1.069356689453125000e+03
1.066285888671875000e+03
1.076199829101562500e+03
1.090952514648437500e+03
1.097978759765625000e+03
1.104940673828125000e+03
1.101248901367187500e+03
1.080541870117187500e+03
1.093151489257812500e+03
1.100816772460937500e+03
1.094089355468750000e+03
1.114703857421875000e+03
1.092980346679687500e+03
1.088709472656250000e+03
1.097364135742187500e+03
1.091603515625000000e+03
1.086773925781250000e+03
1.085525512695312500e+03
1.085018188476562500e+03
1.080668823242187500e+03
1.087470947265625000e+03
1.094290039062500000e+03
1.088230102539062500e+03
1.087641723632812500e+03
1.097069946289062500e+03
1.098907836914062500e+03
1.086078491210937500e+03
1.066401123046875000e+03
1.082168457031250000e+03
1.085682617187500000e+03
1.078340820312500000e+03
1.072808959960937500e+03
1.084047241210937500e+03
1.082984619140625000e+03
1.099184692382812500e+03
1.102365600585937500e+03
1.096152221679687500e+03
1.070069091796875000e+03
1.070123901367187500e+03
1.076540283203125000e+03
1.099012451171875000e+03
1.128557128906250000e+03
1.110806030273437500e+03
1.084401611328125000e+03
1.065941040039062500e+03
1.050994628906250000e+03
1.089138549804687500e+03
1.081762695312500000e+03
1.081126098632812500e+03
1.089228027343750000e+03
1.094005493164062500e+03
1.067877685546875000e+03
1.063271240234375000e+03
1.069234863281250000e+03
1.067868896484375000e+03
1.083677612304687500e+03
1.089388549804687500e+03
1.099449584960937500e+03
1.075093505859375000e+03
1.065296020507812500e+03
1.058715454101562500e+03
1.071714355468750000e+03
1.066785156250000000e+03
1.070483886718750000e+03
1.092192626953125000e+03
1.106173706054687500e+03
1.099994384765625000e+03
1.089979492187500000e+03
1.099606689453125000e+03
1.077177368164062500e+03
1.072483520507812500e+03
1.074316772460937500e+03
1.060106445312500000e+03
1.062089355468750000e+03
1.061958984375000000e+03
1.079885620117187500e+03
1.103335571289062500e+03
1.107386108398437500e+03
1.089773437500000000e+03
1.057075927734375000e+03
1.043640502929687500e+03
1.057412963867187500e+03
1.090012451171875000e+03
1.138539916992187500e+03
1.117763793945312500e+03
1.074872558593750000e+03
1.035173828125000000e+03
1.030059326171875000e+03
1.038741088867187500e+03
1.074640380859375000e+03
1.114909057617187500e+03
1.119905761718750000e+03
1.108384521484375000e+03
1.052588012695312500e+03
1.028744628906250000e+03
1.044420043945312500e+03
1.072251953125000000e+03
1.115855590820312500e+03
1.110509765625000000e+03
1.071264648437500000e+03
1.036072631835937500e+03
1.023788330078125000e+03
1.034467041015625000e+03
1.092335693359375000e+03
1.120212402343750000e+03
1.140009033203125000e+03
1.103283203125000000e+03
1.047177856445312500e+03
1.013358215332031250e+03
1.008683898925781250e+03
1.044268188476562500e+03
1.107279907226562500e+03
1.132612426757812500e+03
1.121487426757812500e+03
1.061288208007812500e+03
9.957084350585937500e+02
9.775945434570312500e+02
9.916088256835937500e+02
1.033174682617187500e+03
1.121282958984375000e+03
1.156374023437500000e+03
1.095341186523437500e+03
1.037676635742187500e+03
1.008010559082031250e+03
1.002831298828125000e+03
1.026665161132812500e+03
1.086000122070312500e+03
1.132367675781250000e+03
1.140657836914062500e+03
1.064947753906250000e+03
1.020039550781250000e+03
1.019052062988281250e+03
1.052446166992187500e+03
1.078541992187500000e+03
1.106220214843750000e+03
1.102994506835937500e+03
1.066956787109375000e+03
1.041997924804687500e+03
1.029153564453125000e+03
1.057860961914062500e+03
1.059386352539062500e+03
1.075940185546875000e+03
1.104044433593750000e+03
1.101039062500000000e+03
1.057360961914062500e+03
1.026024902343750000e+03
1.028885009765625000e+03
1.057492553710937500e+03
1.085066528320312500e+03
1.103371948242187500e+03
1.083681640625000000e+03
1.084417602539062500e+03
1.078176269531250000e+03
1.062362060546875000e+03
1.059021362304687500e+03
1.066469604492187500e+03
1.076379516601562500e+03
1.072508789062500000e+03
1.065805786132812500e+03
1.071249023437500000e+03
1.063124145507812500e+03
1.052803344726562500e+03
1.059229125976562500e+03
1.049648681640625000e+03
1.062166992187500000e+03
1.072498291015625000e+03
1.075144531250000000e+03
1.077221679687500000e+03
1.088657836914062500e+03
1.076723632812500000e+03
1.053415161132812500e+03
1.053422485351562500e+03
1.037816528320312500e+03
1.074184936523437500e+03
1.099632568359375000e+03
1.099494018554687500e+03
1.068339599609375000e+03
1.041114013671875000e+03
1.036551513671875000e+03
1.048143188476562500e+03
1.070642456054687500e+03
1.087479370117187500e+03
1.079933349609375000e+03
1.060691650390625000e+03
1.074168945312500000e+03
1.063044433593750000e+03
1.077985595703125000e+03
1.075984375000000000e+03
1.074129272460937500e+03
1.066970214843750000e+03
1.067712280273437500e+03
1.065549438476562500e+03
1.056270507812500000e+03
1.059644165039062500e+03
1.047480468750000000e+03
1.056360229492187500e+03
1.067384765625000000e+03
1.075415771484375000e+03
1.092233032226562500e+03
1.065895629882812500e+03
1.028107910156250000e+03
1.013103576660156250e+03
1.019697387695312500e+03
1.046573608398437500e+03
1.074019653320312500e+03
1.093275146484375000e+03
1.073237304687500000e+03
1.035005981445312500e+03
1.028633789062500000e+03
1.031082153320312500e+03
1.044385009765625000e+03
1.072167114257812500e+03
1.101594970703125000e+03
1.076430297851562500e+03
1.047288208007812500e+03
1.029394409179687500e+03
1.038210693359375000e+03
1.043466430664062500e+03
1.078480712890625000e+03
1.080386840820312500e+03
1.070557128906250000e+03
1.037235839843750000e+03
1.041883300781250000e+03
1.044355102539062500e+03
1.067212036132812500e+03
1.067816406250000000e+03
1.079910156250000000e+03
1.073905273437500000e+03
1.050097412109375000e+03
1.047116210937500000e+03
1.043723876953125000e+03
1.069177734375000000e+03
1.072451538085937500e+03
1.053512939453125000e+03
1.027874267578125000e+03
1.017242004394531250e+03
1.035733032226562500e+03
1.055837768554687500e+03
1.076566772460937500e+03
1.085564331054687500e+03
1.073911254882812500e+03
1.042905517578125000e+03
1.029121582031250000e+03
1.027673217773437500e+03
1.054614624023437500e+03
1.089619262695312500e+03
1.082648071289062500e+03
1.061469360351562500e+03
1.038584350585937500e+03
1.021731323242187500e+03
1.022191101074218750e+03
1.042637939453125000e+03
1.055531372070312500e+03
